№ лота,Код ТРУ,Наименование товара,Наименование объявления,Наименование и описание лота,Кол-во,"Сумма, тг.",Способ закупки,Статус
34371037-ОЛ-ЗЦП1,282913.500.000003,"Фильтр воздушный, для специальной и специализированной техники",13890137-1 Закупка запасных частей для Троллейбусного парка №1 ТОО Алматыэлектротранс,Закупка запасных частей для Троллейбусного парка №1 ТОО Алматыэлектротранс,4,24 380 000.00,Запрос ценовых предложений,Закупка состоялась
76157078-ЗЦП2,281331.000.000127,"Колесо для насоса, рабочее",15809710-1 Рабочее колесо на насос PL7081,Колесо,2,19 235 428.58,Запрос ценовых предложений,Закупка состоялась
38515143-ОЛ-ОК1,281331.000.000127,"Колесо для насоса, рабочее","15603200-1 Рабочее колесо для насосов Flygt (КНС 93,26,54,168,113,134,27,29,39,90,11,50,214,Мастер 2,105)","Рабочее колесо для насосов Flygt (КНС 93,26,54,168,113,134,27,29,39,90,11,50,214, Мастер 2,105)",8,15 389 693.68,Открытый конкурс,Закупка состоялась
76503951-ОК2,292023.900.000003,"Прицеп грузоподъемность более 700 кг, но не более 3000 кг",14224215-1 Специализированное транспортное средство (прицеп),Прицеп,1,18 068 750.00,Открытый конкурс,Закупка состоялась
38125813-ОЛ-ЗЦП1,282530.100.000001,"Фильтр воздушный, для приточно-вытяжной вентиляционной установки, панельный",15424406-1 Приобретение запасных частей,Запасные части,22,30 698 159.94,Запрос ценовых предложений,Закупка состоялась
73671527-ОК2,282530.100.000001,"Фильтр воздушный, для приточно-вытяжной вентиляционной установки, панельный",14103967-1 Фильтры абсолютной очистки воздуха,Фильтр,750,60 000 000.00,Открытый конкурс,Закупка состоялась
79375855-ЗЦП2,262015.000.000006,Устройство сбора данных телеметрии для сбора измерительной информации с приборов контроля и учета,14979732-1 Закуп запчастей (СГМ повтор),Устройство сбора данных телеметрии,1,20 455 360.00,Запрос ценовых предложений,Закупка состоялась
76064277-ЗЦП2,273313.900.000058,Зажим прокалывающий для соединения проводников,"13755024-1 Государственная закупка для АО ""КРЭК""",Зажим прокалывающий,4017,17 299 210.50,Запрос ценовых предложений,Закупка состоялась
78840221-ОК2,282912.300.000036,"Оборудование для фильтрования периодического действия, работающее под давлением столба насоса",14992559-1 Приобретение товара (Оборудование для фильтрования)/,Оборудование для фильтрования,1,15 247 000.00,Открытый конкурс,Закупка состоялась
78567061-ОК2,282912.300.000036,"Оборудование для фильтрования периодического действия, работающее под давлением столба насоса",14566809-1 Приобретение комплексного блок-модуля очистки воды для сел Айыртауского района СКО,Оборудование для фильтрования,7,54 999 999.95,Открытый конкурс,Закупка состоялась
76088404-ОК2,282912.300.000036,"Оборудование для фильтрования периодического действия, работающее под давлением столба насоса",14038750-1 Приобретение комплексного блок-модуля очистки воды для сел Айыртауского района СКО,Оборудование для фильтрования,10,78 571 428.50,Открытый конкурс,Закупка состоялась
35677773-ОЛ-ЗЦП1,282514.190.000000,Фильтр пылеулавливающий,14392499-1 Запасные части для ВОЗДУШНЫЕ ФИЛЬТРА (техническая служба),Запасные части для ВОЗДУШНЫЕ ФИЛЬТРА (техническая служба),42,30 117 500.00,Запрос ценовых предложений,Закупка состоялась
77228834-ЗЦП2,292023.300.000017,"Полуприцеп-тяжеловоз грузоподъемность более 50 т, но не более 60 т",15415722-1 Приобретение тралла для тягача,Полуприцеп-тяжеловоз,1,22 767 857.14,Запрос ценовых предложений,Закупка состоялась
78123131-ОК2,292023.300.000017,"Полуприцеп-тяжеловоз грузоподъемность более 50 т, но не более 60 т",14757565-1 Приобретение транспортных средств,Полуприцеп-тяжеловоз,1,35 000 000.00,Открытый конкурс,Закупка состоялась
78968518-ЗЦП2,292023.300.000017,"Полуприцеп-тяжеловоз грузоподъемность более 50 т, но не более 60 т",14736843-1 приобретение спецтранспорта трал,Полуприцеп-тяжеловоз,1,20 000 000.00,Запрос ценовых предложений,Закупка состоялась
77659414-ОК2,292023.300.000017,"Полуприцеп-тяжеловоз грузоподъемность более 50 т, но не более 60 т",14389171-1 Приобретение полуприцеп тяжеловоз,Полуприцеп-тяжеловоз,1,20 000 000.00,Открытый конкурс,Закупка состоялась
76589421-ОК3,292023.300.000017,"Полуприцеп-тяжеловоз грузоподъемность более 50 т, но не более 60 т",14315949-1 Государственные закупки согласно конкурсной документации (Приобретение полуприцепа,Полуприцеп-тяжеловоз,1,18 750 000.00,Открытый конкурс,Закупка состоялась
77415817-ОК2,292023.300.000017,"Полуприцеп-тяжеловоз грузоподъемность более 50 т, но не более 60 т",14174820-1 Приобретение трала 4-осьного,Полуприцеп-тяжеловоз,1,22 321 428.57,Открытый конкурс,Закупка состоялась
74947113-ОК2,263023.900.000008,Оборудование цифровых радиорелейных линий для беспроводной передачи данных,14724804-1 Приобретение радиорелейной станции,Оборудование цифровых радиорелейных линий,1,17 403 505.00,Открытый конкурс,Закупка состоялась
80483016-ОК3,292023.300.000018,Полуприцеп-тяжеловоз грузоподъемность более 60 т,"15756627-1 КГП на праве хозяйственного ведения ""Табигат"" управления природных ресурсов и регулирования природопользования Атырауской области",Полуприцеп-тяжеловоз,1,30 466 965.00,Открытый конкурс,Закупка состоялась
73759062-ОИ4,292023.300.000018,Полуприцеп-тяжеловоз грузоподъемность более 60 т,15541508-1 Приобретение полуприцеп тяжеловоз,Полуприцеп-тяжеловоз,2,43 000 000.00,Из одного источника по несостоявшимся закупкам,Закупка состоялась
74845448-ОК3,292023.300.000018,Полуприцеп-тяжеловоз грузоподъемность более 60 т,14602173-1 Полуприцеп - тяжеловоз,Полуприцеп-тяжеловоз,1,34 107 142.00,Открытый конкурс,Закупка состоялась
73671677-ОК2,292023.300.000018,Полуприцеп-тяжеловоз грузоподъемность более 60 т,13981102-1 Приобретение полуприцепа согласно технической спецификации,Полуприцеп-тяжеловоз,1,31 875 000.00,Открытый конкурс,Закупка состоялась
72444127-ЗЦП2,281332.000.000319,Ротор для насоса,13499839-1 Ротор в сборе к насосу ПЭ-270-150-3,Ротор,1,21 000 000.00,Запрос ценовых предложений,Закупка состоялась
79553532-ОК2,291059.999.000075,"Автомобиль специализированный, мастерская передвижная, ремонтное оборудование нефтепромыслов, трубопроводов, нефтесборных пунктов, станков-качалок, технологического оборудования водопроводов, канализации",15721483-1 Специальная передвижная автомастерская,Автомобиль,1,23 000 000.00,Открытый конкурс,Закупка состоялась
72785143-ОК1,291059.999.000075,"Автомобиль специализированный, мастерская передвижная, ремонтное оборудование нефтепромыслов, трубопроводов, нефтесборных пунктов, станков-качалок, технологического оборудования водопроводов, канализации",15607887-1 Передвижная авторемонтная мастерская (спец. фургон),Автомобиль,2,49 314 000.00,Открытый конкурс,Закупка состоялась
79593268-ОИ2,291059.999.000075,"Автомобиль специализированный, мастерская передвижная, ремонтное оборудование нефтепромыслов, трубопроводов, нефтесборных пунктов, станков-качалок, технологического оборудования водопроводов, канализации",15281511-1 Автомобили для АО Шығыс Жылу,Автомобиль,1,25 500 000.00,Из одного источника по несостоявшимся закупкам,Закупка состоялась
77944225-ОК2,291059.999.000075,"Автомобиль специализированный, мастерская передвижная, ремонтное оборудование нефтепромыслов, трубопроводов, нефтесборных пунктов, станков-качалок, технологического оборудования водопроводов, канализации","14924628-1 Специальная техника для ГКП ""КТЭК""",Автомобиль,1,53 571 428.00,Открытый конкурс,Закупка состоялась
75598969-ОК3,291059.999.000075,"Автомобиль специализированный, мастерская передвижная, ремонтное оборудование нефтепромыслов, трубопроводов, нефтесборных пунктов, станков-качалок, технологического оборудования водопроводов, канализации",14134985-1 Приобретение спецтехники и автотранспорта (повторная закупка),Автомобиль,1,195 892 857.00,Открытый конкурс,Закупка состоялась
77208657-ОК4,291051.000.000005,"Автомобиль специализированный, кран-манипулятор, грузоподъемность более 10 т",15172360-1 Приобретение манипулятора (автомобиль),Автомобиль,1,26 785 714.29,Открытый конкурс,Закупка состоялась
74464152-ОК2,291051.000.000005,"Автомобиль специализированный, кран-манипулятор, грузоподъемность более 10 т",14512360-1 Приобретение специализированного крана-манипулятора (Лесовоз) (согл.тех.спец),Автомобиль,1,60 066 964.29,Открытый конкурс,Закупка состоялась
77810951-ОК1,291051.000.000005,"Автомобиль специализированный, кран-манипулятор, грузоподъемность более 10 т","14255835-1 Государственные закупки для ГУ «Отдел жилищно-коммунального хозяйства пассажирского транспорта, автомобильных дорог и жилищная инспекция Ордабасынского района» способом открытого конкурса",Автомобиль,1,49 557 503.00,Открытый конкурс,Закупка состоялась
77260463-ОК1,291051.000.000005,"Автомобиль специализированный, кран-манипулятор, грузоподъемность более 10 т","13993858-1 Бортовой автомобиль, с тросовой крано-манипуляторной установкой с монтажной люлькой для работы персонала на высоте, согласно технической спецификации.",Автомобиль,1,48 410 714.29,Открытый конкурс,Закупка состоялась
78161323-ОК2,291051.000.000001,"Автомобиль специализированный, автокран, грузоподъемность не менее 8 т, но не более 40 т","15616667-1 Специализированный, автокран, грузоподъемность не менее 8 т, но не более 40 т",Автомобиль,1,80 160 714.29,Открытый конкурс,Закупка состоялась
79452849-ОК1,291051.000.000001,"Автомобиль специализированный, автокран, грузоподъемность не менее 8 т, но не более 40 т","15042031-1 Автокран грузоподъемностью 25 тонн для ТОО ""Қарағанды Су""",Автомобиль,1,92 589 286.00,Открытый конкурс,Закупка состоялась
76626357-ОК2,291051.000.000001,"Автомобиль специализированный, автокран, грузоподъемность не менее 8 т, но не более 40 т",14752001-1 Государственная закупка товара для ГУ «Департамент по чрезвычайным ситуациям Мангистауской области Министерства по чрезвычайным ситуациям Республики Казахстан» способом конкурса,Автомобиль,1,83 928 571.42,Открытый конкурс,Закупка состоялась
75126435-ОК2,291051.000.000001,"Автомобиль специализированный, автокран, грузоподъемность не менее 8 т, но не более 40 т","14732498-1 Государственная закупка для АО ""КРЭК""",Автомобиль,1,70 000 000.00,Открытый конкурс,Закупка состоялась
73707533-ОК1,291051.000.000001,"Автомобиль специализированный, автокран, грузоподъемность не менее 8 т, но не более 40 т",14351845-1 Автомобиль специализированный автокран,Автомобиль,1,70 535 714.29,Открытый конкурс,Закупка состоялась
78136877-ОК1,291051.000.000001,"Автомобиль специализированный, автокран, грузоподъемность не менее 8 т, но не более 40 т",14350108-1 Приобретение товара автомобиль,Автомобиль,1,71 428 571.43,Открытый конкурс,Закупка состоялась
76122159-ОК2,291051.000.000001,"Автомобиль специализированный, автокран, грузоподъемность не менее 8 т, но не более 40 т","14112442-1 Государственные закупки товаров для Службы спасения г.Алматы для ГКП на ПХВ ""Служба спасения города Алматы"" Управления сейсмической безопасности и мобилизационной подготовки города Алматы",Автомобиль,3,443 472 321.30,Открытый конкурс,Закупка состоялась
75560633-ОК2,291051.000.000001,"Автомобиль специализированный, автокран, грузоподъемность не менее 8 т, но не более 40 т",13862431-1 Приобретение спецтехники - автокран,Автомобиль,1,69 642 857.14,Открытый конкурс,Закупка состоялась
78158833-ОК2,291041.400.000001,"Автомобиль грузовой, дизельный, самосвал, грузоподъемность более 20 т, тип платформа с опрокидывающимся кузовом",15787784-1 Грузовой дизельный самосвал,Автомобиль,1,37 000 000.00,Открытый конкурс,Закупка состоялась
80654903-ОК1,291041.400.000001,"Автомобиль грузовой, дизельный, самосвал, грузоподъемность более 20 т, тип платформа с опрокидывающимся кузовом","15656511-1 Автомобиль грузовой, дизельный, самосвал, грузоподъемность более 20 т, тип платформа с опрокидывающимся кузовом для КГУ ""Управление развития общественных пространств города Алматы""",Автомобиль,5,205 250 000.00,Открытый конкурс,Закупка состоялась
77208630-ОК3,291041.400.000001,"Автомобиль грузовой, дизельный, самосвал, грузоподъемность более 20 т, тип платформа с опрокидывающимся кузовом",14776469-1 Приобретение грузового автомобиля c прицепом,Автомобиль,1,41 600 000.00,Открытый конкурс,Закупка состоялась
77412001-ОК2,291041.400.000001,"Автомобиль грузовой, дизельный, самосвал, грузоподъемность более 20 т, тип платформа с опрокидывающимся кузовом",14242219-1 Приобретение автомобилей грузовых-самосвалов,Автомобиль,2,67 857 142.86,Открытый конкурс,Закупка состоялась
74575278-ОК2,291041.400.000001,"Автомобиль грузовой, дизельный, самосвал, грузоподъемность более 20 т, тип платформа с опрокидывающимся кузовом",13966992-1 Самосвал с дизельным двигателем,Автомобиль,1,36 000 000.00,Открытый конкурс,Закупка состоялась
80653413-ОК1,291041.100.000001,"Автомобиль грузовой, дизельный, бортовой, грузоподъемность более 3,5 т, но не более 12 т","15656894-2 Манипулятор грузовой, дизельный, бортовой, грузоподъемность более 3,5 т, но не более 12 т для КГУ ""Управление развития общественных пространств города Алматы""",Автомобиль,3,143 490 000.00,Открытый конкурс,Закупка состоялась
80652784-ОК1,291041.100.000001,"Автомобиль грузовой, дизельный, бортовой, грузоподъемность более 3,5 т, но не более 12 т","15656997-1 Автомобиль грузовой, дизельный, бортовой, грузоподъемность более 3,5 т, но не более 12 т для КГУ ""Управление развития общественных пространств города Алматы""",Автомобиль,4,126 000 000.00,Открытый конкурс,Закупка состоялась
79201805-ОК1,291041.100.000001,"Автомобиль грузовой, дизельный, бортовой, грузоподъемность более 3,5 т, но не более 12 т","15615546-3 Приобретение передвижного инсинератора для ГУ ""Управление ветеринарии Мангистауской области""",Автомобиль,3,254 464 285.80,Открытый конкурс,Закупка состоялась
74633457-ОК1,291041.100.000001,"Автомобиль грузовой, дизельный, бортовой, грузоподъемность более 3,5 т, но не более 12 т","15318606-1 Проведение государственной закупки товара для ""Департамент полиции города Астаны Министерства внутренних дел Республики Казахстан""",Автомобиль,5,390 000 000.00,Открытый конкурс,Закупка состоялась
79541718-ОК1,291041.100.000001,"Автомобиль грузовой, дизельный, бортовой, грузоподъемность более 3,5 т, но не более 12 т","15212545-3 Государственная закупка товара для ГУ ""Департамент полиции города Астаны Министерства внутренних дел Республики Казахстан""",Автомобиль,3,234 000 000.00,Открытый конкурс,Закупка состоялась
76759645-ОИ5,291041.100.000001,"Автомобиль грузовой, дизельный, бортовой, грузоподъемность более 3,5 т, но не более 12 т",15204106-1 Эвакуатор со стационарной платформой ломаного типа,Автомобиль,1,19 804 464.28,Из одного источника по несостоявшимся закупкам,Закупка состоялась
74758261-ОК1,291041.100.000001,"Автомобиль грузовой, дизельный, бортовой, грузоподъемность более 3,5 т, но не более 12 т",15153653-1 Приобретение грузового автомобиля,Автомобиль,1,38 000 000.00,Открытый конкурс,Закупка состоялась
78476334-ОК1,291041.100.000001,"Автомобиль грузовой, дизельный, бортовой, грузоподъемность более 3,5 т, но не более 12 т","15105995-1 Приобретение Автомобиль бортовой для ГКП на праве хозяйственного ведения ""ОЗЕНИНВЕСТ"" акимата города Жанаозен",Автомобиль,1,27 000 000.00,Открытый конкурс,Закупка состоялась
77068836-ОИ2,291041.100.000001,"Автомобиль грузовой, дизельный, бортовой, грузоподъемность более 3,5 т, но не более 12 т",14709382-1 Приобретение Автотранспорт грузовой,Автомобиль,2,26 000 000.00,Из одного источника по несостоявшимся закупкам,Закупка состоялась
78622783-ОК1,291041.100.000001,"Автомобиль грузовой, дизельный, бортовой, грузоподъемность более 3,5 т, но не более 12 т",14640042-1 приобретение служебного автотранспорта,Автомобиль,1,74 345 000.00,Открытый конкурс,Закупка состоялась
76090273-ОК1,291041.100.000001,"Автомобиль грузовой, дизельный, бортовой, грузоподъемность более 3,5 т, но не более 12 т",14468233-2 Приобретение служебного автотранспорта,Автомобиль,1,19 250 000.00,Открытый конкурс,Закупка состоялась
77852427-ОК1,291041.100.000001,"Автомобиль грузовой, дизельный, бортовой, грузоподъемность более 3,5 т, но не более 12 т",14471637-1 Приобретение автотранспортных средств,Автомобиль,1,78 000 000.00,Открытый конкурс,Закупка состоялась
78502347-ОК1,291041.100.000001,"Автомобиль грузовой, дизельный, бортовой, грузоподъемность более 3,5 т, но не более 12 т","14443273-1 Передвижной инсинератор для перевозки и погрузки/разгрузки грузов общего назначения,с бортовой платформой с крано-манипуляторной установкой",Автомобиль,1,56 760 000.00,Открытый конкурс,Закупка состоялась
76661523-ОК1,291041.100.000001,"Автомобиль грузовой, дизельный, бортовой, грузоподъемность более 3,5 т, но не более 12 т",14274915-2 Приобретение спецавтомобиля - крематора (инсинератор),Автомобиль,3,227 678 571.42,Открытый конкурс,Закупка состоялась
74322458-ОК1,291041.100.000001,"Автомобиль грузовой, дизельный, бортовой, грузоподъемность более 3,5 т, но не более 12 т",14260696-1 Приобретение грузового автомобиля (согл.тех.спец),Автомобиль,2,99 464 000.00,Открытый конкурс,Закупка состоялась
73949887-ОК1,291041.100.000001,"Автомобиль грузовой, дизельный, бортовой, грузоподъемность более 3,5 т, но не более 12 т",14107731-2 Приобретение автомобиля (согл. тех.спец),Автомобиль,1,75 892 857.14,Открытый конкурс,Закупка состоялась
74192340-ОК2,291041.100.000001,"Автомобиль грузовой, дизельный, бортовой, грузоподъемность более 3,5 т, но не более 12 т","14102062-1 Приобретение грузового бортового автомобиля для КГУ ""Кувское хозяйство по охране лесов и животного мира""",Автомобиль,1,23 800 000.00,Открытый конкурс,Закупка состоялась
74493366-ОК2,291041.100.000001,"Автомобиль грузовой, дизельный, бортовой, грузоподъемность более 3,5 т, но не более 12 т","14023801-1 Приобретение автомобилей для ГУ ""Управление ветеринарии Актюбинской области""",Автомобиль,2,148 214 285.72,Открытый конкурс,Закупка состоялась
74503536-ОК2,291041.100.000001,"Автомобиль грузовой, дизельный, бортовой, грузоподъемность более 3,5 т, но не более 12 т",13916967-3 Приобретение автотранспортных средств,Автомобиль,2,88 826 785.72,Открытый конкурс,Закупка состоялась
77411777-ОИ2,291041.100.000001,"Автомобиль грузовой, дизельный, бортовой, грузоподъемность более 3,5 т, но не более 12 т",13939410-1 Государственная закупка автомобиль,Автомобиль,1,27 200 000.00,Из одного источника по несостоявшимся закупкам,Закупка состоялась
73574727-ОК1,291041.100.000001,"Автомобиль грузовой, дизельный, бортовой, грузоподъемность более 3,5 т, но не более 12 т",13861170-1 Приобретение сервисного автомобиля для обслуживания троллейбусной сети ножничного типа,Автомобиль,1,48 249 900.00,Открытый конкурс,Закупка состоялась
76867805-ОК1,291041.100.000001,"Автомобиль грузовой, дизельный, бортовой, грузоподъемность более 3,5 т, но не более 12 т",13690191-2 Приобретение передвижных инсинераторов для ветеринарных станции,Автомобиль,1,75 892 857.14,Открытый конкурс,Закупка состоялась
80289159-ОК2,289226.500.000000,"Экскаватор одноковшовый, на колесном ходу, емкость 0,1-15 м3",15507130-1 Приобретение колесного экскаватора,Экскаватор,1,82 000 000.00,Открытый конкурс,Закупка состоялась
80136733-ОК3,289226.500.000000,"Экскаватор одноковшовый, на колесном ходу, емкость 0,1-15 м3",15468168-1 Приобретение спецтехники согласно техспецификации для ГКП Урджарского района области Абай,Экскаватор,1,21 353 437.50,Открытый конкурс,Закупка состоялась
80152876-ОК1,289226.500.000000,"Экскаватор одноковшовый, на колесном ходу, емкость 0,1-15 м3","15359201-1 Экскаватор одноковшовый на базе трактора для ГКП ""Горводоканал""",Экскаватор,1,26 500 000.00,Открытый конкурс,Закупка состоялась
79129286-ОК4,289226.500.000000,"Экскаватор одноковшовый, на колесном ходу, емкость 0,1-15 м3","15224135-1 Колесный экскаватор для АО ""Астана-Энергия""",Экскаватор,1,105 357 143.00,Открытый конкурс,Закупка состоялась
79042629-ОК2,289226.500.000000,"Экскаватор одноковшовый, на колесном ходу, емкость 0,1-15 м3",14969123-1 Государственные закупки экскаватора колесного,Экскаватор,1,86 429 000.00,Открытый конкурс,Закупка состоялась
78330301-ОК2,289226.500.000000,"Экскаватор одноковшовый, на колесном ходу, емкость 0,1-15 м3",14529922-1 Приобретение колесного экскаватора,Экскаватор,1,98 081 250.00,Открытый конкурс,Закупка состоялась
77366890-ОК4,289226.500.000000,"Экскаватор одноковшовый, на колесном ходу, емкость 0,1-15 м3","14450046-1 Повторное объявление/Колесный экскаватор с объемам ковша 0.89/0,9 м 3 в комлекте с навесным оборудованием (Квик-каплер быстросъемный механизм, вибротрамбовка, гидромолот )",Экскаватор,1,77 298 714.28,Открытый конкурс,Закупка состоялась
73714804-ОК3,289226.500.000000,"Экскаватор одноковшовый, на колесном ходу, емкость 0,1-15 м3","14387571-1 Экскаватор одноковшовый, на колесном ходу",Экскаватор,1,95 000 000.00,Открытый конкурс,Закупка состоялась
77412499-ОК1,289226.500.000000,"Экскаватор одноковшовый, на колесном ходу, емкость 0,1-15 м3",14241938-1 Приобретение нового экскаватора,Экскаватор,1,62 723 214.29,Открытый конкурс,Закупка состоялась
74079814-ОК2,289226.500.000000,"Экскаватор одноковшовый, на колесном ходу, емкость 0,1-15 м3",14237021-1 Приобретение специальной техники,Экскаватор,1,51 785 714.00,Открытый конкурс,Закупка состоялась
74509674-ОК3,289226.500.000000,"Экскаватор одноковшовый, на колесном ходу, емкость 0,1-15 м3",14140651-1 Приобретение экскаватора согласно технической спецификации,Экскаватор,1,75 892 857.15,Открытый конкурс,Закупка состоялась
77193507-ОК2,289226.500.000000,"Экскаватор одноковшовый, на колесном ходу, емкость 0,1-15 м3","14126989-1 Экскаватор колесный в комплекте с гидромолотом, быстросъёмным механизмом",Экскаватор,1,94 190 846.00,Открытый конкурс,Закупка состоялась
73714804-ОК2,289226.500.000000,"Экскаватор одноковшовый, на колесном ходу, емкость 0,1-15 м3","14015198-1 Экскаватор одноковшовый, на колесном ходу",Экскаватор,1,95 000 000.00,Открытый конкурс,Закупка состоялась
77274660-ОК2,289226.500.000000,"Экскаватор одноковшовый, на колесном ходу, емкость 0,1-15 м3","13966676-2 Приобретение колесного экскаватора для ГКП ""Горводоканал""",Экскаватор,1,78 125 000.00,Открытый конкурс,Закупка состоялась
76608494-ОК1,289226.500.000000,"Экскаватор одноковшовый, на колесном ходу, емкость 0,1-15 м3",13773262-1 Экскаватор колесный с гидромолотом согласно технической спецификации,Экскаватор,1,67 321 428.57,Открытый конкурс,Закупка состоялась
80289343-ОК1,291059.999.000094,"Автомобиль специальный, класс A-для транспортировки пациентов",15380608-1 Приобретение специальной автомобили для транспортировки пациентов,Автомобиль,15,812 400 000.00,Открытый конкурс,Закупка состоялась
76444215-ОК4,291059.999.000094,"Автомобиль специальный, класс A-для транспортировки пациентов",15164125-1 Приобретение специальной автомобили для транспортировки пациентов (повторная закупка),Автомобиль,15,812 400 000.00,Открытый конкурс,Закупка состоялась
79666446-ОК1,291059.999.000094,"Автомобиль специальный, класс A-для транспортировки пациентов","15072748-1 Приобретение автомобиля скорой медицинской помощи для КГП на ПХВ ""Кызылжарская районная больница"" КГУ ""Управление здравоохранения акимата Северо-Казахстанской области""",Автомобиль,1,21 000 000.00,Открытый конкурс,Закупка состоялась
75909768-ЗЦП2,291059.999.000094,"Автомобиль специальный, класс A-для транспортировки пациентов",14969538-1 Приобретение специализированного автомобиля инватакси для перевозки для людей с ограниченными возможностями (инвалидностью),Автомобиль,1,25 500 000.00,Запрос ценовых предложений,Закупка состоялась
78237857-ОК2,291059.999.000094,"Автомобиль специальный, класс A-для транспортировки пациентов",14573525-1 Приобретение автомобиля скорой медицинской помощи для КГП на ПХВ «Районная больница района Магжана Жумабаева» КГУ «Управление здравоохранения акимата Северо-Казахстанской области»,Автомобиль,1,22 098 214.29,Открытый конкурс,Закупка состоялась
78241522-ОК2,291059.999.000094,"Автомобиль специальный, класс A-для транспортировки пациентов","14570670-1 Приобретение автомобиля скорой медицинской помощи для КГП на ПХВ ""Мамлютская районная больница"" КГУ ""Управление здравоохранения акимата Северо-Казахстанской области""",Автомобиль,1,22 098 214.29,Открытый конкурс,Закупка состоялась
75408068-ОК2,291059.999.000094,"Автомобиль специальный, класс A-для транспортировки пациентов","14538030-1 Приобретение автомобиля скорой медицинской помощи КГП на ПХВ ""Кызылжарская районная больница"" КГУ ""Управление здравоохранения акимата Северо-Казахстанской области""",Автомобиль,1,22 098 214.29,Открытый конкурс,Закупка состоялась
78241217-ОК2,291059.999.000094,"Автомобиль специальный, класс A-для транспортировки пациентов","14533478-1 Приобретение автотранспорта для КГП на ПХВ ""Айыртауская районная больница"" КГУ Управление здравоохранения акимата СКО",Автомобиль,2,44 196 428.00,Открытый конкурс,Закупка состоялась
78332179-ОК2,291059.999.000094,"Автомобиль специальный, класс A-для транспортировки пациентов",14532158-1 Приобретение автомобиля скорой медицинской помощи для КГП на ПХВ «Явленская районная больница» КГУ «Управление здравоохранения акимата Северо-Казахстанской области»,Автомобиль,1,22 098 214.29,Открытый конкурс,Закупка состоялась
75546459-ОК2,291059.999.000094,"Автомобиль специальный, класс A-для транспортировки пациентов",14530718-1 Приобретение автотранспорта для КГП на ПХВ «Жамбылская районная больница» КГУ «Управление здравоохранения акимата Северо-Казахстанской области»,Автомобиль,1,22 098 214.29,Открытый конкурс,Закупка состоялась
78160366-ОК2,291059.999.000094,"Автомобиль специальный, класс A-для транспортировки пациентов",14520961-1 Приобретение автомобилей скорой медицинской помощи для КГП на ПХВ «Областной центр скорой медицинской помощи» КГУ «Управление здравоохранения акимата Северо- Казахстанской области»,Автомобиль,4,120 000 000.00,Открытый конкурс,Закупка состоялась
78306738-ОК1,291059.999.000094,"Автомобиль специальный, класс A-для транспортировки пациентов","14342904-2 Приобретение автотранспорта для КГП на ПХВ ""Районная больница района Шал акына"" КГУ ""Управление здравоохранения акимата Северо-Казахстанской области""",Автомобиль,1,22 098 214.29,Открытый конкурс,Закупка состоялась
75451880-ОК1,291059.999.000094,"Автомобиль специальный, класс A-для транспортировки пациентов",14017034-1 Приобретение автотранспорта для КГП на ПХВ «Областной центр скорой медицинской помощи» КГУ «Управление здравоохранения акимата Северо- Казахстанской области»,Автомобиль,2,48 000 000.00,Открытый конкурс,Закупка состоялась
76656371-ОК2,291059.999.000094,"Автомобиль специальный, класс A-для транспортировки пациентов","13895774-1 Товары, согласно технической спецификации",Автомобиль,1,30 000 000.00,Открытый конкурс,Закупка состоялась
76443819-ОК1,291059.999.000094,"Автомобиль специальный, класс A-для транспортировки пациентов",13738941-1 Приобретение автомобиля (СП),Автомобиль,10,280 000 000.00,Открытый конкурс,Закупка состоялась
73831908-ОК2,291059.999.000094,"Автомобиль специальный, класс A-для транспортировки пациентов","13608599-1 Автомобиль Комплекс передвижной неотложной медицинской помощи для линейных, кардиологических, реанимационных бригад и бригад интенсивной терапии на баз",Автомобиль,2,52 000 000.00,Открытый конкурс,Закупка состоялась
74799658-ОК2,291059.999.000086,"Автомобиль специализированный, быстрого реагирования","15225642-1 О проведении государственной закупки товара для Государственное учреждение ""Департамент по чрезвычайным ситуациям Северо-Казахстанской области Министерства по чрезвычайным ситуациям Республики Казахстан""",Автомобиль,2,169 642 857.14,Открытый конкурс,Закупка состоялась
74802865-ОК2,291059.999.000086,"Автомобиль специализированный, быстрого реагирования",14801235-1 Государственная закупка товара для ГУ «Департамент по чрезвычайным ситуациям Актюбинской области Министерства по чрезвычайным ситуациям Республики Казахстан» способом конкурса,Автомобиль,4,101 035 714.28,Открытый конкурс,Закупка состоялась
74001057-ОК2,291059.999.000086,"Автомобиль специализированный, быстрого реагирования",14775802-1 Автомобиль быстрого реагирования,Автомобиль,3,71 266 071.42,Открытый конкурс,Закупка состоялась
78130846-ОК2,291059.999.000086,"Автомобиль специализированный, быстрого реагирования",14645663-2 Государственная закупка товара для ГУ «Департамент полиции Западно-Казахстанской области Министерства внутренних дел Республики Казахстан» способом конкурса,Автомобиль,3,85 714 285.71,Открытый конкурс,Закупка состоялась
74843404-ОК2,291059.999.000086,"Автомобиль специализированный, быстрого реагирования",14623633-2 Государственные закупки товара для ГУ «Департамент по чрезвычайным ситуациям Жамбылской области Министерства по чрезвычайным ситуациям Республики Казахстан» способом конкурса,Автомобиль,5,126 294 642.85,Открытый конкурс,Закупка состоялась
79883240-ОК4,291059.999.000084,"Автомобиль специализированный, мастерская передвижная, ремонтно-эвакуационная",15474922-1 Приобретение Автомобиля с установленной системой дистанционного управления ДЛС на бампере и крыше (согл.тех.спец),Автомобиль,1,141 330 357.15,Открытый конкурс,Закупка состоялась
73914396-ОК3,291059.999.000085,"Автомобиль специальный, первой помощи",14534047-1 Повторные государственные закупки автомобилей (скорой помощи) для нужд Национальной гвардии РК,Автомобиль,1,19 584 821.42,Открытый конкурс,Закупка состоялась
74242832-ОК2,291059.999.000083,"Автомобиль специализированный, эвакуатор, грузоподъемность не более 5 т",14251338-1 Приобретение специального техники,Автомобиль,1,31 650 000.00,Открытый конкурс,Закупка состоялась
80153220-ОК3,291059.999.000081,"Автомобиль специализированный, автолаборатория, экологическая",15621010-1 Приобретение автомобиля для Бейнеуское КГУ по охране лесов и животного мира Управления природных ресурсов и регулирования природопользования Мангистауской области/,Автомобиль,1,31 250 000.00,Открытый конкурс,Закупка состоялась
80153170-ОК2,291059.999.000081,"Автомобиль специализированный, автолаборатория, экологическая",15539898-1 Приобретение автомобиля для Бейнеуское КГУ по охране лесов и животного мира Управления природных ресурсов и регулирования природопользования Мангистауской области,Автомобиль,1,51 785 714.28,Открытый конкурс,Закупка состоялась
76456633-ОК3,291059.999.000081,"Автомобиль специализированный, автолаборатория, экологическая",14886175-1 Повторные государственные закупки товара для РГУ «Комитет экологического регулирования и контроля Министерства экологии и природных ресурсов Республики Казахстан» способом конкурса,Автомобиль,3,646 223 749.98,Открытый конкурс,Закупка состоялась
80686879-ОК2,291059.999.000077,"Автомобиль специализированный, автолаборатория, электротехническая",15733578-1 Приобретение передвижной электротехнической лаборатории для ТОО Алматыэлектротранс,Автомобиль,1,158 000 000.00,Открытый конкурс,Закупка состоялась
80768965-ОК2,291059.999.000077,"Автомобиль специализированный, автолаборатория, электротехническая",15730719-1 Государственные закупки высоковольтной электротехнической лаборатории на шасси для АО «Астана-РЭК,Автомобиль,1,167 300 000.00,Открытый конкурс,Закупка состоялась
77310531-ОК2,291059.999.000077,"Автомобиль специализированный, автолаборатория, электротехническая",14186721-1 Передвижная высоковольтная электротехническая лаборатория,Автомобиль,1,130 000 000.00,Открытый конкурс,Закупка состоялась
76699759-ОК3,291059.999.000077,"Автомобиль специализированный, автолаборатория, электротехническая","14042855-1 О проведении государственных закупок «Автомобиль-передвижная, высоковольтная электротехническая лаборатория» единым организатором способом открытого конкурса для ГКП на ПХВ ""Алматы Су"" Управления энергетики и водоснабжения города Алматы",Автомобиль,1,137 580 000.00,Открытый конкурс,Закупка состоялась
71101649-ОК3,291059.999.000077,"Автомобиль специализированный, автолаборатория, электротехническая","13234789-1 Передвижная электротехническая лаборатория для КГУ ""Управление энергетики и водоснабжения города Алматы""",Автомобиль,1,111 607 142.86,Открытый конкурс,Закупка состоялась
81454179-ОИ2,291059.999.000062,"Автомобиль специализированный, установка бустерная, на шасси грузового автомобиля",15800984-1 Автомобиль согласно технической спецификации/,Автомобиль,1,24 000 000.00,Из одного источника по несостоявшимся закупкам,Закупка состоялась
72809936-ОК1,291059.999.000041,"Автомобиль специализированный, автопоезд-краноманипулятор",13519867-1 Приобретение манипулятора согласно технической спецификации,Автомобиль,1,78 125 000.00,Открытый конкурс,Закупка состоялась
79384404-ОК1,291059.999.000036,"Автомобиль специализированный, мусоровоз, вместимость более 7 м3, но не более 10 м3",15171814-1 Приобретение мусоровозной спецтехники,Автомобиль,1,37 580 357.14,Открытый конкурс,Закупка состоялась
77774810-ОИ6,291041.400.000002,"Автомобиль грузовой, дизельный, самосвал, грузоподъемность более 20 т, тип платформа с принудительной разгрузкой",15248928-1 приобретение техники согласно техническим спецификациям,Автомобиль,1,37 500 000.00,Из одного источника по несостоявшимся закупкам,Закупка состоялась
77433202-ОК2,291041.400.000002,"Автомобиль грузовой, дизельный, самосвал, грузоподъемность более 20 т, тип платформа с принудительной разгрузкой","14310351-1 Государственные закупки для ГУ ""Отдел жилищно-коммунального хозяйства, пассажирского транспорта и автомобильных дорог Казыгуртского района"" способом открытого конкурса",Автомобиль,1,41 275 520.00,Открытый конкурс,Закупка состоялась
79617654-ОК1,291041.300.000000,"Автомобиль грузовой, дизельный, бортовой, грузоподъемность более 12 т","15471689-2 Автомобиль грузовой, бортовой, ВНИМАТЕЛЬНО ОЗНАКОМИТЬСЯ С ТЕХНИЧЕСКОЙ СПЕЦИФИКАЦИЕЙ И ПОСТАВКА ОСУЩЕСТВЛЯЕТСЯ СТРОГО СОГЛАСНО ТЕХНИЧЕСКОЙ СПЕЦИФИКАЦИИ",Автомобиль,1,34 550 000.00,Открытый конкурс,Закупка состоялась
75550755-ОК1,291041.300.000000,"Автомобиль грузовой, дизельный, бортовой, грузоподъемность более 12 т",14545722-1 Приобретение спецтехники - Бортовой автомобиль с КМУ,Автомобиль,1,81 762 500.00,Открытый конкурс,Закупка состоялась
74065165-ОК1,291041.300.000000,"Автомобиль грузовой, дизельный, бортовой, грузоподъемность более 12 т",13521151-1 Приобретение спецтехники согласно техспецификации для ГКП Курчум,Автомобиль,1,56 696 428.57,Открытый конкурс,Закупка состоялась
78600846-ОК2,291059.999.000054,"Автомобиль специализированный, для противообледенительной обработки воздушных судов",14960541-1 Специализированный автомобиль для противообледенительной обработки воздушных судов,Автомобиль,1,600 687 480.00,Открытый конкурс,Закупка состоялась
72006207-ОК2,291059.999.000052,"Автомобиль специализированный, установка дезинфекционная","13892206-1 Государственные закупки для ГУ ""Управление ветеринарии Туркестанской области"" способом открытого конкурса",Автомобиль,85,1 599 999 999.85,Открытый конкурс,Закупка состоялась
80243028-ОК3,291059.999.000048,"Автомобиль специализированный, вагон-жилой дом, на шасси грузового автомобиля","15824341-1 Вагон-жилой дом, на шасси грузового автомобиля",Автомобиль,5,44 950 000.00,Открытый конкурс,Закупка состоялась
79656992-ОИ5,291059.999.000035,"Автомобиль специализированный, мусоровоз, вместимость более 3 м3, но не более 7 м3","15305168-1 Автомобиль специализированный, мусоровоз",Автомобиль,1,27 700 000.00,Из одного источника по несостоявшимся закупкам,Закупка состоялась
78428051-ЗЦП2,291059.999.000049,"Автомобиль специализированный, мастерская передвижная",15805943-1 Автомобиль специализированный вахтовый автобус,Автомобиль,1,28 000 000.00,Запрос ценовых предложений,Закупка состоялась
79995877-ОК3,291059.999.000049,"Автомобиль специализированный, мастерская передвижная",15340981-1 передвижная мастерская ПАРМ на шасси,Автомобиль,1,45 500 000.00,Открытый конкурс,Закупка состоялась
79326777-ОИ2,291059.999.000049,"Автомобиль специализированный, мастерская передвижная",14968154-1 Приобретение автомастерской на шасси,Автомобиль,1,29 500 000.00,Из одного источника по несостоявшимся закупкам,Закупка состоялась
79269215-ОК1,291059.999.000049,"Автомобиль специализированный, мастерская передвижная","14919734-1 Приобретение передвижная мастерская на шасси для АО ""Aqtobe su-energy group""",Автомобиль,6,150 000 000.00,Открытый конкурс,Закупка состоялась
79121438-ОК1,291059.999.000049,"Автомобиль специализированный, мастерская передвижная",14803945-1 Автомастерская на шасси,Автомобиль,1,22 000 000.00,Открытый конкурс,Закупка состоялась
78428051-ОИ3,291059.999.000049,"Автомобиль специализированный, мастерская передвижная","14468425-1 Автомобиль специализированный, мастерская передвижная",Автомобиль,1,31 000 000.00,Из одного источника по несостоявшимся закупкам,Закупка состоялась
75552788-ОК1,291059.999.000049,"Автомобиль специализированный, мастерская передвижная",14462450-1 Приобретение спецтехники - автомастерская,Автомобиль,1,85 615 000.00,Открытый конкурс,Закупка состоялась
77972210-ОК1,291059.999.000049,"Автомобиль специализированный, мастерская передвижная","14439042-1 Авторемонтная мастерская на шасси грузового автомобиля согласно технической спецификации для ГКП ""Костанай-СУ""",Автомобиль,1,36 800 000.00,Открытый конкурс,Закупка состоялась
78122422-ОК1,291059.999.000049,"Автомобиль специализированный, мастерская передвижная",14240194-2 Передвижная аварийная мастерская,Автомобиль,4,140 000 000.00,Открытый конкурс,Закупка состоялась
76354254-ОК4,291059.999.000049,"Автомобиль специализированный, мастерская передвижная",14152485-1 Приобретение автомобиля мастерская передвижная,Автомобиль,1,58 035 714.28,Открытый конкурс,Закупка состоялась
77509511-ОК1,291059.999.000049,"Автомобиль специализированный, мастерская передвижная",13954147-3 Приобретение автомобиля мастерская передвижная,Автомобиль,1,58 035 714.28,Открытый конкурс,Закупка состоялась
73129998-ОК1,291059.999.000049,"Автомобиль специализированный, мастерская передвижная","13845260-1 Передвижная автомастерская для АО ""Астана-Теплотранзит""",Автомобиль,3,229 821 428.55,Открытый конкурс,Закупка состоялась
77194480-ОК1,291059.999.000049,"Автомобиль специализированный, мастерская передвижная",13839845-1 Специализированная техника для ГКП «Өскемен Водокнал»,Автомобиль,1,37 197 321.00,Открытый конкурс,Закупка состоялась
77338549-ОК1,291059.999.000043,"Автомобиль специализированный, автомобиль-котел","14675442-1 Автомобиль для перевозки людей с ограниченными возможностями. Согласно технической характеристикой для КГУ ""Центр абилитации и реабилитации лиц с инвалидностью ""Ақжайық"" Управления координации занятости и социальных программ Западно-Казахстанской области""",Автомобиль,1,27 825 000.00,Открытый конкурс,Закупка состоялась
77845265-ОИ5,291059.999.000043,"Автомобиль специализированный, автомобиль-котел",14331773-1 Приобретение автомобиль ассенизатор,Автомобиль,1,24 000 000.00,Из одного источника по несостоявшимся закупкам,Закупка состоялась
79335884-ОК2,291059.999.000089,"Автомобиль специальный, санитарный","15294023-1 Приобретение санитарного автотранспорта для ГКП на ПХВ ""Бейнеуская многопрофильная центральная районная больница""",Автомобиль,2,31 785 714.30,Открытый конкурс,Закупка состоялась
79431058-ОК2,291059.999.000089,"Автомобиль специальный, санитарный",15218417-1 Государственные закупки согласно конкурсной документации,Автомобиль,1,15 892 857.14,Открытый конкурс,Закупка состоялась
79659245-ОК1,291059.999.000089,"Автомобиль специальный, санитарный","15080245-1 Приобретение автомобиля скорой медицинской помощи для КГП на ПХВ ""Акжарская районная больница"" КГУ ""Управление здравоохранения акимата СКО""",Автомобиль,1,21 000 000.00,Открытый конкурс,Закупка состоялась
73962159-ОК2,291059.999.000089,"Автомобиль специальный, санитарный","14784279-1 Приобретение санитарных автомобилей (согласно технической спецификации) Доставка, разгрузка за счет средств Поставщика.",Автомобиль,4,56 785 714.32,Открытый конкурс,Закупка состоялась
78260205-ОК1,291059.999.000089,"Автомобиль специальный, санитарный",14590654-1 Приобретение автомобиля для КГП на ПХВ «Аккайынская районная больница» коммунального государственного учреждения «Управление здравоохранения акимата Северо-Казахстанской области»,Автомобиль,1,22 098 214.29,Открытый конкурс,Закупка состоялась
78220829-ЗЦП2,291059.999.000089,"Автомобиль специальный, санитарный",14582376-1 Государственный закуп автомобиля (специальный санитарный автомобиль) в соответствии с техническим заданием заказчика.,Автомобиль,1,21 756 250.00,Запрос ценовых предложений,Закупка состоялась
78763858-ОК1,291059.999.000089,"Автомобиль специальный, санитарный","14576597-1 Приобретение Санитарного автотранспорта для КГП на праве хозяйственного ведения «Успенская районная больница» управления здравоохранения Павлодарской области, акимата Павлодарской области",Автомобиль,2,40 625 000.00,Открытый конкурс,Закупка состоялась
78758368-ОК1,291059.999.000089,"Автомобиль специальный, санитарный","14574519-1 Приобретение Санитарного автотранспорта для КГП на праве хозяйственного ведения «Успенская районная больница» управления здравоохранения Павлодарской области, акимата Павлодарской области",Автомобиль,1,27 500 000.00,Открытый конкурс,Закупка состоялась
73975646-ОК2,291059.999.000089,"Автомобиль специальный, санитарный","14539843-1 Приобретение санитарного автотранспорта для КГП на ПХВ ""Акжарская районная больница"" КГУ ""Управление здравоохранения акимата СКО""",Автомобиль,1,22 098 214.30,Открытый конкурс,Закупка состоялась
77851940-ОК2,291059.999.000089,"Автомобиль специальный, санитарный",14535149-1 Приобретение автотранспортных средств,Автомобиль,1,30 089 285.71,Открытый конкурс,Закупка состоялась
78197973-ОК2,291059.999.000089,"Автомобиль специальный, санитарный","14534507-1 Приобретение автотранспорта для КГП на ПХВ ""Уалихановская районная больница"" КГУ ""Управление здравоохранения акимата Северо-Казахстанской области""",Автомобиль,1,22 098 214.29,Открытый конкурс,Закупка состоялась
73773218-ОК2,291059.999.000089,"Автомобиль специальный, санитарный",14532462-1 Приобретение автотранспорта КГП на ПХВ Тайыншинская ММБ КГУ Управление здравоохранения акимата СКО,Автомобиль,2,49 500 000.00,Открытый конкурс,Закупка состоялась
78196169-ОК2,291059.999.000089,"Автомобиль специальный, санитарный","14519093-1 Приобретение автотранспорта для КГП на ПХВ ""РБ района имени Габита Мусрепова"" КГУ ""УЗ акимата Северо-Казахстанской области""",Автомобиль,2,44 196 428.58,Открытый конкурс,Закупка состоялась
77959195-ОК2,291059.999.000089,"Автомобиль специальный, санитарный","14502858-1 Приобретение санитарного автотранспорта для КГП на ПХВ «Иртышская районная больница» управления здравоохранения Павлодарской области, акимата Павлодарской области",Автомобиль,4,81 250 000.00,Открытый конкурс,Закупка состоялась
77918998-ОК1,291059.999.000089,"Автомобиль специальный, санитарный","14175916-2 Приобретение санитарного автомобиля для КГП на ПХВ «Майская районная больница» управления здравоохранения Павлодарской области, акимата Павлодарской области",Автомобиль,1,27 500 000.00,Открытый конкурс,Закупка состоялась
77937234-ОК1,291059.999.000089,"Автомобиль специальный, санитарный","14210680-1 Приобретение нового автомобиля для ""Отдел занятости и социальных программ акимата города Петропавловска""",Автомобиль,1,24 800 000.00,Открытый конкурс,Закупка состоялась
77545227-ОК1,291059.999.000089,"Автомобиль специальный, санитарный","14171434-2 Приобретение автомобиля для медицинской службы для КГП на ПХВ «Баянаульская районная больница» управления здравоохранения Павлодарской области, акимата Павлодарской области",Автомобиль,1,27 500 000.00,Открытый конкурс,Закупка состоялась
77545683-ОК1,291059.999.000089,"Автомобиль специальный, санитарный","14171333-2 Приобретение автомобиля для медицинской службы для КГП на ПХВ «Баянаульская районная больница» управления здравоохранения Павлодарской области, акимата Павлодарской области",Автомобиль,2,40 625 000.00,Открытый конкурс,Закупка состоялась
78017553-ОК1,291059.999.000089,"Автомобиль специальный, санитарный","14194488-1 Приобретение санитарного автомобиля для КГП на ПХВ «Больница района Тереңкөл» управления здравоохранения Павлодарской области, акимата Павлодарской области",Автомобиль,1,20 312 500.00,Открытый конкурс,Закупка состоялась
77935153-ОК1,291059.999.000089,"Автомобиль специальный, санитарный","14156919-2 Приобретение санитарного автомобиля для КГП на ПХВ «Щербактинская районная больница» управления здравоохранения Павлодарской области, акимата Павлодарской области",Автомобиль,1,27 500 000.00,Открытый конкурс,Закупка состоялась
77933828-ОК1,291059.999.000089,"Автомобиль специальный, санитарный","14156823-2 Приобретение санитарного автомобиля для КГП на ПХВ «Больница района Аққұлы» управления здравоохранения Павлодарской области, акимата Павлодарской области",Автомобиль,1,27 500 000.00,Открытый конкурс,Закупка состоялась
77939849-ОК1,291059.999.000089,"Автомобиль специальный, санитарный","14185521-1 Приобретение санитарного автомобиля для КГП на ПХВ «Городская больница г. Аксу» управления здравоохранения Павлодарской области, акимата Павлодарской области",Автомобиль,4,81 250 000.00,Открытый конкурс,Закупка состоялась
76246406-ОК1,291059.999.000089,"Автомобиль специальный, санитарный","14185075-1 Приобретение санитарного автомобиля для КГП на ПХВ «Железинская районная больница» управления здравоохранения Павлодарской области, акимата Павлодарской области",Автомобиль,1,27 500 000.00,Открытый конкурс,Закупка состоялась
77936734-ОК1,291059.999.000089,"Автомобиль специальный, санитарный","14177290-1 Приобретение санитарного автомобиля для КГП на ПХВ «Актогайская районная больница» управления здравоохранения Павлодарской области, акимата Павлодарской области",Автомобиль,2,40 625 000.00,Открытый конкурс,Закупка состоялась
77936761-ОК1,291059.999.000089,"Автомобиль специальный, санитарный","14177062-1 Приобретение санитарного автомобиля для КГП на ПХВ «Актогайская районная больница» управления здравоохранения Павлодарской области, акимата Павлодарской области",Автомобиль,1,27 500 000.00,Открытый конкурс,Закупка состоялась
77972708-ОК1,291059.999.000089,"Автомобиль специальный, санитарный","14176556-1 Приобретение санитарных автомобилей для КГП на ПХВ «Поликлиника Павлодарского района» управления здравоохранения Павлодарской области, акимата Павлодарской области",Автомобиль,1,20 312 500.00,Открытый конкурс,Закупка состоялась
74743508-ОК1,291059.999.000089,"Автомобиль специальный, санитарный",14141939-1 Приобретение специального санитарного автомобиля (согл.тех.спец),Автомобиль,29,749 505 000.00,Открытый конкурс,Закупка состоялась
74905144-ОК1,291059.999.000089,"Автомобиль специальный, санитарный",13893853-1 Приобретение автомобиля для ДП,Автомобиль,1,19 642 857.14,Открытый конкурс,Закупка состоялась
77513404-ОИ4,291059.999.000007,"Автомобиль грузовой, бензиновый, авторефрижератор, грузоподъемность более 5 т, но не более 20 т, охлаждение комбинированное",14355806-1 Приобретение автомобиля микроавтобуса для перевозки детей,Автомобиль,1,18 580 000.00,Из одного источника по несостоявшимся закупкам,Закупка состоялась
78256466-ОК2,291059.999.000060,"Автомобиль специализированный, автолаборатория",14615634-1 Передвижная лаборатория аудита дорожной безопасности,Автомобиль,1,68 442 500.00,Открытый конкурс,Закупка состоялась
80355213-ОК1,291059.999.000002,"Автомобиль грузовой, бензиновый, авторефрижератор, грузоподъемность более 5 т, но не более 20 т, охлаждение машинное с приводом от двигателя автомобиля",15446525-1 Приобретения автотранспорта для общеобразовательной школы Жаксынского района,Автомобиль,2,32 858 000.00,Открытый конкурс,Закупка состоялась
80536817-ОК1,291059.999.000037,"Автомобиль специализированный, мусоровоз, вместимость более 10 м3, но не более 15 м3","15558313-1 Приобретение автомобиля мусоровоза с крано-манипуляторной установкой для КГУ ""Управление экологии и окружающей среды города Алматы""",Автомобиль,2,166 674 000.00,Открытый конкурс,Закупка состоялась
79127195-ОК1,291059.999.000037,"Автомобиль специализированный, мусоровоз, вместимость более 10 м3, но не более 15 м3",14790976-1 Приобретение специальной техники,Автомобиль,1,39 955 357.14,Открытый конкурс,Закупка состоялась
80444641-ОК3,291059.900.000020,"Автомобиль специализированный, автогидроподъемник, высота стрелы более 17 м, но не более 30 м, конструкция стрелы локтевая (коленчатая)","15640195-1 специализированный, автогидроподъемник, высота стрелы не менее 30 м, конструкция стрелы локтевая (коленчатая)",Автомобиль,1,22 000 000.00,Открытый конкурс,Закупка состоялась
80559302-ОТ3,291024.900.000008,"Автомобиль грузопассажирский, тип кузова пикап, грузоподъемность не более 1000 кг",15787726-1 Повторные электронные закупки товара грузопассажирский автомобиль Пикап,Автомобиль,9,223 039 285.74,Тендер,Закупка состоялась
75388641-ОК1,291024.900.000008,"Автомобиль грузопассажирский, тип кузова пикап, грузоподъемность не более 1000 кг",15715035-1 Приобретение - автомобиля,Автомобиль,1,17 890 000.00,Открытый конкурс,Закупка состоялась
80890928-ОИ3,291024.900.000008,"Автомобиль грузопассажирский, тип кузова пикап, грузоподъемность не более 1000 кг",15709783-1 Обеспечение деятельности учреждения,Автомобиль,1,16 339 285.71,Из одного источника по несостоявшимся закупкам,Закупка состоялась
80797211-ОИ3,291024.900.000008,"Автомобиль грузопассажирский, тип кузова пикап, грузоподъемность не более 1000 кг",15665473-1 Приобретение служебного автомобиля,Автомобиль,2,24 821 428.58,Из одного источника по несостоявшимся закупкам,Закупка состоялась
79607317-ОИ2,291024.900.000008,"Автомобиль грузопассажирский, тип кузова пикап, грузоподъемность не более 1000 кг",15660804-1 Грузо пассажирский пикап,Автомобиль,1,17 890 000.00,Из одного источника по несостоявшимся закупкам,Закупка состоялась
75017003-ОИ3,291024.900.000008,"Автомобиль грузопассажирский, тип кузова пикап, грузоподъемность не более 1000 кг",15660223-1 Автомобиль пикап с закрытой кабиной и открытой грузовой площадкой,Автомобиль,1,15 600 000.00,Из одного источника по несостоявшимся закупкам,Закупка состоялась
80869396-ОИ2,291024.900.000008,"Автомобиль грузопассажирский, тип кузова пикап, грузоподъемность не более 1000 кг","15658019-1 приобретение автомобиля грузопассажирский, тип кузова пикап",Автомобиль,1,17 290 000.00,Из одного источника по несостоявшимся закупкам,Закупка состоялась
80654126-ОК1,291024.900.000008,"Автомобиль грузопассажирский, тип кузова пикап, грузоподъемность не более 1000 кг","15656797-1 Автомобиль грузопассажирский, тип кузова пикап, грузоподъемность не более 1000 кг для КГУ ""Управление развития общественных пространств города Алматы""",Автомобиль,28,532 000 000.00,Открытый конкурс,Закупка состоялась
77205154-ЗЦП2,291024.900.000008,"Автомобиль грузопассажирский, тип кузова пикап, грузоподъемность не более 1000 кг",15636222-1 Приобретение грузопассажирского пикапа,Автомобиль,1,18 690 000.00,Запрос ценовых предложений,Закупка состоялась
80247181-ОК1,291024.900.000008,"Автомобиль грузопассажирский, тип кузова пикап, грузоподъемность не более 1000 кг",15596305-1 Приобретение автомобильного транспорта,Автомобиль,1,15 790 000.00,Открытый конкурс,Закупка состоялась
80420895-ОК2,291024.900.000008,"Автомобиль грузопассажирский, тип кузова пикап, грузоподъемность не более 1000 кг",15510904-1 Приобретение грузопассажирского автомобиля,Автомобиль,10,66 964 285.70,Открытый конкурс,Закупка состоялась
79799991-ОК3,291024.900.000008,"Автомобиль грузопассажирский, тип кузова пикап, грузоподъемность не более 1000 кг","15503365-1 Приобретение патрулированного автомобиля для КГУ ""Актюбинское учреждение по охране лесов и животного мира"" ГУ ""Управление природных ресурсов и регулирования природопользования Актюбинской области""",Автомобиль,1,19 642 857.14,Открытый конкурс,Закупка состоялась
80478420-ОК1,291024.900.000008,"Автомобиль грузопассажирский, тип кузова пикап, грузоподъемность не более 1000 кг","15502914-1 Государственные закупки для Государственное учреждение ""Аппарат акима Аккистауского сельского округа Исатайского района""",Автомобиль,1,18 690 000.00,Открытый конкурс,Закупка состоялась
75568275-ОК2,291024.900.000008,"Автомобиль грузопассажирский, тип кузова пикап, грузоподъемность не более 1000 кг",15434473-1 Государственные закупки автотранспорта для филиалов РГП «Казаэронавигация»,Автомобиль,1,21 875 000.00,Открытый конкурс,Закупка состоялась
77217261-ОК1,291024.900.000008,"Автомобиль грузопассажирский, тип кузова пикап, грузоподъемность не более 1000 кг",15375356-2 Приобретение - автомобилей,Автомобиль,2,34 580 000.00,Открытый конкурс,Закупка состоялась
79905110-ОК2,291024.900.000008,"Автомобиль грузопассажирский, тип кузова пикап, грузоподъемность не более 1000 кг","15320358-1 Государственная закупка для КГУ ""Махамбетское учреждение по охране лесов и животного мира"" Управления природных ресурсов и регулирования природопользования Атырауской области",Автомобиль,1,21 428 571.40,Открытый конкурс,Закупка состоялась
79660440-ОК2,291024.900.000008,"Автомобиль грузопассажирский, тип кузова пикап, грузоподъемность не более 1000 кг",15310715-2 Приобретение грузопассажирского автомобиля,Автомобиль,1,15 790 000.00,Открытый конкурс,Закупка состоялась
79704655-ОК2,291024.900.000008,"Автомобиль грузопассажирский, тип кузова пикап, грузоподъемность не более 1000 кг",15289216-1 Государственные закупки автомобилей для РГП «Казаэронавигация»,Автомобиль,1,21 875 000.00,Открытый конкурс,Закупка состоялась
79834980-ЗЦП1,291024.900.000008,"Автомобиль грузопассажирский, тип кузова пикап, грузоподъемность не более 1000 кг",15269570-1 Автомобиль для АО Шығыс Жылу,Автомобиль,1,16 290 000.00,Запрос ценовых предложений,Закупка состоялась
79230175-ОК2,291024.900.000008,"Автомобиль грузопассажирский, тип кузова пикап, грузоподъемность не более 1000 кг","14950717-1 Автомобиль грузопассажирский, тип кузова пикап, грузоподъемность не более 1000 кг",Автомобиль,10,124 107 142.80,Открытый конкурс,Закупка состоялась
75760705-ОК2,291024.900.000008,"Автомобиль грузопассажирский, тип кузова пикап, грузоподъемность не более 1000 кг",14711003-1 Приобретение автомобиля для КГУ «Абай су қоймалары» управления природных ресурсов и регулирования природопользования области Абай,Автомобиль,2,41 750 000.00,Открытый конкурс,Закупка состоялась
78805305-ОИнеГЗ2,291024.900.000008,"Автомобиль грузопассажирский, тип кузова пикап, грузоподъемность не более 1000 кг",14671577-1 Жүк-жолаушылар көлігі,Автомобиль,1,17 190 000.00,Из одного источника по несостоявшимся закупкам не ГЗ,Закупка состоялась
77853397-ОК2,291024.900.000008,"Автомобиль грузопассажирский, тип кузова пикап, грузоподъемность не более 1000 кг",14614621-1 Приобретение автотранспортных средств,Автомобиль,4,75 196 428.56,Открытый конкурс,Закупка состоялась
75010517-ОК1,291024.900.000008,"Автомобиль грузопассажирский, тип кузова пикап, грузоподъемность не более 1000 кг",14499917-2 Приобретение служебного автомобиля,Автомобиль,4,45 324 000.00,Открытый конкурс,Закупка состоялась
78280566-ОК2,291024.900.000008,"Автомобиль грузопассажирский, тип кузова пикап, грузоподъемность не более 1000 кг","14560666-1 Автомобиль тип кузова пикап для ГКП на праве хозяйственного ведения ""Өзен жылу"" акимата города Жанаозен",Автомобиль,3,53 571 426.00,Открытый конкурс,Закупка состоялась
75946645-ЗЦП1,291024.900.000008,"Автомобиль грузопассажирский, тип кузова пикап, грузоподъемность не более 1000 кг",14453491-1 Приобретение основных средств,Автомобиль,1,16 151 785.71,Запрос ценовых предложений,Закупка состоялась
78391844-ОИ2,291024.900.000008,"Автомобиль грузопассажирский, тип кузова пикап, грузоподъемность не более 1000 кг","14428433-1 ГУ ""Аппарат Акима города Кульсары районного значения""",Автомобиль,1,16 800 000.00,Из одного источника по несостоявшимся закупкам,Закупка состоялась
73912772-ОК2,291024.900.000008,"Автомобиль грузопассажирский, тип кузова пикап, грузоподъемность не более 1000 кг",14380638-1 Государственная закупка товара для РГУ «Главное командование Национальной гвардии Республики Казахстан» способом открытого конкурса,Автомобиль,9,195 750 000.00,Открытый конкурс,Закупка состоялась
73349564-ОК1,291024.900.000008,"Автомобиль грузопассажирский, тип кузова пикап, грузоподъемность не более 1000 кг",14206309-1 приобретение служебного автотранспорта,Автомобиль,1,18 600 000.00,Открытый конкурс,Закупка состоялась
74426523-ОК1,291024.900.000008,"Автомобиль грузопассажирский, тип кузова пикап, грузоподъемность не более 1000 кг","14165259-1 Приобретение служебного автотранспорта для КГП на ПХВ ""Многопрофильная больница имени профессора Х.Ж.Макажанова"" управления здравоохранения Карагандинской области",Автомобиль,1,17 000 000.00,Открытый конкурс,Закупка состоялась
77655329-ОИ3,291024.900.000008,"Автомобиль грузопассажирский, тип кузова пикап, грузоподъемность не более 1000 кг","14087816-1 легковой, специальный, для ритуальных услуг",Автомобиль,1,22 919 642.86,Из одного источника по несостоявшимся закупкам,Закупка состоялась
76090556-ОК2,291024.900.000008,"Автомобиль грузопассажирский, тип кузова пикап, грузоподъемность не более 1000 кг","13974137-1 Государственные закупки для Государственное учреждение ""Аппарат акима Жылыойского района""",Автомобиль,2,61 607 142.00,Открытый конкурс,Закупка состоялась
77149329-ОИ4,291024.900.000008,"Автомобиль грузопассажирский, тип кузова пикап, грузоподъемность не более 1000 кг","13937368-1 04. Автомобиль грузопассажирский, тип кузова пикап, грузоподъемность не более 1000 кг (согласно технической спецификации) (с/с ""Акбулак"").49",Автомобиль,1,20 875 000.00,Из одного источника по несостоявшимся закупкам,Закупка состоялась
72369450-ОК1,291024.900.000008,"Автомобиль грузопассажирский, тип кузова пикап, грузоподъемность не более 1000 кг","13814520-1 Государственная закупка для ГКП ""КТЭЦ"" на ПХВ управления энергетики и жилищно-коммунального хозяйства Кызылординской области",Автомобиль,1,15 490 000.00,Открытый конкурс,Закупка состоялась
72061683-ОК2,291024.900.000008,"Автомобиль грузопассажирский, тип кузова пикап, грузоподъемность не более 1000 кг","13353750-1 Приобретение служебного автомобиля для Государственное коммунальное предприятие ""Шалкарская районная больница""",Автомобиль,1,28 000 000.00,Открытый конкурс,Закупка состоялась
80409833-ОК2,291024.900.000003,"Автомобиль легковой, специальный, для аэродромных работ","15550146-1 Государственная закупка для АО ""Аэропорт ""Коркыт Ата""",Автомобиль,1,129 464 285.71,Открытый конкурс,Закупка состоялась
75850053-ОК3,291024.900.000003,"Автомобиль легковой, специальный, для аэродромных работ",15285220-1 Самоходный буксирный тягач,Автомобиль,1,20 509 682.00,Открытый конкурс,Закупка состоялась
75612379-ОИ2,291024.900.000003,"Автомобиль легковой, специальный, для аэродромных работ",13838750-1 Приобретение автомобиля для аэродромной службы,Автомобиль,1,15 490 000.00,Из одного источника по несостоявшимся закупкам,Закупка состоялась
77208635-ОК2,291024.900.000001,"Автомобиль легковой, специальный, автолавка",15034086-1 Приобретение Аварийной мастерской,Автомобиль,2,37 191 071.42,Открытый конкурс,Закупка состоялась
74296568-ЗЦП2,289229.000.000001,"Автомобиль карьерный самосвал, грузоподъемность более 10 т, но не более 400 т, способ разгрузки задний",15782757-1 Приобретение самосвала и самосвального прицепа,Автомобиль,1,30 508 064.29,Запрос ценовых предложений,Закупка состоялась
80873885-ОИ3,289229.000.000001,"Автомобиль карьерный самосвал, грузоподъемность более 10 т, но не более 400 т, способ разгрузки задний",15733940-1 Приобретение техники согласно тех.спецификам,Автомобиль,1,21 704 183.83,Из одного источника по несостоявшимся закупкам,Закупка состоялась
72829977-ОК2,289229.000.000001,"Автомобиль карьерный самосвал, грузоподъемность более 10 т, но не более 400 т, способ разгрузки задний","15616695-1 Спецтехника грузовой, дизельный, самосвал, грузоподъемность более 20 т, тип платформа с опрокидывающимся кузовом",Автомобиль,1,41 660 714.29,Открытый конкурс,Закупка состоялась
77773602-ОИ5,289229.000.000001,"Автомобиль карьерный самосвал, грузоподъемность более 10 т, но не более 400 т, способ разгрузки задний",14689202-1 Приобретение техники согласно тех.спецификам,Автомобиль,1,22 321 428.57,Из одного источника по несостоявшимся закупкам,Закупка состоялась
75940761-ОК2,289229.000.000001,"Автомобиль карьерный самосвал, грузоподъемность более 10 т, но не более 400 т, способ разгрузки задний",14587871-1 Приобретение техники самосвал,Автомобиль,3,94 800 000.00,Открытый конкурс,Закупка состоялась
76439309-ОК1,289229.000.000001,"Автомобиль карьерный самосвал, грузоподъемность более 10 т, но не более 400 т, способ разгрузки задний","14401200-1 Приобретение карьерного самосвала КГУ ""Отдел архитектуры, строительства, жилищно-коммунального хозяйства, пассажирского транспорта и автомобильных дорог акимата района им. Г. Мусрепова Северо-Казахстанской области""",Автомобиль,2,69 256 928.58,Открытый конкурс,Закупка состоялась
80660184-ЗЦП3,289229.000.000000,"Автомобиль карьерный самосвал, грузоподъемность более 10 т, но не более 400 т, способ разгрузки боковой",15630755-1 Приобретение технике (самосвал),Автомобиль,1,29 464 286.00,Запрос ценовых предложений,Закупка состоялась
74353911-ОК2,289229.000.000000,"Автомобиль карьерный самосвал, грузоподъемность более 10 т, но не более 400 т, способ разгрузки боковой",15237957-1 Приобретение самосвал а,Автомобиль,1,33 200 000.00,Открытый конкурс,Закупка состоялась
76905306-ОК1,291059.991.000000,"Автомобиль специализированный, технической помощи","14198454-1 Государственная закупка для ГУ ""Отдел жилищно-коммунального хозяйства, пассажирского транспорта, автомобильных дорог и жилищной инспекции Макатского района""",Автомобиль,1,111 607 142.86,Открытый конкурс,Закупка состоялась
75867366-ОК1,291059.991.000000,"Автомобиль специализированный, технической помощи",13887363-2 Приобретение специальный техники,Автомобиль,1,55 299 107.14,Открытый конкурс,Закупка состоялась
73007144-ОК1,291059.991.000000,"Автомобиль специализированный, технической помощи","13452681-2 Приобретение вакуумной машины на шассси для КГУ ""Экибастуз-сервис""",Автомобиль,1,50 178 571.43,Открытый конкурс,Закупка состоялась
37466293-ОЛ-ЗЦП1,203022.550.000006,Шпатлевка акриловая,15126008-1 Закуп кузовных материалов,Закуп кузовных материалов,4,21 053 450.00,Запрос ценовых предложений,Закупка состоялась
80076905-ОИ2,291024.900.000009,"Автомобиль грузопассажирский, тип кузова фургон, грузоподъемность не более 1000 кг",15285057-1 Приобретение автомобиль фургон с металлическим кузовом согласно технической спецификации,Автомобиль,1,17 500 000.00,Из одного источника по несостоявшимся закупкам,Закупка состоялась
80014581-ЗЦП2,291024.900.000009,"Автомобиль грузопассажирский, тип кузова фургон, грузоподъемность не более 1000 кг",15259817-1 Приобретение специального машины для перевозки лиц с ограниченными возможностями,Автомобиль,1,24 800 000.00,Запрос ценовых предложений,Закупка состоялась
79701536-ОИ2,291024.900.000009,"Автомобиль грузопассажирский, тип кузова фургон, грузоподъемность не более 1000 кг","15139265-1 Грузопассажирский автомобиль, тип кузова фургон, грузоподъемность не более 1000 кг",Автомобиль,2,25 110 000.00,Из одного источника по несостоявшимся закупкам,Закупка состоялась
77853004-ОК2,291024.900.000009,"Автомобиль грузопассажирский, тип кузова фургон, грузоподъемность не более 1000 кг",14665767-1 Приобретение автотранспортных средств,Автомобиль,1,28 035 714.29,Открытый конкурс,Закупка состоялась
77852055-ОК1,291024.900.000009,"Автомобиль грузопассажирский, тип кузова фургон, грузоподъемность не более 1000 кг",14298429-2 Приобретение автотранспортных средств,Автомобиль,1,29 017 857.14,Открытый конкурс,Закупка состоялась
77057848-ОК2,291024.900.000009,"Автомобиль грузопассажирский, тип кузова фургон, грузоподъемность не более 1000 кг",14062763-1 Малый лесопатрульный комплекс согласно технической спецификации для КГУ «Карагандинское хозяйство по охране лесов и животного мира»,Автомобиль,1,21 031 250.00,Открытый конкурс,Закупка состоялась
72369738-ОК3,291024.900.000009,"Автомобиль грузопассажирский, тип кузова фургон, грузоподъемность не более 1000 кг","13854689-1 Государственная закупка для ГКП ""КТЭЦ"" на ПХВ управления энергетики и жилищно-коммунального хозяйства Кызылординской области",Автомобиль,1,18 474 000.00,Открытый конкурс,Закупка состоялась
34661410-ОЛ-ЗЦП1,204131.900.000000,"Мыло туалетное, жидкое",14007908-1 приобретение хоз товаров,приобретение хоз товаров,5,15 351 135.00,Запрос ценовых предложений,Закупка состоялась
34661410-ОЛ-ЗЦП1,204131.900.000001,"Мыло туалетное, твердое",14007908-1 приобретение хоз товаров,приобретение хоз товаров,5,15 351 135.00,Запрос ценовых предложений,Закупка состоялась
79651490-ОК3,291059.900.000015,"Автомобиль специализированный, автогидроподъемник, высота стрелы не более 17 м, конструкция стрелы локтевая (коленчатая)","15345866-1 Государственная закупка для КГУ ""Кызылординское государственное учреждение по охране лесов и животного мира"" управления природных ресурсов и регулирования природопользования Кызылординской области",Автомобиль,1,37 732 142.86,Открытый конкурс,Закупка состоялась
74836200-ОК1,291059.900.000015,"Автомобиль специализированный, автогидроподъемник, высота стрелы не более 17 м, конструкция стрелы локтевая (коленчатая)","14582342-1 Государственная закупка для КГУ ""Кызылординское государственное учреждение по охране лесов и животного мира"" управления природных ресурсов и регулирования природопользования Кызылординской области",Автомобиль,1,46 000 000.00,Открытый конкурс,Закупка состоялась
73712729-ОК2,291059.900.000015,"Автомобиль специализированный, автогидроподъемник, высота стрелы не более 17 м, конструкция стрелы локтевая (коленчатая)",14014584-1 Приобретение автогидроподъемника согласно технической спецификации,Автомобиль,1,37 500 000.00,Открытый конкурс,Закупка состоялась
72251117-ЗЦП3,204132.750.000000,"Средство моющее для мытья стекол и зеркальных поверхностей, жидкость",15392787-1 Закуп товаров для АХО,Средство моющее,980,22 050 000.00,Запрос ценовых предложений,Закупка состоялась
33743386-ОЛ-ЗЦП1,204132.750.000000,"Средство моющее для мытья стекол и зеркальных поверхностей, жидкость",13592114-1 Закуп моющих товаров по списку,Закуп моющих товаров по списку,6,15 605 542.96,Запрос ценовых предложений,Закупка состоялась
33743386-ОЛ-ЗЦП1,204132.570.000000,"Средство моющее для мытья посуды, гель",13592114-1 Закуп моющих товаров по списку,Закуп моющих товаров по списку,6,15 605 542.96,Запрос ценовых предложений,Закупка состоялась
79340552-ЗЦП2,291022.300.000012,"Автомобиль легковой, класс внедорожник, механическая трансмиссия, свыше 3000 куб.см",15072029-1 Приобретение автомобиля (согласно технической спецификации),Автомобиль,1,16 395 535.71,Запрос ценовых предложений,Закупка состоялась
79522531-ЗЦП3,291022.300.000012,"Автомобиль легковой, класс внедорожник, механическая трансмиссия, свыше 3000 куб.см",15034771-1 Приобретение автомобиля (согласно технической спецификации)/,Автомобиль,1,16 394 000.00,Запрос ценовых предложений,Закупка состоялась
33743386-ОЛ-ЗЦП1,204132.590.000006,"Средство моющее для чистки ванн и раковин, порошок",13592114-1 Закуп моющих товаров по списку,Закуп моющих товаров по списку,6,15 605 542.96,Запрос ценовых предложений,Закупка состоялась
34661410-ОЛ-ЗЦП1,204131.950.000000,"Мыло хозяйственное, твердое",14007908-1 приобретение хоз товаров,приобретение хоз товаров,5,15 351 135.00,Запрос ценовых предложений,Закупка состоялась
38845950-ОЛ-ОК1,202014.900.000001,"Мыло медицинское, антисептическое, жидкое",15761045-1 Государственные закупки (товары для потребностей центра),Государственные закупки (товары для потребностей центра),3,49 600 000.00,Открытый конкурс,Закупка состоялась
74257969-АУК1,202014.900.000001,"Мыло медицинское, антисептическое, жидкое",14618603-1 Закуп дезинфицирующего средства (Мыло),Мыло,4000,16 080 000.00,Аукцион,Закупка состоялась
36046795-ОЛ-ОК1,202014.900.000001,"Мыло медицинское, антисептическое, жидкое",14539168-1 Приобретение дезинфицирующих средств,Приобретение дезинфицирующих средств,10,171 656 337.00,Открытый конкурс,Закупка состоялась
78479280-ЗЦП1,202014.900.000001,"Мыло медицинское, антисептическое, жидкое",14449855-1 Закуп Средство дезинфицирующее,Мыло,3200,17 600 000.00,Запрос ценовых предложений,Закупка состоялась
72763923-ОК4,202014.900.000001,"Мыло медицинское, антисептическое, жидкое",14388107-1 дезинфицирующие средства на 2025 год,Мыло,6000,16 800 000.00,Открытый конкурс,Закупка состоялась
38918002-ОЛ-ОИ2,236112.000.000066,"Труба общего назначения железобетонная, напорная","15809500-1 Прямоугольная ж/б труба (Реконструкция Жанибекского магистрального канала Западно-Казахстанской области РК по объектной смете №2-01 Магистральный канал ПК 0+00 по ПК 762+67,45 с гидротехническими сооружениями)",Прямоугольная ж/б труба серии 3.820-14,2,46 414 337.68,Из одного источника по несостоявшимся закупкам,Закупка состоялась
35127904-ОЛ-ОК2,222121.530.010064,"Труба для водоснабжения полиэтиленовая, диаметр 51-100 мм",14427326-1 закуп полиэтиленовых труб,закуп полиэтиленовых труб,8,16 504 225.92,Открытый конкурс,Закупка состоялась
73919788-ОК1,262011.100.000008,Бизнес-ноутбук,15435665-1 Государственные закупки для АО «Государственная техническая служба» способом открытого конкурса,Бизнес-ноутбук,182,121 871 750.00,Открытый конкурс,Закупка состоялась
36281190-ОЛ-ОИ2,141913.100.010003,Перчатки,14651540-1 Приобретение спецодежды и СИЗ для нужд производственных подразделений предприятия,Приобретение спецодежды и СИЗ для нужд производственных подразделений предприятия,17,17 459 620.00,Из одного источника по несостоявшимся закупкам,Закупка состоялась
36281190-ОЛ-ОИ2,152032.990.000020,Валенки,14651540-1 Приобретение спецодежды и СИЗ для нужд производственных подразделений предприятия,Приобретение спецодежды и СИЗ для нужд производственных подразделений предприятия,17,17 459 620.00,Из одного источника по несостоявшимся закупкам,Закупка состоялась
79853658-ОК1,139221.300.000001,Мешок,15208683-1 Мешки посадочные для питомника,Мешок,20000,26 900 000.00,Открытый конкурс,Закупка состоялась
78305142-ЗЦП1,152032.900.000006,Полуботинки,14357909-1 Приобретение форменного обмундирования для ДП Карагандинской области,Полуботинки,870,19 419 635.40,Запрос ценовых предложений,Закупка состоялась
36281190-ОЛ-ОИ2,329911.300.010000,Рукавицы,14651540-1 Приобретение спецодежды и СИЗ для нужд производственных подразделений предприятия,Приобретение спецодежды и СИЗ для нужд производственных подразделений предприятия,17,17 459 620.00,Из одного источника по несостоявшимся закупкам,Закупка состоялась
78305100-ЗЦП1,143910.900.000008,Пуловер,14357909-1 Приобретение форменного обмундирования для ДП Карагандинской области,Пуловер,835,21 299 948.20,Запрос ценовых предложений,Закупка состоялась
74020507-ОК1,143910.900.000008,Пуловер,14192128-1 приобретение форменного обмундирования,Пуловер,600,15 321 426.00,Открытый конкурс,Закупка состоялась
77860394-ОК1,262040.000.000268,Блок системный,15734016-1 приобретение системных блоков,Блок системный,125,53 459 821.25,Открытый конкурс,Закупка состоялась
80124227-ОК1,262040.000.000268,Блок системный,15733945-1 приобретение системных блоков,Блок системный,125,53 459 821.25,Открытый конкурс,Закупка состоялась
80206079-АУК1,262040.000.000268,Блок системный,15428604-2 Об организации и проведении электронных государственных закупок блоков системных способом аукциона,Блок системный,50,47 122 200.00,Аукцион,Закупка состоялась
79167917-ЗЦП6,262040.000.000268,Блок системный,15414159-1 Приобретение системные блоки,Блок системный,77,23 044 999.67,Запрос ценовых предложений,Закупка состоялась
80159337-ОК1,262040.000.000268,Блок системный,15339725-2 Приобретение системного блока,Блок системный,168,37 499 952.00,Открытый конкурс,Закупка состоялась
74532155-ОК6,262040.000.000268,Блок системный,"14977629-1 Закуп ноутбуков, мониторов и системных блоков",Блок системный,45,19 935 000.00,Открытый конкурс,Закупка состоялась
78901330-ОК2,262040.000.000268,Блок системный,"14861046-1 Компьютерная техника для учебного процесса (168, 169, 170)",Блок системный,100,31 000 000.00,Открытый конкурс,Закупка состоялась
76773172-ОК1,262040.000.000268,Блок системный,14453687-2 Приобретение системных блоков для ЕУД,Блок системный,100,36 607 142.00,Открытый конкурс,Закупка состоялась
76772919-ОК1,262040.000.000268,Блок системный,14476760-2 Приобретение системных блоков,Блок системный,100,31 207 142.00,Открытый конкурс,Закупка состоялась
78006528-ЗЦП1,262040.000.000268,Блок системный,14280120-1 Блок системный - согласно технической спецификации,Блок системный,30,24 000 000.00,Запрос ценовых предложений,Закупка состоялась
71567750-ОК1,262040.000.000268,Блок системный,13807850-2 Системный блок для персонального компьютера,Блок системный,40,17 250 000.00,Открытый конкурс,Закупка состоялась
36315969-ОЛ-ЗЦП1,141230.110.000004,Жилет,"14640556-1 Халаты, рукавицы, жилеты","Халаты, рукавицы, жилеты",13,15 317 555.08,Запрос ценовых предложений,Закупка состоялась
36340768-ОЛ-ЗЦП1,141943.990.000019,Шапка-ушанка,"14650446-1 Комплект нательного белья, фартук ,шапка, носки","Комплект нательного белья, фартук ,шапка, носки",15,15 434 025.24,Запрос ценовых предложений,Закупка состоялась
80250849-ЗЦП1,141211.290.000021,Костюм,"15370966-1 Приобретение форменного обмундирования (Закупка осуществляется среди общественных объединений инвалидов Республики Казахстан и организаций, созданных общественными объединениями инвалидов Республики Казахстан)",Костюм,232,25 934 284.72,Запрос ценовых предложений,Закупка состоялась
35345877-ОЛ-ОК1,141211.290.000021,Костюм,"14268261-1 Костюм, куртка (20 лот) для ТОО ""Мангистауский атомный энергетический комбинат""","Костюм, куртка (20 лот)",20,38 363 477.00,Открытый конкурс,Закупка состоялась
72600365-ОК1,141211.290.000034,Костюм,13489700-1 Государственные закупки спецодежды на 2025 год,Костюм,767,21 476 000.00,Открытый конкурс,Закупка состоялась
36338477-ОЛ-ЗЦП1,152011.200.000002,Галоши,"14649553-1 Валенки, боты, сандалии, тапочки, сапоги, галоши","Валенки, боты, сандалии, тапочки, сапоги, галоши",15,16 610 963.20,Запрос ценовых предложений,Закупка состоялась
37129869-ОЛ-ЗЦП1,141332.170.000000,Костюм,14976552-1 Приобретение форменного обмундирования для сотрудников ДП Алматинской области,Приобретение форменного обмундирования для сотрудников ДП Алматинской области,18,78 530 020.38,Запрос ценовых предложений,Закупка состоялась
38018060-ОЛ-ЗЦП1,141424.290.000002,Майка,15375968-1 Приобретение мягкого инвентаря,Приобретение мягкого инвентаря,22,23 150 000.00,Запрос ценовых предложений,Закупка состоялась
35902707-ОЛ-ОК1,152032.920.000015,Ботинки,"14479197-1 Приобретение перчаток, ботинок для ТОО ""Мангистауский атомный энергетический комбинат""","перчатки, ботинки",4,32 641 920.00,Открытый конкурс,Закупка состоялась
74056966-ОИ2,262013.000.000011,Компьютер,"15808950-1 Приобретения компьютера в комплекте, согласно технической спецификации",Компьютер,47,27 276 785.58,Из одного источника по несостоявшимся закупкам,Закупка состоялась
81514607-ЗЦП1,262013.000.000011,Компьютер,15796282-1 Приобретение компьютеров в 2025 году (ВНИМАТЕЛЬНО ОЗНОКОМИТЬСЯ С ТЕХНИЧЕСКОЙ СПЕЦИФИКАЦИЕЙ),Компьютер,78,31 339 285.38,Запрос ценовых предложений,Закупка состоялась
72943913-ОК1,262013.000.000011,Компьютер,15746729-1 Государственные закупки для НАО «Казахский агротехнический исследовательский университет имени Сакена Сейфуллина» способом открытого конкурса,Компьютер,200,104 920 358.00,Открытый конкурс,Закупка состоялась
81035753-ОК1,262013.000.000011,Компьютер,"15735410-1 Государственные закупки для КГУ ""Общеобразовательная школа № 2 имени Ш.Канайулы"" отдела образования города Кентау управления образования Туркестанской области способом открытого конкурса",Компьютер,36,21 780 000.00,Открытый конкурс,Закупка состоялась
73867434-ЗЦП1,262013.000.000011,Компьютер,15726423-1 Государственные закупки моноблоков в соответствии с технической спецификацией,Компьютер,50,17 857 142.50,Запрос ценовых предложений,Закупка состоялась
76911130-ОК1,262013.000.000011,Компьютер,15689452-1 Компьютер для офиса,Компьютер,142,60 350 000.00,Открытый конкурс,Закупка состоялась
81030967-ЗЦП1,262013.000.000011,Компьютер,15684409-1 Компьютер в комплекте для графического дизайна,Компьютер,40,28 000 000.00,Запрос ценовых предложений,Закупка состоялась
80730782-ОК1,262013.000.000011,Компьютер,15634322-2 Государственные закупки компьютеров,Компьютер,25,29 492 500.00,Открытый конкурс,Закупка состоялась
80931871-ОК1,262013.000.000011,Компьютер,15665470-1 Государственные закупки компьютеров,Компьютер,30,15 000 000.00,Открытый конкурс,Закупка состоялась
80932769-ОК1,262013.000.000011,Компьютер,15665226-1 Государственные закупки компьютеров,Компьютер,40,17 857 142.80,Открытый конкурс,Закупка состоялась
80580557-ОК2,262013.000.000011,Компьютер,15664217-1 Приобретение компьютеров в комплекте для нужд ДП Актюбинской области.,Компьютер,80,31 428 571.20,Открытый конкурс,Закупка состоялась
76160157-ОК1,262013.000.000011,Компьютер,15615547-2 Приобретение ПЭВМ в комплекте,Компьютер,100,70 135 714.00,Открытый конкурс,Закупка состоялась
80423346-ЗЦП1,262013.000.000011,Компьютер,15581326-1 Приобретение моноблоков (компьютеров),Компьютер,45,18 000 000.00,Запрос ценовых предложений,Закупка состоялась
80490343-ОК1,262013.000.000011,Компьютер,15536572-2 Приобретен согласно техническим характеристикам,Компьютер,42,15 727 987.38,Открытый конкурс,Закупка состоялась
74504095-ОК3,262013.000.000011,Компьютер,15555322-1 Повторные государственные закупки рабочих станций,Компьютер,83,40 462 500.00,Открытый конкурс,Закупка состоялась
80594293-ЗЦП2,262013.000.000011,Компьютер,15553235-1 Компьютер в комплекте,Компьютер,28,15 400 000.00,Запрос ценовых предложений,Закупка состоялась
79957718-ОК2,262013.000.000011,Компьютер,"15525920-1 Приобретение компьютера в комплекте для ГУ ""Управление цифровых технологий Мангистауской области""",Компьютер,55,28 678 650.00,Открытый конкурс,Закупка состоялась
77960074-ОК1,262013.000.000011,Компьютер,"15507488-1 Государственная закупка для КГКП ""Атырауский политехнический высший колледж имени Саламата Мукашева"" Управления образования Атырауской области""",Компьютер,27,29 700 000.00,Открытый конкурс,Закупка состоялась
80534683-ОК1,262013.000.000011,Компьютер,15503591-2 Пиобретение моноблоков в комплекте (8 гб),Компьютер,120,54 289 320.00,Открытый конкурс,Закупка состоялась
80534694-ОК1,262013.000.000011,Компьютер,15503564-2 Пиобретение моноблоков в комплекте (16 гб),Компьютер,120,56 432 160.00,Открытый конкурс,Закупка состоялась
80534733-ОК1,262013.000.000011,Компьютер,15503514-2 Приобретение моноблоков в комплекте,Компьютер,70,36 906 240.00,Открытый конкурс,Закупка состоялась
74417816-ОК5,262013.000.000011,Компьютер,15473661-1 Приобретение компьютера для ДП Кызылординской области,Компьютер,50,23 391 428.00,Открытый конкурс,Закупка состоялась
80277988-ОК1,262013.000.000011,Компьютер,15462766-1 Приобретение компьютеров (моноблок) для школ Алматинский области,Компьютер,78,41 785 713.84,Открытый конкурс,Закупка состоялась
73014970-ОК1,262013.000.000011,Компьютер,15451229-1 Государственные закупки для НАО «Казахский национальный женский педагогический университет» способом открытого конкурса,Компьютер,900,800 517 861.00,Открытый конкурс,Закупка состоялась
80145277-ОК1,262013.000.000011,Компьютер,15428888-1 Государственные закупки для НАО «Государственная корпорация «Правительство для граждан» способом открытого конкурса,Компьютер,1464,802 585 720.56,Открытый конкурс,Закупка состоялась
80146465-ОК1,262013.000.000011,Компьютер,15428804-1 Государственные закупки для НАО «Государственная корпорация «Правительство для граждан» способом открытого конкурса,Компьютер,260,200 633 334.20,Открытый конкурс,Закупка состоялась
80263139-ОИ2,262013.000.000011,Компьютер,"15414011-1 приобретение компьютера в комплекте (мышка компьютерная, клавиатура, колонки, веб камера) , с доставкой. и подключением.",Компьютер,68,17 000 000.00,Из одного источника по несостоявшимся закупкам,Закупка состоялась
78859358-ОК1,262013.000.000011,Компьютер,"15324792-3 Государственные закупки для КГУ ""Центр трудовой мобильности"" управления координации занятости и социальных программ Туркестанской области способом открытого конкурса",Компьютер,200,80 998 214.00,Открытый конкурс,Закупка состоялась
80219341-ОК1,262013.000.000011,Компьютер,"15370027-2 Государственные закупки для ГУ ""Управление по государственным закупкам и коммунальной собственности Атырауской области""",Компьютер,23,46 677 678.67,Открытый конкурс,Закупка состоялась
79838304-ОК1,262013.000.000011,Компьютер,15363331-2 Государственные закупки для РГУ «Бюро национальной статистики Агентства по стратегическому планированию и реформам Республики Казахстан» способом открытого конкурса,Компьютер,480,219 291 067.20,Открытый конкурс,Закупка состоялась
80204448-ЗЦП2,262013.000.000011,Компьютер,15387700-1 Закуп Компьютер согласно технической спецификации/ Техникалық сипаттамаларға сәйкес компьютер сатып алу,Компьютер,50,19 000 000.00,Запрос ценовых предложений,Закупка состоялась
74612220-ОК2,262013.000.000011,Компьютер,15358866-1 Приобретение - моноблока,Компьютер,50,24 899 000.00,Открытый конкурс,Закупка состоялась
80094465-ОК1,262013.000.000011,Компьютер,15301784-2 Моноблок 5/24 FHD/CORE I513420H/16GB/512GB NOS,Компьютер,50,23 495 000.00,Открытый конкурс,Закупка состоялась
76280080-ОК2,262013.000.000011,Компьютер,15332259-1 Компьютер в комплекте с защитой от кражи,Компьютер,150,37 500 000.00,Открытый конкурс,Закупка состоялась
77419773-ОК4,262013.000.000011,Компьютер,"15276843-1 Компьютеры в комплекте (монитор, мышь, клавиатура Windows)",Компьютер,60,71 100 000.00,Открытый конкурс,Закупка состоялась
74764798-ЗЦП1,262013.000.000011,Компьютер,15275902-1 Моноблок (для ДИТ),Компьютер,50,25 000 000.00,Запрос ценовых предложений,Закупка состоялась
75705509-ОК2,262013.000.000011,Компьютер,15269962-1 Компьютер (моноблок) в комплекте согласно тех спец,Компьютер,46,18 400 000.00,Открытый конкурс,Закупка состоялась
76160854-ОК3,262013.000.000011,Компьютер,15267075-1 Приобретение ПЭВМ в комплекте,Компьютер,30,21 160 714.20,Открытый конкурс,Закупка состоялась
79101201-ОК3,262013.000.000011,Компьютер,"15221908-2 Государственная закупка для КГУ ""Центр трудовой мобильности"" управления координации занятости и социальных программ Кызылординской области""",Компьютер,87,36 105 000.00,Открытый конкурс,Закупка состоялась
79704376-ОК1,262013.000.000011,Компьютер,15239940-2 О проведении электронного конкурса по государственным закупкам персонального компьютера в комплекте для ДП г.Астаны,Компьютер,39,20 119 821.15,Открытый конкурс,Закупка состоялась
74846290-ОК2,262013.000.000011,Компьютер,15242931-1 компьютер в комплекте,Компьютер,50,23 861 607.00,Открытый конкурс,Закупка состоялась
74093120-ОК3,262013.000.000011,Компьютер,15193627-2 Мультимедийная станция НАО МУС,Компьютер,100,60 000 000.00,Открытый конкурс,Закупка состоялась
74210967-ОК3,262013.000.000011,Компьютер,15208859-1 приобретение компьютеров для е-УД,Компьютер,100,62 857 143.00,Открытый конкурс,Закупка состоялась
77748526-ОК1,262013.000.000011,Компьютер,15194900-1 Государственные закупки для НАО «Таразский университет имени М.Х. Дулати» способом открытого конкурса,Компьютер,519,189 999 672.00,Открытый конкурс,Закупка состоялась
79574458-ОК1,262013.000.000011,Компьютер,15147285-2 моноблок в комплекте,Компьютер,75,33 415 178.25,Открытый конкурс,Закупка состоялась
75570195-ОК6,262013.000.000011,Компьютер,15142965-1 Приобретение персональных компьютеров,Компьютер,50,31 696 428.50,Открытый конкурс,Закупка состоялась
71763862-ОК1,262013.000.000011,Компьютер,15105601-2 Персональный компьютер в комплекте (согласно технической спецификаций),Компьютер,137,92 093 749.55,Открытый конкурс,Закупка состоялась
77705078-ОК5,262013.000.000011,Компьютер,15134695-1 Повторные государственные закупки способом конкурса компьютеров для нужд ВС РК на 2025 год,Компьютер,80,32 000 000.00,Открытый конкурс,Закупка состоялась
77954499-ОК1,262013.000.000011,Компьютер,15130505-1 Приобретение компьютеров в сборе для АО «Астана-Энергия»,Компьютер,130,58 035 714.10,Открытый конкурс,Закупка состоялась
79693948-ОК1,262013.000.000011,Компьютер,"15108345-1 Государственная закупка для КГКП ""Кызылординский технический - IT высший колледж имени Мустахыма Иксанова"" управления образования Кызылординской области""",Компьютер,30,15 535 714.20,Открытый конкурс,Закупка состоялась
79569981-ОК1,262013.000.000011,Компьютер,15097468-1 Компьютер для РГП Казводхоз,Компьютер,70,52 430 000.00,Открытый конкурс,Закупка состоялась
79569934-ОК1,262013.000.000011,Компьютер,15097340-1 Компьютер для РГП Казводхоз,Компьютер,20,17 068 000.00,Открытый конкурс,Закупка состоялась
79664562-ОК1,262013.000.000011,Компьютер,15096928-1 Компьютер для РГП Казводхоз,Компьютер,50,25 680 000.00,Открытый конкурс,Закупка состоялась
74634514-ОК1,262013.000.000011,Компьютер,15091756-1 Государственная закупка товара для ГУ «Министерство национальной экономики Республики Казахстан» способом открытого конкурса,Компьютер,200,113 250 446.00,Открытый конкурс,Закупка состоялась
73581831-ОК1,262013.000.000011,Компьютер,15082008-1 Государственная закупка товара для НАО «Кызылординский университет имени Коркыт Ата» способом открытого конкурса,Компьютер,415,192 070 300.00,Открытый конкурс,Закупка состоялась
76414517-ЗЦП1,262013.000.000011,Компьютер,15080990-1 Приобретение моноблока в комплекте,Компьютер,38,17 405 356.98,Запрос ценовых предложений,Закупка состоялась
79343817-ЗЦП6,262013.000.000011,Компьютер,15076140-1 Компьютер в комплекте,Компьютер,100,31 250 000.00,Запрос ценовых предложений,Закупка состоялась
73136170-ОК2,262013.000.000011,Компьютер,15070757-1 Повторная государственная закупка товара для Министерство финансов Республики Казахстан,Компьютер,144,84 232 647.36,Открытый конкурс,Закупка состоялась
73429039-ОК2,262013.000.000011,Компьютер,15041180-1 Приобретение ноутбуков и компьютеров для КРЕМ МНЭ РК и его территориальных департаментов,Компьютер,40,15 178 571.60,Открытый конкурс,Закупка состоялась
73290411-ОК2,262013.000.000011,Компьютер,15038819-1 Государственные закупки товара для РГП на ПХВ «Государственная вневедомственная экспертиза проектов» Комитета по делам строительства и жилищно-коммунального хозяйства Министерства промышленности и строительства Республики Казахстан (РГП «Госэкспертиза») способом открытого конкурса,Компьютер,122,231 800 000.00,Открытый конкурс,Закупка состоялась
74515667-ОК1,262013.000.000011,Компьютер,15030880-1 Рабочая станция ДП Карагандинской области,Компьютер,100,52 946 428.00,Открытый конкурс,Закупка состоялась
78031757-ОК1,262013.000.000011,Компьютер,15028550-1 Государственная закупка товара для ГУ «Департамент полиции области Ұлытау Министерства внутренних дел Республики Казахстан» способом открытого конкурса,Компьютер,140,91 968 749.60,Открытый конкурс,Закупка состоялась
79225731-ОК1,262013.000.000011,Компьютер,14973085-2 Государственные закупки персональных компьютеров,Компьютер,129,61 919 484.00,Открытый конкурс,Закупка состоялась
78859251-ОК2,262013.000.000011,Компьютер,"15012247-1 Компьютеры для ТОО ""Карагады Су""",Компьютер,46,28 832 142.66,Открытый конкурс,Закупка состоялась
78070383-ЗЦП1,262013.000.000011,Компьютер,"15009760-1 Приобретение машин, оборудования, инструментов, производственного и хозяйственного инвентар",Компьютер,55,27 008 905.00,Запрос ценовых предложений,Закупка состоялась
75159277-ОК2,262013.000.000011,Компьютер,14980569-2 приобретение персональных компьютеров//,Компьютер,60,23 214 285.60,Открытый конкурс,Закупка состоялась
78007752-ОИ2,262013.000.000011,Компьютер,15003234-1 Приобретение товаров согласно технической спецификации,Компьютер,75,19 875 000.00,Из одного источника по несостоявшимся закупкам,Закупка состоялась
77575201-ОК3,262013.000.000011,Компьютер,15000765-1 Приобретение компьютеров и моноблоков,Компьютер,28,15 832 040.00,Открытый конкурс,Закупка состоялась
75082433-ОК3,262013.000.000011,Компьютер,14907821-2 Приобретение компьютера (моноблок),Компьютер,50,19 000 000.00,Открытый конкурс,Закупка состоялась
72271661-АУК3,262013.000.000011,Компьютер,"14960472-1 Закупка для ТОО ""Алматыэлектротранс""",Компьютер,90,43 650 000.00,Аукцион,Закупка состоялась
74795031-ОИ2,262013.000.000011,Компьютер,14966166-1 Приобретение моноблоков для Предприятия,Компьютер,46,20 741 071.56,Из одного источника по несостоявшимся закупкам,Закупка состоялась
75808517-ОК2,262013.000.000011,Компьютер,14938673-2 Моноблок (согласно технической спецификации),Компьютер,85,43 372 768.10,Открытый конкурс,Закупка состоялась
75013765-ЗЦП1,262013.000.000011,Компьютер,14964921-1 Государственные закупки компьютеров,Компьютер,40,19 440 000.00,Запрос ценовых предложений,Закупка состоялась
78982698-ОК1,262013.000.000011,Компьютер,14893255-2 Государственные закупки (ЕУД),Компьютер,100,40 950 000.00,Открытый конкурс,Закупка состоялась
75080773-ОК2,262013.000.000011,Компьютер,"14956406-1 Закуп товаров, согласно технической спецификации",Компьютер,50,27 550 000.00,Открытый конкурс,Закупка состоялась
77595589-ОК3,262013.000.000011,Компьютер,14954051-1 Приобретение моноблока СТРОГО ПО ТЕХНИЧЕСКОЙ СПЕЦИФИКАЦИИ,Компьютер,50,20 089 285.50,Открытый конкурс,Закупка состоялась
78278217-ОК2,262013.000.000011,Компьютер,14941500-1 О проведении повторной государственной закупки товара для ГУ «Департамент полиции города Шымкент Министерства внутренних дел Республики Казахстан» способом конкурса,Компьютер,400,163 571 428.00,Открытый конкурс,Закупка состоялась
78870388-ОТ1,262013.000.000011,Компьютер,14864370-2 Закуп компьютера (в комплекте),Компьютер,65,26 000 000.00,Тендер,Закупка состоялась
78234211-ОК2,262013.000.000011,Компьютер,"14904075-2 Приобретение моноблоков и компьютеров в комплекте, КГУ «Специализированная школа-лицей-интернат имени Н.Нурмакова»",Компьютер,30,16 071 428.40,Открытый конкурс,Закупка состоялась
74063515-ОК2,262013.000.000011,Компьютер,14928405-1 Компьютер в комплекте,Компьютер,50,20 982 143.00,Открытый конкурс,Закупка состоялась
73460267-ОК1,262013.000.000011,Компьютер,14927383-1 Приобретение компьютерной техники,Компьютер,44,25 535 675.00,Открытый конкурс,Закупка состоялась
74485911-ОК2,262013.000.000011,Компьютер,14878326-2 Приобретение компьютера в комплекте в рамках цифровизации и автоматизации КУИС МВД РК,Компьютер,200,57 248 400.00,Открытый конкурс,Закупка состоялась
79313798-ОК1,262013.000.000011,Компьютер,14891593-1 Моноблок в комплекте,Компьютер,80,39 920 000.00,Открытый конкурс,Закупка состоялась
74764798-ЗЦП2,262013.000.000011,Компьютер,14874252-1 Закуп моноблоков (для ДИТ),Компьютер,50,25 000 000.00,Запрос ценовых предложений,Закупка состоялась
76226068-ОК1,262013.000.000011,Компьютер,"14855111-1 Государственная закупка для ГУ ""Управление образования Атырауской области""",Компьютер,500,223 214 285.00,Открытый конкурс,Закупка состоялась
79127970-ЗЦП2,262013.000.000011,Компьютер,"14853121-1 Компьютер офисный в комплекте, 60 штук согласно технической спецификации",Компьютер,60,18 750 000.00,Запрос ценовых предложений,Закупка состоялась
74627917-ОК5,262013.000.000011,Компьютер,14824499-1 Персональные компьютеры в комплекте (сис.адм 11934),Компьютер,100,63 552 900.00,Открытый конкурс,Закупка состоялась
73787747-ОК2,262013.000.000011,Компьютер,14821359-1 Приобретен согласно техническим характеристикам,Компьютер,140,75 524 250.20,Открытый конкурс,Закупка состоялась
78688406-ОК2,262013.000.000011,Компьютер,14821124-1 Приобретение согласно техническим характеристикам,Компьютер,30,25 515 241.20,Открытый конкурс,Закупка состоялась
73787910-ОК2,262013.000.000011,Компьютер,14819882-1 Приобретение согласно техническим характеристикам,Компьютер,90,47 552 062.50,Открытый конкурс,Закупка состоялась
78358947-ОИ2,262013.000.000011,Компьютер,14817285-1 компьютер офисный универсальный,Компьютер,40,19 642 840.00,Из одного источника по несостоявшимся закупкам,Закупка состоялась
79047051-ОИ3,262013.000.000011,Компьютер,14801313-1 ЭГЗ способом запроса ценовых предложений/компьютер,Компьютер,120,24 816 964.80,Из одного источника по несостоявшимся закупкам,Закупка состоялась
77938586-ОИ3,262013.000.000011,Компьютер,14750061-1 Приобретение компьютеров в комплекте согласно технической спецификацией заказчика.,Компьютер,80,21 762 411.20,Из одного источника по несостоявшимся закупкам,Закупка состоялась
74120558-ОК4,262013.000.000011,Компьютер,14731438-1 закуп моноблоков для университета,Компьютер,75,31 138 392.75,Открытый конкурс,Закупка состоялась
78871126-ЗЦП2,262013.000.000011,Компьютер,14705164-1 Дербес компьютер жиынтықта,Компьютер,50,20 475 000.00,Запрос ценовых предложений,Закупка состоялась
78315981-ЗЦП3,262013.000.000011,Компьютер,14675481-1 Приобретение основных средств,Компьютер,50,24 553 571.50,Запрос ценовых предложений,Закупка состоялась
77882552-ОИ3,262013.000.000011,Компьютер,14639351-1 Приобретение компьютера в сборе,Компьютер,50,24 553 550.00,Из одного источника по несостоявшимся закупкам,Закупка состоялась
78094592-ОИ3,262013.000.000011,Компьютер,14624609-1 Приобретение персональных компьютеров,Компьютер,40,19 642 856.80,Из одного источника по несостоявшимся закупкам,Закупка состоялась
77404163-ОИ4,262013.000.000011,Компьютер,14624598-1 Приобретение персональных компьютеров,Компьютер,40,19 642 857.20,Из одного источника по несостоявшимся закупкам,Закупка состоялась
78061866-ОК1,262013.000.000011,Компьютер,14557929-2 Компьютеры для офиса,Компьютер,165,70 125 000.00,Открытый конкурс,Закупка состоялась
74179225-ОИ2,262013.000.000011,Компьютер,14611500-1 Приобретение товара - Компьютер,Компьютер,60,20 076 000.00,Из одного источника по несостоявшимся закупкам,Закупка состоялась
73012333-ОК1,262013.000.000011,Компьютер,14534746-2 Үстел компьютерлерін сатып алу,Компьютер,100,33 934 821.00,Открытый конкурс,Закупка состоялась
74323711-ОК1,262013.000.000011,Компьютер,"14538374-2 Государственная закупка для КГП на праве хозяйственного ведения ""Шиелийская многопрофильная центральная районная больница"" управления здравоохранения Кызылординской области""",Компьютер,49,15 680 000.00,Открытый конкурс,Закупка состоялась
71881911-ОК1,262013.000.000011,Компьютер,14536471-2 Государственная закупка товара для РГУ «Войсковая часть 65235» Министерства обороны Республики Казахстан способом открытого конкурса,Компьютер,273,134 062 497.66,Открытый конкурс,Закупка состоялась
73420118-ОК1,262013.000.000011,Компьютер,14539176-2 Компьютер в комплекте,Компьютер,180,55 800 000.00,Открытый конкурс,Закупка состоялась
78247239-ЗЦП2,262013.000.000011,Компьютер,14571964-1 Компьютер офисный (универсальный) в полном комплекте,Компьютер,50,24 553 571.00,Запрос ценовых предложений,Закупка состоялась
77294667-ОК1,262013.000.000011,Компьютер,14558029-1 Приобретение компьютера в комплекте для вспомогательных служб,Компьютер,50,22 321 428.50,Открытый конкурс,Закупка состоялась
75700711-ОК1,262013.000.000011,Компьютер,14501472-2 Моноблок в комплекте с клавиатурой и мышкой,Компьютер,30,20 880 000.00,Открытый конкурс,Закупка состоялась
78394304-ОК1,262013.000.000011,Компьютер,14545859-1 Приобретение компьютеров в комплекте для КМФК и территориальных департаментов КМФК,Компьютер,49,16 628 106.39,Открытый конкурс,Закупка состоялась
78383354-ЗЦП1,262013.000.000011,Компьютер,14512784-1 Приобретение персональных компьютеров в комплекте согласно технической спецификации,Компьютер,40,19 622 535.60,Запрос ценовых предложений,Закупка состоялась
78530472-ОК1,262013.000.000011,Компьютер,"14510386-1 Компьютер в комплекте для КГУ ""Специализированная школа-лицей-интернат имени Жамбыла"" управления образования Карагандинской области",Компьютер,100,26 785 714.00,Открытый конкурс,Закупка состоялась
74318037-ОК1,262013.000.000011,Компьютер,14499662-1 Приобретение компьютеров в комплекте,Компьютер,34,17 003 035.86,Открытый конкурс,Закупка состоялась
78087864-ОК1,262013.000.000011,Компьютер,14414244-2 Приобретение компьютеров в комплекте для Мунайлинская районная больница,Компьютер,73,41 610 000.00,Открытый конкурс,Закупка состоялась
77958700-ОИ2,262013.000.000011,Компьютер,"14420149-1 Моноблок, г. Астана",Компьютер,80,28 213 571.20,Из одного источника по несостоявшимся закупкам,Закупка состоялась
72318241-ОК1,262013.000.000011,Компьютер,14418700-1 Государственная закупка товара для РГУ «Министерство финансов Республики Казахстан» способом открытого конкурса,Компьютер,1061,528 350 891.45,Открытый конкурс,Закупка состоялась
75080773-ОК1,262013.000.000011,Компьютер,"14285390-2 Закуп товаров, согласно технической спецификации",Компьютер,50,27 550 000.00,Открытый конкурс,Закупка состоялась
74920372-ОК1,262013.000.000011,Компьютер,"14358890-2 Компьютеры в комплекте для КГУ ""Специализированная школа-лицей-интернат ""Информационных технологий"" управления образования Карагандинской области",Компьютер,50,26 785 710.00,Открытый конкурс,Закупка состоялась
74853795-ОК1,262013.000.000011,Компьютер,"14331783-2 Приобретение компьютер в комплекте. КГУ ""Специализированная школа-лицей-интернат"" Дарын""",Компьютер,50,18 973 214.00,Открытый конкурс,Закупка состоялась
76414517-ОК1,262013.000.000011,Компьютер,"14317692-3 Приобретение моноблока для ГУ ""Аппарат акима Зерендинского района""",Компьютер,38,17 405 356.98,Открытый конкурс,Закупка состоялась
77938586-ЗЦП1,262013.000.000011,Компьютер,14339904-1 Тапсырыс берушінің техникалық сипаттамасына сәйкес компьютерлерді жиынтықта сатып алу.,Компьютер,80,24 373 900.80,Запрос ценовых предложений,Закупка состоялась
77974774-ЗЦП3,262013.000.000011,Компьютер,14332369-1 Компьютер офисный (универсальный),Компьютер,40,17 857 142.80,Запрос ценовых предложений,Закупка состоялась
78057251-ОК1,262013.000.000011,Компьютер,14325954-1 Приобретение компьютеров в комплекте для КГУ «Отдел образования Айыртауского района» КГУ «Управление образования акимата Северо-Казахстанской области»,Компьютер,100,25 535 700.00,Открытый конкурс,Закупка состоялась
78008198-ОИ2,262013.000.000011,Компьютер,"14292254-1 Приобретение машин, оборудования, инструментов, производственного и хозяйственного инвентаря",Компьютер,40,19 642 857.20,Из одного источника по несостоявшимся закупкам,Закупка состоялась
77931479-ЗЦП3,262013.000.000011,Компьютер,14278666-1 Приобретение компьютеров в комплекте,Компьютер,34,16 696 428.28,Запрос ценовых предложений,Закупка состоялась
74612220-ОК1,262013.000.000011,Компьютер,14217368-2 Приобретение настольных моноблоков,Компьютер,50,24 899 000.00,Открытый конкурс,Закупка состоялась
78062111-ЗЦП2,262013.000.000011,Компьютер,14261831-1 Компьютер офисный (универсальный) в полном комплекте.,Компьютер,40,19 642 840.00,Запрос ценовых предложений,Закупка состоялась
77024170-ОК1,262013.000.000011,Компьютер,14254778-1 Государственные закупки для АО «Казтелерадио» способом открытого конкурса,Компьютер,200,87 500 000.00,Открытый конкурс,Закупка состоялась
78070383-ОИ2,262013.000.000011,Компьютер,"14251777-1 Приобретение машин, оборудования, инструментов, производственного и хозяйственного инвентаря",Компьютер,55,27 008 905.00,Из одного источника по несостоявшимся закупкам,Закупка состоялась
77952989-ЗЦП2,262013.000.000011,Компьютер,14238383-1 Компьютер офисный (универсальный)/,Компьютер,30,16 500 000.00,Запрос ценовых предложений,Закупка состоялась
78093531-ЗЦП1,262013.000.000011,Компьютер,14237953-1 приобретение компьютеров с комплектующими,Компьютер,50,19 419 643.00,Запрос ценовых предложений,Закупка состоялась
77835838-ЗЦП2,262013.000.000011,Компьютер,14223048-1 Приобретение компьютера в комплекте,Компьютер,50,24 553 571.00,Запрос ценовых предложений,Закупка состоялась
77908198-ЗЦП2,262013.000.000011,Компьютер,14212861-1 компьютеры в комплекте,Компьютер,50,24 200 000.00,Запрос ценовых предложений,Закупка состоялась
77959480-ОК1,262013.000.000011,Компьютер,14210751-1 Государственные закупки компьютеров,Компьютер,70,30 625 000.00,Открытый конкурс,Закупка состоялась
78038349-ЗЦП1,262013.000.000011,Компьютер,14209460-1 Компьютерлерді сатып алу/Приобретение компьютеров,Компьютер,45,22 098 214.35,Запрос ценовых предложений,Закупка состоялась
74462791-ОК1,262013.000.000011,Компьютер,14099681-2 Компьютер офисный (универсальный),Компьютер,40,23 571 428.40,Открытый конкурс,Закупка состоялась
75118180-ОК2,262013.000.000011,Компьютер,14182342-1 Приобретение компьютер в комплекте для ДП области Ұлытау,Компьютер,94,65 692 571.16,Открытый конкурс,Закупка состоялась
74417816-ОК2,262013.000.000011,Компьютер,14178569-1 Приобретение компьютера для ДП Кызылординской области,Компьютер,50,23 391 428.00,Открытый конкурс,Закупка состоялась
77867691-ЗЦП2,262013.000.000011,Компьютер,14172421-1 Компьютер офисный (универсальный),Компьютер,40,19 640 000.00,Запрос ценовых предложений,Закупка состоялась
77961989-ЗЦП1,262013.000.000011,Компьютер,14167402-1 Приобритение офисных компьютеров,Компьютер,40,19 642 857.20,Запрос ценовых предложений,Закупка состоялась
77877002-ЗЦП1,262013.000.000011,Компьютер,14166301-1 Приобретение офисного (универсальный) компьютера (согласно технической спецификации),Компьютер,55,27 008 928.10,Запрос ценовых предложений,Закупка состоялась
77949655-ЗЦП1,262013.000.000011,Компьютер,14161034-1 Приобретение компьютеров офисных (универсальных) согласно технической спецификации Заказчика,Компьютер,50,24 553 550.00,Запрос ценовых предложений,Закупка состоялась
77918723-ОК1,262013.000.000011,Компьютер,14157639-1 Приобретение компьютерной техники,Компьютер,50,24 450 000.00,Открытый конкурс,Закупка состоялась
77885757-ЗЦП1,262013.000.000011,Компьютер,14149683-1 Приобретение компьютера для нужд Вооруженных Сил Республики Казахстан.,Компьютер,50,24 200 000.00,Запрос ценовых предложений,Закупка состоялась
74924350-ОК1,262013.000.000011,Компьютер,13952895-3 Компьютер в комплекте,Компьютер,200,66 842 858.00,Открытый конкурс,Закупка состоялась
77908425-ЗЦП1,262013.000.000011,Компьютер,"14137556-1 Компьютер в комплекте: Монитор, системный блок, клавиатура, мышка. web-камера",Компьютер,50,24 553 550.00,Запрос ценовых предложений,Закупка состоялась
34972256-ОЛ-ЗЦП1,262013.000.000011,Компьютер,14126147-1 Приобретение моноблоков и компьютеров в комплекте,Приобретение моноблоков и компьютеров в комплекте,2,18 849 500.00,Запрос ценовых предложений,Закупка состоялась
77317574-ОК1,262013.000.000011,Компьютер,14012971-2 Государственные закупки для ГККП «Колледж №12» управления образования Туркестанской области способом открытого конкурса,Компьютер,87,47 480 173.44,Открытый конкурс,Закупка состоялась
77848438-ЗЦП1,262013.000.000011,Компьютер,14106591-1 Компьютеры в комплекте,Компьютер,40,19 360 000.00,Запрос ценовых предложений,Закупка состоялась
74837276-ОК1,262013.000.000011,Компьютер,14006135-2 Государственная закупка товара для ГУ «Департамент полиции Кызылординской области Министерства внутренних дел Республики Казахстан» способом открытого конкурса,Компьютер,382,170 535 713.74,Открытый конкурс,Закупка состоялась
74546134-ОК1,262013.000.000011,Компьютер,14072823-1 Приобретение компьютеров в комплекте,Компьютер,41,18 669 642.74,Открытый конкурс,Закупка состоялась
76280080-ОК1,262013.000.000011,Компьютер,13998909-2 компьютер в комплекте с защитой от кражи,Компьютер,150,37 500 000.00,Открытый конкурс,Закупка состоялась
74600088-ОК1,262013.000.000011,Компьютер,"13856126-3 Государственная закупка для КГУ ""Центр мобилизации и оперативных работ"" управления по мобилизационной подготовке Кызылординской области""",Компьютер,65,34 821 428.20,Открытый конкурс,Закупка состоялась
73840629-ОК1,262013.000.000011,Компьютер,13903241-1 Приобретение товаро-материальных ценностей УИС,Компьютер,140,43 750 000.00,Открытый конкурс,Закупка состоялась
76077713-ОК1,262013.000.000011,Компьютер,13843511-2 Товары для ОИТ,Компьютер,30,16 200 000.00,Открытый конкурс,Закупка состоялась
77014775-ОИ2,262013.000.000011,Компьютер,13829916-1 Товары для центра,Компьютер,89,31 150 000.00,Из одного источника по несостоявшимся закупкам,Закупка состоялась
77229840-ОК1,262013.000.000011,Компьютер,"13813904-1 Персональный компьютер в сборе (системный блок, монитор, мышь, клавиатура) (Б)",Компьютер,62,21 751 832.00,Открытый конкурс,Закупка состоялась
74786134-ОК1,262013.000.000011,Компьютер,13783654-1 Государственные закупки оборудования,Компьютер,140,77 000 000.00,Открытый конкурс,Закупка состоялась
75065309-АУК1,262013.000.000011,Компьютер,13735902-1 Компьютер в комплекте,Компьютер,295,73 782 898.40,Аукцион,Закупка состоялась
76856385-ОК1,262013.000.000011,Компьютер,13686354-1 Приобретение персональных компьютеров,Компьютер,32,15 571 428.48,Открытый конкурс,Закупка состоялась
72980452-КПКО1,262013.000.000011,Компьютер,"13428730-2 Приобретение компьютеров в комплекте для ГУ ""Аппарат акима города Экибастуза""",Компьютер,80,22 142 143.20,Конкурс с предварительным квалификационным отбором,Закупка состоялась
72846014-КПКО1,262013.000.000011,Компьютер,"13418242-1 Государственная закупка для КГП на праве хозяйственного ведения ""Областной перинатальный центр"" управления здравоохранения Кызылординской области""",Компьютер,50,21 500 000.00,Конкурс с предварительным квалификационным отбором,Закупка состоялась
71871639-КПКО1,262013.000.000011,Компьютер,13386426-1 «Қазақстан Республикасының Ұлттық ұлан Бас қолбасшылығы» РММ үшін біліктілікті алдын ала іріктеумен жүргізілетін конкурс тәсілімен тауарды мемлекеттік сатып алу,Компьютер,224,77 999 998.72,Конкурс с предварительным квалификационным отбором,Закупка состоялась
72183895-КПКО1,262013.000.000011,Компьютер,13337335-2 Приобретение компьютера в комплекте,Компьютер,50,19 151 785.50,Конкурс с предварительным квалификационным отбором,Закупка состоялась
71921900-КПКО1,262013.000.000011,Компьютер,13357688-1 Государственная закупка компьютеров на 2024 год,Компьютер,171,102 771 000.00,Конкурс с предварительным квалификационным отбором,Закупка состоялась
71611699-КПКО1,262013.000.000011,Компьютер,13182660-1 Приобретение компьютеров в комплекте,Компьютер,60,31 212 589.20,Конкурс с предварительным квалификационным отбором,Закупка состоялась
68746792-ОК2,262013.000.000011,Компьютер,"12843241-1 Компьютеры для АО ""КазНИИОР""",Компьютер,59,29 500 000.00,Открытый конкурс,Закупка состоялась
34165569-ОЛ-ОИ2,152032.990.000011,Туфли,13833167-1 Приобретение форменного обмундирования (обувь),Приобретение форменного обмундирования (обувь),6,15 207 401.82,Из одного источника по несостоявшимся закупкам,Закупка состоялась
35345877-ОЛ-ОК1,141211.290.000005,Костюм,"14268261-1 Костюм, куртка (20 лот) для ТОО ""Мангистауский атомный энергетический комбинат""","Костюм, куртка (20 лот)",20,38 363 477.00,Открытый конкурс,Закупка состоялась
37288963-ОЛ-ЗЦП1,139224.992.000000,Подушка,15045805-1 Государственные закупки согласно c технической спецификацией,Государственные закупки согласно c технической спецификацией,4,17 835 000.00,Запрос ценовых предложений,Закупка состоялась
34987920-ОЛ-ЗЦП1,139224.992.000000,Подушка,"14131778-1 Приобретение постельных принадлежностей (комплект постельного белья, подушки, наматрасник, покрывало)","Приобретение постельных принадлежностей (комплект постельного белья, подушки, наматрасники, покрывала)",4,29 400 000.00,Запрос ценовых предложений,Закупка состоялась
75833277-ОК1,139224.992.000000,Подушка,13809336-1 Приобретение постельные принадлежности,Подушка,20000,128 571 400.00,Открытый конкурс,Закупка состоялась
34018262-ОЛ-ЗЦП1,139224.992.000000,Подушка,13732035-1 Приобретение постельных принадлежностей согласно технической характеристике,Приобретение постельных принадлежностей согласно технической характеристике,7,25 406 397.00,Запрос ценовых предложений,Закупка состоялась
35345877-ОЛ-ОК1,141211.290.000001,Костюм,"14268261-1 Костюм, куртка (20 лот) для ТОО ""Мангистауский атомный энергетический комбинат""","Костюм, куртка (20 лот)",20,38 363 477.00,Открытый конкурс,Закупка состоялась
73705633-ОК5,141211.290.000018,Костюм,"14640016-1 Повторная государственная закупка товара ""Защитные костюмы класса А с возможностью голосового общения спасателей в комплекте с дыхательным аппаратом на сжатом воздухе"" согласно технической спецификации.",Костюм,3,20 089 287.00,Открытый конкурс,Закупка состоялась
76881220-ОК1,141221.290.000019,Костюм,14120515-1 +77172-777-383. Форменная одежда для сотрудников ПД САБ,Костюм,660,47 758 260.00,Открытый конкурс,Закупка состоялась
36315969-ОЛ-ЗЦП1,141230.100.000020,Фартук,"14640556-1 Халаты, рукавицы, жилеты","Халаты, рукавицы, жилеты",13,15 317 555.08,Запрос ценовых предложений,Закупка состоялась
38018060-ОЛ-ЗЦП1,141922.190.000001,Костюм,15375968-1 Приобретение мягкого инвентаря,Приобретение мягкого инвентаря,22,23 150 000.00,Запрос ценовых предложений,Закупка состоялась
77663205-ЗЦП1,141922.190.000001,Костюм,15090677-1 Костюм спортивный парадный (костюм и брюки),Костюм,468,31 455 997.56,Запрос ценовых предложений,Закупка состоялась
77663003-ЗЦП1,141922.190.000009,Костюм,"15090935-1 Костюм спортивный тренировочный (костюм, брюки)",Костюм,468,27 160 712.28,Запрос ценовых предложений,Закупка состоялась
77495940-ОК1,141922.190.000009,Костюм,14635011-1 Спортивная форма в комплекте,Костюм,150,18 000 000.00,Открытый конкурс,Закупка состоялась
77664313-ЗЦП1,141922.190.000027,Футболка,15090879-1 Приобретение футболки спортивной,Футболка,936,16 714 283.04,Запрос ценовых предложений,Закупка состоялась
35633487-ОЛ-ОИ2,141922.190.000027,Футболка,14402419-1 Государственные закупки летней одежды согласно технической спецификации [144],Государственные закупки летней одежды согласно технической спецификации [144],5,15 856 311.00,Из одного источника по несостоявшимся закупкам,Закупка состоялась
35093577-ОЛ-ЗЦП1,141922.190.000027,Футболка,14171999-1 Приобретение форменного обмундирования,Приобретение форменного обмундирования,15,15 271 554.55,Запрос ценовых предложений,Закупка состоялась
38662049-ОЛ-ОИ2,141922.190.000003,Костюм,15726445-1 Государственные закупки согласно технической спецификации,Государственные закупки согласно технической спецификации,6,20 824 000.00,Из одного источника по несостоявшимся закупкам,Закупка состоялась
80554386-ОК1,141922.190.000003,Костюм,15542646-1 Приобрентение зимней военной одежды,Костюм,324,16 200 000.00,Открытый конкурс,Закупка состоялась
79627250-ОК1,141922.190.000003,Костюм,15171319-1 Приобретение комплекта военной полевой формы (согл.тех.спец),Костюм,743,29 110 740.00,Открытый конкурс,Закупка состоялась
73799233-ОК1,141922.190.000003,Костюм,15155313-1 Приобретение форменного обмундирования,Костюм,1000,50 267 860.00,Открытый конкурс,Закупка состоялась
37358214-ОЛ-ОК1,141922.190.000003,Костюм,15076644-1 Приобретение форменного обмундирования,Приобретение форменного обмундирования,2,20 568 213.36,Открытый конкурс,Закупка состоялась
37129869-ОЛ-ЗЦП1,141922.190.000003,Костюм,14976552-1 Приобретение форменного обмундирования для сотрудников ДП Алматинской области,Приобретение форменного обмундирования для сотрудников ДП Алматинской области,18,78 530 020.38,Запрос ценовых предложений,Закупка состоялась
36763803-ОЛ-ЗЦП1,141922.190.000003,Костюм,"14819515-1 Приобретение форменного обмундирования (Костюм демисезонный для несения службы (для наружных служб), Костюм утепленный для несения службы (для наружных служб))","Приобретение форменного обмундирования (Костюм демисезонный для несения службы (для наружных служб), Костюм утепленный для несения службы (для наружных служб))/",2,15 679 642.50,Запрос ценовых предложений,Закупка состоялась
35093577-ОЛ-ЗЦП1,141922.190.000003,Костюм,14171999-1 Приобретение форменного обмундирования,Приобретение форменного обмундирования,15,15 271 554.55,Запрос ценовых предложений,Закупка состоялась
74174845-ОК1,141922.190.000003,Костюм,14123195-1 Государственные закупки форменного обмундирования для ДП города Астаны,Костюм,350,25 772 498.50,Открытый конкурс,Закупка состоялась
77710347-ЗЦП1,141922.190.000003,Костюм,14121712-1 Приобретение форменного обмундирования,Костюм,255,28 505 356.05,Запрос ценовых предложений,Закупка состоялась
73978261-ОК1,141922.190.000003,Костюм,14094207-1 Форменное обмундирование для ДП ВКО,Костюм,400,20 357 144.00,Открытый конкурс,Закупка состоялась
72464680-ОК1,141922.190.000003,Костюм,13451238-1 Государственная закупка товара для Уральского филиала РГКП «Военно-техническая школа Министерства обороны Республики Казахстан» способом открытого конкурса,Костюм,3204,43 373 124.72,Открытый конкурс,Закупка состоялась
72469208-ОК1,141922.190.000003,Костюм,13445742-1 Государственная закупка товара для Актюбинского филиала РГКП «Военно - техническая школа Министерства обороны Республики Казахстан» способом открытого конкурса,Костюм,4173,105 229 664.67,Открытый конкурс,Закупка состоялась
73216872-ОК2,141922.190.000021,Плащ,"14399158-1 Приобретение вещевого имущества для Коммунального государственного учреждение «Служба обеспечения мобилизационной подготовки, территориальной и гражданской обороны» государственного учреждения «Управление по мобилизационной подготовке и гражданской защите Павлодарской области",Плащ,1600,16 000 000.00,Открытый конкурс,Закупка состоялась
38018060-ОЛ-ЗЦП1,141922.290.000003,Костюм,15375968-1 Приобретение мягкого инвентаря,Приобретение мягкого инвентаря,22,23 150 000.00,Запрос ценовых предложений,Закупка состоялась
34987920-ОЛ-ЗЦП1,139212.530.000001,Наматрасник,"14131778-1 Приобретение постельных принадлежностей (комплект постельного белья, подушки, наматрасник, покрывало)","Приобретение постельных принадлежностей (комплект постельного белья, подушки, наматрасники, покрывала)",4,29 400 000.00,Запрос ценовых предложений,Закупка состоялась
80085291-ЗЦП2,221960.500.010004,Перчатки,15291491-1 Приобретение прочих товаров.,Перчатки,500000,25 000 000.00,Запрос ценовых предложений,Закупка состоялась
74623264-ОК2,221960.500.010004,Перчатки,14961547-1 Приобретение медицинских изделий,Перчатки,500000,15 000 000.00,Открытый конкурс,Закупка состоялась
80380952-ОК1,139224.300.000000,Мешок,15439331-1 Приобретение спального мешка с теплоизоляционным ковриком (каримат) (согл.тех.спец),Мешок,743,23 033 000.00,Открытый конкурс,Закупка состоялась
73341714-ОК1,139224.300.000000,Мешок,15266007-3 Государственные закупк и согласно конкурсной документации,Мешок,648,37 626 120.00,Открытый конкурс,Закупка состоялась
74838850-ОК1,139224.300.000000,Мешок,14172440-1 Мешок спальный с вкладышами и св.ковриком теплоизолирующим (каримат),Мешок,854,33 367 761.28,Открытый конкурс,Закупка состоялась
37294085-ОЛ-ОТ1,139224.992.000006,Пуф,"15047972-1 Мебель для ОК ""Сункар""","Мебель для АК ""Сункар""",21,64 505 300.00,Тендер,Закупка состоялась
75834493-ОК1,139224.991.000000,Одеяло,13809336-1 Приобретение постельные принадлежности,Одеяло,20000,130 982 000.00,Открытый конкурс,Закупка состоялась
73936475-ЗЦП1,141211.290.000013,Костюм,14144299-1 Летняя спец одежда,Костюм,1240,27 072 300.00,Запрос ценовых предложений,Закупка состоялась
38018060-ОЛ-ЗЦП1,141922.290.000013,Футболка,15375968-1 Приобретение мягкого инвентаря,Приобретение мягкого инвентаря,22,23 150 000.00,Запрос ценовых предложений,Закупка состоялась
79200398-ОК1,141922.190.000024,Плащ-накидка,"14871920-1 Государственные закупки вещевого имущества для военнослужащих Национальной гвардии Республики Казахстан на 2025 год способом открытого конкурса (плащ для военнослужащих, несущих службу по охране общественного порядка и безопасности)",Плащ-накидка,2000,24 642 860.00,Открытый конкурс,Закупка состоялась
77301292-ОК1,141922.190.000024,Плащ-накидка,14061697-1 Плащ-накидка для военнослужащих,Плащ-накидка,408,15 300 000.00,Открытый конкурс,Закупка состоялась
36281190-ОЛ-ОИ2,141923.710.010001,Рукавицы,14651540-1 Приобретение спецодежды и СИЗ для нужд производственных подразделений предприятия,Приобретение спецодежды и СИЗ для нужд производственных подразделений предприятия,17,17 459 620.00,Из одного источника по несостоявшимся закупкам,Закупка состоялась
36315969-ОЛ-ЗЦП1,141923.710.010001,Рукавицы,"14640556-1 Халаты, рукавицы, жилеты","Халаты, рукавицы, жилеты",13,15 317 555.08,Запрос ценовых предложений,Закупка состоялась
38587550-ОЛ-ОК1,139229.990.000002,Салфетка,15636978-1 Государственные закупки товаров для потребностей центра,Государственные закупки товаров для потребностей центра,2,23 600 000.00,Открытый конкурс,Закупка состоялась
78227755-ОК1,151219.900.000007,Снаряжение,14837881-1 Приобретение снаряжение /2230комплект/ для сотрудников Департамента полиции Туркестанской области .,Снаряжение,2230,65 705 344.40,Открытый конкурс,Закупка состоялась
76375753-ОК1,151219.900.000007,Снаряжение,13759928-1 Приобретение снаряжения для Департамента полиции Акмолинской области,Снаряжение,1245,36 683 041.05,Открытый конкурс,Закупка состоялась
80015670-ОК1,139222.200.000011,Палатка,15265510-1 Приобретение армейских палаток,Палатка,5,17 767 857.15,Открытый конкурс,Закупка состоялась
37444495-ОЛ-ОК1,139222.200.000011,Палатка,"15116127-1 Закуп палатки брезентовый полог вместимость до 40 человек, с каркасом лето","Закуп палатки брезентовый полог вместимость до 40 человек, с каркасом лето",2,51 033 928.60,Открытый конкурс,Закупка состоялась
75852362-ОК3,139222.200.000011,Палатка,14945034-1 Приобретение армейских палаток (повторная закупка),Палатка,32,46 670 400.00,Открытый конкурс,Закупка состоялась
76212243-ОК1,139222.200.000011,Палатка,14247175-1 Армейская палатка вместимостью до 40 человек,Палатка,10,40 254 464.30,Открытый конкурс,Закупка состоялась
75821494-ОК1,139222.200.000011,Палатка,13622544-2 Палатка вместимость до 40 человек,Палатка,500,729 225 000.00,Открытый конкурс,Закупка состоялась
36428587-ОЛ-ОК1,152013.510.000006,Ботинки,14684375-1 Приобретение форменного обмундирования,Приобретение форменного обмундирования,3,47 448 212.32,Открытый конкурс,Закупка состоялась
35902707-ОЛ-ОК1,152013.510.000006,Ботинки,"14479197-1 Приобретение перчаток, ботинок для ТОО ""Мангистауский атомный энергетический комбинат""","перчатки, ботинки",4,32 641 920.00,Открытый конкурс,Закупка состоялась
75996928-ОК1,152013.510.000006,Ботинки,14259252-1 Ботинки утепленные кожаные с высокими берцами для военнослужащих,Ботинки,1150,38 577 095.00,Открытый конкурс,Закупка состоялась
34165569-ОЛ-ОИ2,152013.510.000006,Ботинки,13833167-1 Приобретение форменного обмундирования (обувь),Приобретение форменного обмундирования (обувь),6,15 207 401.82,Из одного источника по несостоявшимся закупкам,Закупка состоялась
73968098-ОК1,152013.510.000006,Ботинки,13692958-1 Форменное обмундирование для ДП ВКО,Ботинки,500,15 267 855.00,Открытый конкурс,Закупка состоялась
72481629-ОК1,152013.510.000006,Ботинки,13445470-1 Государственная закупка товара для Актюбинского филиала РГКП «Военно - техническая школа Министерства обороны Республики Казахстан» способом открытого конкурса,Ботинки,3816,63 577 269.36,Открытый конкурс,Закупка состоялась
76881237-ОК1,141211.290.000029,Костюм,14120515-1 +77172-777-383. Форменная одежда для сотрудников ПД САБ,Костюм,340,26 842 758.60,Открытый конкурс,Закупка состоялась
73564018-ОК1,141211.290.000029,Костюм,"13904173-1 Государственные закупки по приобретению предметов форменного обмундирования (китель, костюм и куртка), для сотрудников Департамента полиции на транспорте МВД РК на 2025 год, согласно постановления правительства Республики Казахстан установлены изъятия из национального режима, закупки осуществляются среди физических и юридических лиц, находящихся в реестре отечественных производителей товаров.",Костюм,576,24 325 712.64,Открытый конкурс,Закупка состоялась
36281190-ОЛ-ОИ2,141212.490.000001,Брюки,14651540-1 Приобретение спецодежды и СИЗ для нужд производственных подразделений предприятия,Приобретение спецодежды и СИЗ для нужд производственных подразделений предприятия,17,17 459 620.00,Из одного источника по несостоявшимся закупкам,Закупка состоялась
73338347-ОК1,141211.390.000000,Куртка,"15514981-1 Приобретение куртка мужская, для военнослужащих, из ткани для Коммунальное государственное учреждение ""Служба обеспечения мобилизационной подготовки, территориальной обороны и гражданской защиты""",Куртка,648,34 992 000.00,Открытый конкурс,Закупка состоялась
76099093-ОК2,141211.390.000000,Куртка,15502430-1 Костюм полевой камуфлированной расцветки с фуражкой для военнослужащих,Куртка,700,42 427 000.00,Открытый конкурс,Закупка состоялась
74018000-ОК1,141211.390.000000,Куртка,"14702258-1 Приобретение форменного обмундирования РБ/Закупка у организаций, созданных общественными объединениями инвалидов",Куртка,600,21 803 574.00,Открытый конкурс,Закупка состоялась
73815948-ОК1,141211.390.000000,Куртка,14660682-1 Государственные закупки вещевого имущества для военнослужащих Национальной гвардии Республики Казахстан на 2025 год способом открытого конкурса,Куртка,2770,53 923 479.20,Открытый конкурс,Закупка состоялась
76099093-ОК1,141211.390.000000,Куртка,14316146-1 Костюм полевой камуфлированной расцветки с фуражкой для военнослужащих,Куртка,700,42 427 000.00,Открытый конкурс,Закупка состоялась
76099547-ОК1,141211.390.000000,Куртка,"14291105-2 Костюм полевой зимний камуфлированной расцветки с шапкой и снудом, полевые для военнослужащих",Куртка,700,95 095 000.00,Открытый конкурс,Закупка состоялась
