№ лота,Код ТРУ,Наименование товара,Наименование объявления,Наименование и описание лота,Кол-во,"Сумма, тг.",Способ закупки,Статус
77621468-ОИ2,281314.900.000071,"Насос для химически активных и агрессивных жидкостей, консольный одноступенчатый, подача до 500 м3/ч",14160841-1 н а с о с,Насос,1,18 500 000.00,Из одного источника по несостоявшимся закупкам,Закупка состоялась
38125813-ОЛ-ЗЦП1,282530.100.000002,"Фильтр воздушный, для приточно-вытяжной вентиляционной установки, карманный",15424406-1 Приобретение запасных частей,Запасные части,22,30 698 159.94,Запрос ценовых предложений,Закупка состоялась
80198506-ОК1,329911.900.000014,Противогаз фильтрующий,15600104-1 Приобретение фильтрующих гражданских противогазов,Противогаз,589,50 215 784.00,Открытый конкурс,Закупка состоялась
74919160-ЗЦП9,329911.900.000014,Противогаз фильтрующий,15421389-1 Закуп противогазов фильтрующих,Противогаз,1262,23 978 000.00,Запрос ценовых предложений,Закупка состоялась
74919160-ОИ8,329911.900.000014,Противогаз фильтрующий,15195521-1 Закуп противогазов фильтрующих,Противогаз,1262,23 978 000.00,Из одного источника по несостоявшимся закупкам,Закупка состоялась
79360314-ОК1,329911.900.000014,Противогаз фильтрующий,14959205-2 Приобретение фильтрующих гражданских противогазов (согл.тех.спец),Противогаз,500,36 767 500.00,Открытый конкурс,Закупка состоялась
74919160-ЗЦП1,329911.900.000014,Противогаз фильтрующий,14708713-1 Приобретение гражданских противогазов,Противогаз,1262,23 978 000.00,Запрос ценовых предложений,Закупка состоялась
73500519-ОК2,329911.900.000014,Противогаз фильтрующий,14145205-1 Приобретение противогаза фильтрующего,Противогаз,2032,58 199 020.00,Открытый конкурс,Закупка состоялась
73458964-ОК3,281314.900.000076,"Насос для химически активных и агрессивных жидкостей, погружной вертикальный, подача до 500 м3/ч",15127220-2 Погружной насосный агрегат (по лотам),Насос,1,79 981 593.75,Открытый конкурс,Закупка состоялась
73343629-ОК2,281314.900.000076,"Насос для химически активных и агрессивных жидкостей, погружной вертикальный, подача до 500 м3/ч",15085430-1 Погружной насосный агрегат,Насос,1,40 259 756.25,Открытый конкурс,Закупка состоялась
79225699-ОК2,281314.900.000076,"Насос для химически активных и агрессивных жидкостей, погружной вертикальный, подача до 500 м3/ч",14987472-2 Погружной насосный агрегат в комплекте с щитом управления,Насос,1,23 408 300.00,Открытый конкурс,Закупка состоялась
73458934-ОК3,281314.900.000076,"Насос для химически активных и агрессивных жидкостей, погружной вертикальный, подача до 500 м3/ч",14138845-1 Погружной насосный агрегат,Насос,3,48 496 125.00,Открытый конкурс,Закупка состоялась
73458964-ОК2,281314.900.000076,"Насос для химически активных и агрессивных жидкостей, погружной вертикальный, подача до 500 м3/ч",14082229-1 Погружной насосный агрегат (по лотам),Насос,1,79 981 593.75,Открытый конкурс,Закупка состоялась
77643256-ОК5,265170.990.000048,Система автоматизированная информационно-измерительная для коммерческого и технического учета электроэнергии и устройства телемеханики,14665266-1 Государственные закупки товара по поставке комплектов систем автоматизации для насосных станций,Система автоматизированная информационно-измерительная,5,18 500 000.00,Открытый конкурс,Закупка состоялась
79175060-ОТ2,283051.500.000000,"Косилка навесная, для трактора",15004670-2 Закупки косилки спиннера,Косилка,30,49 553 571.00,Тендер,Закупка состоялась
78738851-ОТ2,283051.500.000000,"Косилка навесная, для трактора",14853049-1 Закупки косилки спиннера,Косилка,5,42 250 000.00,Тендер,Закупка состоялась
75216317-ОК5,262013.000.000022,"Сервер специального назначения, отказоустойчивый",15316358-1 Закуп серверов для виртуализации,Сервер,1,25 000 000.00,Открытый конкурс,Закупка состоялась
74639727-ОК1,262013.000.000022,"Сервер специального назначения, отказоустойчивый",15024834-1 О проведении государственной закупки товара для ГУ «Департамент полиции Карагандинской области Министерства внутренних дел Республики Казахстан»,Сервер,1,93 750 000.00,Открытый конкурс,Закупка состоялась
74640740-ОК2,262013.000.000022,"Сервер специального назначения, отказоустойчивый","14927654-3 Программно-аппаратный комплекс хранения и обработки данных смарт-жетонов на 200 пользователей (БПП ДП ул.Прогресса,1)",Сервер,1,75 892 857.14,Открытый конкурс,Закупка состоялась
74212049-ОК1,262013.000.000022,"Сервер специального назначения, отказоустойчивый",14661360-1 Государственные закупки оборудования гиперконвергентной системы,Сервер,1,108 035 714.28,Открытый конкурс,Закупка состоялась
71698298-ОК1,262013.000.000022,"Сервер специального назначения, отказоустойчивый",14392552-1 Государственные закупки товара для ГУ «Министерство транспорта Республики Казахстан» способом конкурса,Сервер,1,150 000 000.00,Открытый конкурс,Закупка состоялась
73798735-ОК2,262013.000.000022,"Сервер специального назначения, отказоустойчивый",14171494-1 Приобретение серверного оборудования,Сервер,1,17 492 142.86,Открытый конкурс,Закупка состоялась
80118001-ОК3,262013.000.000018,"Сервер общего назначения, стоечный",15682870-1 Сервер в стойку,Сервер,1,26 299 144.60,Открытый конкурс,Закупка состоялась
73986645-ОК1,262013.000.000018,"Сервер общего назначения, стоечный",15445122-1 Приобретение - сервера,Сервер,1,33 605 530.00,Открытый конкурс,Закупка состоялась
80199802-ОК1,262013.000.000018,"Сервер общего назначения, стоечный",15401574-2 Серверное оборудование с установкой и настройкой,Сервер,1,37 500 000.00,Открытый конкурс,Закупка состоялась
79149716-ОК2,262013.000.000018,"Сервер общего назначения, стоечный",15397111-1 Повторные государственные закупки способом конкурса серверов и сканера для нужд ВС РК на 2025 год,Сервер,5,21 875 000.00,Открытый конкурс,Закупка состоялась
79582565-ОК1,262013.000.000018,"Сервер общего назначения, стоечный",15293119-1 Приобретение - сервера,Сервер,1,15 863 590.00,Открытый конкурс,Закупка состоялась
79582684-ОК1,262013.000.000018,"Сервер общего назначения, стоечный",15291474-1 Приобретение системы хранения данных (сервер),Сервер,1,35 117 780.00,Открытый конкурс,Закупка состоялась
74279209-ОК3,262013.000.000018,"Сервер общего назначения, стоечный",15264084-1 система хранения данных (согласно технической спецификаций),Сервер,1,16 278 571.43,Открытый конкурс,Закупка состоялась
79560559-ОК2,262013.000.000018,"Сервер общего назначения, стоечный",15261860-1 Об организации и проведении электронных государственных закупок сервера способом открытого конкурса,Сервер,1,67 046 777.00,Открытый конкурс,Закупка состоялась
79484817-ОК1,262013.000.000018,"Сервер общего назначения, стоечный",15241128-1 Государственные закупки согласно конкурсной документаций,Сервер,1,35 439 500.00,Открытый конкурс,Закупка состоялась
79194407-ОК2,262013.000.000018,"Сервер общего назначения, стоечный",15040241-2 Сервер для Центрального аппарата,Сервер,1,17 857 142.86,Открытый конкурс,Закупка состоялась
75701842-ОК2,262013.000.000018,"Сервер общего назначения, стоечный",15020442-1 Государственные закупки сервера для РГП «Казаэронавигация»,Сервер,2,32 274 052.10,Открытый конкурс,Закупка состоялась
74041636-ОК2,262013.000.000018,"Сервер общего назначения, стоечный",14876877-1 Приобретение серверного оборудование,Сервер,1,34 173 660.72,Открытый конкурс,Закупка состоялась
73998965-ОК3,262013.000.000018,"Сервер общего назначения, стоечный",14808475-1 Доукомплектация установленных систем хранения данных Hewlett Packard Enterprise MSA 2060 дополнительным серверным оборудованием,Сервер,1,52 328 654.46,Открытый конкурс,Закупка состоялась
74474248-ОК1,262013.000.000018,"Сервер общего назначения, стоечный",14793019-1 Государственные закупки для АО «Центр развития трудовых ресурсов» способом открытого конкурса,Сервер,8,202 682 758.88,Открытый конкурс,Закупка состоялась
74593590-ОК2,262013.000.000018,"Сервер общего назначения, стоечный","14716650-1 Сервер (г. Астана, Абая 33 А)",Сервер,2,50 858 660.00,Открытый конкурс,Закупка состоялась
77687594-ОИ2,262013.000.000018,"Сервер общего назначения, стоечный",14454418-1 Сервер общего назначения,Сервер,2,19 000 000.00,Из одного источника по несостоявшимся закупкам,Закупка состоялась
74278793-ОК1,262013.000.000018,"Сервер общего назначения, стоечный",14213391-1 сервер. Согласно технической спецификации,Сервер,1,20 991 071.43,Открытый конкурс,Закупка состоялась
74635557-ОК1,262013.000.000018,"Сервер общего назначения, стоечный",14166349-1 Государственные закупки по приобретению серверов,Сервер,2,17 428 571.42,Открытый конкурс,Закупка состоялась
73816617-ОК1,262013.000.000018,"Сервер общего назначения, стоечный",14159583-1 Государственная закупка серверного оборудования,Сервер,1,205 805 700.89,Открытый конкурс,Закупка состоялась
77491445-ОК1,262013.000.000018,"Сервер общего назначения, стоечный",14108550-1 Приобретение серверного оборудование,Сервер,1,99 866 071.43,Открытый конкурс,Закупка состоялась
73936564-ОИ2,262013.000.000018,"Сервер общего назначения, стоечный",14104373-1 закупки сервера согласно технической спецификации,Сервер,2,23 877 198.00,Из одного источника по несостоявшимся закупкам,Закупка состоялась
71913027-ОК1,262013.000.000018,"Сервер общего назначения, стоечный",14103127-1 Государственные закупки для НАО «Фонд социального медицинского страхования» способом открытого конкурса,Сервер,1,661 365 413.39,Открытый конкурс,Закупка состоялась
77491354-ОК1,262013.000.000018,"Сервер общего назначения, стоечный",14086512-1 Приобретение серверного оборудование,Сервер,1,15 491 071.43,Открытый конкурс,Закупка состоялась
72127609-ЗЦП2,262013.000.000018,"Сервер общего назначения, стоечный",13975201-1 Приобретение сервера согласно технической спецификации,Сервер,3,23 137 650.00,Запрос ценовых предложений,Закупка состоялась
80352400-ОК2,262013.000.000016,"Сервер общего назначения, высокопроизводительный с вертикальным масштабированием ресурсов",15565526-1 Приобретение сервера согласно технической спецификации,Сервер,1,19 092 857.14,Открытый конкурс,Закупка состоялась
74923702-ОК2,262013.000.000016,"Сервер общего назначения, высокопроизводительный с вертикальным масштабированием ресурсов",15562363-1 Государственные закупки для ГУ «Департамент полиции Павлодарской области Министерства внутренних дел Республики Казахстан» способом открытого конкурса,Сервер,1,155 125 000.00,Открытый конкурс,Закупка состоялась
80457876-ОИ2,262013.000.000016,"Сервер общего назначения, высокопроизводительный с вертикальным масштабированием ресурсов","15486813-1 Приобретение оборудования (принтер, ноутбук, сканер, сервер)",Сервер,3,25 071 428.55,Из одного источника по несостоявшимся закупкам,Закупка состоялась
79003603-ОК2,262013.000.000016,"Сервер общего назначения, высокопроизводительный с вертикальным масштабированием ресурсов",15059763-1 Приобретение серверного оборудования с развертыванием ситуационного центра,Сервер,1,44 881 250.00,Открытый конкурс,Закупка состоялась
78918847-ОК3,262013.000.000016,"Сервер общего назначения, высокопроизводительный с вертикальным масштабированием ресурсов","15023336-1 Сервер общего назначения, высокопроизводительный",Сервер,1,50 000 000.00,Открытый конкурс,Закупка состоялась
77511978-ОК1,262013.000.000016,"Сервер общего назначения, высокопроизводительный с вертикальным масштабированием ресурсов",14798887-1 Приобретение сервер для ДЧС области Абай,Сервер,2,19 642 857.14,Открытый конкурс,Закупка состоялась
74973989-ОК3,262013.000.000016,"Сервер общего назначения, высокопроизводительный с вертикальным масштабированием ресурсов",14506486-1 Государственные закупки сервера,Сервер,2,18 000 000.00,Открытый конкурс,Закупка состоялась
72230729-ОК3,262013.000.000016,"Сервер общего назначения, высокопроизводительный с вертикальным масштабированием ресурсов",14330002-1 Повторные государственные закупки товара для ГУ «Агентство Республики Казахстан по финансовому мониторингу» способом конкурса,Сервер,1,490 062 500.00,Открытый конкурс,Закупка состоялась
75938575-ОИ2,262013.000.000016,"Сервер общего назначения, высокопроизводительный с вертикальным масштабированием ресурсов",14319431-1 Согласно технической спецификаций,Сервер,2,16 400 000.00,Из одного источника по несостоявшимся закупкам,Закупка состоялась
74093124-ОК1,262013.000.000016,"Сервер общего назначения, высокопроизводительный с вертикальным масштабированием ресурсов",14075908-2 Сервер в комплекте,Сервер,3,60 000 000.00,Открытый конкурс,Закупка состоялась
73798788-ОК1,262013.000.000016,"Сервер общего назначения, высокопроизводительный с вертикальным масштабированием ресурсов",13853855-1 Государственная закупка товара для ГУ «Комитет по правовой статистике и специальным учетам Генеральной прокуратуры Республики Казахстан» способом открытого конкурса,Сервер,1,342 571 428.57,Открытый конкурс,Закупка состоялась
77309586-ЗЦП2,271231.900.000059,"Шкаф управления для насоса, с частотным преобразователем",14776978-1 Приобретение товаров (Инвест),Шкаф управления,1,21 942 000.00,Запрос ценовых предложений,Закупка состоялась
77309586-ЗЦП2,271231.900.000059,"Шкаф управления для насоса, с частотным преобразователем",13976755-1 Приобретение товаров СВиДС и КНС (инвест),Шкаф управления,1,21 942 000.00,Запрос ценовых предложений,Закупка состоялась
36565934-ОЛ-ОК1,273213.700.000036,"Кабель марка ВБбШвнг, напряжение не более 1 000 В","14739226-1 Приобретение Кабель, Проводов для ТОО ""Мангистауский атомный энергетический комбинат""","Кабель, Провод",68,39 323 137.30,Открытый конкурс,Закупка состоялась
36565934-ОЛ-ОК1,273213.700.000278,"Провод марка ПВС, напряжение не более 1 000 В","14739226-1 Приобретение Кабель, Проводов для ТОО ""Мангистауский атомный энергетический комбинат""","Кабель, Провод",68,39 323 137.30,Открытый конкурс,Закупка состоялась
81408000-ОИ3,259411.900.000201,"Шпилька для фланцевых соединений с уплотнением стальная, диаметр 20 мм, с гайкой",15951444-1 Услуги финансового лизинга на приобретение транспортных средств,Услуги по финансовому лизингу,1,595 472 124.41,Из одного источника по несостоявшимся закупкам,Закупка состоялась
81407547-ОИ3,259411.900.000201,"Шпилька для фланцевых соединений с уплотнением стальная, диаметр 20 мм, с гайкой",15951444-1 Услуги финансового лизинга на приобретение транспортных средств,Услуги по финансовому лизингу,1,762 436 281.25,Из одного источника по несостоявшимся закупкам,Закупка состоялась
75035549-ОК1,259411.900.000201,"Шпилька для фланцевых соединений с уплотнением стальная, диаметр 20 мм, с гайкой","15796866-2 Текущий ремонт здание нежилого под офис сельского округа Кажымухан, Ордабасинского района, Туркестанской области",Работы по текущему ремонту нежилых зданий/сооружений/помещений,1,28 001 904.00,Открытый конкурс,Закупка состоялась
81435835-ОИ3,259411.900.000201,"Шпилька для фланцевых соединений с уплотнением стальная, диаметр 20 мм, с гайкой","15877149-1 Приобретение здания для ветеринарного пункта в с.Жусандыой Каратобинского района, ЗКО",Здание,1,16 000 000.00,Из одного источника по несостоявшимся закупкам,Закупка состоялась
80397977-ЗЦП2,259411.900.000201,"Шпилька для фланцевых соединений с уплотнением стальная, диаметр 20 мм, с гайкой",15875374-1 Приобретение здания ветеринарной пункт в Уялинском сельском округе,Здание,1,15 000 000.00,Запрос ценовых предложений,Закупка состоялась
80891517-ОИ3,259411.900.000201,"Шпилька для фланцевых соединений с уплотнением стальная, диаметр 20 мм, с гайкой",15874956-1 Услуги по сделкам в области лизингового кредитования,Услуги по финансовому лизингу,1,321 294 262.00,Из одного источника по несостоявшимся закупкам,Закупка состоялась
80927121-ОИ3,259411.900.000201,"Шпилька для фланцевых соединений с уплотнением стальная, диаметр 20 мм, с гайкой",15874925-1 Услуги по сделкам в области лизингового кредитования,Услуги по финансовому лизингу,1,230 113 912.50,Из одного источника по несостоявшимся закупкам,Закупка состоялась
76625256-ЗЦП3,259411.900.000201,"Шпилька для фланцевых соединений с уплотнением стальная, диаметр 20 мм, с гайкой",15873599-1 Жазатайым оқиғалардан сақтандыру бойынша қызметтер,Услуги по страхованию от несчастных случаев,1,19 111 843.28,Запрос ценовых предложений,Закупка состоялась
81331173-ОИ4,259411.900.000201,"Шпилька для фланцевых соединений с уплотнением стальная, диаметр 20 мм, с гайкой",15866884-1 Услуги по финансовому лизингу на приобретение транспортных средств (подметально-вакуумная машина (пылесос) на шасси),Услуги по финансовому лизингу,1,762 436 281.25,Из одного источника по несостоявшимся закупкам,Закупка состоялась
82813737-ЗЦП1,259411.900.000201,"Шпилька для фланцевых соединений с уплотнением стальная, диаметр 20 мм, с гайкой",15866788-1 медициналық техниканы сатып алу,Анализатор,2,15 000 000.00,Запрос ценовых предложений,Закупка состоялась
82281036-ОИ2,259411.900.000201,"Шпилька для фланцевых соединений с уплотнением стальная, диаметр 20 мм, с гайкой",15864310-1 Колесный трактор 90 л.с.,Трактор,1,15 625 000.00,Из одного источника по несостоявшимся закупкам,Закупка состоялась
81331182-ОИ4,259411.900.000201,"Шпилька для фланцевых соединений с уплотнением стальная, диаметр 20 мм, с гайкой",15864272-1 Услуги по финансовому лизингу на приобретение транспортных средств (компактная подметально-уборочная машина),Услуги по финансовому лизингу,1,595 472 124.41,Из одного источника по несостоявшимся закупкам,Закупка состоялась
80373779-ОК2,259411.900.000201,"Шпилька для фланцевых соединений с уплотнением стальная, диаметр 20 мм, с гайкой",15863665-1 О проведении повторной государственной закупки товара для РГП на ПХВ “Казаэронавигация” Комитета гражданской авиации Министерства транспорта Республики Казахстан способом открытого конкурса,Топливо дизельное,483606,256 311 180.00,Открытый конкурс,Закупка состоялась
81447208-ОИ3,259411.900.000201,"Шпилька для фланцевых соединений с уплотнением стальная, диаметр 20 мм, с гайкой",15862169-1 Услуги по финансовому лизингу (Подметально-уборочная машина),Услуги по финансовому лизингу,1,762 436 281.25,Из одного источника по несостоявшимся закупкам,Закупка состоялась
81447910-ОИ3,259411.900.000201,"Шпилька для фланцевых соединений с уплотнением стальная, диаметр 20 мм, с гайкой",15862169-1 Услуги по финансовому лизингу (Подметально-уборочная машина),Услуги по финансовому лизингу,1,595 472 124.41,Из одного источника по несостоявшимся закупкам,Закупка состоялась
81067849-ОИнеГЗ3,259411.900.000201,"Шпилька для фланцевых соединений с уплотнением стальная, диаметр 20 мм, с гайкой",15861277-1 Закуп дизельного топлива летнего,Топливо дизельное,620000,181 015 200.00,Из одного источника по несостоявшимся закупкам не ГЗ,Закупка состоялась
81067850-ОИнеГЗ3,259411.900.000201,"Шпилька для фланцевых соединений с уплотнением стальная, диаметр 20 мм, с гайкой",15861277-1 Закуп дизельного топлива летнего,Топливо дизельное,620000,181 015 200.00,Из одного источника по несостоявшимся закупкам не ГЗ,Закупка состоялась
81067851-ОИнеГЗ3,259411.900.000201,"Шпилька для фланцевых соединений с уплотнением стальная, диаметр 20 мм, с гайкой",15861277-1 Закуп дизельного топлива летнего,Топливо дизельное,620000,181 015 200.00,Из одного источника по несостоявшимся закупкам не ГЗ,Закупка состоялась
81067852-ОИнеГЗ3,259411.900.000201,"Шпилька для фланцевых соединений с уплотнением стальная, диаметр 20 мм, с гайкой",15861277-1 Закуп дизельного топлива летнего,Топливо дизельное,620000,181 015 200.00,Из одного источника по несостоявшимся закупкам не ГЗ,Закупка состоялась
80807707-ЗЦП2,259411.900.000201,"Шпилька для фланцевых соединений с уплотнением стальная, диаметр 20 мм, с гайкой",15860394-1 Работы по проведению текущего ремонта помещения компьютерного томографа,Работы по текущему ремонту нежилых зданий/сооружений/помещений,1,17 556 199.00,Запрос ценовых предложений,Закупка состоялась
80652679-КРБС1,259411.900.000201,"Шпилька для фланцевых соединений с уплотнением стальная, диаметр 20 мм, с гайкой","15859991-1 Разработка ПСД на строительство учебно-производственных мастерских на территории ГККП «АТКС» УОМО, расположенного по адресу: Мангистауская область, город Актау, 27 микрорайон, здание №58",Работы по разработке/расчету/составлению проектно-сметной документации,1,31 899 059.00,Конкурс с использованием рейтингово-балльной системы,Закупка состоялась
81295648-ЗЦП2,259411.900.000201,"Шпилька для фланцевых соединений с уплотнением стальная, диаметр 20 мм, с гайкой",15859064-1 Приобретение мини погрузчика,Погрузчик,1,15 357 142.86,Запрос ценовых предложений,Закупка состоялась
82076755-ОИ2,259411.900.000201,"Шпилька для фланцевых соединений с уплотнением стальная, диаметр 20 мм, с гайкой",15858954-1 Государственная закупка для КГП на ПХВ «Жанакорганская районная ветеринарная станция» управления ветеринарии Кызылординской области»,Автомобиль,1,17 790 000.00,Из одного источника по несостоявшимся закупкам,Закупка состоялась
81596068-ОИ3,259411.900.000201,"Шпилька для фланцевых соединений с уплотнением стальная, диаметр 20 мм, с гайкой",15858473-1 услуги по страхованию жизни сотрудников от несчастного случая,Услуги по страхованию от несчастных случаев,1,18 286 481.00,Из одного источника по несостоявшимся закупкам,Закупка состоялась
81557862-ОК2,259411.900.000201,"Шпилька для фланцевых соединений с уплотнением стальная, диаметр 20 мм, с гайкой","15857607-1 Государственные закупка для Коммунальное государственное учреждение ""Отдел строительства, архитектуры и градостроительства Кармакшинского района""",Квартира,1,16 503 183.33,Открытый конкурс,Закупка состоялась
81557854-ОК2,259411.900.000201,"Шпилька для фланцевых соединений с уплотнением стальная, диаметр 20 мм, с гайкой","15857607-1 Государственные закупка для Коммунальное государственное учреждение ""Отдел строительства, архитектуры и градостроительства Кармакшинского района""",Квартира,1,16 503 183.33,Открытый конкурс,Закупка состоялась
81557856-ОК2,259411.900.000201,"Шпилька для фланцевых соединений с уплотнением стальная, диаметр 20 мм, с гайкой","15857607-1 Государственные закупка для Коммунальное государственное учреждение ""Отдел строительства, архитектуры и градостроительства Кармакшинского района""",Квартира,1,16 503 183.33,Открытый конкурс,Закупка состоялась
81557845-ОК2,259411.900.000201,"Шпилька для фланцевых соединений с уплотнением стальная, диаметр 20 мм, с гайкой","15857607-1 Государственные закупка для Коммунальное государственное учреждение ""Отдел строительства, архитектуры и градостроительства Кармакшинского района""",Квартира,1,16 503 183.33,Открытый конкурс,Закупка состоялась
81557837-ОК2,259411.900.000201,"Шпилька для фланцевых соединений с уплотнением стальная, диаметр 20 мм, с гайкой","15857602-1 Государственные закупка для Коммунальное государственное учреждение ""Отдел строительства, архитектуры и градостроительства Кармакшинского района""",Квартира,1,16 503 183.33,Открытый конкурс,Закупка состоялась
81557828-ОК2,259411.900.000201,"Шпилька для фланцевых соединений с уплотнением стальная, диаметр 20 мм, с гайкой","15857602-1 Государственные закупка для Коммунальное государственное учреждение ""Отдел строительства, архитектуры и градостроительства Кармакшинского района""",Квартира,1,16 503 183.33,Открытый конкурс,Закупка состоялась
81557826-ОК2,259411.900.000201,"Шпилька для фланцевых соединений с уплотнением стальная, диаметр 20 мм, с гайкой","15857602-1 Государственные закупка для Коммунальное государственное учреждение ""Отдел строительства, архитектуры и градостроительства Кармакшинского района""",Квартира,1,16 503 183.33,Открытый конкурс,Закупка состоялась
81557831-ОК2,259411.900.000201,"Шпилька для фланцевых соединений с уплотнением стальная, диаметр 20 мм, с гайкой","15857602-1 Государственные закупка для Коммунальное государственное учреждение ""Отдел строительства, архитектуры и градостроительства Кармакшинского района""",Квартира,1,16 503 183.33,Открытый конкурс,Закупка состоялась
81557835-ОК2,259411.900.000201,"Шпилька для фланцевых соединений с уплотнением стальная, диаметр 20 мм, с гайкой","15857602-1 Государственные закупка для Коммунальное государственное учреждение ""Отдел строительства, архитектуры и градостроительства Кармакшинского района""",Квартира,1,16 503 183.33,Открытый конкурс,Закупка состоялась
81558467-ОК2,259411.900.000201,"Шпилька для фланцевых соединений с уплотнением стальная, диаметр 20 мм, с гайкой","15857597-1 Государственные закупка для Коммунальное государственное учреждение ""Отдел строительства, архитектуры и градостроительства Кармакшинского района""",Квартира,1,16 503 183.33,Открытый конкурс,Закупка состоялась
81558457-ОК2,259411.900.000201,"Шпилька для фланцевых соединений с уплотнением стальная, диаметр 20 мм, с гайкой","15857597-1 Государственные закупка для Коммунальное государственное учреждение ""Отдел строительства, архитектуры и градостроительства Кармакшинского района""",Квартира,1,16 503 183.33,Открытый конкурс,Закупка состоялась
81558465-ОК2,259411.900.000201,"Шпилька для фланцевых соединений с уплотнением стальная, диаметр 20 мм, с гайкой","15857597-1 Государственные закупка для Коммунальное государственное учреждение ""Отдел строительства, архитектуры и градостроительства Кармакшинского района""",Квартира,1,16 503 183.33,Открытый конкурс,Закупка состоялась
81558460-ОК2,259411.900.000201,"Шпилька для фланцевых соединений с уплотнением стальная, диаметр 20 мм, с гайкой","15857597-1 Государственные закупка для Коммунальное государственное учреждение ""Отдел строительства, архитектуры и градостроительства Кармакшинского района""",Квартира,1,16 503 183.33,Открытый конкурс,Закупка состоялась
81558464-ОК2,259411.900.000201,"Шпилька для фланцевых соединений с уплотнением стальная, диаметр 20 мм, с гайкой","15857597-1 Государственные закупка для Коммунальное государственное учреждение ""Отдел строительства, архитектуры и градостроительства Кармакшинского района""",Квартира,1,16 503 183.33,Открытый конкурс,Закупка состоялась
81557812-ОК2,259411.900.000201,"Шпилька для фланцевых соединений с уплотнением стальная, диаметр 20 мм, с гайкой","15857590-1 Государственные закупка для Коммунальное государственное учреждение ""Отдел строительства, архитектуры и градостроительства Кармакшинского района""",Квартира,1,16 503 183.33,Открытый конкурс,Закупка состоялась
81558454-ОК2,259411.900.000201,"Шпилька для фланцевых соединений с уплотнением стальная, диаметр 20 мм, с гайкой","15857590-1 Государственные закупка для Коммунальное государственное учреждение ""Отдел строительства, архитектуры и градостроительства Кармакшинского района""",Квартира,1,16 503 183.33,Открытый конкурс,Закупка состоялась
81558453-ОК2,259411.900.000201,"Шпилька для фланцевых соединений с уплотнением стальная, диаметр 20 мм, с гайкой","15857590-1 Государственные закупка для Коммунальное государственное учреждение ""Отдел строительства, архитектуры и градостроительства Кармакшинского района""",Квартира,1,16 503 183.33,Открытый конкурс,Закупка состоялась
81558456-ОК2,259411.900.000201,"Шпилька для фланцевых соединений с уплотнением стальная, диаметр 20 мм, с гайкой","15857590-1 Государственные закупка для Коммунальное государственное учреждение ""Отдел строительства, архитектуры и градостроительства Кармакшинского района""",Квартира,1,16 503 183.33,Открытый конкурс,Закупка состоялась
81557833-ОК2,259411.900.000201,"Шпилька для фланцевых соединений с уплотнением стальная, диаметр 20 мм, с гайкой","15857590-1 Государственные закупка для Коммунальное государственное учреждение ""Отдел строительства, архитектуры и градостроительства Кармакшинского района""",Квартира,1,16 503 183.33,Открытый конкурс,Закупка состоялась
81558476-ОК2,259411.900.000201,"Шпилька для фланцевых соединений с уплотнением стальная, диаметр 20 мм, с гайкой","15857584-1 Государственные закупка для Коммунальное государственное учреждение ""Отдел строительства, архитектуры и градостроительства Кармакшинского района""",Квартира,1,16 503 183.33,Открытый конкурс,Закупка состоялась
81558470-ОК2,259411.900.000201,"Шпилька для фланцевых соединений с уплотнением стальная, диаметр 20 мм, с гайкой","15857584-1 Государственные закупка для Коммунальное государственное учреждение ""Отдел строительства, архитектуры и градостроительства Кармакшинского района""",Квартира,1,16 503 183.33,Открытый конкурс,Закупка состоялась
81558478-ОК2,259411.900.000201,"Шпилька для фланцевых соединений с уплотнением стальная, диаметр 20 мм, с гайкой","15857584-1 Государственные закупка для Коммунальное государственное учреждение ""Отдел строительства, архитектуры и градостроительства Кармакшинского района""",Квартира,1,16 503 183.33,Открытый конкурс,Закупка состоялась
81558468-ОК2,259411.900.000201,"Шпилька для фланцевых соединений с уплотнением стальная, диаметр 20 мм, с гайкой","15857584-1 Государственные закупка для Коммунальное государственное учреждение ""Отдел строительства, архитектуры и градостроительства Кармакшинского района""",Квартира,1,16 503 183.33,Открытый конкурс,Закупка состоялась
81558481-ОК2,259411.900.000201,"Шпилька для фланцевых соединений с уплотнением стальная, диаметр 20 мм, с гайкой","15857584-1 Государственные закупка для Коммунальное государственное учреждение ""Отдел строительства, архитектуры и градостроительства Кармакшинского района""",Квартира,1,16 503 183.33,Открытый конкурс,Закупка состоялась
81558434-ОК2,259411.900.000201,"Шпилька для фланцевых соединений с уплотнением стальная, диаметр 20 мм, с гайкой","15857582-1 Государственные закупка для Коммунальное государственное учреждение ""Отдел строительства, архитектуры и градостроительства Кармакшинского района""",Квартира,1,16 503 183.33,Открытый конкурс,Закупка состоялась
81557865-ОК2,259411.900.000201,"Шпилька для фланцевых соединений с уплотнением стальная, диаметр 20 мм, с гайкой","15857582-1 Государственные закупка для Коммунальное государственное учреждение ""Отдел строительства, архитектуры и градостроительства Кармакшинского района""",Квартира,1,16 503 183.33,Открытый конкурс,Закупка состоялась
81557824-ОК2,259411.900.000201,"Шпилька для фланцевых соединений с уплотнением стальная, диаметр 20 мм, с гайкой","15857582-1 Государственные закупка для Коммунальное государственное учреждение ""Отдел строительства, архитектуры и градостроительства Кармакшинского района""",Квартира,1,16 503 183.33,Открытый конкурс,Закупка состоялась
81558436-ОК2,259411.900.000201,"Шпилька для фланцевых соединений с уплотнением стальная, диаметр 20 мм, с гайкой","15857582-1 Государственные закупка для Коммунальное государственное учреждение ""Отдел строительства, архитектуры и градостроительства Кармакшинского района""",Квартира,1,16 503 183.33,Открытый конкурс,Закупка состоялась
81558437-ОК2,259411.900.000201,"Шпилька для фланцевых соединений с уплотнением стальная, диаметр 20 мм, с гайкой","15857582-1 Государственные закупка для Коммунальное государственное учреждение ""Отдел строительства, архитектуры и градостроительства Кармакшинского района""",Квартира,1,16 503 183.33,Открытый конкурс,Закупка состоялась
81558430-ОК2,259411.900.000201,"Шпилька для фланцевых соединений с уплотнением стальная, диаметр 20 мм, с гайкой","15857579-1 Государственные закупка для Коммунальное государственное учреждение ""Отдел строительства, архитектуры и градостроительства Кармакшинского района""",Квартира,1,16 503 183.33,Открытый конкурс,Закупка состоялась
81558432-ОК2,259411.900.000201,"Шпилька для фланцевых соединений с уплотнением стальная, диаметр 20 мм, с гайкой","15857579-1 Государственные закупка для Коммунальное государственное учреждение ""Отдел строительства, архитектуры и градостроительства Кармакшинского района""",Квартира,1,16 503 183.33,Открытый конкурс,Закупка состоялась
81557861-ОК2,259411.900.000201,"Шпилька для фланцевых соединений с уплотнением стальная, диаметр 20 мм, с гайкой","15857579-1 Государственные закупка для Коммунальное государственное учреждение ""Отдел строительства, архитектуры и градостроительства Кармакшинского района""",Квартира,1,16 503 183.33,Открытый конкурс,Закупка состоялась
81558425-ОК2,259411.900.000201,"Шпилька для фланцевых соединений с уплотнением стальная, диаметр 20 мм, с гайкой","15857579-1 Государственные закупка для Коммунальное государственное учреждение ""Отдел строительства, архитектуры и градостроительства Кармакшинского района""",Квартира,1,16 503 183.33,Открытый конкурс,Закупка состоялась
81558427-ОК2,259411.900.000201,"Шпилька для фланцевых соединений с уплотнением стальная, диаметр 20 мм, с гайкой","15857579-1 Государственные закупка для Коммунальное государственное учреждение ""Отдел строительства, архитектуры и градостроительства Кармакшинского района""",Квартира,1,16 503 183.33,Открытый конкурс,Закупка состоялась
81557822-ОК2,259411.900.000201,"Шпилька для фланцевых соединений с уплотнением стальная, диаметр 20 мм, с гайкой","15857571-1 Государственные закупка для Коммунальное государственное учреждение ""Отдел строительства, архитектуры и градостроительства Кармакшинского района""",Квартира,1,16 503 183.33,Открытый конкурс,Закупка состоялась
81558447-ОК2,259411.900.000201,"Шпилька для фланцевых соединений с уплотнением стальная, диаметр 20 мм, с гайкой","15857571-1 Государственные закупка для Коммунальное государственное учреждение ""Отдел строительства, архитектуры и градостроительства Кармакшинского района""",Квартира,1,16 503 183.33,Открытый конкурс,Закупка состоялась
81558440-ОК2,259411.900.000201,"Шпилька для фланцевых соединений с уплотнением стальная, диаметр 20 мм, с гайкой","15857571-1 Государственные закупка для Коммунальное государственное учреждение ""Отдел строительства, архитектуры и градостроительства Кармакшинского района""",Квартира,1,16 503 183.33,Открытый конкурс,Закупка состоялась
81558443-ОК2,259411.900.000201,"Шпилька для фланцевых соединений с уплотнением стальная, диаметр 20 мм, с гайкой","15857571-1 Государственные закупка для Коммунальное государственное учреждение ""Отдел строительства, архитектуры и градостроительства Кармакшинского района""",Квартира,1,16 503 183.33,Открытый конкурс,Закупка состоялась
81558485-ОК2,259411.900.000201,"Шпилька для фланцевых соединений с уплотнением стальная, диаметр 20 мм, с гайкой","15857565-1 Государственные закупка для Коммунальное государственное учреждение ""Отдел строительства, архитектуры и градостроительства Кармакшинского района""",Квартира,1,16 503 183.33,Открытый конкурс,Закупка состоялась
81558492-ОК2,259411.900.000201,"Шпилька для фланцевых соединений с уплотнением стальная, диаметр 20 мм, с гайкой","15857565-1 Государственные закупка для Коммунальное государственное учреждение ""Отдел строительства, архитектуры и градостроительства Кармакшинского района""",Квартира,1,16 503 183.33,Открытый конкурс,Закупка состоялась
81557838-ОК2,259411.900.000201,"Шпилька для фланцевых соединений с уплотнением стальная, диаметр 20 мм, с гайкой","15857556-1 Государственные закупка для Коммунальное государственное учреждение ""Отдел строительства, архитектуры и градостроительства Кармакшинского района""",Квартира,1,16 503 183.33,Открытый конкурс,Закупка состоялась
81557867-ОК2,259411.900.000201,"Шпилька для фланцевых соединений с уплотнением стальная, диаметр 20 мм, с гайкой","15857556-1 Государственные закупка для Коммунальное государственное учреждение ""Отдел строительства, архитектуры и градостроительства Кармакшинского района""",Квартира,1,16 503 183.33,Открытый конкурс,Закупка состоялась
81558424-ОК2,259411.900.000201,"Шпилька для фланцевых соединений с уплотнением стальная, диаметр 20 мм, с гайкой","15857556-1 Государственные закупка для Коммунальное государственное учреждение ""Отдел строительства, архитектуры и градостроительства Кармакшинского района""",Квартира,1,16 503 183.33,Открытый конкурс,Закупка состоялась
81557869-ОК2,259411.900.000201,"Шпилька для фланцевых соединений с уплотнением стальная, диаметр 20 мм, с гайкой","15857556-1 Государственные закупка для Коммунальное государственное учреждение ""Отдел строительства, архитектуры и градостроительства Кармакшинского района""",Квартира,1,16 503 183.33,Открытый конкурс,Закупка состоялась
82533152-ЗЖ1,259411.900.000201,"Шпилька для фланцевых соединений с уплотнением стальная, диаметр 20 мм, с гайкой","15856910-1 Приобретение квартир в городе Хромтау, Хромтауского района, Актюбинской области",Квартира,1,19 710 000.00,Закупка жилища,Закупка состоялась
82534114-ЗЖ1,259411.900.000201,"Шпилька для фланцевых соединений с уплотнением стальная, диаметр 20 мм, с гайкой","15856910-1 Приобретение квартир в городе Хромтау, Хромтауского района, Актюбинской области",Квартира,1,19 710 000.00,Закупка жилища,Закупка состоялась
82533777-ЗЖ1,259411.900.000201,"Шпилька для фланцевых соединений с уплотнением стальная, диаметр 20 мм, с гайкой","15856910-1 Приобретение квартир в городе Хромтау, Хромтауского района, Актюбинской области",Квартира,1,19 680 000.00,Закупка жилища,Закупка состоялась
82533282-ЗЖ1,259411.900.000201,"Шпилька для фланцевых соединений с уплотнением стальная, диаметр 20 мм, с гайкой","15856910-1 Приобретение квартир в городе Хромтау, Хромтауского района, Актюбинской области",Квартира,1,19 710 000.00,Закупка жилища,Закупка состоялась
82539911-ЗЖ1,259411.900.000201,"Шпилька для фланцевых соединений с уплотнением стальная, диаметр 20 мм, с гайкой","15856910-1 Приобретение квартир в городе Хромтау, Хромтауского района, Актюбинской области",Квартира,1,19 650 000.00,Закупка жилища,Закупка состоялась
82540872-ЗЖ1,259411.900.000201,"Шпилька для фланцевых соединений с уплотнением стальная, диаметр 20 мм, с гайкой","15856910-1 Приобретение квартир в городе Хромтау, Хромтауского района, Актюбинской области",Квартира,1,19 980 000.00,Закупка жилища,Закупка состоялась
82540584-ЗЖ1,259411.900.000201,"Шпилька для фланцевых соединений с уплотнением стальная, диаметр 20 мм, с гайкой","15856910-1 Приобретение квартир в городе Хромтау, Хромтауского района, Актюбинской области",Квартира,1,19 950 000.00,Закупка жилища,Закупка состоялась
82540167-ЗЖ1,259411.900.000201,"Шпилька для фланцевых соединений с уплотнением стальная, диаметр 20 мм, с гайкой","15856910-1 Приобретение квартир в городе Хромтау, Хромтауского района, Актюбинской области",Квартира,1,19 740 000.00,Закупка жилища,Закупка состоялась
82540740-ЗЖ1,259411.900.000201,"Шпилька для фланцевых соединений с уплотнением стальная, диаметр 20 мм, с гайкой","15856910-1 Приобретение квартир в городе Хромтау, Хромтауского района, Актюбинской области",Квартира,1,19 740 000.00,Закупка жилища,Закупка состоялась
82542092-ЗЖ1,259411.900.000201,"Шпилька для фланцевых соединений с уплотнением стальная, диаметр 20 мм, с гайкой","15856910-1 Приобретение квартир в городе Хромтау, Хромтауского района, Актюбинской области",Квартира,1,19 530 000.00,Закупка жилища,Закупка состоялась
82533623-ЗЖ1,259411.900.000201,"Шпилька для фланцевых соединений с уплотнением стальная, диаметр 20 мм, с гайкой","15856850-1 Приобретение квартир в городе Хромтау, Хромтауского района, Актюбинской области",Квартира,1,19 890 000.00,Закупка жилища,Закупка состоялась
82541344-ЗЖ1,259411.900.000201,"Шпилька для фланцевых соединений с уплотнением стальная, диаметр 20 мм, с гайкой","15856850-1 Приобретение квартир в городе Хромтау, Хромтауского района, Актюбинской области",Квартира,1,19 890 000.00,Закупка жилища,Закупка состоялась
82540689-ЗЖ1,259411.900.000201,"Шпилька для фланцевых соединений с уплотнением стальная, диаметр 20 мм, с гайкой","15856850-1 Приобретение квартир в городе Хромтау, Хромтауского района, Актюбинской области",Квартира,1,19 890 000.00,Закупка жилища,Закупка состоялась
82533841-ЗЖ1,259411.900.000201,"Шпилька для фланцевых соединений с уплотнением стальная, диаметр 20 мм, с гайкой","15856809-1 Приобретение квартир в городе Хромтау, Хромтауского района, Актюбинской области",Квартира,1,19 830 000.00,Закупка жилища,Закупка состоялась
82540079-ЗЖ1,259411.900.000201,"Шпилька для фланцевых соединений с уплотнением стальная, диаметр 20 мм, с гайкой","15856809-1 Приобретение квартир в городе Хромтау, Хромтауского района, Актюбинской области",Квартира,1,19 860 000.00,Закупка жилища,Закупка состоялась
82540055-ЗЖ1,259411.900.000201,"Шпилька для фланцевых соединений с уплотнением стальная, диаметр 20 мм, с гайкой","15856809-1 Приобретение квартир в городе Хромтау, Хромтауского района, Актюбинской области",Квартира,1,19 860 000.00,Закупка жилища,Закупка состоялась
82542289-ЗЖ1,259411.900.000201,"Шпилька для фланцевых соединений с уплотнением стальная, диаметр 20 мм, с гайкой","15856809-1 Приобретение квартир в городе Хромтау, Хромтауского района, Актюбинской области",Квартира,1,19 830 000.00,Закупка жилища,Закупка состоялась
79958107-ОИ3,259411.900.000201,"Шпилька для фланцевых соединений с уплотнением стальная, диаметр 20 мм, с гайкой",15856648-1 Приобретение 7-ти этажного жилого дома в АДЦ города Туркестан»,Здание,1,814 263 567.60,Из одного источника по несостоявшимся закупкам,Закупка состоялась
79958091-ОИ3,259411.900.000201,"Шпилька для фланцевых соединений с уплотнением стальная, диаметр 20 мм, с гайкой",15856585-1 Приобретение 7-ти этажного жилого дома в АДЦ города Туркестан»,Здание,1,814 263 567.60,Из одного источника по несостоявшимся закупкам,Закупка состоялась
79958089-ОИ3,259411.900.000201,"Шпилька для фланцевых соединений с уплотнением стальная, диаметр 20 мм, с гайкой",15856530-1 Приобретение 7-ти этажного жилого дома в АДЦ города Туркестан»,Здание,1,814 263 567.60,Из одного источника по несостоявшимся закупкам,Закупка состоялась
82488714-ЗЖ1,259411.900.000201,"Шпилька для фланцевых соединений с уплотнением стальная, диаметр 20 мм, с гайкой","15856461-1 Приобретение квартиры в селе Дон, Хромтауского района, Актюбинской области",Квартира,1,19 050 000.00,Закупка жилища,Закупка состоялась
82488480-ЗЖ1,259411.900.000201,"Шпилька для фланцевых соединений с уплотнением стальная, диаметр 20 мм, с гайкой","15856461-1 Приобретение квартиры в селе Дон, Хромтауского района, Актюбинской области",Квартира,1,19 050 000.00,Закупка жилища,Закупка состоялась
82488816-ЗЖ1,259411.900.000201,"Шпилька для фланцевых соединений с уплотнением стальная, диаметр 20 мм, с гайкой","15856461-1 Приобретение квартиры в селе Дон, Хромтауского района, Актюбинской области",Квартира,1,19 050 000.00,Закупка жилища,Закупка состоялась
82488882-ЗЖ1,259411.900.000201,"Шпилька для фланцевых соединений с уплотнением стальная, диаметр 20 мм, с гайкой","15856461-1 Приобретение квартиры в селе Дон, Хромтауского района, Актюбинской области",Квартира,1,19 050 000.00,Закупка жилища,Закупка состоялась
82488366-ЗЖ1,259411.900.000201,"Шпилька для фланцевых соединений с уплотнением стальная, диаметр 20 мм, с гайкой","15856461-1 Приобретение квартиры в селе Дон, Хромтауского района, Актюбинской области",Квартира,1,19 050 000.00,Закупка жилища,Закупка состоялась
82489431-ЗЖ1,259411.900.000201,"Шпилька для фланцевых соединений с уплотнением стальная, диаметр 20 мм, с гайкой","15856461-1 Приобретение квартиры в селе Дон, Хромтауского района, Актюбинской области",Квартира,1,19 050 000.00,Закупка жилища,Закупка состоялась
79958116-ОИ3,259411.900.000201,"Шпилька для фланцевых соединений с уплотнением стальная, диаметр 20 мм, с гайкой",15856485-1 Приобретение 7-ти этажного жилого дома в АДЦ города Туркестан»,Здание,1,814 263 567.60,Из одного источника по несостоявшимся закупкам,Закупка состоялась
79958119-ОИ3,259411.900.000201,"Шпилька для фланцевых соединений с уплотнением стальная, диаметр 20 мм, с гайкой",15856349-1 Приобретение 7-ти этажного жилого дома в АДЦ города Туркестан»,Здание,1,814 263 567.60,Из одного источника по несостоявшимся закупкам,Закупка состоялась
82031073-ОК1,259411.900.000201,"Шпилька для фланцевых соединений с уплотнением стальная, диаметр 20 мм, с гайкой",15841719-2 внутренние отделки и другие ремонтные работы,Работы малярные,1,19 558 806.00,Открытый конкурс,Закупка состоялась
82031060-ОК1,259411.900.000201,"Шпилька для фланцевых соединений с уплотнением стальная, диаметр 20 мм, с гайкой",15841719-2 внутренние отделки и другие ремонтные работы,Работы малярные,1,30 740 535.00,Открытый конкурс,Закупка состоялась
79958065-ОИ3,259411.900.000201,"Шпилька для фланцевых соединений с уплотнением стальная, диаметр 20 мм, с гайкой",15856310-1 Приобретение 7-ти этажного жилого дома в АДЦ города Туркестан»,Здание,1,814 263 567.60,Из одного источника по несостоявшимся закупкам,Закупка состоялась
79958079-ОИ3,259411.900.000201,"Шпилька для фланцевых соединений с уплотнением стальная, диаметр 20 мм, с гайкой",15856267-1 Приобретение 7-ти этажного жилого дома в АДЦ города Туркестан»,Здание,1,814 263 567.60,Из одного источника по несостоявшимся закупкам,Закупка состоялась
79958061-ОИ3,259411.900.000201,"Шпилька для фланцевых соединений с уплотнением стальная, диаметр 20 мм, с гайкой",15856161-1 Приобретение 7-ти этажного жилого дома в АДЦ города Туркестан»,Здание,1,814 263 567.60,Из одного источника по несостоявшимся закупкам,Закупка состоялась
79958052-ОИ3,259411.900.000201,"Шпилька для фланцевых соединений с уплотнением стальная, диаметр 20 мм, с гайкой",15856090-1 Приобретение 7-ти этажного жилого дома в АДЦ города Туркестан»,Здание,1,814 263 567.60,Из одного источника по несостоявшимся закупкам,Закупка состоялась
79958074-ОИ3,259411.900.000201,"Шпилька для фланцевых соединений с уплотнением стальная, диаметр 20 мм, с гайкой",15856023-1 Приобретение 7-ти этажного жилого дома в АДЦ города Туркестан»,Здание,1,814 263 567.60,Из одного источника по несостоявшимся закупкам,Закупка состоялась
79958070-ОИ3,259411.900.000201,"Шпилька для фланцевых соединений с уплотнением стальная, диаметр 20 мм, с гайкой",15855961-1 Приобретение 7-ти этажного жилого дома в АДЦ города Туркестан»,Здание,1,814 263 567.60,Из одного источника по несостоявшимся закупкам,Закупка состоялась
79958085-ОИ3,259411.900.000201,"Шпилька для фланцевых соединений с уплотнением стальная, диаметр 20 мм, с гайкой",15855878-1 Приобретение 7-ти этажного жилого дома в АДЦ города Туркестан»,Здание,1,814 263 567.60,Из одного источника по несостоявшимся закупкам,Закупка состоялась
79958120-ОИ3,259411.900.000201,"Шпилька для фланцевых соединений с уплотнением стальная, диаметр 20 мм, с гайкой",15855793-1 Приобретение 7-ти этажного жилого дома в АДЦ города Туркестан»,Здание,1,814 263 567.60,Из одного источника по несостоявшимся закупкам,Закупка состоялась
79958121-ОИ3,259411.900.000201,"Шпилька для фланцевых соединений с уплотнением стальная, диаметр 20 мм, с гайкой",15855488-1 Приобретение 7-ти этажного жилого дома в АДЦ города Туркестан»,Здание,1,814 263 567.60,Из одного источника по несостоявшимся закупкам,Закупка состоялась
82192154-ОК1,259411.900.000201,"Шпилька для фланцевых соединений с уплотнением стальная, диаметр 20 мм, с гайкой","15844333-2 Приобретение квартир для ГУ ""Отдел строительства города Караганды""",Квартира,1,22 104 000.00,Открытый конкурс,Закупка состоялась
82189914-ОК1,259411.900.000201,"Шпилька для фланцевых соединений с уплотнением стальная, диаметр 20 мм, с гайкой","15844333-2 Приобретение квартир для ГУ ""Отдел строительства города Караганды""",Квартира,1,37 368 000.00,Открытый конкурс,Закупка состоялась
82189487-ОК1,259411.900.000201,"Шпилька для фланцевых соединений с уплотнением стальная, диаметр 20 мм, с гайкой","15844326-2 Приобретение квартир для ГУ ""Отдел строительства города Караганды""",Квартира,1,38 887 000.00,Открытый конкурс,Закупка состоялась
82190352-ОК1,259411.900.000201,"Шпилька для фланцевых соединений с уплотнением стальная, диаметр 20 мм, с гайкой","15844333-2 Приобретение квартир для ГУ ""Отдел строительства города Караганды""",Квартира,1,30 492 000.00,Открытый конкурс,Закупка состоялась
82189359-ОК1,259411.900.000201,"Шпилька для фланцевых соединений с уплотнением стальная, диаметр 20 мм, с гайкой","15844326-2 Приобретение квартир для ГУ ""Отдел строительства города Караганды""",Квартира,1,32 436 000.00,Открытый конкурс,Закупка состоялась
82189983-ОК1,259411.900.000201,"Шпилька для фланцевых соединений с уплотнением стальная, диаметр 20 мм, с гайкой","15844333-2 Приобретение квартир для ГУ ""Отдел строительства города Караганды""",Квартира,1,40 608 000.00,Открытый конкурс,Закупка состоялась
81844206-ОК1,259411.900.000201,"Шпилька для фланцевых соединений с уплотнением стальная, диаметр 20 мм, с гайкой","15844326-2 Приобретение квартир для ГУ ""Отдел строительства города Караганды""",Квартира,1,24 228 000.00,Открытый конкурс,Закупка состоялась
81844180-ОК1,259411.900.000201,"Шпилька для фланцевых соединений с уплотнением стальная, диаметр 20 мм, с гайкой","15844333-2 Приобретение квартир для ГУ ""Отдел строительства города Караганды""",Квартира,1,20 376 000.00,Открытый конкурс,Закупка состоялась
80017598-ОИ6,259411.900.000201,"Шпилька для фланцевых соединений с уплотнением стальная, диаметр 20 мм, с гайкой",15854512-1 Закупка услуги по сделкам в области лизингового кредитования,Услуги по финансовому лизингу,1,38 380 050.28,Из одного источника по несостоявшимся закупкам,Закупка состоялась
80889800-ОИ3,259411.900.000201,"Шпилька для фланцевых соединений с уплотнением стальная, диаметр 20 мм, с гайкой",15854516-1 Услуги для ГККП,Услуги по финансовому лизингу,1,446 628 417.68,Из одного источника по несостоявшимся закупкам,Закупка состоялась
82222289-ОИ2,259411.900.000201,"Шпилька для фланцевых соединений с уплотнением стальная, диаметр 20 мм, с гайкой",15854415-1 Приобретение нового одноквартирного дома в селе Федоровка,Квартира,1,20 808 086.00,Из одного источника по несостоявшимся закупкам,Закупка состоялась
81047321-ЗЖ2,259411.900.000201,"Шпилька для фланцевых соединений с уплотнением стальная, диаметр 20 мм, с гайкой",15854145-1 Приобретение жилого дома в селе Карауылкелды Байганинского района Актюбинской области (согласно технической спецификации),Здание,1,19 050 000.00,Закупка жилища,Закупка состоялась
81047297-ЗЖ2,259411.900.000201,"Шпилька для фланцевых соединений с уплотнением стальная, диаметр 20 мм, с гайкой",15854145-1 Приобретение жилого дома в селе Карауылкелды Байганинского района Актюбинской области (согласно технической спецификации),Здание,1,19 050 000.00,Закупка жилища,Закупка состоялась
81047324-ЗЖ2,259411.900.000201,"Шпилька для фланцевых соединений с уплотнением стальная, диаметр 20 мм, с гайкой",15854145-1 Приобретение жилого дома в селе Карауылкелды Байганинского района Актюбинской области (согласно технической спецификации),Здание,1,19 050 000.00,Закупка жилища,Закупка состоялась
81047316-ЗЖ2,259411.900.000201,"Шпилька для фланцевых соединений с уплотнением стальная, диаметр 20 мм, с гайкой",15854145-1 Приобретение жилого дома в селе Карауылкелды Байганинского района Актюбинской области (согласно технической спецификации),Здание,1,19 050 000.00,Закупка жилища,Закупка состоялась
81047313-ЗЖ2,259411.900.000201,"Шпилька для фланцевых соединений с уплотнением стальная, диаметр 20 мм, с гайкой",15854145-1 Приобретение жилого дома в селе Карауылкелды Байганинского района Актюбинской области (согласно технической спецификации),Здание,1,19 050 000.00,Закупка жилища,Закупка состоялась
82487616-ЗЖ1,259411.900.000201,"Шпилька для фланцевых соединений с уплотнением стальная, диаметр 20 мм, с гайкой",15854032-1 Приобретение жилого дома в селе Карауылкелды Байганинского района Актюбинской области,Здание,1,19 050 000.00,Закупка жилища,Закупка состоялась
82487481-ЗЖ1,259411.900.000201,"Шпилька для фланцевых соединений с уплотнением стальная, диаметр 20 мм, с гайкой",15854032-1 Приобретение жилого дома в селе Карауылкелды Байганинского района Актюбинской области,Здание,1,19 050 000.00,Закупка жилища,Закупка состоялась
80057894-ОИ7,259411.900.000201,"Шпилька для фланцевых соединений с уплотнением стальная, диаметр 20 мм, с гайкой",15853703-1 Услуги по сделкам в области лизингового кредитования,Услуги по финансовому лизингу,1,110 780 798.00,Из одного источника по несостоявшимся закупкам,Закупка состоялась
82433600-ЗЦП1,259411.900.000201,"Шпилька для фланцевых соединений с уплотнением стальная, диаметр 20 мм, с гайкой",15853672-1 Автоматизированная информационная система электронных библиотечных ресурсов,Услуги по подписке на информационные ленты,1,22 500 000.00,Запрос ценовых предложений,Закупка состоялась
82462275-ЗЖ1,259411.900.000201,"Шпилька для фланцевых соединений с уплотнением стальная, диаметр 20 мм, с гайкой",15852854-1 Приобретение 2-х одна комнатных квартир с площадью не менее 30 кв метров в поселке Шашубай,Квартира,1,20 724 197.94,Закупка жилища,Закупка состоялась
82461874-ЗЖ1,259411.900.000201,"Шпилька для фланцевых соединений с уплотнением стальная, диаметр 20 мм, с гайкой",15852851-1 Приобретение 2-х трехкомнатных квартир с площадью не менее 57 кв метров в поселке Шашубай,Квартира,1,38 730 468.20,Закупка жилища,Закупка состоялась
82462151-ЗЖ1,259411.900.000201,"Шпилька для фланцевых соединений с уплотнением стальная, диаметр 20 мм, с гайкой",15852845-1 Приобретение 3-х четырехкомнатных квартир с площадью не менее 58 кв метров в поселке Шашубай,Квартира,1,59 828 381.28,Закупка жилища,Закупка состоялась
82461631-ЗЖ1,259411.900.000201,"Шпилька для фланцевых соединений с уплотнением стальная, диаметр 20 мм, с гайкой",15852835-1 Приобретение трех трехкомнатных квартир с площадью не менее 50 кв метров в поселке Шашубай,Квартира,1,51 266 910.70,Закупка жилища,Закупка состоялась
82451586-ЗЖ1,259411.900.000201,"Шпилька для фланцевых соединений с уплотнением стальная, диаметр 20 мм, с гайкой",15852524-1 Приобретение жилья в Алгинском районе Актюбинской области (согласно технической спецификации),Квартира,1,19 050 000.00,Закупка жилища,Закупка состоялась
82451853-ЗЖ1,259411.900.000201,"Шпилька для фланцевых соединений с уплотнением стальная, диаметр 20 мм, с гайкой",15852520-1 Приобретение жилья в Алгинском районе Актюбинской области (согласно технической спецификации),Квартира,1,19 050 000.00,Закупка жилища,Закупка состоялась
82451883-ЗЖ1,259411.900.000201,"Шпилька для фланцевых соединений с уплотнением стальная, диаметр 20 мм, с гайкой",15852511-1 Приобретение жилья в Алгинском районе Актюбинской области (согласно технической спецификации),Квартира,1,19 050 000.00,Закупка жилища,Закупка состоялась
82451874-ЗЖ1,259411.900.000201,"Шпилька для фланцевых соединений с уплотнением стальная, диаметр 20 мм, с гайкой",15852491-1 Приобретение жилья в Алгинском районе Актюбинской области (согласно технической спецификации),Квартира,1,19 050 000.00,Закупка жилища,Закупка состоялась
82451565-ЗЖ1,259411.900.000201,"Шпилька для фланцевых соединений с уплотнением стальная, диаметр 20 мм, с гайкой",15852469-1 Приобретение жилья в Алгинском районе Актюбинской области (согласно технической спецификации),Квартира,1,19 050 000.00,Закупка жилища,Закупка состоялась
82451568-ЗЖ1,259411.900.000201,"Шпилька для фланцевых соединений с уплотнением стальная, диаметр 20 мм, с гайкой",15852459-1 Приобретение жилья в Алгинском районе Актюбинской области (согласно технической спецификации),Квартира,1,19 050 000.00,Закупка жилища,Закупка состоялась
81580989-ОИ3,259411.900.000201,"Шпилька для фланцевых соединений с уплотнением стальная, диаметр 20 мм, с гайкой",15852268-1 Приобретение нежилого здания в с.Болашак Переметнинского с/о района Бәйтерек ЗКО/,Здание,1,23 000 000.00,Из одного источника по несостоявшимся закупкам,Закупка состоялась
82445473-ЗЖ1,259411.900.000201,"Шпилька для фланцевых соединений с уплотнением стальная, диаметр 20 мм, с гайкой",15852198-1 Приобретение квартиры на территории Мунайлинского района,Квартира,1,16 960 000.00,Закупка жилища,Закупка состоялась
77021750-ЗЦП1,259411.900.000201,"Шпилька для фланцевых соединений с уплотнением стальная, диаметр 20 мм, с гайкой",15851705-1 Приобретение здания для ветеринарного пункта в сельском округе Сайын Шапагатова,Здание мобильное,1,29 656 000.00,Запрос ценовых предложений,Закупка состоялась
82409990-ЗЖ1,259411.900.000201,"Шпилька для фланцевых соединений с уплотнением стальная, диаметр 20 мм, с гайкой",15850878-1 Приобретение служебной квартиры согласно технической спецификации.,Квартира,1,28 700 000.00,Закупка жилища,Закупка состоялась
75807130-ОИ2,259411.900.000201,"Шпилька для фланцевых соединений с уплотнением стальная, диаметр 20 мм, с гайкой",15850068-1 Приобретение медицинской техники,Аппарат,1,15 000 000.00,Из одного источника по несостоявшимся закупкам,Закупка состоялась
80188803-ОИ5,259411.900.000201,"Шпилька для фланцевых соединений с уплотнением стальная, диаметр 20 мм, с гайкой",15849813-1 Услуги финансового лизинга на приобретение специализированной техники,Услуги по финансовому лизингу,1,110 747 120.00,Из одного источника по несостоявшимся закупкам,Закупка состоялась
80189781-ОИ5,259411.900.000201,"Шпилька для фланцевых соединений с уплотнением стальная, диаметр 20 мм, с гайкой",15849813-1 Услуги финансового лизинга на приобретение специализированной техники,Услуги по финансовому лизингу,1,78 903 696.52,Из одного источника по несостоявшимся закупкам,Закупка состоялась
80190707-ОИ5,259411.900.000201,"Шпилька для фланцевых соединений с уплотнением стальная, диаметр 20 мм, с гайкой",15849813-1 Услуги финансового лизинга на приобретение специализированной техники,Услуги по финансовому лизингу,1,145 756 600.00,Из одного источника по несостоявшимся закупкам,Закупка состоялась
82376627-ЗЖ1,259411.900.000201,"Шпилька для фланцевых соединений с уплотнением стальная, диаметр 20 мм, с гайкой",15849350-1 Приобретение жилых домов в с.Кордай Кордайского района Жамбылской области,Здание,1,17 055 900.00,Закупка жилища,Закупка состоялась
80326357-ОИ4,259411.900.000201,"Шпилька для фланцевых соединений с уплотнением стальная, диаметр 20 мм, с гайкой",15849042-1 услуга финансового лизинга,Услуги по финансовому лизингу,1,191 312 347.00,Из одного источника по несостоявшимся закупкам,Закупка состоялась
81214712-ОИ3,259411.900.000201,"Шпилька для фланцевых соединений с уплотнением стальная, диаметр 20 мм, с гайкой",15848815-1 Услуги финансового лизинга по приобретению основного автотранспорта,Услуги по финансовому лизингу,1,3 421 275 000.00,Из одного источника по несостоявшимся закупкам,Закупка состоялась
76470602-ОК2,259411.900.000201,"Шпилька для фланцевых соединений с уплотнением стальная, диаметр 20 мм, с гайкой",15848626-1 Приобретение здания ветеринарного пункта в Алмазненском сельском округе,Здание,1,15 000 000.00,Открытый конкурс,Закупка состоялась
82353615-ЗЖ1,259411.900.000201,"Шпилька для фланцевых соединений с уплотнением стальная, диаметр 20 мм, с гайкой",15848453-1 Приобретение 12-квартирного дома в поселке Сарышаган Актогайского района,Квартира,1,29 000 000.00,Закупка жилища,Закупка состоялась
82353417-ЗЖ1,259411.900.000201,"Шпилька для фланцевых соединений с уплотнением стальная, диаметр 20 мм, с гайкой",15848452-1 Приобретение 12-квартирного дома в поселке Сарышаган Актогайского района,Квартира,1,208 600 000.00,Закупка жилища,Закупка состоялась
82353413-ЗЖ1,259411.900.000201,"Шпилька для фланцевых соединений с уплотнением стальная, диаметр 20 мм, с гайкой",15848450-1 Приобретение 12-квартирного дома в поселке Сарышаган,Квартира,1,208 600 000.00,Закупка жилища,Закупка состоялась
82350961-ЗЖ1,259411.900.000201,"Шпилька для фланцевых соединений с уплотнением стальная, диаметр 20 мм, с гайкой","15848424-1 Приобретение жилого дома или квартиры, 3-х и более комнат, общая площадь от 80 и более в г. Каркаралинск",Квартира,1,26 435 760.00,Закупка жилища,Закупка состоялась
82350927-ЗЖ1,259411.900.000201,"Шпилька для фланцевых соединений с уплотнением стальная, диаметр 20 мм, с гайкой","15848423-1 Приобретение жилого дома или квартиры, 3-х и более комнат, общая площадь от 80 и более в г. Каркаралинск",Квартира,1,26 435 760.00,Закупка жилища,Закупка состоялась
82350971-ЗЖ1,259411.900.000201,"Шпилька для фланцевых соединений с уплотнением стальная, диаметр 20 мм, с гайкой","15848422-1 Приобретение жилого дома или квартиры, 3-х и более комнат, общая площадь от 80 и более в г. Каркаралинск",Квартира,1,26 435 760.00,Закупка жилища,Закупка состоялась
82350945-ЗЖ1,259411.900.000201,"Шпилька для фланцевых соединений с уплотнением стальная, диаметр 20 мм, с гайкой","15848421-1 Приобретение жилого дома или квартиры, 3-х и более комнат, общая площадь от 80 и более в г. Каркаралинск",Квартира,1,26 435 760.00,Закупка жилища,Закупка состоялась
82350967-ЗЖ1,259411.900.000201,"Шпилька для фланцевых соединений с уплотнением стальная, диаметр 20 мм, с гайкой","15848413-1 Приобретение жилого дома или квартиры, 3-х и более комнат, общая площадь от 80 и более в г. Каркаралинск",Квартира,1,26 435 760.00,Закупка жилища,Закупка состоялась
82350941-ЗЖ1,259411.900.000201,"Шпилька для фланцевых соединений с уплотнением стальная, диаметр 20 мм, с гайкой","15848411-1 Приобретение жилого дома или квартиры, 3-х и более комнат, общая площадь от 80 и более в г. Каркаралинск",Квартира,1,26 435 760.00,Закупка жилища,Закупка состоялась
81639115-ЗЖ2,259411.900.000201,"Шпилька для фланцевых соединений с уплотнением стальная, диаметр 20 мм, с гайкой","15848389-1 Приобретение жилого дома или квартиры 1 комнатная, общая площадь от 45,8 и более в г. Каркаралинск",Квартира,1,15 134 472.60,Закупка жилища,Закупка состоялась
81639113-ЗЖ2,259411.900.000201,"Шпилька для фланцевых соединений с уплотнением стальная, диаметр 20 мм, с гайкой","15848387-1 Приобретение жилого дома или квартиры 1 комнатная, общая площадь от 45,8 и более в г. Каркаралинск",Квартира,1,15 134 472.60,Закупка жилища,Закупка состоялась
81639123-ЗЖ2,259411.900.000201,"Шпилька для фланцевых соединений с уплотнением стальная, диаметр 20 мм, с гайкой","15848384-1 Приобретение жилого дома или квартиры 1 комнатная, общая площадь от 45,8 и более в г. Каркаралинск",Квартира,1,15 134 472.60,Закупка жилища,Закупка состоялась
81639111-ЗЖ2,259411.900.000201,"Шпилька для фланцевых соединений с уплотнением стальная, диаметр 20 мм, с гайкой","15848380-1 Приобретение жилого дома или квартиры 1 комнатная, общая площадь от 45,8 и более в г. Каркаралинск",Квартира,1,15 134 472.60,Закупка жилища,Закупка состоялась
81639103-ЗЖ2,259411.900.000201,"Шпилька для фланцевых соединений с уплотнением стальная, диаметр 20 мм, с гайкой","15848379-1 Приобретение жилого дома или квартиры 1 комнатная, общая площадь от 45,8 и более в г. Каркаралинск",Квартира,1,15 134 472.60,Закупка жилища,Закупка состоялась
81639119-ЗЖ2,259411.900.000201,"Шпилька для фланцевых соединений с уплотнением стальная, диаметр 20 мм, с гайкой","15848377-1 Приобретение жилого дома или квартиры 1 комнатная, общая площадь от 45,8 и более в г. Каркаралинск",Квартира,1,15 134 472.60,Закупка жилища,Закупка состоялась
81639107-ЗЖ2,259411.900.000201,"Шпилька для фланцевых соединений с уплотнением стальная, диаметр 20 мм, с гайкой","15848374-1 Приобретение жилого дома или квартиры 1 комнатная, общая площадь от 45,8 и более в г. Каркаралинск",Квартира,1,15 134 472.60,Закупка жилища,Закупка состоялась
80310859-ЗЖ5,259411.900.000201,"Шпилька для фланцевых соединений с уплотнением стальная, диаметр 20 мм, с гайкой",15847631-1 Приобретение жилья в Алгинском районе Актюбинской области (согласно технической спецификации),Квартира,1,19 050 000.00,Закупка жилища,Закупка состоялась
80310856-ЗЖ5,259411.900.000201,"Шпилька для фланцевых соединений с уплотнением стальная, диаметр 20 мм, с гайкой",15847629-1 Приобретение жилья в Алгинском районе Актюбинской области (согласно технической спецификации),Квартира,1,19 050 000.00,Закупка жилища,Закупка состоялась
80310854-ЗЖ5,259411.900.000201,"Шпилька для фланцевых соединений с уплотнением стальная, диаметр 20 мм, с гайкой",15847625-1 Приобретение жилья в Алгинском районе Актюбинской области (согласно технической спецификации),Квартира,1,19 050 000.00,Закупка жилища,Закупка состоялась
80310858-ЗЖ5,259411.900.000201,"Шпилька для фланцевых соединений с уплотнением стальная, диаметр 20 мм, с гайкой",15847621-1 Приобретение жилья в Алгинском районе Актюбинской области (согласно технической спецификации),Квартира,1,19 050 000.00,Закупка жилища,Закупка состоялась
80310849-ЗЖ5,259411.900.000201,"Шпилька для фланцевых соединений с уплотнением стальная, диаметр 20 мм, с гайкой",15847619-1 Приобретение жилья в Алгинском районе Актюбинской области (согласно технической спецификации),Квартира,1,19 050 000.00,Закупка жилища,Закупка состоялась
81898830-ЗЖ1,259411.900.000201,"Шпилька для фланцевых соединений с уплотнением стальная, диаметр 20 мм, с гайкой","15847563-1 Приобретение квартир города Хромтау, Хромтауского района, Актюбинской области",Квартира,1,19 560 000.00,Закупка жилища,Закупка состоялась
81898766-ЗЖ1,259411.900.000201,"Шпилька для фланцевых соединений с уплотнением стальная, диаметр 20 мм, с гайкой","15847551-1 Приобретение квартир города Хромтау, Хромтауского района, Актюбинской области",Квартира,1,23 850 000.00,Закупка жилища,Закупка состоялась
81898733-ЗЖ1,259411.900.000201,"Шпилька для фланцевых соединений с уплотнением стальная, диаметр 20 мм, с гайкой","15847544-1 Приобретение квартир города Хромтау, Хромтауского района, Актюбинской области",Квартира,1,19 110 000.00,Закупка жилища,Закупка состоялась
81899196-ЗЖ1,259411.900.000201,"Шпилька для фланцевых соединений с уплотнением стальная, диаметр 20 мм, с гайкой","15847535-1 Приобретение квартир города Хромтау, Хромтауского района, Актюбинской области",Квартира,1,23 910 000.00,Закупка жилища,Закупка состоялась
81896700-ЗЖ1,259411.900.000201,"Шпилька для фланцевых соединений с уплотнением стальная, диаметр 20 мм, с гайкой","15847526-1 Приобретение квартир города Хромтау, Хромтауского района, Актюбинской области",Квартира,1,19 410 000.00,Закупка жилища,Закупка состоялась
81899183-ЗЖ1,259411.900.000201,"Шпилька для фланцевых соединений с уплотнением стальная, диаметр 20 мм, с гайкой","15847517-1 Приобретение квартир города Хромтау, Хромтауского района, Актюбинской области",Квартира,1,19 350 000.00,Закупка жилища,Закупка состоялась
81897155-ЗЖ1,259411.900.000201,"Шпилька для фланцевых соединений с уплотнением стальная, диаметр 20 мм, с гайкой","15847503-1 Приобретение квартир города Хромтау, Хромтауского района, Актюбинской области",Квартира,1,23 910 000.00,Закупка жилища,Закупка состоялась
82289932-ЗЖ1,259411.900.000201,"Шпилька для фланцевых соединений с уплотнением стальная, диаметр 20 мм, с гайкой",15847224-1 Приобретение жилья в с.Достык Мартукского района Актюбинской области,Здание,1,19 050 000.00,Закупка жилища,Закупка состоялась
81897889-ЗЖ1,259411.900.000201,"Шпилька для фланцевых соединений с уплотнением стальная, диаметр 20 мм, с гайкой","15847210-1 Приобретение квартир города Хромтау, Хромтауского района, Актюбинской области",Квартира,1,24 060 000.00,Закупка жилища,Закупка состоялась
81896885-ЗЖ1,259411.900.000201,"Шпилька для фланцевых соединений с уплотнением стальная, диаметр 20 мм, с гайкой","15847210-1 Приобретение квартир города Хромтау, Хромтауского района, Актюбинской области",Квартира,1,24 060 000.00,Закупка жилища,Закупка состоялась
82289998-ЗЖ1,259411.900.000201,"Шпилька для фланцевых соединений с уплотнением стальная, диаметр 20 мм, с гайкой",15847192-1 Приобретение жилья в с.Достык Мартукского района Актюбинской области,Здание,1,19 050 000.00,Закупка жилища,Закупка состоялась
81897969-ЗЖ1,259411.900.000201,"Шпилька для фланцевых соединений с уплотнением стальная, диаметр 20 мм, с гайкой","15847171-1 Приобретение квартир города Хромтау, Хромтауского района, Актюбинской области",Квартира,1,19 290 000.00,Закупка жилища,Закупка состоялась
81897079-ЗЖ1,259411.900.000201,"Шпилька для фланцевых соединений с уплотнением стальная, диаметр 20 мм, с гайкой","15847171-1 Приобретение квартир города Хромтау, Хромтауского района, Актюбинской области",Квартира,1,19 290 000.00,Закупка жилища,Закупка состоялась
81897216-ЗЖ1,259411.900.000201,"Шпилька для фланцевых соединений с уплотнением стальная, диаметр 20 мм, с гайкой","15847171-1 Приобретение квартир города Хромтау, Хромтауского района, Актюбинской области",Квартира,1,19 290 000.00,Закупка жилища,Закупка состоялась
82285721-ЗЖ1,259411.900.000201,"Шпилька для фланцевых соединений с уплотнением стальная, диаметр 20 мм, с гайкой",15847141-1 Приобретение жилья в с.Вознесеновка Мартукского района Актюбинской области,Здание,1,19 050 000.00,Закупка жилища,Закупка состоялась
81901363-ЗЖ1,259411.900.000201,"Шпилька для фланцевых соединений с уплотнением стальная, диаметр 20 мм, с гайкой","15847133-1 Приобретение квартир города Хромтау, Хромтауского района, Актюбинской области",Квартира,1,19 500 000.00,Закупка жилища,Закупка состоялась
81901372-ЗЖ1,259411.900.000201,"Шпилька для фланцевых соединений с уплотнением стальная, диаметр 20 мм, с гайкой","15847133-1 Приобретение квартир города Хромтау, Хромтауского района, Актюбинской области",Квартира,1,19 500 000.00,Закупка жилища,Закупка состоялась
82285983-ЗЖ1,259411.900.000201,"Шпилька для фланцевых соединений с уплотнением стальная, диаметр 20 мм, с гайкой",15847118-1 Приобретение жилья в с.Вознесеновка Мартукского района Актюбинской области,Здание,1,19 050 000.00,Закупка жилища,Закупка состоялась
81899116-ЗЖ1,259411.900.000201,"Шпилька для фланцевых соединений с уплотнением стальная, диаметр 20 мм, с гайкой","15847092-1 Приобретение квартир города Хромтау, Хромтауского района, Актюбинской области",Квартира,1,24 030 000.00,Закупка жилища,Закупка состоялась
81901405-ЗЖ1,259411.900.000201,"Шпилька для фланцевых соединений с уплотнением стальная, диаметр 20 мм, с гайкой","15847092-1 Приобретение квартир города Хромтау, Хромтауского района, Актюбинской области",Квартира,1,24 030 000.00,Закупка жилища,Закупка состоялась
82285678-ЗЖ1,259411.900.000201,"Шпилька для фланцевых соединений с уплотнением стальная, диаметр 20 мм, с гайкой",15847080-1 Приобретение жилья в с.Вознесеновка Мартукского района Актюбинской области,Здание,1,19 050 000.00,Закупка жилища,Закупка состоялась
81901295-ЗЖ1,259411.900.000201,"Шпилька для фланцевых соединений с уплотнением стальная, диаметр 20 мм, с гайкой","15847062-1 Приобретение квартир города Хромтау, Хромтауского района, Актюбинской области",Квартира,1,24 000 000.00,Закупка жилища,Закупка состоялась
81945576-КРБС1,259411.900.000201,"Шпилька для фланцевых соединений с уплотнением стальная, диаметр 20 мм, с гайкой",15847053-1 Услуги по техническому надзору Реконструкция водоснабжения и водозаборных сооружений в села Мойынкум Мойынкумского района Жамбылской области»,Услуги по осуществлению технического надзора в сфере строительной деятельности,1,28 967 292.00,Конкурс с использованием рейтингово-балльной системы,Закупка состоялась
82285697-ЗЖ1,259411.900.000201,"Шпилька для фланцевых соединений с уплотнением стальная, диаметр 20 мм, с гайкой",15847046-1 Приобретение жилья в с.Вознесеновка Мартукского района Актюбинской области,Здание,1,19 050 000.00,Закупка жилища,Закупка состоялась
81898288-ЗЖ1,259411.900.000201,"Шпилька для фланцевых соединений с уплотнением стальная, диаметр 20 мм, с гайкой","15847020-1 Приобретение квартир города Хромтау, Хромтауского района, Актюбинской области",Квартира,1,23 970 000.00,Закупка жилища,Закупка состоялась
81951872-КРБС1,259411.900.000201,"Шпилька для фланцевых соединений с уплотнением стальная, диаметр 20 мм, с гайкой",15846934-1 Реконструкция водоснабжения и водозаборных сооружений в села Мойынкум Мойынкумского района Жамбылской области,"Работы по строительству объектов/систем/сетей водоснабжения, водопроводных сетей",1,1 101 417 925.00,Конкурс с использованием рейтингово-балльной системы,Закупка состоялась
82284603-ЗЖ1,259411.900.000201,"Шпилька для фланцевых соединений с уплотнением стальная, диаметр 20 мм, с гайкой",15846828-1 Приобретение квартир для ГУ «Отдел строительства города Караганды»,Квартира,1,31 028 973.30,Закупка жилища,Закупка состоялась
82285236-ЗЖ1,259411.900.000201,"Шпилька для фланцевых соединений с уплотнением стальная, диаметр 20 мм, с гайкой",15846828-1 Приобретение квартир для ГУ «Отдел строительства города Караганды»,Квартира,1,29 938 498.20,Закупка жилища,Закупка состоялась
82284892-ЗЖ1,259411.900.000201,"Шпилька для фланцевых соединений с уплотнением стальная, диаметр 20 мм, с гайкой",15846828-1 Приобретение квартир для ГУ «Отдел строительства города Караганды»,Квартира,1,27 063 609.30,Закупка жилища,Закупка состоялась
82284285-ЗЖ1,259411.900.000201,"Шпилька для фланцевых соединений с уплотнением стальная, диаметр 20 мм, с гайкой",15846828-1 Приобретение квартир для ГУ «Отдел строительства города Караганды»,Квартира,1,31 028 973.30,Закупка жилища,Закупка состоялась
82286667-ЗЖ1,259411.900.000201,"Шпилька для фланцевых соединений с уплотнением стальная, диаметр 20 мм, с гайкой",15846828-1 Приобретение квартир для ГУ «Отдел строительства города Караганды»,Квартира,1,24 156 000.00,Закупка жилища,Закупка состоялась
82285347-ЗЖ1,259411.900.000201,"Шпилька для фланцевых соединений с уплотнением стальная, диаметр 20 мм, с гайкой",15846828-1 Приобретение квартир для ГУ «Отдел строительства города Караганды»,Квартира,1,20 520 758.70,Закупка жилища,Закупка состоялась
82286584-ЗЖ1,259411.900.000201,"Шпилька для фланцевых соединений с уплотнением стальная, диаметр 20 мм, с гайкой",15846828-1 Приобретение квартир для ГУ «Отдел строительства города Караганды»,Квартира,1,24 408 000.00,Закупка жилища,Закупка состоялась
82286370-ЗЖ1,259411.900.000201,"Шпилька для фланцевых соединений с уплотнением стальная, диаметр 20 мм, с гайкой",15846828-1 Приобретение квартир для ГУ «Отдел строительства города Караганды»,Квартира,1,17 892 000.00,Закупка жилища,Закупка состоялась
82286314-ЗЖ1,259411.900.000201,"Шпилька для фланцевых соединений с уплотнением стальная, диаметр 20 мм, с гайкой",15846828-1 Приобретение квартир для ГУ «Отдел строительства города Караганды»,Квартира,1,31 536 000.00,Закупка жилища,Закупка состоялась
82284349-ЗЖ1,259411.900.000201,"Шпилька для фланцевых соединений с уплотнением стальная, диаметр 20 мм, с гайкой",15846828-1 Приобретение квартир для ГУ «Отдел строительства города Караганды»,Квартира,1,21 082 518.60,Закупка жилища,Закупка состоялась
82284796-ЗЖ1,259411.900.000201,"Шпилька для фланцевых соединений с уплотнением стальная, диаметр 20 мм, с гайкой",15846828-1 Приобретение квартир для ГУ «Отдел строительства города Караганды»,Квартира,1,22 470 396.00,Закупка жилища,Закупка состоялась
82285335-ЗЖ1,259411.900.000201,"Шпилька для фланцевых соединений с уплотнением стальная, диаметр 20 мм, с гайкой",15846828-1 Приобретение квартир для ГУ «Отдел строительства города Караганды»,Квартира,1,20 520 758.70,Закупка жилища,Закупка состоялась
82267483-ЗЖ1,259411.900.000201,"Шпилька для фланцевых соединений с уплотнением стальная, диаметр 20 мм, с гайкой",15846758-1 Приобретение однокомнатных квартир в г. Тайынша Тайыншинского района СКО,Квартира,3,21 150 000.00,Закупка жилища,Закупка состоялась
82267006-ЗЖ1,259411.900.000201,"Шпилька для фланцевых соединений с уплотнением стальная, диаметр 20 мм, с гайкой",15846700-1 Приобретение однокомнатных квартир в г. Тайынша Тайыншинского района СКО,Квартира,3,24 210 000.00,Закупка жилища,Закупка состоялась
82277819-ЗЖ1,259411.900.000201,"Шпилька для фланцевых соединений с уплотнением стальная, диаметр 20 мм, с гайкой",15846697-1 Приобретение коммунального жилья для сдачи в аренду социально уязвимым слоям населения в селе Енбекту Айтекебийского района Актюбинской области,Здание,1,19 060 000.00,Закупка жилища,Закупка состоялась
82277763-ЗЖ1,259411.900.000201,"Шпилька для фланцевых соединений с уплотнением стальная, диаметр 20 мм, с гайкой",15846675-1 Приобретение коммунального жилья для сдачи в аренду социально уязвимым слоям населения в селе Енбекту Айтекебийского района Актюбинской области,Здание,1,19 050 000.00,Закупка жилища,Закупка состоялась
82277740-ЗЖ1,259411.900.000201,"Шпилька для фланцевых соединений с уплотнением стальная, диаметр 20 мм, с гайкой",15846640-1 Приобретение коммунального жилья для сдачи в аренду социально уязвимым слоям населения в селе Енбекту Айтекебийского района Актюбинской области,Здание,1,19 050 000.00,Закупка жилища,Закупка состоялась
82277724-ЗЖ1,259411.900.000201,"Шпилька для фланцевых соединений с уплотнением стальная, диаметр 20 мм, с гайкой",15846614-1 Приобретение коммунального жилья для сдачи в аренду социально уязвимым слоям населения в селе Енбекту Айтекебийского района Актюбинской области,Здание,1,19 050 000.00,Закупка жилища,Закупка состоялась
82277663-ЗЖ1,259411.900.000201,"Шпилька для фланцевых соединений с уплотнением стальная, диаметр 20 мм, с гайкой",15846569-1 Приобретение коммунального жилья для сдачи в аренду социально уязвимым слоям населения в селе Карабутак Айтекебийского района Актюбинской области,Здание,1,19 050 000.00,Закупка жилища,Закупка состоялась
82277644-ЗЖ1,259411.900.000201,"Шпилька для фланцевых соединений с уплотнением стальная, диаметр 20 мм, с гайкой",15846528-1 Приобретение коммунального жилья для сдачи в аренду социально уязвимым слоям населения в селе Карабутак Айтекебийского района Актюбинской области,Здание,1,19 050 000.00,Закупка жилища,Закупка состоялась
82266844-ЗЖ1,259411.900.000201,"Шпилька для фланцевых соединений с уплотнением стальная, диаметр 20 мм, с гайкой",15846526-1 Приобретение трехкомнатных квартир в г. Тайынша Тайыншинского района СКО,Квартира,5,87 425 000.00,Закупка жилища,Закупка состоялась
82277628-ЗЖ1,259411.900.000201,"Шпилька для фланцевых соединений с уплотнением стальная, диаметр 20 мм, с гайкой",15846502-1 Приобретение коммунального жилья для сдачи в аренду социально уязвимым слоям населения в селе Карабутак Айтекебийского района Актюбинской области,Здание,1,19 050 000.00,Закупка жилища,Закупка состоялась
82277612-ЗЖ1,259411.900.000201,"Шпилька для фланцевых соединений с уплотнением стальная, диаметр 20 мм, с гайкой",15846485-1 Приобретение коммунального жилья для сдачи в аренду социально уязвимым слоям населения в селе Карабутак Айтекебийского района Актюбинской области,Здание,1,19 050 000.00,Закупка жилища,Закупка состоялась
82277599-ЗЖ1,259411.900.000201,"Шпилька для фланцевых соединений с уплотнением стальная, диаметр 20 мм, с гайкой",15846448-1 Приобретение коммунального жилья для сдачи в аренду социально уязвимым слоям населения в селе Карабутак Айтекебийского района Актюбинской области,Здание,1,19 050 000.00,Закупка жилища,Закупка состоялась
82277495-ЗЖ1,259411.900.000201,"Шпилька для фланцевых соединений с уплотнением стальная, диаметр 20 мм, с гайкой",15846369-1 Приобретение коммунального жилья для сдачи в аренду социально уязвимым слоям населения в селе Карабутак Айтекебийского района Актюбинской области,Здание,1,19 050 000.00,Закупка жилища,Закупка состоялась
80210043-ОИ4,259411.900.000201,"Шпилька для фланцевых соединений с уплотнением стальная, диаметр 20 мм, с гайкой",15845809-1 Услуги финансового лизинга на приобретение специализированной техники Подметально-вакуумная машина (пылесос)- 4 ед.,Услуги по финансовому лизингу,1,583 026 400.00,Из одного источника по несостоявшимся закупкам,Закупка состоялась
79388543-ОИ4,259411.900.000201,"Шпилька для фланцевых соединений с уплотнением стальная, диаметр 20 мм, с гайкой",15845334-1 Услуги по финансовому лизингу КГУ,Услуги по финансовому лизингу,1,255 171 870.00,Из одного источника по несостоявшимся закупкам,Закупка состоялась
82246669-ЗЖ1,259411.900.000201,"Шпилька для фланцевых соединений с уплотнением стальная, диаметр 20 мм, с гайкой",15844967-1 Приобретение жилого дома в селе Жамбыл Сырымского района ЗКО,Здание,1,17 820 000.00,Закупка жилища,Закупка состоялась
81920662-ОК1,259411.900.000201,"Шпилька для фланцевых соединений с уплотнением стальная, диаметр 20 мм, с гайкой",15828970-3 Приобретени е квартир,Квартира,425.6,153 216 000.00,Открытый конкурс,Закупка состоялась
79562284-ОИ7,259411.900.000201,"Шпилька для фланцевых соединений с уплотнением стальная, диаметр 20 мм, с гайкой",15844548-1 услуги финансового лизинга согласно технической спецификации,Услуги по финансовому лизингу,1,86 011 244.72,Из одного источника по несостоявшимся закупкам,Закупка состоялась
82222255-ЗЖ1,259411.900.000201,"Шпилька для фланцевых соединений с уплотнением стальная, диаметр 20 мм, с гайкой",15844439-1 Приобретение жилья в с.Бестамак Уилского района для коммунального жилищного фонда,Здание,1,19 050 200.00,Закупка жилища,Закупка состоялась
82222279-ЗЖ1,259411.900.000201,"Шпилька для фланцевых соединений с уплотнением стальная, диаметр 20 мм, с гайкой",15844439-1 Приобретение жилья в с.Бестамак Уилского района для коммунального жилищного фонда,Здание,1,19 050 200.00,Закупка жилища,Закупка состоялась
82222344-ЗЖ1,259411.900.000201,"Шпилька для фланцевых соединений с уплотнением стальная, диаметр 20 мм, с гайкой",15843783-1 Приобретение жилья в с. Уил для коммунального жилищного фонда для социально-уязвимых слоев населения для очереднико,Здание,1,19 050 200.00,Закупка жилища,Закупка состоялась
82222441-ЗЖ1,259411.900.000201,"Шпилька для фланцевых соединений с уплотнением стальная, диаметр 20 мм, с гайкой",15843783-1 Приобретение жилья в с. Уил для коммунального жилищного фонда для социально-уязвимых слоев населения для очереднико,Здание,1,19 050 200.00,Закупка жилища,Закупка состоялась
82220046-ЗЖ1,259411.900.000201,"Шпилька для фланцевых соединений с уплотнением стальная, диаметр 20 мм, с гайкой",15843785-1 Приобретение жилых домов в с.Кордай Кордайского района Жамбылской области,Здание,1,17 055 900.00,Закупка жилища,Закупка состоялась
82220115-ЗЖ1,259411.900.000201,"Шпилька для фланцевых соединений с уплотнением стальная, диаметр 20 мм, с гайкой",15843785-1 Приобретение жилых домов в с.Кордай Кордайского района Жамбылской области,Здание,1,17 055 900.00,Закупка жилища,Закупка состоялась
82220031-ЗЖ1,259411.900.000201,"Шпилька для фланцевых соединений с уплотнением стальная, диаметр 20 мм, с гайкой",15843785-1 Приобретение жилых домов в с.Кордай Кордайского района Жамбылской области,Здание,1,17 055 900.00,Закупка жилища,Закупка состоялась
82220070-ЗЖ1,259411.900.000201,"Шпилька для фланцевых соединений с уплотнением стальная, диаметр 20 мм, с гайкой",15843785-1 Приобретение жилых домов в с.Кордай Кордайского района Жамбылской области,Здание,1,17 055 900.00,Закупка жилища,Закупка состоялась
82220106-ЗЖ1,259411.900.000201,"Шпилька для фланцевых соединений с уплотнением стальная, диаметр 20 мм, с гайкой",15843785-1 Приобретение жилых домов в с.Кордай Кордайского района Жамбылской области,Здание,1,17 055 900.00,Закупка жилища,Закупка состоялась
82219996-ЗЖ1,259411.900.000201,"Шпилька для фланцевых соединений с уплотнением стальная, диаметр 20 мм, с гайкой",15843785-1 Приобретение жилых домов в с.Кордай Кордайского района Жамбылской области,Здание,1,17 055 900.00,Закупка жилища,Закупка состоялась
82220160-ЗЖ1,259411.900.000201,"Шпилька для фланцевых соединений с уплотнением стальная, диаметр 20 мм, с гайкой",15843785-1 Приобретение жилых домов в с.Кордай Кордайского района Жамбылской области,Здание,1,17 055 900.00,Закупка жилища,Закупка состоялась
82220268-ЗЖ1,259411.900.000201,"Шпилька для фланцевых соединений с уплотнением стальная, диаметр 20 мм, с гайкой",15843785-1 Приобретение жилых домов в с.Кордай Кордайского района Жамбылской области,Здание,1,17 055 900.00,Закупка жилища,Закупка состоялась
82220215-ЗЖ1,259411.900.000201,"Шпилька для фланцевых соединений с уплотнением стальная, диаметр 20 мм, с гайкой",15843785-1 Приобретение жилых домов в с.Кордай Кордайского района Жамбылской области,Здание,1,17 055 900.00,Закупка жилища,Закупка состоялась
82220057-ЗЖ1,259411.900.000201,"Шпилька для фланцевых соединений с уплотнением стальная, диаметр 20 мм, с гайкой",15843785-1 Приобретение жилых домов в с.Кордай Кордайского района Жамбылской области,Здание,1,17 055 900.00,Закупка жилища,Закупка состоялась
82220090-ЗЖ1,259411.900.000201,"Шпилька для фланцевых соединений с уплотнением стальная, диаметр 20 мм, с гайкой",15843785-1 Приобретение жилых домов в с.Кордай Кордайского района Жамбылской области,Здание,1,17 055 900.00,Закупка жилища,Закупка состоялась
82220244-ЗЖ1,259411.900.000201,"Шпилька для фланцевых соединений с уплотнением стальная, диаметр 20 мм, с гайкой",15843785-1 Приобретение жилых домов в с.Кордай Кордайского района Жамбылской области,Здание,1,17 055 900.00,Закупка жилища,Закупка состоялась
82220348-ЗЖ1,259411.900.000201,"Шпилька для фланцевых соединений с уплотнением стальная, диаметр 20 мм, с гайкой",15843785-1 Приобретение жилых домов в с.Кордай Кордайского района Жамбылской области,Здание,1,17 055 900.00,Закупка жилища,Закупка состоялась
82220017-ЗЖ1,259411.900.000201,"Шпилька для фланцевых соединений с уплотнением стальная, диаметр 20 мм, с гайкой",15843785-1 Приобретение жилых домов в с.Кордай Кордайского района Жамбылской области,Здание,1,17 055 900.00,Закупка жилища,Закупка состоялась
82220289-ЗЖ1,259411.900.000201,"Шпилька для фланцевых соединений с уплотнением стальная, диаметр 20 мм, с гайкой",15843785-1 Приобретение жилых домов в с.Кордай Кордайского района Жамбылской области,Здание,1,17 055 900.00,Закупка жилища,Закупка состоялась
82220137-ЗЖ1,259411.900.000201,"Шпилька для фланцевых соединений с уплотнением стальная, диаметр 20 мм, с гайкой",15843785-1 Приобретение жилых домов в с.Кордай Кордайского района Жамбылской области,Здание,1,17 055 900.00,Закупка жилища,Закупка состоялась
81150953-ОИ3,259411.900.000201,"Шпилька для фланцевых соединений с уплотнением стальная, диаметр 20 мм, с гайкой",15843873-1 Услуги финансового лизинга основного пожарного автотранспорта,Услуги по финансовому лизингу,1,84 203 167.78,Из одного источника по несостоявшимся закупкам,Закупка состоялась
81893990-ЗЖ1,259411.900.000201,"Шпилька для фланцевых соединений с уплотнением стальная, диаметр 20 мм, с гайкой","15843428-1 Приобретение квартир г. Хромтау, Хромтауского района, Актюбинской области",Квартира,1,30 780 000.00,Закупка жилища,Закупка состоялась
81898365-ЗЖ1,259411.900.000201,"Шпилька для фланцевых соединений с уплотнением стальная, диаметр 20 мм, с гайкой","15843424-1 Приобретение квартир г. Хромтау, Хромтауского района, Актюбинской области",Квартира,1,30 810 000.00,Закупка жилища,Закупка состоялась
81896583-ЗЖ1,259411.900.000201,"Шпилька для фланцевых соединений с уплотнением стальная, диаметр 20 мм, с гайкой","15843418-1 Приобретение квартиры в г. Хромтау, Хромтауского района, Актюбинской области",Квартира,1,31 020 000.00,Закупка жилища,Закупка состоялась
81893258-ЗЖ1,259411.900.000201,"Шпилька для фланцевых соединений с уплотнением стальная, диаметр 20 мм, с гайкой","15843413-1 Приобретение квартир в городе Хромтау, Хромтауского района, Актюбинской области",Квартира,1,28 620 000.00,Закупка жилища,Закупка состоялась
81893861-ЗЖ1,259411.900.000201,"Шпилька для фланцевых соединений с уплотнением стальная, диаметр 20 мм, с гайкой","15843409-1 Приобретение квартир города Хромтау, Хромтауского района, Актюбинской области",Квартира,1,28 800 000.00,Закупка жилища,Закупка состоялась
81927371-ЗЖ1,259411.900.000201,"Шпилька для фланцевых соединений с уплотнением стальная, диаметр 20 мм, с гайкой","15843386-1 Приобретение квартиры в селе Ақжар, Хромтауского района, Актюбинской области",Квартира,1,19 050 000.00,Закупка жилища,Закупка состоялась
81927679-ЗЖ1,259411.900.000201,"Шпилька для фланцевых соединений с уплотнением стальная, диаметр 20 мм, с гайкой","15843386-1 Приобретение квартиры в селе Ақжар, Хромтауского района, Актюбинской области",Квартира,1,19 050 000.00,Закупка жилища,Закупка состоялась
81927508-ЗЖ1,259411.900.000201,"Шпилька для фланцевых соединений с уплотнением стальная, диаметр 20 мм, с гайкой","15843386-1 Приобретение квартиры в селе Ақжар, Хромтауского района, Актюбинской области",Квартира,1,19 050 000.00,Закупка жилища,Закупка состоялась
81927260-ЗЖ1,259411.900.000201,"Шпилька для фланцевых соединений с уплотнением стальная, диаметр 20 мм, с гайкой","15843386-1 Приобретение квартиры в селе Ақжар, Хромтауского района, Актюбинской области",Квартира,1,19 050 000.00,Закупка жилища,Закупка состоялась
81927348-ЗЖ1,259411.900.000201,"Шпилька для фланцевых соединений с уплотнением стальная, диаметр 20 мм, с гайкой","15843386-1 Приобретение квартиры в селе Ақжар, Хромтауского района, Актюбинской области",Квартира,1,19 050 000.00,Закупка жилища,Закупка состоялась
81927657-ЗЖ1,259411.900.000201,"Шпилька для фланцевых соединений с уплотнением стальная, диаметр 20 мм, с гайкой","15843386-1 Приобретение квартиры в селе Ақжар, Хромтауского района, Актюбинской области",Квартира,1,19 050 000.00,Закупка жилища,Закупка состоялась
81927702-ЗЖ1,259411.900.000201,"Шпилька для фланцевых соединений с уплотнением стальная, диаметр 20 мм, с гайкой","15843386-1 Приобретение квартиры в селе Ақжар, Хромтауского района, Актюбинской области",Квартира,1,19 050 000.00,Закупка жилища,Закупка состоялась
81927663-ЗЖ1,259411.900.000201,"Шпилька для фланцевых соединений с уплотнением стальная, диаметр 20 мм, с гайкой","15843386-1 Приобретение квартиры в селе Ақжар, Хромтауского района, Актюбинской области",Квартира,1,19 050 000.00,Закупка жилища,Закупка состоялась
81927688-ЗЖ1,259411.900.000201,"Шпилька для фланцевых соединений с уплотнением стальная, диаметр 20 мм, с гайкой","15843386-1 Приобретение квартиры в селе Ақжар, Хромтауского района, Актюбинской области",Квартира,1,19 050 000.00,Закупка жилища,Закупка состоялась
81927708-ЗЖ1,259411.900.000201,"Шпилька для фланцевых соединений с уплотнением стальная, диаметр 20 мм, с гайкой","15843386-1 Приобретение квартиры в селе Ақжар, Хромтауского района, Актюбинской области",Квартира,1,19 050 000.00,Закупка жилища,Закупка состоялась
81956593-ЗЖ1,259411.900.000201,"Шпилька для фланцевых соединений с уплотнением стальная, диаметр 20 мм, с гайкой","15843326-1 Приобретение жилого дома №18 в городе Арыс, Туркестанская область",Здание,1,15 600 000.00,Закупка жилища,Закупка состоялась
81956589-ЗЖ1,259411.900.000201,"Шпилька для фланцевых соединений с уплотнением стальная, диаметр 20 мм, с гайкой","15843323-1 Приобретение жилого дома №17 в городе Арыс, Туркестанская область",Здание,1,15 600 000.00,Закупка жилища,Закупка состоялась
81956587-ЗЖ1,259411.900.000201,"Шпилька для фланцевых соединений с уплотнением стальная, диаметр 20 мм, с гайкой","15843319-1 Приобретение жилого дома №16 в городе Арыс, Туркестанская область",Здание,1,15 600 000.00,Закупка жилища,Закупка состоялась
81956585-ЗЖ1,259411.900.000201,"Шпилька для фланцевых соединений с уплотнением стальная, диаметр 20 мм, с гайкой","15843312-1 Приобретение жилого дома №15 в городе Арыс, Туркестанская область",Здание,1,15 600 000.00,Закупка жилища,Закупка состоялась
81956581-ЗЖ1,259411.900.000201,"Шпилька для фланцевых соединений с уплотнением стальная, диаметр 20 мм, с гайкой","15843311-1 Приобретение жилого дома №14 в городе Арыс, Туркестанская область",Здание,1,15 600 000.00,Закупка жилища,Закупка состоялась
81956578-ЗЖ1,259411.900.000201,"Шпилька для фланцевых соединений с уплотнением стальная, диаметр 20 мм, с гайкой","15843306-1 Приобретение жилого дома №13 в городе Арыс, Туркестанская область",Здание,1,15 600 000.00,Закупка жилища,Закупка состоялась
81956571-ЗЖ1,259411.900.000201,"Шпилька для фланцевых соединений с уплотнением стальная, диаметр 20 мм, с гайкой","15843299-1 Приобретение жилого дома №12 в городе Арыс, Туркестанская область",Здание,1,15 600 000.00,Закупка жилища,Закупка состоялась
81956568-ЗЖ1,259411.900.000201,"Шпилька для фланцевых соединений с уплотнением стальная, диаметр 20 мм, с гайкой","15843290-1 Приобретение жилого дома №11 в городе Арыс, Туркестанская область",Здание,1,15 600 000.00,Закупка жилища,Закупка состоялась
81956564-ЗЖ1,259411.900.000201,"Шпилька для фланцевых соединений с уплотнением стальная, диаметр 20 мм, с гайкой","15843271-1 Приобретение жилого дома №10 в городе Арыс, Туркестанская область",Здание,1,15 600 000.00,Закупка жилища,Закупка состоялась
81956559-ЗЖ1,259411.900.000201,"Шпилька для фланцевых соединений с уплотнением стальная, диаметр 20 мм, с гайкой","15843268-1 Приобретение жилого дома №9 в городе Арыс, Туркестанская область",Здание,1,15 600 000.00,Закупка жилища,Закупка состоялась
81956556-ЗЖ1,259411.900.000201,"Шпилька для фланцевых соединений с уплотнением стальная, диаметр 20 мм, с гайкой","15843266-1 Приобретение жилого дома №8 в городе Арыс, Туркестанская область",Здание,1,15 600 000.00,Закупка жилища,Закупка состоялась
81956552-ЗЖ1,259411.900.000201,"Шпилька для фланцевых соединений с уплотнением стальная, диаметр 20 мм, с гайкой","15843263-1 Приобретение жилого дома №7 в городе Арыс, Туркестанская область",Здание,1,15 600 000.00,Закупка жилища,Закупка состоялась
81956550-ЗЖ1,259411.900.000201,"Шпилька для фланцевых соединений с уплотнением стальная, диаметр 20 мм, с гайкой","15843257-1 Приобретение жилого дома №6 в городе Арыс, Туркестанская область",Здание,1,15 600 000.00,Закупка жилища,Закупка состоялась
81956543-ЗЖ1,259411.900.000201,"Шпилька для фланцевых соединений с уплотнением стальная, диаметр 20 мм, с гайкой","15843253-1 Приобретение жилого дома №5 в городе Арыс, Туркестанская область",Здание,1,15 600 000.00,Закупка жилища,Закупка состоялась
81956004-ЗЖ1,259411.900.000201,"Шпилька для фланцевых соединений с уплотнением стальная, диаметр 20 мм, с гайкой","15843234-1 Приобретение жилого дома № 3 в городе Арыс, Туркестанская область",Здание,1,15 600 000.00,Закупка жилища,Закупка состоялась
82192144-ЗЖ1,259411.900.000201,"Шпилька для фланцевых соединений с уплотнением стальная, диаметр 20 мм, с гайкой",15843214-1 Приобретение коммунального жилья для сдачи в аренду социально уязвимым слоям населения в селе Темирбека Жургенова Айтекебийского района Актюбинской области,Здание,1,19 050 000.00,Закупка жилища,Закупка состоялась
82192122-ЗЖ1,259411.900.000201,"Шпилька для фланцевых соединений с уплотнением стальная, диаметр 20 мм, с гайкой",15843210-1 Приобретение коммунального жилья для сдачи в аренду социально уязвимым слоям населения в селе Темирбека Жургенова Айтекебийского района Актюбинской области,Здание,1,19 050 000.00,Закупка жилища,Закупка состоялась
82192085-ЗЖ1,259411.900.000201,"Шпилька для фланцевых соединений с уплотнением стальная, диаметр 20 мм, с гайкой",15843206-1 Приобретение коммунального жилья для сдачи в аренду социально уязвимым слоям населения в селе Темирбека Жургенова Айтекебийского района Актюбинской области,Здание,1,19 050 000.00,Закупка жилища,Закупка состоялась
82191977-ЗЖ1,259411.900.000201,"Шпилька для фланцевых соединений с уплотнением стальная, диаметр 20 мм, с гайкой",15843200-1 Приобретение коммунального жилья для сдачи в аренду социально уязвимым слоям населения в селе Темирбека Жургенова Айтекебийского района Актюбинской области,Здание,1,19 050 000.00,Закупка жилища,Закупка состоялась
82191715-ЗЖ1,259411.900.000201,"Шпилька для фланцевых соединений с уплотнением стальная, диаметр 20 мм, с гайкой",15843187-1 Приобретение коммунального жилья для сдачи в аренду социально уязвимым слоям населения в селе Темирбека Жургенова Айтекебийского района Актюбинской области,Здание,1,19 050 000.00,Закупка жилища,Закупка состоялась
82191441-ЗЖ1,259411.900.000201,"Шпилька для фланцевых соединений с уплотнением стальная, диаметр 20 мм, с гайкой",15843181-1 Приобретение коммунального жилья для сдачи в аренду социально уязвимым слоям населения в селе Темирбека Жургенова Айтекебийского района Актюбинской области,Здание,1,19 050 000.00,Закупка жилища,Закупка состоялась
82191259-ЗЖ1,259411.900.000201,"Шпилька для фланцевых соединений с уплотнением стальная, диаметр 20 мм, с гайкой",15843177-1 Приобретение коммунального жилья для сдачи в аренду социально уязвимым слоям населения в селе Темирбека Жургенова Айтекебийского района Актюбинской области,Здание,1,19 050 000.00,Закупка жилища,Закупка состоялась
82198745-ЗЖ1,259411.900.000201,"Шпилька для фланцевых соединений с уплотнением стальная, диаметр 20 мм, с гайкой","15842932-1 Приобретение одноквартирного арендного жилья для социально-уязвимых слоев населения в с.Копжасар, Жангалинского района, ЗКО",Здание,1,17 820 000.00,Закупка жилища,Закупка состоялась
79584632-ОИ4,259411.900.000201,"Шпилька для фланцевых соединений с уплотнением стальная, диаметр 20 мм, с гайкой",15842791-1 Услуги по финансовому лизингу,Услуги по финансовому лизингу,1,97 170 299.50,Из одного источника по несостоявшимся закупкам,Закупка состоялась
81713229-ЗЦП3,259411.900.000201,"Шпилька для фланцевых соединений с уплотнением стальная, диаметр 20 мм, с гайкой",15842736-1 Закуп легкового автомобиля,Автомобиль,1,17 000 000.00,Запрос ценовых предложений,Закупка состоялась
80049009-ОИ9,259411.900.000201,"Шпилька для фланцевых соединений с уплотнением стальная, диаметр 20 мм, с гайкой",15842440-1 услуги финансового лизинга согласно технической спецификации,Услуги по финансовому лизингу,1,24 484 166.80,Из одного источника по несостоявшимся закупкам,Закупка состоялась
82054150-ЗЖ1,259411.900.000201,"Шпилька для фланцевых соединений с уплотнением стальная, диаметр 20 мм, с гайкой","15842407-1 Приобретение квартиры в селе Богетсай, Хромтауского района, Актюбинской области",Квартира,1,19 050 000.00,Закупка жилища,Закупка состоялась
82053913-ЗЖ1,259411.900.000201,"Шпилька для фланцевых соединений с уплотнением стальная, диаметр 20 мм, с гайкой","15842407-1 Приобретение квартиры в селе Богетсай, Хромтауского района, Актюбинской области",Квартира,1,19 050 000.00,Закупка жилища,Закупка состоялась
82054964-ЗЖ1,259411.900.000201,"Шпилька для фланцевых соединений с уплотнением стальная, диаметр 20 мм, с гайкой","15842407-1 Приобретение квартиры в селе Богетсай, Хромтауского района, Актюбинской области",Квартира,1,19 050 000.00,Закупка жилища,Закупка состоялась
82053921-ЗЖ1,259411.900.000201,"Шпилька для фланцевых соединений с уплотнением стальная, диаметр 20 мм, с гайкой","15842407-1 Приобретение квартиры в селе Богетсай, Хромтауского района, Актюбинской области",Квартира,1,19 050 000.00,Закупка жилища,Закупка состоялась
82054934-ЗЖ1,259411.900.000201,"Шпилька для фланцевых соединений с уплотнением стальная, диаметр 20 мм, с гайкой","15842407-1 Приобретение квартиры в селе Богетсай, Хромтауского района, Актюбинской области",Квартира,1,19 050 000.00,Закупка жилища,Закупка состоялась
82054970-ЗЖ1,259411.900.000201,"Шпилька для фланцевых соединений с уплотнением стальная, диаметр 20 мм, с гайкой","15842407-1 Приобретение квартиры в селе Богетсай, Хромтауского района, Актюбинской области",Квартира,1,19 050 000.00,Закупка жилища,Закупка состоялась
81862770-ОК1,259411.900.000201,"Шпилька для фланцевых соединений с уплотнением стальная, диаметр 20 мм, с гайкой",15827604-2 Приобретени е квартир,Квартира,432.5,142 918 327.50,Открытый конкурс,Закупка состоялась
81863506-ОК1,259411.900.000201,"Шпилька для фланцевых соединений с уплотнением стальная, диаметр 20 мм, с гайкой",15827675-2 Приобретени е квартир,Квартира,474,156 631 878.00,Открытый конкурс,Закупка состоялась
81920812-ОК1,259411.900.000201,"Шпилька для фланцевых соединений с уплотнением стальная, диаметр 20 мм, с гайкой",15829051-2 Приобретени е квартир,Квартира,151,54 360 000.00,Открытый конкурс,Закупка состоялась
81917163-ОК1,259411.900.000201,"Шпилька для фланцевых соединений с уплотнением стальная, диаметр 20 мм, с гайкой",15828905-2 Приобретени е квартир,Квартира,395.4,142 344 000.00,Открытый конкурс,Закупка состоялась
81917272-ОК1,259411.900.000201,"Шпилька для фланцевых соединений с уплотнением стальная, диаметр 20 мм, с гайкой",15828963-2 Приобретени е квартир,Квартира,429,154 440 000.00,Открытый конкурс,Закупка состоялась
81892846-ОК1,259411.900.000201,"Шпилька для фланцевых соединений с уплотнением стальная, диаметр 20 мм, с гайкой",15827545-2 Приобретени е квартир,Квартира,472.8,156 235 341.60,Открытый конкурс,Закупка состоялась
73566070-ОК4,263023.900.000076,"Коммутатор сетевой управляемый, асимметричный",15665292-1 Повторной государственной закупки товара для НАО «Евразийский национальный университет имени Л.Н.Гумилева» способом открытого конкурса,Коммутатор сетевой,4,192 327 180.00,Открытый конкурс,Закупка состоялась
78602712-ОК2,263023.900.000076,"Коммутатор сетевой управляемый, асимметричный",15015023-1 Коммутатор ядра сети,Коммутатор сетевой,2,332 417 942.78,Открытый конкурс,Закупка состоялась
74636832-ОК2,263023.900.000076,"Коммутатор сетевой управляемый, асимметричный",14985401-1 Государственные закупки коммутаторов,Коммутатор сетевой,10,40 000 000.00,Открытый конкурс,Закупка состоялась
72979547-ОК2,263023.900.000076,"Коммутатор сетевой управляемый, асимметричный",14650219-1 Приобретение сетевых коммутаторов,Коммутатор сетевой,15,23 302 084.80,Открытый конкурс,Закупка состоялась
80931765-ОК2,263023.900.000077,"Коммутатор сетевой управляемый, симметричный",15766867-1 Приобретения сетевого коммутатора,Коммутатор сетевой,80,21 690 000.00,Открытый конкурс,Закупка состоялась
73646466-ОК2,263023.900.000077,"Коммутатор сетевой управляемый, симметричный",15657877-1 Приобретения сетевого коммутатора,Коммутатор сетевой,80,21 690 000.00,Открытый конкурс,Закупка состоялась
79031130-ОК2,263023.900.000077,"Коммутатор сетевой управляемый, симметричный",15503614-1 О проведении государственной закупки товара для ГУ «Судебная администрация Республики Казахстан» способом открытого конкурса,Коммутатор сетевой,1,275 187 058.93,Открытый конкурс,Закупка состоялась
79167867-ЗЦП2,263023.900.000077,"Коммутатор сетевой управляемый, симметричный",15347982-1 Приобретения сетевых управляемых коммутаторов,Коммутатор сетевой,13,25 777 142.82,Запрос ценовых предложений,Закупка состоялась
74905110-ОК2,263023.900.000077,"Коммутатор сетевой управляемый, симметричный",15255656-1 Закупка 3 уровней 48-портовых и 24-портовых коммутаторов,Коммутатор сетевой,30,48 000 000.00,Открытый конкурс,Закупка состоялась
73592968-ЗЦП2,263023.900.000077,"Коммутатор сетевой управляемый, симметричный",15238697-1 Приобретение управляемых коммутаторов для Кызылординского университета им. Коркыт Ата,Коммутатор сетевой,20,24 107 160.00,Запрос ценовых предложений,Закупка состоялась
79058391-ОК2,263023.900.000077,"Коммутатор сетевой управляемый, симметричный",15050046-1 Государственные закупки коммутационного оборудования,Коммутатор сетевой,2,19 298 928.56,Открытый конкурс,Закупка состоялась
73999078-ОК3,263023.900.000077,"Коммутатор сетевой управляемый, симметричный","14927493-1 Закуп товара ""SAN коммутатор""",Коммутатор сетевой,2,28 015 866.08,Открытый конкурс,Закупка состоялась
74469990-ОК2,263023.900.000077,"Коммутатор сетевой управляемый, симметричный",14432610-1 Государственные закупки коммутаторов,Коммутатор сетевой,4,20 114 285.68,Открытый конкурс,Закупка состоялась
72039118-ОК2,263023.900.000077,"Коммутатор сетевой управляемый, симметричный",14277066-1 Государственные закупки для ГУ «Министерства внутренних дел Республики Казахстан» способом открытого конкурса,Коммутатор сетевой,35,263 124 999.90,Открытый конкурс,Закупка состоялась
72318203-ОК2,263023.900.000077,"Коммутатор сетевой управляемый, симметричный",13687439-1 Государственные закупки товара для РГУ «Министерство финансов Республики Казахстан» способом открытого конкурса,Коммутатор сетевой,170,82 750 815.00,Открытый конкурс,Закупка состоялась
71876819-ОК2,263023.900.000077,"Коммутатор сетевой управляемый, симметричный",13473962-1 Государственные закупки коммутаторов для Национальной гвардии Республики Казахстан,Коммутатор сетевой,5,18 714 285.70,Открытый конкурс,Закупка состоялась
75098137-ОК1,282216.900.000002,Лифт больничный грузоподъемность 2000 кг,14690073-1 Закуп лифт больничный,Лифт больничный,1,18 119 723.21,Открытый конкурс,Закупка состоялась
74880242-ОК2,282216.900.000000,Лифт больничный грузоподъемность 1275 кг,14821832-1 Лифт больничный грузопассажирский,Лифт больничный,1,18 548 591.00,Открытый конкурс,Закупка состоялась
75083810-ОК1,282216.900.000000,Лифт больничный грузоподъемность 1275 кг,14690073-1 Закуп лифт больничный,Лифт больничный,1,16 740 258.92,Открытый конкурс,Закупка состоялась
78625830-ОК1,282216.900.000000,Лифт больничный грузоподъемность 1275 кг,14568752-1 Тауар сатып алу,Лифт больничный,1,17 200 000.00,Открытый конкурс,Закупка состоялась
78279542-ЗЦП1,282216.900.000000,Лифт больничный грузоподъемность 1275 кг,14359463-1 Лифт больничный с установкой,Лифт больничный,1,15 243 750.00,Запрос ценовых предложений,Закупка состоялась
74123961-ОИ2,282216.900.000000,Лифт больничный грузоподъемность 1275 кг,14126125-1 Приобретение больничного и грузового лифтов,Лифт больничный,1,16 940 000.00,Из одного источника по несостоявшимся закупкам,Закупка состоялась
36085121-ОЛ-ЗЦП1,289610.990.000004,3d-принтер для послойного создания физических объектов,14552443-1 приобретение 3 D принтера и интерактивной доски,приобретение 3 D принтера и интерактивной доски,2,20 214 285.71,Запрос ценовых предложений,Закупка состоялась
72968049-ОК2,302040.300.001412,Цилиндр тормозной для вагона электропоезда (кроме высокоскоростного),14875186-1 Запасные части для электропоездов «Huyndai-Rotem» (2),Цилиндр тормозной,7,45 429 475.00,Открытый конкурс,Закупка состоялась
38125813-ОЛ-ЗЦП1,282530.100.000001,"Фильтр воздушный, для приточно-вытяжной вентиляционной установки, панельный",15424406-1 Приобретение запасных частей,Запасные части,22,30 698 159.94,Запрос ценовых предложений,Закупка состоялась
73671527-ОК2,282530.100.000001,"Фильтр воздушный, для приточно-вытяжной вентиляционной установки, панельный",14103967-1 Фильтры абсолютной очистки воздуха,Фильтр,750,60 000 000.00,Открытый конкурс,Закупка состоялась
76503951-ОК2,292023.900.000003,"Прицеп грузоподъемность более 700 кг, но не более 3000 кг",14224215-1 Специализированное транспортное средство (прицеп),Прицеп,1,18 068 750.00,Открытый конкурс,Закупка состоялась
79375855-ЗЦП2,262015.000.000006,Устройство сбора данных телеметрии для сбора измерительной информации с приборов контроля и учета,14979732-1 Закуп запчастей (СГМ повтор),Устройство сбора данных телеметрии,1,20 455 360.00,Запрос ценовых предложений,Закупка состоялась
76064277-ЗЦП2,273313.900.000058,Зажим прокалывающий для соединения проводников,"13755024-1 Государственная закупка для АО ""КРЭК""",Зажим прокалывающий,4017,17 299 210.50,Запрос ценовых предложений,Закупка состоялась
78840221-ОК2,282912.300.000036,"Оборудование для фильтрования периодического действия, работающее под давлением столба насоса",14992559-1 Приобретение товара (Оборудование для фильтрования)/,Оборудование для фильтрования,1,15 247 000.00,Открытый конкурс,Закупка состоялась
78567061-ОК2,282912.300.000036,"Оборудование для фильтрования периодического действия, работающее под давлением столба насоса",14566809-1 Приобретение комплексного блок-модуля очистки воды для сел Айыртауского района СКО,Оборудование для фильтрования,7,54 999 999.95,Открытый конкурс,Закупка состоялась
76088404-ОК2,282912.300.000036,"Оборудование для фильтрования периодического действия, работающее под давлением столба насоса",14038750-1 Приобретение комплексного блок-модуля очистки воды для сел Айыртауского района СКО,Оборудование для фильтрования,10,78 571 428.50,Открытый конкурс,Закупка состоялась
35677773-ОЛ-ЗЦП1,282514.190.000000,Фильтр пылеулавливающий,14392499-1 Запасные части для ВОЗДУШНЫЕ ФИЛЬТРА (техническая служба),Запасные части для ВОЗДУШНЫЕ ФИЛЬТРА (техническая служба),42,30 117 500.00,Запрос ценовых предложений,Закупка состоялась
75544385-АУК5,283060.300.000013,"Установка дезинфекционная для дезинфекции и дезинсекции производственных/сельскохозяйственных/пищевых помещений, без автомобиля",14874467-1 Приобретение специализированного транспортного средства(прицеп),Установка дезинфекционная,1,18 068 750.00,Аукцион,Закупка состоялась
74813198-ОК1,303032.000.000007,Аппарат летательный беспилотный самолетного типа,"14301702-2 Комплекс мониторинга земной поверхности (Беспилотный летательный аппарат, носимый наземный пункт управления, средства технического обслуживания)",Аппарат летательный беспилотный,1,23 428 579.46,Открытый конкурс,Закупка состоялась
73777895-ОК2,271231.990.000008,Шкаф серверный высота 42 U,15441774-1 Приобретение комплектный микро-ЦОД (согл.тех.спец),Шкаф серверный,1,15 788 303.57,Открытый конкурс,Закупка состоялась
79676937-ОК2,271231.990.000008,Шкаф серверный высота 42 U,15257861-2 Приобретение шкаф телекоммуникационный/серверный/,Шкаф серверный,7,21 496 964.23,Открытый конкурс,Закупка состоялась
76124931-ОК2,271231.990.000008,Шкаф серверный высота 42 U,15130897-1 Системы монтажных конструкции для Центра обработки данных,Шкаф серверный,1,63 912 705.00,Открытый конкурс,Закупка состоялась
72657844-ОК2,282511.300.000014,Аппарат теплообменный кожухотрубчатый,"13945065-1 Закуп ""Трубный пучок подогревателей низкого давления для АО ""Астана-Энергия""",Аппарат теплообменный,1,26 091 517.00,Открытый конкурс,Закупка состоялась
77111935-ОК2,281411.390.000005,"Клапан регулирующий, стальной, размер 50-450 мм","14535159-1 Приобретение задвижка 5 лотов для ТОО ""Мангистауский атомный энергетический комбинат""",Клапан,2,27 318 533.56,Открытый конкурс,Закупка состоялась
77494377-ЗЦП4,281411.390.000005,"Клапан регулирующий, стальной, размер 50-450 мм",14333044-1 Доукомплектование. Регулирующий клапан Pre-vent марки BR12B-1A472P5 DN 80 PN 40 к электроприводу auma SIPOS Aktorik 2SB5510-0CD10-4AB4-Z,Клапан,1,21 787 003.00,Запрос ценовых предложений,Закупка состоялась
78871525-ЗЦП2,282111.500.000002,Горелка комбинированная,14683960-1 Оборудование для теплохозяйство (горелки),Горелка,2,30 000 000.00,Запрос ценовых предложений,Закупка состоялась
73227662-ОК2,282111.500.000002,Горелка комбинированная,"13814971-1 Государственная закупка для ГКП ""КТЭЦ"" на ПХВ управления энергетики и жилищно-коммунального хозяйства Кызылординской области",Горелка,7,44 225 258.00,Открытый конкурс,Закупка состоялась
80751030-ОИ2,271143.300.000058,"Подстанция трансформаторная комплектная мощность 250 кВА, с масляным трансформатором","15664324-1 Атырау РТС нысанындағы екі дана 250/6/0,4 кВ КТП-ні 250/6/0,4 кВ КТПН-ға іске қосу-реттеу жұмыстарымен ауыстыру",Подстанция трансформаторная комплектная,2,15 000 000.00,Из одного источника по несостоявшимся закупкам,Закупка состоялась
78731625-ОИ2,271143.300.000058,"Подстанция трансформаторная комплектная мощность 250 кВА, с масляным трансформатором",14604250-1 Подстанция трансформаторная комплектная(Эн.инвест),Подстанция трансформаторная комплектная,6,17 227 692.00,Из одного источника по несостоявшимся закупкам,Закупка состоялась
37540534-ОЛ-ОИ2,271231.900.000036,Станция управления насосами для управления трехфазным асинхронным электродвигателем погружного насоса,"15171439-1 Закуп оборудований (насос, станция управления насосами).","Закуп оборудований (насос, станция управления насосами).",7,16 282 600.00,Из одного источника по несостоявшимся закупкам,Закупка состоялась
79501734-ЗЦП5,271231.900.000036,Станция управления насосами для управления трехфазным асинхронным электродвигателем погружного насоса,15110258-1 Станция управления насосами,Станция управления насосами,1,19 930 500.00,Запрос ценовых предложений,Закупка состоялась
73426387-ОК2,282514.900.000008,"Фильтр для очистки газов, сетчатый","14735690-1 Государственная закупка для ТОО ""Автобусный парк ""Кызылорда""",Фильтр,900,24 106 500.00,Открытый конкурс,Закупка состоялась
73426389-ОК2,282514.900.000008,"Фильтр для очистки газов, сетчатый","14735669-1 Государственная закупка для ТОО ""Автобусный парк ""Кызылорда""",Фильтр,1000,31 250 000.00,Открытый конкурс,Закупка состоялась
38189518-ОЛ-ОК1,273213.300.000000,Кабель специализированный для микрофона,15452820-1 Товары для дооснащения креативного центра г.Алматы,Товары для дооснащения креативного центра г.Алматы,15,20 546 427.70,Открытый конкурс,Закупка состоялась
77058158-ОК2,272022.900.000007,"Аккумулятор для ИБП, напряжение 12 В, емкость 41-89 А/ч, свинцово-кислотный",14702144-1 Закуп аккумуляторов по лотам,Аккумулятор,584,48 209 200.00,Открытый конкурс,Закупка состоялась
36996961-ОЛ-ЗЦП1,265163.500.000001,Счетчик водомер крыльчатый,14918233-1 Материалы для ремонта котельной Енбек-Костанай,Материалы для ремонта котельной Енбек-Костанай,97,24 995 000.00,Запрос ценовых предложений,Закупка состоялась
36788920-ОЛ-ЗЦП1,265163.500.000001,Счетчик водомер крыльчатый,14824743-1 Материалы для установки котла Енбек-Жаугашты,Материалы для установки котла Енбек-Жаугашты,15,19 276 400.00,Запрос ценовых предложений,Закупка состоялась
36599693-ОЛ-ЗЦП1,265163.500.000001,Счетчик водомер крыльчатый,14752774-1 Закупка запасных частей к системе капельного орошения в соответствии с МЕЖГОСУДАРСТВЕННЫЙ СТАНДАРТ ГОСТ ИСО 9261- 2004 Оборудование сельскохозяйственное оросительное ТРУБОПРОВОДЫ ДЛЯ ПОЛИВА Технические требования и методы испытаний,Закупка запасных частей к системе капельного орошения в соответствии с МЕЖГОСУДАРСТВЕННЫЙ СТАНДАРТ ГОСТ ИСО 9261- 2004 Оборудование сельскохозяйственное оросительное ТРУБОПРОВОДЫ ДЛЯ ПОЛИВА Технические требования и методы испытаний,21,29 498 680.00,Запрос ценовых предложений,Закупка состоялась
34371037-ОЛ-ЗЦП1,282982.500.000011,"Фильтр воздушный, для фильтр-пресса",13890137-1 Закупка запасных частей для Троллейбусного парка №1 ТОО Алматыэлектротранс,Закупка запасных частей для Троллейбусного парка №1 ТОО Алматыэлектротранс,4,24 380 000.00,Запрос ценовых предложений,Закупка состоялась
78950235-АнеГЗ1,292023.900.000001,Прицеп грузоподъемность не более 500 кг,14855622-1 Сигнальный прицеп прикрытия (1-осьный),Прицеп,20,49 000 000.00,Аукцион (не ГЗ) с 2022 г,Закупка состоялась
77422258-ОК1,281314.900.000036,"Станция насосная для водоснабжения, мощность 1,1 кВт, напор максимальный 70 м, подача максимальная 3 м3/ч",14107479-1 Приобретение станции насосной,Станция насосная,10,120 000 000.00,Открытый конкурс,Закупка состоялась
78165075-ОИ3,265153.100.000022,Газоанализатор для определения концентрации кислорода в воздухе,14516600-1 Обращайте внимания на техническую спецификацию! Приобретение газоанализатор портативный девятиканальный для контроля атмосферного воздуха для департамента экологии,Газоанализатор,1,22 862 902.00,Из одного источника по несостоявшимся закупкам,Закупка состоялась
72968196-ОК3,302040.300.000461,Колодка тормозная для вагонов метрополитена,14486166-1 Запасные части для электропоездов «Huyndai-Rotem,Колодка тормозная,1008,50 805 468.00,Открытый конкурс,Закупка состоялась
78402730-ОК2,272022.900.000005,"Аккумулятор для ИБП, напряжение 12 В, емкость 1,2-7 А/ч, свинцово-кислотный",14697225-1 Аккумуляторные батареи для ИБП МЦОД,Аккумулятор,80,25 242 856.80,Открытый конкурс,Закупка состоялась
81132991-ОК1,262030.100.000013,Система мультимедийная образовательная для учреждений образования,15717644-1 Система мультимедийная образовательная,Система мультимедийная образовательная,24,45 600 000.00,Открытый конкурс,Закупка состоялась
71462725-ОК2,262030.100.000013,Система мультимедийная образовательная для учреждений образования,15464391-2 Приобретение кабинета студии видеосъемки для университета,Система мультимедийная образовательная,1,72 278 571.43,Открытый конкурс,Закупка состоялась
80407471-ОК1,262030.100.000013,Система мультимедийная образовательная для учреждений образования,15443757-1 Система мультимедийная образовательная,Система мультимедийная образовательная,10,15 000 000.00,Открытый конкурс,Закупка состоялась
80305345-ЗЦП1,262030.100.000013,Система мультимедийная образовательная для учреждений образования,"15381236-1 Система мультимедийная образовательная,интерактивная панель по тех спец диагональ экрана 75 дюйм",Система мультимедийная образовательная,12,15 600 000.00,Запрос ценовых предложений,Закупка состоялась
79145505-ЗЦП1,262030.100.000013,Система мультимедийная образовательная для учреждений образования,"15380736-1 Система мультимедийная образовательная, диагональ экрана 75 дюйм",Система мультимедийная образовательная,16,20 800 000.00,Запрос ценовых предложений,Закупка состоялась
74121216-ОК1,262030.100.000013,Система мультимедийная образовательная для учреждений образования,15302864-1 приобретение интерактивного дисплея,Система мультимедийная образовательная,27,32 544 642.78,Открытый конкурс,Закупка состоялась
80074187-ОК1,262030.100.000013,Система мультимедийная образовательная для учреждений образования,15285588-1 Система мультимедийная для производства учебных видеоматериалов,Система мультимедийная образовательная,1,27 775 274.00,Открытый конкурс,Закупка состоялась
78864143-ОК1,262030.100.000013,Система мультимедийная образовательная для учреждений образования,15247950-2 Государственная закупка мультимедийной образовательной системы (ДИТ),Система мультимедийная образовательная,140,75 000 000.60,Открытый конкурс,Закупка состоялась
79671839-ОК1,262030.100.000013,Система мультимедийная образовательная для учреждений образования,15130717-1 Приобретение моноблоков согласно технической спецификации,Система мультимедийная образовательная,50,21 428 571.50,Открытый конкурс,Закупка состоялась
79671870-ОК1,262030.100.000013,Система мультимедийная образовательная для учреждений образования,15129467-1 Приобретение интерактивной панели согласно технической спецификации,Система мультимедийная образовательная,50,66 964 285.50,Открытый конкурс,Закупка состоялась
78845601-ОК1,262030.100.000013,Система мультимедийная образовательная для учреждений образования,14655619-2 Приобретение наружнего светодиодного экрана.,Система мультимедийная образовательная,1,44 642 857.14,Открытый конкурс,Закупка состоялась
74202957-ОК3,262030.100.000013,Система мультимедийная образовательная для учреждений образования,14582972-1 Оснащение «118 кабинета»,Система мультимедийная образовательная,1,40 179 186.61,Открытый конкурс,Закупка состоялась
74201582-ОК2,262030.100.000013,Система мультимедийная образовательная для учреждений образования,14437308-1 Оснащение «Малого зала»,Система мультимедийная образовательная,1,25 395 711.61,Открытый конкурс,Закупка состоялась
75083111-ОК1,262030.100.000013,Система мультимедийная образовательная для учреждений образования,14082057-1 Приобретение системы мультимедийной образовательной,Система мультимедийная образовательная,16,26 400 000.00,Открытый конкурс,Закупка состоялась
77284025-ОК1,262030.100.000013,Система мультимедийная образовательная для учреждений образования,14012599-1 Приобретение товаров по информатизаций.,Система мультимедийная образовательная,29,43 500 000.00,Открытый конкурс,Закупка состоялась
37016524-ОЛ-ЗЦП1,271231.900.000045,"Щит освещения для приема и распределения электрической энергии трехфазного переменного тока, встраиваемый",14926417-1 согласно тех специфике,согласно тех специфике,8,29 848 450.00,Запрос ценовых предложений,Закупка состоялась
76988249-ЗЦП2,271223.700.000001,Контактор электропневматический,13958864-1 Электр тауарларын сатып алу,Контактор,500,25 000 000.00,Запрос ценовых предложений,Закупка состоялась
78609917-ОК1,271143.300.000047,"Подстанция трансформаторная комплектная мощность 250 кВ А, с сухим трансформатором","14707314-1 Подстанция трансформаторная комплектная для ГКП на праве хозяйственного ведения ""Өзен жылу"" акимата города Жанаозен",Подстанция трансформаторная комплектная,2,110 100 000.00,Открытый конкурс,Закупка состоялась
80798194-ОИ2,271210.900.000011,"Выключатель высоковольтный, вакуумный",15656044-1 Вакуумный выключатель высоковольтный,Выключатель,51,17 818 125.00,Из одного источника по несостоявшимся закупкам,Закупка состоялась
79596030-ОК2,271210.900.000011,"Выключатель высоковольтный, вакуумный",15297929-2 Вакуумный реклоузер с функциями защиты и автоматики,Выключатель,2,49 600 000.00,Открытый конкурс,Закупка состоялась
79344395-ОК2,271210.900.000011,"Выключатель высоковольтный, вакуумный",15282276-1 Выключатель вакуумный 35 кВ,Выключатель,2,32 909 750.00,Открытый конкурс,Закупка состоялась
79344583-ОК2,271210.900.000011,"Выключатель высоковольтный, вакуумный",15222815-1 Выключатель вакуумный 10 кВ/,Выключатель,9,54 947 493.00,Открытый конкурс,Закупка состоялась
78604391-ЗЦП2,271210.900.000011,"Выключатель высоковольтный, вакуумный",15000500-1 Выключатель высоковольтный вакуумный(тэц),Выключатель,8,15 000 000.00,Запрос ценовых предложений,Закупка состоялась
79309140-ЗЦП2,271210.900.000011,"Выключатель высоковольтный, вакуумный",14937486-1 Материалы капитального ремонта,Выключатель,2,16 000 000.00,Запрос ценовых предложений,Закупка состоялась
74946951-ОК2,271210.900.000011,"Выключатель высоковольтный, вакуумный",14856529-1 Приобретение вакуумного выключателя 10 кВ,Выключатель,7,18 953 299.96,Открытый конкурс,Закупка состоялась
76893663-ОИ12,271210.900.000011,"Выключатель высоковольтный, вакуумный","14328748-1 Выключатель высоковольтный, вакуумный (Внимательно читайте техническую спецификацию!)",Выключатель,1,15 178 000.00,Из одного источника по несостоявшимся закупкам,Закупка состоялась
77098424-ЗЦП2,271210.900.000011,"Выключатель высоковольтный, вакуумный",13883279-1 2025 жылға арналған күрделі жөндеу материалдарын мемлекеттік сатып алу,Выключатель,10,26 250 000.00,Запрос ценовых предложений,Закупка состоялась
73799185-ОК2,271231.990.000003,Шкаф серверный высота 24 U,14203992-1 Шкаф серверный Микро-ЦОД,Шкаф серверный,1,27 121 785.71,Открытый конкурс,Закупка состоялась
79524763-ОИ2,273214.000.000106,"Кабель марка ВВГ, напряжение более 1 000 В",15172700-1 Приобретение материалов для подключения электропитания для цеха Мархи (Новопэк) /,Кабель,230,15 442 857.80,Из одного источника по несостоявшимся закупкам,Закупка состоялась
37813320-ОЛ-ОК1,281413.900.000101,"Клапан запорно-регулирующий, стальной, размер 50-450 мм",15283439-1 Регулирующие клапана для ПТС,Регулирующие клапана для ПТС,4,26 906 000.00,Открытый конкурс,Закупка состоялась
76594593-ОК2,281413.900.000101,"Клапан запорно-регулирующий, стальной, размер 50-450 мм","14697266-1 Клапан для ТОО ""Мангистауский атомный энергетический комбинат""",Клапан,2,27 497 685.40,Открытый конкурс,Закупка состоялась
77493715-ЗЦП4,281413.900.000101,"Клапан запорно-регулирующий, стальной, размер 50-450 мм",14332986-1 Доукомплектование. Контрольный (балансировочный) клапан Pre-vent DN150 PN40 1.4408 NN-1000 к установке обратного осмоса Медиана-фильтр серии ДВС-М/150-8-240,Клапан,1,18 219 925.00,Запрос ценовых предложений,Закупка состоялась
75702977-ОК2,263023.900.000042,Модем для выделенной линии,14142319-1 Повторные государственные закупки модемов xDSL для филиалов РГП «Казаэронавигация»/,Модем,30,26 260 500.00,Открытый конкурс,Закупка состоялась
79640493-ОК2,262015.000.000019,Блок обработки видеосигнала для системы эндоскопической визуализации,15674427-1 Цифровой контролер в комплекте,Блок обработки видеосигнала,1,29 283 200.00,Открытый конкурс,Закупка состоялась
80761360-ОК1,271143.500.000033,"Подстанция трансформаторная комплектная мощность 630 кВА, с масляным трансформатором","15596905-1 Приобретение КТПН для ГКП ""Мангыстауэнерго""",Подстанция трансформаторная комплектная,5,23 874 441.95,Открытый конкурс,Закупка состоялась
34371037-ОЛ-ЗЦП1,282219.300.000041,"Фильтр напорный, для специальной и специализированной техники",13890137-1 Закупка запасных частей для Троллейбусного парка №1 ТОО Алматыэлектротранс,Закупка запасных частей для Троллейбусного парка №1 ТОО Алматыэлектротранс,4,24 380 000.00,Запрос ценовых предложений,Закупка состоялась
79811897-ОК2,271150.700.000001,"Преобразователь многопараметрический, сенсорный",15217054-1 Цифровой преобразователь гистологических стекол (гистологический сканер),Преобразователь,1,58 675 000.00,Открытый конкурс,Закупка состоялась
74947113-ОК2,263023.900.000008,Оборудование цифровых радиорелейных линий для беспроводной передачи данных,14724804-1 Приобретение радиорелейной станции,Оборудование цифровых радиорелейных линий,1,17 403 505.00,Открытый конкурс,Закупка состоялась
80304687-ОК3,291030.300.000003,"Автобус класс 1, вместимость не более 110 мест, длина 10,5-12 м",15539286-1 Приобретение автобуса для перевозки детей,Автобус,1,60 714 286.00,Открытый конкурс,Закупка состоялась
80319745-ОК2,291030.300.000003,"Автобус класс 1, вместимость не более 110 мест, длина 10,5-12 м",15502775-1 Государственные закупки автобуса,Автобус,1,77 700 000.00,Открытый конкурс,Закупка состоялась
74198031-ОК1,291030.300.000003,"Автобус класс 1, вместимость не более 110 мест, длина 10,5-12 м","14641943-1 Приобретение газовых автобусов для обслуживания городских маршрутов (12 метров) для КГУ ""Управление городской мобильности города Алматы""",Автобус,320,33 478 400 000.00,Открытый конкурс,Закупка состоялась
74349495-ОК1,291030.300.000003,"Автобус класс 1, вместимость не более 110 мест, длина 10,5-12 м","14641816-1 Приобретение газовых автобусов для обслуживания городских маршрутов (12 метров) для КГУ ""Управление городской мобильности города Алматы""",Автобус,230,23 000 000 000.00,Открытый конкурс,Закупка состоялась
74506824-ЗЦП2,263011.000.000016,"Радиостанция портативная (носимая), многоканальная",15618034-1 Государстсвенная закупка радиостанции,Радиостанция,14,15 750 000.00,Запрос ценовых предложений,Закупка состоялась
80000091-ОК2,263011.000.000016,"Радиостанция портативная (носимая), многоканальная",15431607-1 Радиостанция ультракоротковолновая транкинговая,Радиостанция,39,22 545 516.63,Открытый конкурс,Закупка состоялась
75379752-ОК2,263011.000.000016,"Радиостанция портативная (носимая), многоканальная",15430800-1 Носимая цифровая УКВ радиостанция,Радиостанция,100,37 500 000.00,Открытый конкурс,Закупка состоялась
80029092-ОК2,263011.000.000016,"Радиостанция портативная (носимая), многоканальная",15310857-1 Приобретение носимых радиостанций согласно технических спецификаций,Радиостанция,76,27 681 913.96,Открытый конкурс,Закупка состоялась
79398348-ОК2,263011.000.000016,"Радиостанция портативная (носимая), многоканальная",15123435-1 Приобретение радиостанции транкинговой,Радиостанция,39,35 250 428.85,Открытый конкурс,Закупка состоялась
76729523-ОК2,263011.000.000016,"Радиостанция портативная (носимая), многоканальная",14949479-1 Носимая радиостанция УКВ,Радиостанция,200,68 007 600.00,Открытый конкурс,Закупка состоялась
78604414-ОК3,263011.000.000016,"Радиостанция портативная (носимая), многоканальная","14775987-1 Носимая цифровая радиостанция (Уважаемый потенциальный поставщик, прежде чем подавать заявку на участие в данном лоте,пожалуйста, внимательно ознакомьтесь с техническими спецификациями",Радиостанция,40,26 680 000.00,Открытый конкурс,Закупка состоялась
78138216-ОК2,263011.000.000016,"Радиостанция портативная (носимая), многоканальная",14686271-1 Дооснащение системы ультракоротковолновой цифровой радиосвязи стандарта Digital Mobile Radio радиостанцией УКВ носимой цифрового стандарта DMR TIER III с буквенно-цифровой клавиатурой и дисплеем,Радиостанция,90,30 603 456.00,Открытый конкурс,Закупка состоялась
75369906-ОК4,263011.000.000016,"Радиостанция портативная (носимая), многоканальная","14654050-1 Носимая цифровая радиостанция (Уважаемый потенциальный поставщик, прежде чем подавать заявку на участие в данном лоте,пожалуйста, внимательно ознакомьтесь с техническими спецификациями)",Радиостанция,185,62 847 460.00,Открытый конкурс,Закупка состоялась
77512388-ОК2,263011.000.000016,"Радиостанция портативная (носимая), многоканальная",14524326-2 Приобретение носимой радиостанции,Радиостанция,70,23 802 687.30,Открытый конкурс,Закупка состоялась
74305202-ОК2,263011.000.000016,"Радиостанция портативная (носимая), многоканальная",14427177-2 Цифровая УКВ радиостанция носимая,Радиостанция,194,65 967 447.66,Открытый конкурс,Закупка состоялась
74838263-ОК2,263011.000.000016,"Радиостанция портативная (носимая), многоканальная",14282189-2 Приобретение радиостанций УКВ диапазона,Радиостанция,50,28 750 000.00,Открытый конкурс,Закупка состоялась
78707650-ОК2,291030.300.000006,"Автобус класс 2, вместимость не более 65 мест, длина 8-9,5 м",14849503-1 Государственная закупка для КГП «Атырау облысы Су Арнасы» государственного учреждения «Управление энергетики и жилищно-коммунального хозяйства Атырауской области»,Автобус,1,35 000 000.00,Открытый конкурс,Закупка состоялась
81408000-ОИ3,275115.500,Кухонная вытяжка (СКПП),15951444-1 Услуги финансового лизинга на приобретение транспортных средств,Услуги по финансовому лизингу,1,595 472 124.41,Из одного источника по несостоявшимся закупкам,Закупка состоялась
81407547-ОИ3,275115.500,Кухонная вытяжка (СКПП),15951444-1 Услуги финансового лизинга на приобретение транспортных средств,Услуги по финансовому лизингу,1,762 436 281.25,Из одного источника по несостоявшимся закупкам,Закупка состоялась
75035549-ОК1,275115.500,Кухонная вытяжка (СКПП),"15796866-2 Текущий ремонт здание нежилого под офис сельского округа Кажымухан, Ордабасинского района, Туркестанской области",Работы по текущему ремонту нежилых зданий/сооружений/помещений,1,28 001 904.00,Открытый конкурс,Закупка состоялась
81435835-ОИ3,275115.500,Кухонная вытяжка (СКПП),"15877149-1 Приобретение здания для ветеринарного пункта в с.Жусандыой Каратобинского района, ЗКО",Здание,1,16 000 000.00,Из одного источника по несостоявшимся закупкам,Закупка состоялась
80397977-ЗЦП2,275115.500,Кухонная вытяжка (СКПП),15875374-1 Приобретение здания ветеринарной пункт в Уялинском сельском округе,Здание,1,15 000 000.00,Запрос ценовых предложений,Закупка состоялась
80891517-ОИ3,275115.500,Кухонная вытяжка (СКПП),15874956-1 Услуги по сделкам в области лизингового кредитования,Услуги по финансовому лизингу,1,321 294 262.00,Из одного источника по несостоявшимся закупкам,Закупка состоялась
80927121-ОИ3,275115.500,Кухонная вытяжка (СКПП),15874925-1 Услуги по сделкам в области лизингового кредитования,Услуги по финансовому лизингу,1,230 113 912.50,Из одного источника по несостоявшимся закупкам,Закупка состоялась
76625256-ЗЦП3,275115.500,Кухонная вытяжка (СКПП),15873599-1 Жазатайым оқиғалардан сақтандыру бойынша қызметтер,Услуги по страхованию от несчастных случаев,1,19 111 843.28,Запрос ценовых предложений,Закупка состоялась
81331173-ОИ4,275115.500,Кухонная вытяжка (СКПП),15866884-1 Услуги по финансовому лизингу на приобретение транспортных средств (подметально-вакуумная машина (пылесос) на шасси),Услуги по финансовому лизингу,1,762 436 281.25,Из одного источника по несостоявшимся закупкам,Закупка состоялась
82813737-ЗЦП1,275115.500,Кухонная вытяжка (СКПП),15866788-1 медициналық техниканы сатып алу,Анализатор,2,15 000 000.00,Запрос ценовых предложений,Закупка состоялась
82281036-ОИ2,275115.500,Кухонная вытяжка (СКПП),15864310-1 Колесный трактор 90 л.с.,Трактор,1,15 625 000.00,Из одного источника по несостоявшимся закупкам,Закупка состоялась
81331182-ОИ4,275115.500,Кухонная вытяжка (СКПП),15864272-1 Услуги по финансовому лизингу на приобретение транспортных средств (компактная подметально-уборочная машина),Услуги по финансовому лизингу,1,595 472 124.41,Из одного источника по несостоявшимся закупкам,Закупка состоялась
80373779-ОК2,275115.500,Кухонная вытяжка (СКПП),15863665-1 О проведении повторной государственной закупки товара для РГП на ПХВ “Казаэронавигация” Комитета гражданской авиации Министерства транспорта Республики Казахстан способом открытого конкурса,Топливо дизельное,483606,256 311 180.00,Открытый конкурс,Закупка состоялась
81447208-ОИ3,275115.500,Кухонная вытяжка (СКПП),15862169-1 Услуги по финансовому лизингу (Подметально-уборочная машина),Услуги по финансовому лизингу,1,762 436 281.25,Из одного источника по несостоявшимся закупкам,Закупка состоялась
81447910-ОИ3,275115.500,Кухонная вытяжка (СКПП),15862169-1 Услуги по финансовому лизингу (Подметально-уборочная машина),Услуги по финансовому лизингу,1,595 472 124.41,Из одного источника по несостоявшимся закупкам,Закупка состоялась
81067849-ОИнеГЗ3,275115.500,Кухонная вытяжка (СКПП),15861277-1 Закуп дизельного топлива летнего,Топливо дизельное,620000,181 015 200.00,Из одного источника по несостоявшимся закупкам не ГЗ,Закупка состоялась
81067850-ОИнеГЗ3,275115.500,Кухонная вытяжка (СКПП),15861277-1 Закуп дизельного топлива летнего,Топливо дизельное,620000,181 015 200.00,Из одного источника по несостоявшимся закупкам не ГЗ,Закупка состоялась
81067851-ОИнеГЗ3,275115.500,Кухонная вытяжка (СКПП),15861277-1 Закуп дизельного топлива летнего,Топливо дизельное,620000,181 015 200.00,Из одного источника по несостоявшимся закупкам не ГЗ,Закупка состоялась
81067852-ОИнеГЗ3,275115.500,Кухонная вытяжка (СКПП),15861277-1 Закуп дизельного топлива летнего,Топливо дизельное,620000,181 015 200.00,Из одного источника по несостоявшимся закупкам не ГЗ,Закупка состоялась
80807707-ЗЦП2,275115.500,Кухонная вытяжка (СКПП),15860394-1 Работы по проведению текущего ремонта помещения компьютерного томографа,Работы по текущему ремонту нежилых зданий/сооружений/помещений,1,17 556 199.00,Запрос ценовых предложений,Закупка состоялась
80652679-КРБС1,275115.500,Кухонная вытяжка (СКПП),"15859991-1 Разработка ПСД на строительство учебно-производственных мастерских на территории ГККП «АТКС» УОМО, расположенного по адресу: Мангистауская область, город Актау, 27 микрорайон, здание №58",Работы по разработке/расчету/составлению проектно-сметной документации,1,31 899 059.00,Конкурс с использованием рейтингово-балльной системы,Закупка состоялась
81295648-ЗЦП2,275115.500,Кухонная вытяжка (СКПП),15859064-1 Приобретение мини погрузчика,Погрузчик,1,15 357 142.86,Запрос ценовых предложений,Закупка состоялась
82076755-ОИ2,275115.500,Кухонная вытяжка (СКПП),15858954-1 Государственная закупка для КГП на ПХВ «Жанакорганская районная ветеринарная станция» управления ветеринарии Кызылординской области»,Автомобиль,1,17 790 000.00,Из одного источника по несостоявшимся закупкам,Закупка состоялась
81596068-ОИ3,275115.500,Кухонная вытяжка (СКПП),15858473-1 услуги по страхованию жизни сотрудников от несчастного случая,Услуги по страхованию от несчастных случаев,1,18 286 481.00,Из одного источника по несостоявшимся закупкам,Закупка состоялась
81557862-ОК2,275115.500,Кухонная вытяжка (СКПП),"15857607-1 Государственные закупка для Коммунальное государственное учреждение ""Отдел строительства, архитектуры и градостроительства Кармакшинского района""",Квартира,1,16 503 183.33,Открытый конкурс,Закупка состоялась
81557854-ОК2,275115.500,Кухонная вытяжка (СКПП),"15857607-1 Государственные закупка для Коммунальное государственное учреждение ""Отдел строительства, архитектуры и градостроительства Кармакшинского района""",Квартира,1,16 503 183.33,Открытый конкурс,Закупка состоялась
81557856-ОК2,275115.500,Кухонная вытяжка (СКПП),"15857607-1 Государственные закупка для Коммунальное государственное учреждение ""Отдел строительства, архитектуры и градостроительства Кармакшинского района""",Квартира,1,16 503 183.33,Открытый конкурс,Закупка состоялась
81557845-ОК2,275115.500,Кухонная вытяжка (СКПП),"15857607-1 Государственные закупка для Коммунальное государственное учреждение ""Отдел строительства, архитектуры и градостроительства Кармакшинского района""",Квартира,1,16 503 183.33,Открытый конкурс,Закупка состоялась
81557837-ОК2,275115.500,Кухонная вытяжка (СКПП),"15857602-1 Государственные закупка для Коммунальное государственное учреждение ""Отдел строительства, архитектуры и градостроительства Кармакшинского района""",Квартира,1,16 503 183.33,Открытый конкурс,Закупка состоялась
81557828-ОК2,275115.500,Кухонная вытяжка (СКПП),"15857602-1 Государственные закупка для Коммунальное государственное учреждение ""Отдел строительства, архитектуры и градостроительства Кармакшинского района""",Квартира,1,16 503 183.33,Открытый конкурс,Закупка состоялась
81557826-ОК2,275115.500,Кухонная вытяжка (СКПП),"15857602-1 Государственные закупка для Коммунальное государственное учреждение ""Отдел строительства, архитектуры и градостроительства Кармакшинского района""",Квартира,1,16 503 183.33,Открытый конкурс,Закупка состоялась
81557831-ОК2,275115.500,Кухонная вытяжка (СКПП),"15857602-1 Государственные закупка для Коммунальное государственное учреждение ""Отдел строительства, архитектуры и градостроительства Кармакшинского района""",Квартира,1,16 503 183.33,Открытый конкурс,Закупка состоялась
81557835-ОК2,275115.500,Кухонная вытяжка (СКПП),"15857602-1 Государственные закупка для Коммунальное государственное учреждение ""Отдел строительства, архитектуры и градостроительства Кармакшинского района""",Квартира,1,16 503 183.33,Открытый конкурс,Закупка состоялась
81558467-ОК2,275115.500,Кухонная вытяжка (СКПП),"15857597-1 Государственные закупка для Коммунальное государственное учреждение ""Отдел строительства, архитектуры и градостроительства Кармакшинского района""",Квартира,1,16 503 183.33,Открытый конкурс,Закупка состоялась
81558457-ОК2,275115.500,Кухонная вытяжка (СКПП),"15857597-1 Государственные закупка для Коммунальное государственное учреждение ""Отдел строительства, архитектуры и градостроительства Кармакшинского района""",Квартира,1,16 503 183.33,Открытый конкурс,Закупка состоялась
81558465-ОК2,275115.500,Кухонная вытяжка (СКПП),"15857597-1 Государственные закупка для Коммунальное государственное учреждение ""Отдел строительства, архитектуры и градостроительства Кармакшинского района""",Квартира,1,16 503 183.33,Открытый конкурс,Закупка состоялась
81558460-ОК2,275115.500,Кухонная вытяжка (СКПП),"15857597-1 Государственные закупка для Коммунальное государственное учреждение ""Отдел строительства, архитектуры и градостроительства Кармакшинского района""",Квартира,1,16 503 183.33,Открытый конкурс,Закупка состоялась
81558464-ОК2,275115.500,Кухонная вытяжка (СКПП),"15857597-1 Государственные закупка для Коммунальное государственное учреждение ""Отдел строительства, архитектуры и градостроительства Кармакшинского района""",Квартира,1,16 503 183.33,Открытый конкурс,Закупка состоялась
81557812-ОК2,275115.500,Кухонная вытяжка (СКПП),"15857590-1 Государственные закупка для Коммунальное государственное учреждение ""Отдел строительства, архитектуры и градостроительства Кармакшинского района""",Квартира,1,16 503 183.33,Открытый конкурс,Закупка состоялась
81558454-ОК2,275115.500,Кухонная вытяжка (СКПП),"15857590-1 Государственные закупка для Коммунальное государственное учреждение ""Отдел строительства, архитектуры и градостроительства Кармакшинского района""",Квартира,1,16 503 183.33,Открытый конкурс,Закупка состоялась
81558453-ОК2,275115.500,Кухонная вытяжка (СКПП),"15857590-1 Государственные закупка для Коммунальное государственное учреждение ""Отдел строительства, архитектуры и градостроительства Кармакшинского района""",Квартира,1,16 503 183.33,Открытый конкурс,Закупка состоялась
81558456-ОК2,275115.500,Кухонная вытяжка (СКПП),"15857590-1 Государственные закупка для Коммунальное государственное учреждение ""Отдел строительства, архитектуры и градостроительства Кармакшинского района""",Квартира,1,16 503 183.33,Открытый конкурс,Закупка состоялась
81557833-ОК2,275115.500,Кухонная вытяжка (СКПП),"15857590-1 Государственные закупка для Коммунальное государственное учреждение ""Отдел строительства, архитектуры и градостроительства Кармакшинского района""",Квартира,1,16 503 183.33,Открытый конкурс,Закупка состоялась
81558476-ОК2,275115.500,Кухонная вытяжка (СКПП),"15857584-1 Государственные закупка для Коммунальное государственное учреждение ""Отдел строительства, архитектуры и градостроительства Кармакшинского района""",Квартира,1,16 503 183.33,Открытый конкурс,Закупка состоялась
81558470-ОК2,275115.500,Кухонная вытяжка (СКПП),"15857584-1 Государственные закупка для Коммунальное государственное учреждение ""Отдел строительства, архитектуры и градостроительства Кармакшинского района""",Квартира,1,16 503 183.33,Открытый конкурс,Закупка состоялась
81558478-ОК2,275115.500,Кухонная вытяжка (СКПП),"15857584-1 Государственные закупка для Коммунальное государственное учреждение ""Отдел строительства, архитектуры и градостроительства Кармакшинского района""",Квартира,1,16 503 183.33,Открытый конкурс,Закупка состоялась
81558468-ОК2,275115.500,Кухонная вытяжка (СКПП),"15857584-1 Государственные закупка для Коммунальное государственное учреждение ""Отдел строительства, архитектуры и градостроительства Кармакшинского района""",Квартира,1,16 503 183.33,Открытый конкурс,Закупка состоялась
81558481-ОК2,275115.500,Кухонная вытяжка (СКПП),"15857584-1 Государственные закупка для Коммунальное государственное учреждение ""Отдел строительства, архитектуры и градостроительства Кармакшинского района""",Квартира,1,16 503 183.33,Открытый конкурс,Закупка состоялась
81558434-ОК2,275115.500,Кухонная вытяжка (СКПП),"15857582-1 Государственные закупка для Коммунальное государственное учреждение ""Отдел строительства, архитектуры и градостроительства Кармакшинского района""",Квартира,1,16 503 183.33,Открытый конкурс,Закупка состоялась
81557865-ОК2,275115.500,Кухонная вытяжка (СКПП),"15857582-1 Государственные закупка для Коммунальное государственное учреждение ""Отдел строительства, архитектуры и градостроительства Кармакшинского района""",Квартира,1,16 503 183.33,Открытый конкурс,Закупка состоялась
81557824-ОК2,275115.500,Кухонная вытяжка (СКПП),"15857582-1 Государственные закупка для Коммунальное государственное учреждение ""Отдел строительства, архитектуры и градостроительства Кармакшинского района""",Квартира,1,16 503 183.33,Открытый конкурс,Закупка состоялась
81558436-ОК2,275115.500,Кухонная вытяжка (СКПП),"15857582-1 Государственные закупка для Коммунальное государственное учреждение ""Отдел строительства, архитектуры и градостроительства Кармакшинского района""",Квартира,1,16 503 183.33,Открытый конкурс,Закупка состоялась
81558437-ОК2,275115.500,Кухонная вытяжка (СКПП),"15857582-1 Государственные закупка для Коммунальное государственное учреждение ""Отдел строительства, архитектуры и градостроительства Кармакшинского района""",Квартира,1,16 503 183.33,Открытый конкурс,Закупка состоялась
81558430-ОК2,275115.500,Кухонная вытяжка (СКПП),"15857579-1 Государственные закупка для Коммунальное государственное учреждение ""Отдел строительства, архитектуры и градостроительства Кармакшинского района""",Квартира,1,16 503 183.33,Открытый конкурс,Закупка состоялась
81558432-ОК2,275115.500,Кухонная вытяжка (СКПП),"15857579-1 Государственные закупка для Коммунальное государственное учреждение ""Отдел строительства, архитектуры и градостроительства Кармакшинского района""",Квартира,1,16 503 183.33,Открытый конкурс,Закупка состоялась
81557861-ОК2,275115.500,Кухонная вытяжка (СКПП),"15857579-1 Государственные закупка для Коммунальное государственное учреждение ""Отдел строительства, архитектуры и градостроительства Кармакшинского района""",Квартира,1,16 503 183.33,Открытый конкурс,Закупка состоялась
81558425-ОК2,275115.500,Кухонная вытяжка (СКПП),"15857579-1 Государственные закупка для Коммунальное государственное учреждение ""Отдел строительства, архитектуры и градостроительства Кармакшинского района""",Квартира,1,16 503 183.33,Открытый конкурс,Закупка состоялась
81558427-ОК2,275115.500,Кухонная вытяжка (СКПП),"15857579-1 Государственные закупка для Коммунальное государственное учреждение ""Отдел строительства, архитектуры и градостроительства Кармакшинского района""",Квартира,1,16 503 183.33,Открытый конкурс,Закупка состоялась
81557822-ОК2,275115.500,Кухонная вытяжка (СКПП),"15857571-1 Государственные закупка для Коммунальное государственное учреждение ""Отдел строительства, архитектуры и градостроительства Кармакшинского района""",Квартира,1,16 503 183.33,Открытый конкурс,Закупка состоялась
81558447-ОК2,275115.500,Кухонная вытяжка (СКПП),"15857571-1 Государственные закупка для Коммунальное государственное учреждение ""Отдел строительства, архитектуры и градостроительства Кармакшинского района""",Квартира,1,16 503 183.33,Открытый конкурс,Закупка состоялась
81558440-ОК2,275115.500,Кухонная вытяжка (СКПП),"15857571-1 Государственные закупка для Коммунальное государственное учреждение ""Отдел строительства, архитектуры и градостроительства Кармакшинского района""",Квартира,1,16 503 183.33,Открытый конкурс,Закупка состоялась
81558443-ОК2,275115.500,Кухонная вытяжка (СКПП),"15857571-1 Государственные закупка для Коммунальное государственное учреждение ""Отдел строительства, архитектуры и градостроительства Кармакшинского района""",Квартира,1,16 503 183.33,Открытый конкурс,Закупка состоялась
81558485-ОК2,275115.500,Кухонная вытяжка (СКПП),"15857565-1 Государственные закупка для Коммунальное государственное учреждение ""Отдел строительства, архитектуры и градостроительства Кармакшинского района""",Квартира,1,16 503 183.33,Открытый конкурс,Закупка состоялась
81558492-ОК2,275115.500,Кухонная вытяжка (СКПП),"15857565-1 Государственные закупка для Коммунальное государственное учреждение ""Отдел строительства, архитектуры и градостроительства Кармакшинского района""",Квартира,1,16 503 183.33,Открытый конкурс,Закупка состоялась
81557838-ОК2,275115.500,Кухонная вытяжка (СКПП),"15857556-1 Государственные закупка для Коммунальное государственное учреждение ""Отдел строительства, архитектуры и градостроительства Кармакшинского района""",Квартира,1,16 503 183.33,Открытый конкурс,Закупка состоялась
81557867-ОК2,275115.500,Кухонная вытяжка (СКПП),"15857556-1 Государственные закупка для Коммунальное государственное учреждение ""Отдел строительства, архитектуры и градостроительства Кармакшинского района""",Квартира,1,16 503 183.33,Открытый конкурс,Закупка состоялась
81558424-ОК2,275115.500,Кухонная вытяжка (СКПП),"15857556-1 Государственные закупка для Коммунальное государственное учреждение ""Отдел строительства, архитектуры и градостроительства Кармакшинского района""",Квартира,1,16 503 183.33,Открытый конкурс,Закупка состоялась
81557869-ОК2,275115.500,Кухонная вытяжка (СКПП),"15857556-1 Государственные закупка для Коммунальное государственное учреждение ""Отдел строительства, архитектуры и градостроительства Кармакшинского района""",Квартира,1,16 503 183.33,Открытый конкурс,Закупка состоялась
82533152-ЗЖ1,275115.500,Кухонная вытяжка (СКПП),"15856910-1 Приобретение квартир в городе Хромтау, Хромтауского района, Актюбинской области",Квартира,1,19 710 000.00,Закупка жилища,Закупка состоялась
82534114-ЗЖ1,275115.500,Кухонная вытяжка (СКПП),"15856910-1 Приобретение квартир в городе Хромтау, Хромтауского района, Актюбинской области",Квартира,1,19 710 000.00,Закупка жилища,Закупка состоялась
82533777-ЗЖ1,275115.500,Кухонная вытяжка (СКПП),"15856910-1 Приобретение квартир в городе Хромтау, Хромтауского района, Актюбинской области",Квартира,1,19 680 000.00,Закупка жилища,Закупка состоялась
82533282-ЗЖ1,275115.500,Кухонная вытяжка (СКПП),"15856910-1 Приобретение квартир в городе Хромтау, Хромтауского района, Актюбинской области",Квартира,1,19 710 000.00,Закупка жилища,Закупка состоялась
82539911-ЗЖ1,275115.500,Кухонная вытяжка (СКПП),"15856910-1 Приобретение квартир в городе Хромтау, Хромтауского района, Актюбинской области",Квартира,1,19 650 000.00,Закупка жилища,Закупка состоялась
82540872-ЗЖ1,275115.500,Кухонная вытяжка (СКПП),"15856910-1 Приобретение квартир в городе Хромтау, Хромтауского района, Актюбинской области",Квартира,1,19 980 000.00,Закупка жилища,Закупка состоялась
82540584-ЗЖ1,275115.500,Кухонная вытяжка (СКПП),"15856910-1 Приобретение квартир в городе Хромтау, Хромтауского района, Актюбинской области",Квартира,1,19 950 000.00,Закупка жилища,Закупка состоялась
82540167-ЗЖ1,275115.500,Кухонная вытяжка (СКПП),"15856910-1 Приобретение квартир в городе Хромтау, Хромтауского района, Актюбинской области",Квартира,1,19 740 000.00,Закупка жилища,Закупка состоялась
82540740-ЗЖ1,275115.500,Кухонная вытяжка (СКПП),"15856910-1 Приобретение квартир в городе Хромтау, Хромтауского района, Актюбинской области",Квартира,1,19 740 000.00,Закупка жилища,Закупка состоялась
82542092-ЗЖ1,275115.500,Кухонная вытяжка (СКПП),"15856910-1 Приобретение квартир в городе Хромтау, Хромтауского района, Актюбинской области",Квартира,1,19 530 000.00,Закупка жилища,Закупка состоялась
82533623-ЗЖ1,275115.500,Кухонная вытяжка (СКПП),"15856850-1 Приобретение квартир в городе Хромтау, Хромтауского района, Актюбинской области",Квартира,1,19 890 000.00,Закупка жилища,Закупка состоялась
82541344-ЗЖ1,275115.500,Кухонная вытяжка (СКПП),"15856850-1 Приобретение квартир в городе Хромтау, Хромтауского района, Актюбинской области",Квартира,1,19 890 000.00,Закупка жилища,Закупка состоялась
82540689-ЗЖ1,275115.500,Кухонная вытяжка (СКПП),"15856850-1 Приобретение квартир в городе Хромтау, Хромтауского района, Актюбинской области",Квартира,1,19 890 000.00,Закупка жилища,Закупка состоялась
82533841-ЗЖ1,275115.500,Кухонная вытяжка (СКПП),"15856809-1 Приобретение квартир в городе Хромтау, Хромтауского района, Актюбинской области",Квартира,1,19 830 000.00,Закупка жилища,Закупка состоялась
82540079-ЗЖ1,275115.500,Кухонная вытяжка (СКПП),"15856809-1 Приобретение квартир в городе Хромтау, Хромтауского района, Актюбинской области",Квартира,1,19 860 000.00,Закупка жилища,Закупка состоялась
82540055-ЗЖ1,275115.500,Кухонная вытяжка (СКПП),"15856809-1 Приобретение квартир в городе Хромтау, Хромтауского района, Актюбинской области",Квартира,1,19 860 000.00,Закупка жилища,Закупка состоялась
82542289-ЗЖ1,275115.500,Кухонная вытяжка (СКПП),"15856809-1 Приобретение квартир в городе Хромтау, Хромтауского района, Актюбинской области",Квартира,1,19 830 000.00,Закупка жилища,Закупка состоялась
79958107-ОИ3,275115.500,Кухонная вытяжка (СКПП),15856648-1 Приобретение 7-ти этажного жилого дома в АДЦ города Туркестан»,Здание,1,814 263 567.60,Из одного источника по несостоявшимся закупкам,Закупка состоялась
79958091-ОИ3,275115.500,Кухонная вытяжка (СКПП),15856585-1 Приобретение 7-ти этажного жилого дома в АДЦ города Туркестан»,Здание,1,814 263 567.60,Из одного источника по несостоявшимся закупкам,Закупка состоялась
79958089-ОИ3,275115.500,Кухонная вытяжка (СКПП),15856530-1 Приобретение 7-ти этажного жилого дома в АДЦ города Туркестан»,Здание,1,814 263 567.60,Из одного источника по несостоявшимся закупкам,Закупка состоялась
82488714-ЗЖ1,275115.500,Кухонная вытяжка (СКПП),"15856461-1 Приобретение квартиры в селе Дон, Хромтауского района, Актюбинской области",Квартира,1,19 050 000.00,Закупка жилища,Закупка состоялась
82488480-ЗЖ1,275115.500,Кухонная вытяжка (СКПП),"15856461-1 Приобретение квартиры в селе Дон, Хромтауского района, Актюбинской области",Квартира,1,19 050 000.00,Закупка жилища,Закупка состоялась
82488816-ЗЖ1,275115.500,Кухонная вытяжка (СКПП),"15856461-1 Приобретение квартиры в селе Дон, Хромтауского района, Актюбинской области",Квартира,1,19 050 000.00,Закупка жилища,Закупка состоялась
82488882-ЗЖ1,275115.500,Кухонная вытяжка (СКПП),"15856461-1 Приобретение квартиры в селе Дон, Хромтауского района, Актюбинской области",Квартира,1,19 050 000.00,Закупка жилища,Закупка состоялась
82488366-ЗЖ1,275115.500,Кухонная вытяжка (СКПП),"15856461-1 Приобретение квартиры в селе Дон, Хромтауского района, Актюбинской области",Квартира,1,19 050 000.00,Закупка жилища,Закупка состоялась
82489431-ЗЖ1,275115.500,Кухонная вытяжка (СКПП),"15856461-1 Приобретение квартиры в селе Дон, Хромтауского района, Актюбинской области",Квартира,1,19 050 000.00,Закупка жилища,Закупка состоялась
79958116-ОИ3,275115.500,Кухонная вытяжка (СКПП),15856485-1 Приобретение 7-ти этажного жилого дома в АДЦ города Туркестан»,Здание,1,814 263 567.60,Из одного источника по несостоявшимся закупкам,Закупка состоялась
79958119-ОИ3,275115.500,Кухонная вытяжка (СКПП),15856349-1 Приобретение 7-ти этажного жилого дома в АДЦ города Туркестан»,Здание,1,814 263 567.60,Из одного источника по несостоявшимся закупкам,Закупка состоялась
82031073-ОК1,275115.500,Кухонная вытяжка (СКПП),15841719-2 внутренние отделки и другие ремонтные работы,Работы малярные,1,19 558 806.00,Открытый конкурс,Закупка состоялась
82031060-ОК1,275115.500,Кухонная вытяжка (СКПП),15841719-2 внутренние отделки и другие ремонтные работы,Работы малярные,1,30 740 535.00,Открытый конкурс,Закупка состоялась
79958065-ОИ3,275115.500,Кухонная вытяжка (СКПП),15856310-1 Приобретение 7-ти этажного жилого дома в АДЦ города Туркестан»,Здание,1,814 263 567.60,Из одного источника по несостоявшимся закупкам,Закупка состоялась
79958079-ОИ3,275115.500,Кухонная вытяжка (СКПП),15856267-1 Приобретение 7-ти этажного жилого дома в АДЦ города Туркестан»,Здание,1,814 263 567.60,Из одного источника по несостоявшимся закупкам,Закупка состоялась
79958061-ОИ3,275115.500,Кухонная вытяжка (СКПП),15856161-1 Приобретение 7-ти этажного жилого дома в АДЦ города Туркестан»,Здание,1,814 263 567.60,Из одного источника по несостоявшимся закупкам,Закупка состоялась
79958052-ОИ3,275115.500,Кухонная вытяжка (СКПП),15856090-1 Приобретение 7-ти этажного жилого дома в АДЦ города Туркестан»,Здание,1,814 263 567.60,Из одного источника по несостоявшимся закупкам,Закупка состоялась
79958074-ОИ3,275115.500,Кухонная вытяжка (СКПП),15856023-1 Приобретение 7-ти этажного жилого дома в АДЦ города Туркестан»,Здание,1,814 263 567.60,Из одного источника по несостоявшимся закупкам,Закупка состоялась
79958070-ОИ3,275115.500,Кухонная вытяжка (СКПП),15855961-1 Приобретение 7-ти этажного жилого дома в АДЦ города Туркестан»,Здание,1,814 263 567.60,Из одного источника по несостоявшимся закупкам,Закупка состоялась
79958085-ОИ3,275115.500,Кухонная вытяжка (СКПП),15855878-1 Приобретение 7-ти этажного жилого дома в АДЦ города Туркестан»,Здание,1,814 263 567.60,Из одного источника по несостоявшимся закупкам,Закупка состоялась
79958120-ОИ3,275115.500,Кухонная вытяжка (СКПП),15855793-1 Приобретение 7-ти этажного жилого дома в АДЦ города Туркестан»,Здание,1,814 263 567.60,Из одного источника по несостоявшимся закупкам,Закупка состоялась
79958121-ОИ3,275115.500,Кухонная вытяжка (СКПП),15855488-1 Приобретение 7-ти этажного жилого дома в АДЦ города Туркестан»,Здание,1,814 263 567.60,Из одного источника по несостоявшимся закупкам,Закупка состоялась
82192154-ОК1,275115.500,Кухонная вытяжка (СКПП),"15844333-2 Приобретение квартир для ГУ ""Отдел строительства города Караганды""",Квартира,1,22 104 000.00,Открытый конкурс,Закупка состоялась
82189914-ОК1,275115.500,Кухонная вытяжка (СКПП),"15844333-2 Приобретение квартир для ГУ ""Отдел строительства города Караганды""",Квартира,1,37 368 000.00,Открытый конкурс,Закупка состоялась
82189487-ОК1,275115.500,Кухонная вытяжка (СКПП),"15844326-2 Приобретение квартир для ГУ ""Отдел строительства города Караганды""",Квартира,1,38 887 000.00,Открытый конкурс,Закупка состоялась
82190352-ОК1,275115.500,Кухонная вытяжка (СКПП),"15844333-2 Приобретение квартир для ГУ ""Отдел строительства города Караганды""",Квартира,1,30 492 000.00,Открытый конкурс,Закупка состоялась
82189359-ОК1,275115.500,Кухонная вытяжка (СКПП),"15844326-2 Приобретение квартир для ГУ ""Отдел строительства города Караганды""",Квартира,1,32 436 000.00,Открытый конкурс,Закупка состоялась
82189983-ОК1,275115.500,Кухонная вытяжка (СКПП),"15844333-2 Приобретение квартир для ГУ ""Отдел строительства города Караганды""",Квартира,1,40 608 000.00,Открытый конкурс,Закупка состоялась
81844206-ОК1,275115.500,Кухонная вытяжка (СКПП),"15844326-2 Приобретение квартир для ГУ ""Отдел строительства города Караганды""",Квартира,1,24 228 000.00,Открытый конкурс,Закупка состоялась
81844180-ОК1,275115.500,Кухонная вытяжка (СКПП),"15844333-2 Приобретение квартир для ГУ ""Отдел строительства города Караганды""",Квартира,1,20 376 000.00,Открытый конкурс,Закупка состоялась
80017598-ОИ6,275115.500,Кухонная вытяжка (СКПП),15854512-1 Закупка услуги по сделкам в области лизингового кредитования,Услуги по финансовому лизингу,1,38 380 050.28,Из одного источника по несостоявшимся закупкам,Закупка состоялась
80889800-ОИ3,275115.500,Кухонная вытяжка (СКПП),15854516-1 Услуги для ГККП,Услуги по финансовому лизингу,1,446 628 417.68,Из одного источника по несостоявшимся закупкам,Закупка состоялась
82222289-ОИ2,275115.500,Кухонная вытяжка (СКПП),15854415-1 Приобретение нового одноквартирного дома в селе Федоровка,Квартира,1,20 808 086.00,Из одного источника по несостоявшимся закупкам,Закупка состоялась
81047321-ЗЖ2,275115.500,Кухонная вытяжка (СКПП),15854145-1 Приобретение жилого дома в селе Карауылкелды Байганинского района Актюбинской области (согласно технической спецификации),Здание,1,19 050 000.00,Закупка жилища,Закупка состоялась
81047297-ЗЖ2,275115.500,Кухонная вытяжка (СКПП),15854145-1 Приобретение жилого дома в селе Карауылкелды Байганинского района Актюбинской области (согласно технической спецификации),Здание,1,19 050 000.00,Закупка жилища,Закупка состоялась
81047324-ЗЖ2,275115.500,Кухонная вытяжка (СКПП),15854145-1 Приобретение жилого дома в селе Карауылкелды Байганинского района Актюбинской области (согласно технической спецификации),Здание,1,19 050 000.00,Закупка жилища,Закупка состоялась
81047316-ЗЖ2,275115.500,Кухонная вытяжка (СКПП),15854145-1 Приобретение жилого дома в селе Карауылкелды Байганинского района Актюбинской области (согласно технической спецификации),Здание,1,19 050 000.00,Закупка жилища,Закупка состоялась
81047313-ЗЖ2,275115.500,Кухонная вытяжка (СКПП),15854145-1 Приобретение жилого дома в селе Карауылкелды Байганинского района Актюбинской области (согласно технической спецификации),Здание,1,19 050 000.00,Закупка жилища,Закупка состоялась
82487616-ЗЖ1,275115.500,Кухонная вытяжка (СКПП),15854032-1 Приобретение жилого дома в селе Карауылкелды Байганинского района Актюбинской области,Здание,1,19 050 000.00,Закупка жилища,Закупка состоялась
82487481-ЗЖ1,275115.500,Кухонная вытяжка (СКПП),15854032-1 Приобретение жилого дома в селе Карауылкелды Байганинского района Актюбинской области,Здание,1,19 050 000.00,Закупка жилища,Закупка состоялась
80057894-ОИ7,275115.500,Кухонная вытяжка (СКПП),15853703-1 Услуги по сделкам в области лизингового кредитования,Услуги по финансовому лизингу,1,110 780 798.00,Из одного источника по несостоявшимся закупкам,Закупка состоялась
82433600-ЗЦП1,275115.500,Кухонная вытяжка (СКПП),15853672-1 Автоматизированная информационная система электронных библиотечных ресурсов,Услуги по подписке на информационные ленты,1,22 500 000.00,Запрос ценовых предложений,Закупка состоялась
82462275-ЗЖ1,275115.500,Кухонная вытяжка (СКПП),15852854-1 Приобретение 2-х одна комнатных квартир с площадью не менее 30 кв метров в поселке Шашубай,Квартира,1,20 724 197.94,Закупка жилища,Закупка состоялась
82461874-ЗЖ1,275115.500,Кухонная вытяжка (СКПП),15852851-1 Приобретение 2-х трехкомнатных квартир с площадью не менее 57 кв метров в поселке Шашубай,Квартира,1,38 730 468.20,Закупка жилища,Закупка состоялась
82462151-ЗЖ1,275115.500,Кухонная вытяжка (СКПП),15852845-1 Приобретение 3-х четырехкомнатных квартир с площадью не менее 58 кв метров в поселке Шашубай,Квартира,1,59 828 381.28,Закупка жилища,Закупка состоялась
82461631-ЗЖ1,275115.500,Кухонная вытяжка (СКПП),15852835-1 Приобретение трех трехкомнатных квартир с площадью не менее 50 кв метров в поселке Шашубай,Квартира,1,51 266 910.70,Закупка жилища,Закупка состоялась
82451586-ЗЖ1,275115.500,Кухонная вытяжка (СКПП),15852524-1 Приобретение жилья в Алгинском районе Актюбинской области (согласно технической спецификации),Квартира,1,19 050 000.00,Закупка жилища,Закупка состоялась
82451853-ЗЖ1,275115.500,Кухонная вытяжка (СКПП),15852520-1 Приобретение жилья в Алгинском районе Актюбинской области (согласно технической спецификации),Квартира,1,19 050 000.00,Закупка жилища,Закупка состоялась
82451883-ЗЖ1,275115.500,Кухонная вытяжка (СКПП),15852511-1 Приобретение жилья в Алгинском районе Актюбинской области (согласно технической спецификации),Квартира,1,19 050 000.00,Закупка жилища,Закупка состоялась
82451874-ЗЖ1,275115.500,Кухонная вытяжка (СКПП),15852491-1 Приобретение жилья в Алгинском районе Актюбинской области (согласно технической спецификации),Квартира,1,19 050 000.00,Закупка жилища,Закупка состоялась
82451565-ЗЖ1,275115.500,Кухонная вытяжка (СКПП),15852469-1 Приобретение жилья в Алгинском районе Актюбинской области (согласно технической спецификации),Квартира,1,19 050 000.00,Закупка жилища,Закупка состоялась
82451568-ЗЖ1,275115.500,Кухонная вытяжка (СКПП),15852459-1 Приобретение жилья в Алгинском районе Актюбинской области (согласно технической спецификации),Квартира,1,19 050 000.00,Закупка жилища,Закупка состоялась
81580989-ОИ3,275115.500,Кухонная вытяжка (СКПП),15852268-1 Приобретение нежилого здания в с.Болашак Переметнинского с/о района Бәйтерек ЗКО/,Здание,1,23 000 000.00,Из одного источника по несостоявшимся закупкам,Закупка состоялась
82445473-ЗЖ1,275115.500,Кухонная вытяжка (СКПП),15852198-1 Приобретение квартиры на территории Мунайлинского района,Квартира,1,16 960 000.00,Закупка жилища,Закупка состоялась
77021750-ЗЦП1,275115.500,Кухонная вытяжка (СКПП),15851705-1 Приобретение здания для ветеринарного пункта в сельском округе Сайын Шапагатова,Здание мобильное,1,29 656 000.00,Запрос ценовых предложений,Закупка состоялась
82409990-ЗЖ1,275115.500,Кухонная вытяжка (СКПП),15850878-1 Приобретение служебной квартиры согласно технической спецификации.,Квартира,1,28 700 000.00,Закупка жилища,Закупка состоялась
75807130-ОИ2,275115.500,Кухонная вытяжка (СКПП),15850068-1 Приобретение медицинской техники,Аппарат,1,15 000 000.00,Из одного источника по несостоявшимся закупкам,Закупка состоялась
80188803-ОИ5,275115.500,Кухонная вытяжка (СКПП),15849813-1 Услуги финансового лизинга на приобретение специализированной техники,Услуги по финансовому лизингу,1,110 747 120.00,Из одного источника по несостоявшимся закупкам,Закупка состоялась
80189781-ОИ5,275115.500,Кухонная вытяжка (СКПП),15849813-1 Услуги финансового лизинга на приобретение специализированной техники,Услуги по финансовому лизингу,1,78 903 696.52,Из одного источника по несостоявшимся закупкам,Закупка состоялась
80190707-ОИ5,275115.500,Кухонная вытяжка (СКПП),15849813-1 Услуги финансового лизинга на приобретение специализированной техники,Услуги по финансовому лизингу,1,145 756 600.00,Из одного источника по несостоявшимся закупкам,Закупка состоялась
82376627-ЗЖ1,275115.500,Кухонная вытяжка (СКПП),15849350-1 Приобретение жилых домов в с.Кордай Кордайского района Жамбылской области,Здание,1,17 055 900.00,Закупка жилища,Закупка состоялась
80326357-ОИ4,275115.500,Кухонная вытяжка (СКПП),15849042-1 услуга финансового лизинга,Услуги по финансовому лизингу,1,191 312 347.00,Из одного источника по несостоявшимся закупкам,Закупка состоялась
81214712-ОИ3,275115.500,Кухонная вытяжка (СКПП),15848815-1 Услуги финансового лизинга по приобретению основного автотранспорта,Услуги по финансовому лизингу,1,3 421 275 000.00,Из одного источника по несостоявшимся закупкам,Закупка состоялась
76470602-ОК2,275115.500,Кухонная вытяжка (СКПП),15848626-1 Приобретение здания ветеринарного пункта в Алмазненском сельском округе,Здание,1,15 000 000.00,Открытый конкурс,Закупка состоялась
82353615-ЗЖ1,275115.500,Кухонная вытяжка (СКПП),15848453-1 Приобретение 12-квартирного дома в поселке Сарышаган Актогайского района,Квартира,1,29 000 000.00,Закупка жилища,Закупка состоялась
80230523-ОК3,291022.300.000024,"Автомобиль легковой, класс внедорожник, механическая трансмиссия, объем до 3000 куб.см","15787443-1 Приобретение автомобиля легкового, класс внедорожник для ТОО «Кызылжар Су»",Автомобиль,5,39 241 075.00,Открытый конкурс,Закупка состоялась
73312010-ОК4,291022.300.000024,"Автомобиль легковой, класс внедорожник, механическая трансмиссия, объем до 3000 куб.см",15532948-1 Закупка автомобиля повышенной проходимости,Автомобиль,2,16 946 428.58,Открытый конкурс,Закупка состоялась
79668342-ОК2,291022.300.000024,"Автомобиль легковой, класс внедорожник, механическая трансмиссия, объем до 3000 куб.см",15391557-2 Приобретение патрулированного автомобиля для КГУ «Темирское учреждение по охране лесов и животного мира» ГУ «Управление природных ресурсов и регулирования природопользования Актюбинской области»,Автомобиль,1,19 642 857.14,Открытый конкурс,Закупка состоялась
73304480-ОК1,291022.300.000024,"Автомобиль легковой, класс внедорожник, механическая трансмиссия, объем до 3000 куб.см","15340739-2 Государственная закупка товара для РГУ ""Бюро национальной статистики Агентства по стратегическому планированию и реформам Республики Казахстан"" способом открытого конкурса",Автомобиль,12,87 883 928.52,Открытый конкурс,Закупка состоялась
79936572-ОК2,291022.300.000024,"Автомобиль легковой, класс внедорожник, механическая трансмиссия, объем до 3000 куб.см","15340122-1 Қостанай облысы әкімдігі табиғи ресурстар және табиғат пайдалануды реттеу басқармасының ""Урицкое орман шаруашылығы мекемесі"" КММ үшін автокөлікті сатып алу",Автомобиль,2,17 303 570.00,Открытый конкурс,Закупка состоялась
77182465-ОК2,291022.300.000024,"Автомобиль легковой, класс внедорожник, механическая трансмиссия, объем до 3000 куб.см",14987455-1 Приобретение - автомобиля,Автомобиль,2,31 580 000.00,Открытый конкурс,Закупка состоялась
74336882-ОК3,291022.300.000024,"Автомобиль легковой, класс внедорожник, механическая трансмиссия, объем до 3000 куб.см",14956357-1 Автомобиль (согласно технической спецификации),Автомобиль,2,48 910 714.28,Открытый конкурс,Закупка состоялась
74754498-ОК2,291022.300.000024,"Автомобиль легковой, класс внедорожник, механическая трансмиссия, объем до 3000 куб.см",14857490-1 Санитарный полноприводный автомобиль,Автомобиль,1,19 196 428.00,Открытый конкурс,Закупка состоялась
78438947-ОК1,291022.300.000024,"Автомобиль легковой, класс внедорожник, механическая трансмиссия, объем до 3000 куб.см",14808045-1 автомобиль легковой согласно технической спецификации,Автомобиль,2,31 580 000.00,Открытый конкурс,Закупка состоялась
78131830-ОК2,291022.300.000024,"Автомобиль легковой, класс внедорожник, механическая трансмиссия, объем до 3000 куб.см",14784269-1 Государственная закупка товара для ГУ «Департамент по чрезвычайным ситуациям Кызылординской области Министерства по чрезвычайным ситуациям Республики Казахстан» способом конкурса,Автомобиль,4,101 035 714.28,Открытый конкурс,Закупка состоялась
74829765-ОК2,291022.300.000024,"Автомобиль легковой, класс внедорожник, механическая трансмиссия, объем до 3000 куб.см",14757565-1 Приобретение транспортных средств,Автомобиль,1,32 232 142.86,Открытый конкурс,Закупка состоялась
77636365-ОК1,291022.300.000024,"Автомобиль легковой, класс внедорожник, механическая трансмиссия, объем до 3000 куб.см",14716481-1 Автомобиль (государственная закупка),Автомобиль,1,15 790 000.00,Открытый конкурс,Закупка состоялась
75303622-ОК3,291022.300.000024,"Автомобиль легковой, класс внедорожник, механическая трансмиссия, объем до 3000 куб.см","14609332-1 Приобретение автомобиля для ГУ ""Аппарат Акима Берчогурского сельского округа""",Автомобиль,1,17 410 714.28,Открытый конкурс,Закупка состоялась
76732768-ОИ3,291022.300.000024,"Автомобиль легковой, класс внедорожник, механическая трансмиссия, объем до 3000 куб.см",14590620-1 Приобретение автомашин согласно тех.спецификации,Автомобиль,1,29 238 000.00,Из одного источника по несостоявшимся закупкам,Закупка состоялась
78161191-ОК2,291022.300.000024,"Автомобиль легковой, класс внедорожник, механическая трансмиссия, объем до 3000 куб.см","14568904-1 Приобретение автомобиля легковой, класс внедорожник, механическая трансмиссия, объем до 3000 куб.см/",Автомобиль,9,75 600 000.00,Открытый конкурс,Закупка состоялась
77061612-ОК2,291022.300.000024,"Автомобиль легковой, класс внедорожник, механическая трансмиссия, объем до 3000 куб.см","14421411-1 Приобретение автоомбиля для ГУ ""Аппарат Акима Кишикумского сельского округа""",Автомобиль,1,17 410 714.28,Открытый конкурс,Закупка состоялась
75340181-ОК2,291022.300.000024,"Автомобиль легковой, класс внедорожник, механическая трансмиссия, объем до 3000 куб.см","14401292-1 Приобретение автомобиля для ГУ ""Аппарат Акима Тогузского сельского округа""",Автомобиль,1,17 410 714.28,Открытый конкурс,Закупка состоялась
76140134-ОК2,291022.300.000024,"Автомобиль легковой, класс внедорожник, механическая трансмиссия, объем до 3000 куб.см",14380804-1 Государственная закупка товара для ГУ «Департамент полиции Актюбинской области Министерства внутренних дел Республики Казахстан» способом открытого конкурса,Автомобиль,150,1 156 808 035.50,Открытый конкурс,Закупка состоялась
74611211-ОК2,291022.300.000024,"Автомобиль легковой, класс внедорожник, механическая трансмиссия, объем до 3000 куб.см",14373902-1 Проведение государственной закупки товара для ГУ «Департамент полиции города Астаны Министерства внутренних дел Республики Казахстан» способом конкурса,Автомобиль,20,470 153 571.40,Открытый конкурс,Закупка состоялась
77134498-ОК2,291022.300.000024,"Автомобиль легковой, класс внедорожник, механическая трансмиссия, объем до 3000 куб.см",14276933-2 Государственные закупки для ГУ «Департамент полиции Западно-Казахстанской области Министерства внутренних дел Республики Казахстан» способом открытого конкурса,Автомобиль,27,229 500 000.00,Открытый конкурс,Закупка состоялась
77854422-ЗЦП2,291022.300.000024,"Автомобиль легковой, класс внедорожник, механическая трансмиссия, объем до 3000 куб.см",14216603-1 Приобретение служебного автомобиля,Автомобиль,1,31 290 000.00,Запрос ценовых предложений,Закупка состоялась
77940900-ОИ3,291022.300.000024,"Автомобиль легковой, класс внедорожник, механическая трансмиссия, объем до 3000 куб.см",14211487-1 Приобретение автомобиль внедорожник,Автомобиль,1,20 966 964.00,Из одного источника по несостоявшимся закупкам,Закупка состоялась
73771323-ОК2,291022.300.000024,"Автомобиль легковой, класс внедорожник, механическая трансмиссия, объем до 3000 куб.см","14159382-1 Государственные закупки для Коммунальное государственное предприятие на праве хозяйственного ведения ""Табигат"" управления природных ресурсов и регулирования природопользования Атырауской области",Автомобиль,4,55 960 000.00,Открытый конкурс,Закупка состоялась
77438240-ОК2,291022.300.000024,"Автомобиль легковой, класс внедорожник, механическая трансмиссия, объем до 3000 куб.см",14126911-1 Приобретение автомобилей для инспекторов ювенальной полиции ДП Актюбинской области.,Автомобиль,4,28 571 428.56,Открытый конкурс,Закупка состоялась
73753203-ОК2,291022.300.000024,"Автомобиль легковой, класс внедорожник, механическая трансмиссия, объем до 3000 куб.см",14094500-1 Приобретение автотранспортных средств,Автомобиль,4,30 357 142.84,Открытый конкурс,Закупка состоялась
77179690-ОК2,291022.300.000024,"Автомобиль легковой, класс внедорожник, механическая трансмиссия, объем до 3000 куб.см",14016966-2 Закупка согласно техническим характеристикам (Служебные автотранспорты),Автомобиль,10,70 000 000.00,Открытый конкурс,Закупка состоялась
75654409-ОК2,291022.300.000024,"Автомобиль легковой, класс внедорожник, механическая трансмиссия, объем до 3000 куб.см",14071915-1 Приобретение служебного автомобиля согласно технической спецификации.,Автомобиль,2,15 400 000.00,Открытый конкурс,Закупка состоялась
75553035-ОК2,291022.300.000024,"Автомобиль легковой, класс внедорожник, механическая трансмиссия, объем до 3000 куб.см",13824398-1 Приобретение служебного грузопассажирского автомобиля,Автомобиль,7,86 169 642.86,Открытый конкурс,Закупка состоялась
71955743-ОК2,291022.300.000024,"Автомобиль легковой, класс внедорожник, механическая трансмиссия, объем до 3000 куб.см","13351976-1 Государственная закупка для КГУ ""Аппарат Акима Сырдарьинского района""",Автомобиль,5,41 800 000.00,Открытый конкурс,Закупка состоялась
81089677-ОК1,291022.300.000023,"Автомобиль легковой, класс F, автоматическая трансмиссия, объем свыше 3000 куб.см",15719113-1 Приобретение автомобиля для административной полиции ДП Актюбинской области.,Автомобиль,2,54 000 000.00,Открытый конкурс,Закупка состоялась
80803008-ОК1,291022.300.000023,"Автомобиль легковой, класс F, автоматическая трансмиссия, объем свыше 3000 куб.см",15677336-1 Приобретение автомобиля для группы патрульной полиции ДП Актюбинской области.,Автомобиль,2,54 000 000.00,Открытый конкурс,Закупка состоялась
80252021-ОК1,291022.300.000023,"Автомобиль легковой, класс F, автоматическая трансмиссия, объем свыше 3000 куб.см",15503362-1 Приобретение легковых автомобилей,Автомобиль,1,28 990 000.00,Открытый конкурс,Закупка состоялась
79708898-ЗЦП2,291022.300.000023,"Автомобиль легковой, класс F, автоматическая трансмиссия, объем свыше 3000 куб.см",15152443-1 Приобретение служебного авто ДИР. На общих основаниях 29.07.25г.,Автомобиль,1,18 090 000.00,Запрос ценовых предложений,Закупка состоялась
78371679-ОИ2,291022.300.000023,"Автомобиль легковой, класс F, автоматическая трансмиссия, объем свыше 3000 куб.см",15068089-1 Приобретение легкового автомобиля/ Жеңіл автокөлік сатып алу,Автомобиль,1,23 990 000.00,Из одного источника по несостоявшимся закупкам,Закупка состоялась
77115522-ОИ2,291022.300.000023,"Автомобиль легковой, класс F, автоматическая трансмиссия, объем свыше 3000 куб.см",14381499-1 Автомобиль легковой закуп,Автомобиль,1,24 790 000.00,Из одного источника по несостоявшимся закупкам,Закупка состоялась
78120331-ОК1,291022.300.000023,"Автомобиль легковой, класс F, автоматическая трансмиссия, объем свыше 3000 куб.см","14244238-1 Приобретение автотранспорта для ""Центр олимпийской подготовки ""Алматы""",Автомобиль,2,54 780 000.00,Открытый конкурс,Закупка состоялась
77180154-ОК2,291022.300.000023,"Автомобиль легковой, класс F, автоматическая трансмиссия, объем свыше 3000 куб.см",13986285-1 Приобретение автомобиля для КГУ «Офис-сервис» аппарата акима Павлодарской области,Автомобиль,1,33 290 000.00,Открытый конкурс,Закупка состоялась
75088259-ОК1,291022.300.000023,"Автомобиль легковой, класс F, автоматическая трансмиссия, объем свыше 3000 куб.см",13913742-1 Приобретение легкового автомобиля (согл.тех.спец),Автомобиль,5,135 450 000.00,Открытый конкурс,Закупка состоялась
74073125-ОК1,291022.300.000023,"Автомобиль легковой, класс F, автоматическая трансмиссия, объем свыше 3000 куб.см",13820546-1 Приобретение автомобилей для КГУ «Офис-сервис» аппарата акима Павлодарской области,Автомобиль,3,82 500 000.00,Открытый конкурс,Закупка состоялась
75652264-ОИ2,291022.300.000023,"Автомобиль легковой, класс F, автоматическая трансмиссия, объем свыше 3000 куб.см",13727063-1 Приобретение легкового автомобиля,Автомобиль,1,25 590 000.00,Из одного источника по несостоявшимся закупкам,Закупка состоялась
76118144-ОК1,291022.300.000023,"Автомобиль легковой, класс F, автоматическая трансмиссия, объем свыше 3000 куб.см",13672671-1 Приобретение служебных автомобилей,Автомобиль,1,39 990 000.00,Открытый конкурс,Закупка состоялась
74481533-ОК1,291022.300.000023,"Автомобиль легковой, класс F, автоматическая трансмиссия, объем свыше 3000 куб.см","13658579-1 Приобретение служебного автотранспорта для ГУ ""Аппарат акима города Балхаша""",Автомобиль,1,27 990 000.00,Открытый конкурс,Закупка состоялась
74078524-ОИ2,291022.300.000023,"Автомобиль легковой, класс F, автоматическая трансмиссия, объем свыше 3000 куб.см","13535727-1 Автомобиль легковой, класс F, автоматическая трансмиссия, объем свыше 3000 куб.см.",Автомобиль,1,27 500 000.00,Из одного источника по несостоявшимся закупкам,Закупка состоялась
72127510-ОИ2,291022.300.000023,"Автомобиль легковой, класс F, автоматическая трансмиссия, объем свыше 3000 куб.см",13506531-1 Приобретение служебного автомобиля на 2025 год,Автомобиль,1,24 990 000.00,Из одного источника по несостоявшимся закупкам,Закупка состоялась
72290607-ОИнеГЗ2,291022.300.000023,"Автомобиль легковой, класс F, автоматическая трансмиссия, объем свыше 3000 куб.см",13477742-1 Приобретение служебной автомашины по предварительному плану на 2025 год,Автомобиль,1,27 990 000.00,Из одного источника по несостоявшимся закупкам не ГЗ,Закупка состоялась
78957653-ОК1,291059.920.000000,"Автомобиль специализированный, автотопливозаправщик, объем более 15 м3, но не более 30 м3",15778078-1 Приобретение автотопливозаправщиков вместимостью не менее 20 000 литров и не менее 40 000 литров,Автомобиль,2,619 095 152.00,Открытый конкурс,Закупка состоялась
74845290-ОК2,291059.920.000000,"Автомобиль специализированный, автотопливозаправщик, объем более 15 м3, но не более 30 м3",14526924-1 Автотопливозаправщик АТЗ - 17/2,Автомобиль,1,64 533 035.00,Открытый конкурс,Закупка состоялась
74845340-ОК2,291059.920.000000,"Автомобиль специализированный, автотопливозаправщик, объем более 15 м3, но не более 30 м3",14418723-2 Автотопливозаправщик АТЗ - 6/2,Автомобиль,1,31 205 357.00,Открытый конкурс,Закупка состоялась
77661085-ОК1,291059.920.000000,"Автомобиль специализированный, автотопливозаправщик, объем более 15 м3, но не более 30 м3","14367547-2 Приобретение специализированной техники для ГУ ""Управление пассажирского транспорта и автомобильных дорог Карагандинской области""",Автомобиль,1,209 285 714.29,Открытый конкурс,Закупка состоялась
80610337-ОК1,291059.999.000016,"Автомобиль специализированный, автоцистерна, объем более 3 м3, но не более 10 м3","15560056-1 Государственные закупки для ГУ ""Отдел жилищно-коммунального хозяйства, пассажирского транспорта, автомобильных дорог и жилищной инспекции Макатского района""",Автомобиль,1,33 928 571.43,Открытый конкурс,Закупка состоялась
79835393-ОК3,291059.999.000016,"Автомобиль специализированный, автоцистерна, объем более 3 м3, но не более 10 м3",15389070-1 Приобретение автомобиля-водовоз для перевозки питьевой воды,Автомобиль,2,39 375 000.00,Открытый конкурс,Закупка состоялась
79601345-ОИ7,291059.999.000016,"Автомобиль специализированный, автоцистерна, объем более 3 м3, но не более 10 м3",15179634-1 Дорожная поливомоечная машина,Автомобиль,1,20 089 000.00,Из одного источника по несостоявшимся закупкам,Закупка состоялась
79601345-ЗЦП5,291059.999.000016,"Автомобиль специализированный, автоцистерна, объем более 3 м3, но не более 10 м3",15122106-1 Дорожная поливомоечная машина,Автомобиль,1,20 089 000.00,Запрос ценовых предложений,Закупка состоялась
78587580-ОК2,291059.999.000016,"Автомобиль специализированный, автоцистерна, объем более 3 м3, но не более 10 м3",15055329-1 Закуп транспортных средств (ДТиСТ-5311),Автомобиль,2,57 510 000.00,Открытый конкурс,Закупка состоялась
78794470-ОК2,291059.999.000016,"Автомобиль специализированный, автоцистерна, объем более 3 м3, но не более 10 м3",14800571-1 Приобретение специальной техники,Автомобиль,1,18 750 000.00,Открытый конкурс,Закупка состоялась
78476511-ОК2,291059.999.000016,"Автомобиль специализированный, автоцистерна, объем более 3 м3, но не более 10 м3","14735316-1 Приобретение Автоцистерна водовоз для ГКП на праве хозяйственного ведения ""ОЗЕНИНВЕСТ"" акимата города Жанаозен",Автомобиль,1,40 000 000.00,Открытый конкурс,Закупка состоялась
74845629-ОК2,291059.999.000016,"Автомобиль специализированный, автоцистерна, объем более 3 м3, но не более 10 м3",14668365-1 Государственная закупка товара для ГУ «Департамент по чрезвычайным ситуациям Жамбылской области Министерства по чрезвычайным ситуациям Республики Казахстан» способом конкурса,Автомобиль,2,176 428 570.00,Открытый конкурс,Закупка состоялась
76535511-ОК3,291059.999.000016,"Автомобиль специализированный, автоцистерна, объем более 3 м3, но не более 10 м3","14157947-1 Государственные закупки для ГУ ""Аппарат акима Алмалинского сельского округа"" (ПОВТОРНО)/",Автомобиль,1,33 035 714.29,Открытый конкурс,Закупка состоялась
77200849-ОК1,291059.999.000016,"Автомобиль специализированный, автоцистерна, объем более 3 м3, но не более 10 м3","14026835-2 Государственные закупки для ГУ""Махамбетский районный отдел жилищно-коммунального хозяйства, пассажирского транспорта и автомобильных дорог""",Автомобиль,1,40 178 571.43,Открытый конкурс,Закупка состоялась
73759775-ОК2,291059.999.000016,"Автомобиль специализированный, автоцистерна, объем более 3 м3, но не более 10 м3","14007910-1 Государственная закупка для КГП ПХВ ""Табигат"" управления природных ресурсов и регулирования природопользования Атырауской области",Автомобиль,1,28 500 000.00,Открытый конкурс,Закупка состоялась
79340552-ЗЦП2,291022.300.000012,"Автомобиль легковой, класс внедорожник, механическая трансмиссия, свыше 3000 куб.см",15072029-1 Приобретение автомобиля (согласно технической спецификации),Автомобиль,1,16 395 535.71,Запрос ценовых предложений,Закупка состоялась
79522531-ЗЦП3,291022.300.000012,"Автомобиль легковой, класс внедорожник, механическая трансмиссия, свыше 3000 куб.см",15034771-1 Приобретение автомобиля (согласно технической спецификации)/,Автомобиль,1,16 394 000.00,Запрос ценовых предложений,Закупка состоялась
74937264-ЗЦП2,291059.300.000005,"Автомобиль специальный, пожарный, насосная станция",14323360-1 Приобретение малого лесопатрульного комплекса,Автомобиль,1,22 000 000.00,Запрос ценовых предложений,Закупка состоялась
76267264-ОК3,233110.700.000017,"Плитка для внутренней облицовки стен керамическая, прямоугольная с завалом одной грани, глазурованная",14677237-1 Приобретение строительных материалов,Плитка для внутренней облицовки стен,2000.4,28 041 327.14,Открытый конкурс,Закупка состоялась
75037425-ЗЦП2,233110.790.000017,Плитка керамогранитная напольная,15794272-1 Приобретение строительных материалов,Плитка керамогранитная,2500,18 000 000.00,Запрос ценовых предложений,Закупка состоялась
79745761-ЗЦП2,233110.790.000017,Плитка керамогранитная напольная,15582890-1 ИДД ұшын құрылыс материалдар,Плитка керамогранитная,2300,23 000 000.00,Запрос ценовых предложений,Закупка состоялась
37016524-ОЛ-ЗЦП1,233110.790.000017,Плитка керамогранитная напольная,14926417-1 согласно тех специфике,согласно тех специфике,8,29 848 450.00,Запрос ценовых предложений,Закупка состоялась
79637574-ЗЦП2,235112.300.000001,"Портландцемент без минеральных добавок, марка ПЦ 500-Д0 (М 500-Д0)",15079985-1 Приобретение строительных материалов,Портландцемент,100,15 089 290.00,Запрос ценовых предложений,Закупка состоялась
80683806-ОК1,236112.000.000065,"Труба общего назначения железобетонная, безнапорная","15635015-1 Труба безнапорная цилиндрическая раструбная типа ТС ГОСТ 6482-2011 DN/ID 1400, 3,4,5 группы по несущей способности (тариф, ПТО)",Труба общего назначения,92.5,35 039 945.35,Открытый конкурс,Закупка состоялась
74761246-ОК3,236120.900.000666,"Стойка железобетонная, марка СВ","14651914-1 Приобретение Стойки СВ-95-2 для ТОО ""Западно-Казахстанская региональная электросетевая компания""",Стойка,1091,61 096 000.00,Открытый конкурс,Закупка состоялась
75003093-ОК2,236120.900.000666,"Стойка железобетонная, марка СВ","14648217-1 Повторная государственная закупка для АО ""КРЭК""",Стойка,418,35 240 384.52,Открытый конкурс,Закупка состоялась
74761249-ОК3,236120.900.000666,"Стойка железобетонная, марка СВ",14379324-1 Приобретение Стойки СВ 164-12,Стойка,85,27 200 000.00,Открытый конкурс,Закупка состоялась
74803117-ОК1,236120.900.000666,"Стойка железобетонная, марка СВ",13951077-1 Государственная закупка материалов капитального ремонта на 2025 год,Стойка,1181,96 842 000.00,Открытый конкурс,Закупка состоялась
71876890-ОК2,236120.900.000666,"Стойка железобетонная, марка СВ",13395019-1 Приобретение Стойки СВ-95-2,Стойка,517,28 952 000.00,Открытый конкурс,Закупка состоялась
78735958-ОК4,236120.900.000960,Конструкция бетонная г-образная,14860964-1 Г блоки бетонная,Конструкция бетонная,384,21 962 058.24,Открытый конкурс,Закупка состоялась
80422513-ОК1,236120.900.000990,Здание модульное административное,15443944-2 Модульный контрольно-пропускной пункт с комнатой ожидания согласно тех спецификации,Здание модульное,1,37 500 000.00,Открытый конкурс,Закупка состоялась
80355320-ЗЦП1,236120.900.000990,Здание модульное административное,15456278-1 Здание модульное - согласно технической спецификации,Здание модульное,1,16 071 428.00,Запрос ценовых предложений,Закупка состоялась
80010829-ЗЦП1,236120.900.000990,Здание модульное административное,15409836-1 Блочно-модульного здания «Контрольно-пропускной пункт»,Здание модульное,1,16 964 285.72,Запрос ценовых предложений,Закупка состоялась
79341073-ОК3,236120.900.000990,Здание модульное административное,15318950-1 О проведении государственной закупки товара для Филиал «Канал имени Каныша Сатпаева» РГП на ПХВ «Казводхоз» Министерства водных ресурсов и ирригации Республики Казахстан» способом конкурса,Здание модульное,1,209 753 071.00,Открытый конкурс,Закупка состоялась
79274847-ОК2,236120.900.000990,Здание модульное административное,"15290536-1 Государственные закупки для ГУ ""Аппарата акима Карасайского района"" способом открытый конкурс (Работы по изготовлению и установке мобильных комплексов пожаротушения в Карасайском районе (изготовление, монтаж, установка контейнера с пиобретением инвентаря)",Здание модульное,1,17 857 142.86,Открытый конкурс,Закупка состоялась
69804375-ОК1,236120.900.000990,Здание модульное административное,"15215632-1 Приобретение оборотных пунктов для водителей автобусов/троллейбусов для ТОО ""Алматыэлектротранс""",Здание модульное,36,113 975 357.04,Открытый конкурс,Закупка состоялась
78322917-АнеГЗ2,236120.900.000990,Здание модульное административное,15201000-1 Закуп модульных зданий,Здание модульное,2,54 464 285.72,Аукцион (не ГЗ) с 2022 г,Закупка состоялась
76011560-ОК1,236120.900.000990,Здание модульное административное,"15182925-1 Государственные закупки для ГУ ""Управление природных ресурсов и регулирования природопользования Атырауской области""",Здание модульное,1,160 713 392.85,Открытый конкурс,Закупка состоялась
79451701-ОК1,236120.900.000990,Здание модульное административное,15161023-2 Приобретение модульного здания ветеринарного пункта для КГУ «Управление ветеринарии акимата Северо-Казахстанской области»,Здание модульное,7,53 124 999.97,Открытый конкурс,Закупка состоялась
78575192-ОК1,236120.900.000990,Здание модульное административное,15095009-1 Приобретение блочно-модульной подстанции скорой медицинской помощи в пос. Топар,Здание модульное,1,87 600 000.00,Открытый конкурс,Закупка состоялась
76760206-ОИ4,236120.900.000990,Здание модульное административное,15050039-1 Приобретение здание модульного,Здание модульное,1,17 857 142.86,Из одного источника по несостоявшимся закупкам,Закупка состоялась
79288983-ОК1,236120.900.000990,Здание модульное административное,14985862-1 Приобретение модульного ветеринарного пункта,Здание модульное,1,17 857 142.86,Открытый конкурс,Закупка состоялась
79263596-ОК1,236120.900.000990,Здание модульное административное,"14929743-1 Приобретение, монтаж и установка стационарных постов типа «Стационарный пост полиции»",Здание модульное,3,53 460 334.80,Открытый конкурс,Закупка состоялась
78557299-ОК2,236120.900.000990,Здание модульное административное,"14910143-1 Государственные закупки для КГП на праве хозяйственного ведения ""Курмангазинская районная больница"" Управления здровоохранения Атырауской области",Здание модульное,1,267 857 142.86,Открытый конкурс,Закупка состоялась
78575238-ОК2,236120.900.000990,Здание модульное административное,"14869930-1 Приобретение блочно-модульной подстанции скорой медицинской помощи в г. Сарань для КГП ""Областная станция скорой медицинской помощи""",Здание модульное,1,111 428 571.43,Открытый конкурс,Закупка состоялась
74827973-ОК2,236120.900.000990,Здание модульное административное,14769169-1 Приобретение блочно-модульного здания для ветеринарного пункта,Здание модульное,1,18 750 000.00,Открытый конкурс,Закупка состоялась
78357991-ОК2,236120.900.000990,Здание модульное административное,14743719-1 Приобретение остановочных павильонов,Здание модульное,5,89 285 714.25,Открытый конкурс,Закупка состоялась
77606766-ОК2,236120.900.000990,Здание модульное административное,14567007-1 Приобретение блочно-модульного пункта убоя скота в с.Сарыозек Кербулакского района области Жетісу,Здание модульное,1,33 292 857.14,Открытый конкурс,Закупка состоялась
76970037-ОК2,236120.900.000990,Здание модульное административное,14566719-1 Приобретение блочно-модульной подстанции скорой медицинской помощи в селе Сарыозек Кербулакского района,Здание модульное,1,90 027 678.57,Открытый конкурс,Закупка состоялась
75667770-ОК2,236120.900.000990,Здание модульное административное,14563863-1 Приобретение блочно-модульных медицинских пунктов в Кербулакском районе области Жетісу,Здание модульное,1,44 642 857.14,Открытый конкурс,Закупка состоялась
78321650-ОК2,236120.900.000990,Здание модульное административное,14561139-1 Закуп по приобретению павильона,Здание модульное,1,120 535 714.28,Открытый конкурс,Закупка состоялась
74353246-ОК2,236120.900.000990,Здание модульное административное,14560941-1 Закуп по приобретению павильона,Здание модульное,1,120 535 714.28,Открытый конкурс,Закупка состоялась
74353341-ОК2,236120.900.000990,Здание модульное административное,14560754-1 Закуп по приобретению павильона,Здание модульное,1,58 000 000.00,Открытый конкурс,Закупка состоялась
77820393-ОК2,236120.900.000990,Здание модульное административное,"14531434-1 Государственные закупки для ГУ ""Управление сельского хозяйства и земельных отношений Атырауской области"" (ПОВТОРНО)",Здание модульное,27,459 000 000.00,Открытый конкурс,Закупка состоялась
78322917-АнеГЗ1,236120.900.000990,Здание модульное административное,14417503-2 Закуп модульных зданий,Здание модульное,2,54 464 285.72,Аукцион (не ГЗ) с 2022 г,Закупка состоялась
74414927-ОК2,236120.900.000990,Здание модульное административное,"14457692-1 Закупка модульного здания ветеринаров для ГУ ""Управление ветеринарии Актюбинской области""",Здание модульное,15,220 995 535.65,Открытый конкурс,Закупка состоялась
75216156-ОК2,236120.900.000990,Здание модульное административное,14432409-1 Приобретение блочно-модульной ветеринарной станции (согл.тех.спец),Здание модульное,1,31 894 408.92,Открытый конкурс,Закупка состоялась
73949730-ОК2,236120.900.000990,Здание модульное административное,14353503-1 Приобретение блочно - модульного ветеринарного пункта (согл.тех.спец),Здание модульное,9,143 524 840.14,Открытый конкурс,Закупка состоялась
76746338-ОК2,236120.900.000990,Здание модульное административное,"14323534-1 Приобретение блочно-модульного административного здания для ГУ ""Аппарат акима Камыскалинского сельского округа Алакольского района""",Здание модульное,1,44 642 857.15,Открытый конкурс,Закупка состоялась
77417891-ОК2,236120.900.000990,Здание модульное административное,"14293608-2 Приобретение модульных зданий для ГУ ""Управление природных ресурсов и регулирования природопользования Карагандинской области""",Здание модульное,1,43 750 000.00,Открытый конкурс,Закупка состоялась
75967332-ОК3,236120.900.000990,Здание модульное административное,"14298304-1 Приобретение блочно-модульного административного здания для ГУ ""Аппарат акима Екпиндинского сельского округа Алакольского района""",Здание модульное,1,44 642 857.14,Открытый конкурс,Закупка состоялась
77636840-ЗЦП3,236120.900.000990,Здание модульное административное,14150034-1 Модульное здание контейнер из 3-х единиц. Филиал Юго-западного региона,Здание модульное,1,22 045 000.00,Запрос ценовых предложений,Закупка состоялась
75349117-ОК2,236120.900.000990,Здание модульное административное,"13947555-1 Приобретение модульного здания, ветеринарного пункта для ГУ ""Управление ветеринарии Карагандинской области""",Здание модульное,5,89 285 714.30,Открытый конкурс,Закупка состоялась
73544630-ОК2,236120.900.000990,Здание модульное административное,13927690-1 Государственные закупки модульного здания,Здание модульное,1,53 571 428.57,Открытый конкурс,Закупка состоялась
75187552-ОК1,236120.900.000990,Здание модульное административное,13892926-2 Модульное здание для организации коммунального рынка (согласно технической спецификации),Здание модульное,2,107 142 857.14,Открытый конкурс,Закупка состоялась
75289791-ЗЦП2,236120.900.000990,Здание модульное административное,13662146-1 Блочно-модульный ветеринарный пункт,Здание модульное,1,15 499 107.00,Запрос ценовых предложений,Закупка состоялась
71348415-ОК2,236120.900.000990,Здание модульное административное,13491035-1 Приобретение модульного здания спортивного зала с учетом доставки и установки в пос. Жанибек Жанибекского района Западно-Казахстансой области,Здание модульное,1,175 000 000.00,Открытый конкурс,Закупка состоялась
69804375-ОК2,236120.900.000990,Здание модульное административное,"13289252-1 Приобретение оборотных пунктов для водителей автобусов/троллейбусов для ТОО ""Алматыэлектротранс""",Здание модульное,36,113 975 357.04,Открытый конкурс,Закупка состоялась
81408000-ОИ3,12.3.6,"Блок фундаментный из тяжелого бетона, марка ФБС -Т 236112.000.000062",15951444-1 Услуги финансового лизинга на приобретение транспортных средств,Услуги по финансовому лизингу,1,595 472 124.41,Из одного источника по несостоявшимся закупкам,Закупка состоялась
81407547-ОИ3,12.3.6,"Блок фундаментный из тяжелого бетона, марка ФБС -Т 236112.000.000062",15951444-1 Услуги финансового лизинга на приобретение транспортных средств,Услуги по финансовому лизингу,1,762 436 281.25,Из одного источника по несостоявшимся закупкам,Закупка состоялась
75035549-ОК1,12.3.6,"Блок фундаментный из тяжелого бетона, марка ФБС -Т 236112.000.000062","15796866-2 Текущий ремонт здание нежилого под офис сельского округа Кажымухан, Ордабасинского района, Туркестанской области",Работы по текущему ремонту нежилых зданий/сооружений/помещений,1,28 001 904.00,Открытый конкурс,Закупка состоялась
81435835-ОИ3,12.3.6,"Блок фундаментный из тяжелого бетона, марка ФБС -Т 236112.000.000062","15877149-1 Приобретение здания для ветеринарного пункта в с.Жусандыой Каратобинского района, ЗКО",Здание,1,16 000 000.00,Из одного источника по несостоявшимся закупкам,Закупка состоялась
80397977-ЗЦП2,12.3.6,"Блок фундаментный из тяжелого бетона, марка ФБС -Т 236112.000.000062",15875374-1 Приобретение здания ветеринарной пункт в Уялинском сельском округе,Здание,1,15 000 000.00,Запрос ценовых предложений,Закупка состоялась
80891517-ОИ3,12.3.6,"Блок фундаментный из тяжелого бетона, марка ФБС -Т 236112.000.000062",15874956-1 Услуги по сделкам в области лизингового кредитования,Услуги по финансовому лизингу,1,321 294 262.00,Из одного источника по несостоявшимся закупкам,Закупка состоялась
80927121-ОИ3,12.3.6,"Блок фундаментный из тяжелого бетона, марка ФБС -Т 236112.000.000062",15874925-1 Услуги по сделкам в области лизингового кредитования,Услуги по финансовому лизингу,1,230 113 912.50,Из одного источника по несостоявшимся закупкам,Закупка состоялась
76625256-ЗЦП3,12.3.6,"Блок фундаментный из тяжелого бетона, марка ФБС -Т 236112.000.000062",15873599-1 Жазатайым оқиғалардан сақтандыру бойынша қызметтер,Услуги по страхованию от несчастных случаев,1,19 111 843.28,Запрос ценовых предложений,Закупка состоялась
81331173-ОИ4,12.3.6,"Блок фундаментный из тяжелого бетона, марка ФБС -Т 236112.000.000062",15866884-1 Услуги по финансовому лизингу на приобретение транспортных средств (подметально-вакуумная машина (пылесос) на шасси),Услуги по финансовому лизингу,1,762 436 281.25,Из одного источника по несостоявшимся закупкам,Закупка состоялась
82813737-ЗЦП1,12.3.6,"Блок фундаментный из тяжелого бетона, марка ФБС -Т 236112.000.000062",15866788-1 медициналық техниканы сатып алу,Анализатор,2,15 000 000.00,Запрос ценовых предложений,Закупка состоялась
82281036-ОИ2,12.3.6,"Блок фундаментный из тяжелого бетона, марка ФБС -Т 236112.000.000062",15864310-1 Колесный трактор 90 л.с.,Трактор,1,15 625 000.00,Из одного источника по несостоявшимся закупкам,Закупка состоялась
81331182-ОИ4,12.3.6,"Блок фундаментный из тяжелого бетона, марка ФБС -Т 236112.000.000062",15864272-1 Услуги по финансовому лизингу на приобретение транспортных средств (компактная подметально-уборочная машина),Услуги по финансовому лизингу,1,595 472 124.41,Из одного источника по несостоявшимся закупкам,Закупка состоялась
80373779-ОК2,12.3.6,"Блок фундаментный из тяжелого бетона, марка ФБС -Т 236112.000.000062",15863665-1 О проведении повторной государственной закупки товара для РГП на ПХВ “Казаэронавигация” Комитета гражданской авиации Министерства транспорта Республики Казахстан способом открытого конкурса,Топливо дизельное,483606,256 311 180.00,Открытый конкурс,Закупка состоялась
81447208-ОИ3,12.3.6,"Блок фундаментный из тяжелого бетона, марка ФБС -Т 236112.000.000062",15862169-1 Услуги по финансовому лизингу (Подметально-уборочная машина),Услуги по финансовому лизингу,1,762 436 281.25,Из одного источника по несостоявшимся закупкам,Закупка состоялась
81447910-ОИ3,12.3.6,"Блок фундаментный из тяжелого бетона, марка ФБС -Т 236112.000.000062",15862169-1 Услуги по финансовому лизингу (Подметально-уборочная машина),Услуги по финансовому лизингу,1,595 472 124.41,Из одного источника по несостоявшимся закупкам,Закупка состоялась
81067849-ОИнеГЗ3,12.3.6,"Блок фундаментный из тяжелого бетона, марка ФБС -Т 236112.000.000062",15861277-1 Закуп дизельного топлива летнего,Топливо дизельное,620000,181 015 200.00,Из одного источника по несостоявшимся закупкам не ГЗ,Закупка состоялась
81067850-ОИнеГЗ3,12.3.6,"Блок фундаментный из тяжелого бетона, марка ФБС -Т 236112.000.000062",15861277-1 Закуп дизельного топлива летнего,Топливо дизельное,620000,181 015 200.00,Из одного источника по несостоявшимся закупкам не ГЗ,Закупка состоялась
81067851-ОИнеГЗ3,12.3.6,"Блок фундаментный из тяжелого бетона, марка ФБС -Т 236112.000.000062",15861277-1 Закуп дизельного топлива летнего,Топливо дизельное,620000,181 015 200.00,Из одного источника по несостоявшимся закупкам не ГЗ,Закупка состоялась
81067852-ОИнеГЗ3,12.3.6,"Блок фундаментный из тяжелого бетона, марка ФБС -Т 236112.000.000062",15861277-1 Закуп дизельного топлива летнего,Топливо дизельное,620000,181 015 200.00,Из одного источника по несостоявшимся закупкам не ГЗ,Закупка состоялась
80807707-ЗЦП2,12.3.6,"Блок фундаментный из тяжелого бетона, марка ФБС -Т 236112.000.000062",15860394-1 Работы по проведению текущего ремонта помещения компьютерного томографа,Работы по текущему ремонту нежилых зданий/сооружений/помещений,1,17 556 199.00,Запрос ценовых предложений,Закупка состоялась
80652679-КРБС1,12.3.6,"Блок фундаментный из тяжелого бетона, марка ФБС -Т 236112.000.000062","15859991-1 Разработка ПСД на строительство учебно-производственных мастерских на территории ГККП «АТКС» УОМО, расположенного по адресу: Мангистауская область, город Актау, 27 микрорайон, здание №58",Работы по разработке/расчету/составлению проектно-сметной документации,1,31 899 059.00,Конкурс с использованием рейтингово-балльной системы,Закупка состоялась
81295648-ЗЦП2,12.3.6,"Блок фундаментный из тяжелого бетона, марка ФБС -Т 236112.000.000062",15859064-1 Приобретение мини погрузчика,Погрузчик,1,15 357 142.86,Запрос ценовых предложений,Закупка состоялась
82076755-ОИ2,12.3.6,"Блок фундаментный из тяжелого бетона, марка ФБС -Т 236112.000.000062",15858954-1 Государственная закупка для КГП на ПХВ «Жанакорганская районная ветеринарная станция» управления ветеринарии Кызылординской области»,Автомобиль,1,17 790 000.00,Из одного источника по несостоявшимся закупкам,Закупка состоялась
81596068-ОИ3,12.3.6,"Блок фундаментный из тяжелого бетона, марка ФБС -Т 236112.000.000062",15858473-1 услуги по страхованию жизни сотрудников от несчастного случая,Услуги по страхованию от несчастных случаев,1,18 286 481.00,Из одного источника по несостоявшимся закупкам,Закупка состоялась
81557862-ОК2,12.3.6,"Блок фундаментный из тяжелого бетона, марка ФБС -Т 236112.000.000062","15857607-1 Государственные закупка для Коммунальное государственное учреждение ""Отдел строительства, архитектуры и градостроительства Кармакшинского района""",Квартира,1,16 503 183.33,Открытый конкурс,Закупка состоялась
81557854-ОК2,12.3.6,"Блок фундаментный из тяжелого бетона, марка ФБС -Т 236112.000.000062","15857607-1 Государственные закупка для Коммунальное государственное учреждение ""Отдел строительства, архитектуры и градостроительства Кармакшинского района""",Квартира,1,16 503 183.33,Открытый конкурс,Закупка состоялась
81557856-ОК2,12.3.6,"Блок фундаментный из тяжелого бетона, марка ФБС -Т 236112.000.000062","15857607-1 Государственные закупка для Коммунальное государственное учреждение ""Отдел строительства, архитектуры и градостроительства Кармакшинского района""",Квартира,1,16 503 183.33,Открытый конкурс,Закупка состоялась
81557845-ОК2,12.3.6,"Блок фундаментный из тяжелого бетона, марка ФБС -Т 236112.000.000062","15857607-1 Государственные закупка для Коммунальное государственное учреждение ""Отдел строительства, архитектуры и градостроительства Кармакшинского района""",Квартира,1,16 503 183.33,Открытый конкурс,Закупка состоялась
81557837-ОК2,12.3.6,"Блок фундаментный из тяжелого бетона, марка ФБС -Т 236112.000.000062","15857602-1 Государственные закупка для Коммунальное государственное учреждение ""Отдел строительства, архитектуры и градостроительства Кармакшинского района""",Квартира,1,16 503 183.33,Открытый конкурс,Закупка состоялась
81557828-ОК2,12.3.6,"Блок фундаментный из тяжелого бетона, марка ФБС -Т 236112.000.000062","15857602-1 Государственные закупка для Коммунальное государственное учреждение ""Отдел строительства, архитектуры и градостроительства Кармакшинского района""",Квартира,1,16 503 183.33,Открытый конкурс,Закупка состоялась
81557826-ОК2,12.3.6,"Блок фундаментный из тяжелого бетона, марка ФБС -Т 236112.000.000062","15857602-1 Государственные закупка для Коммунальное государственное учреждение ""Отдел строительства, архитектуры и градостроительства Кармакшинского района""",Квартира,1,16 503 183.33,Открытый конкурс,Закупка состоялась
81557831-ОК2,12.3.6,"Блок фундаментный из тяжелого бетона, марка ФБС -Т 236112.000.000062","15857602-1 Государственные закупка для Коммунальное государственное учреждение ""Отдел строительства, архитектуры и градостроительства Кармакшинского района""",Квартира,1,16 503 183.33,Открытый конкурс,Закупка состоялась
81557835-ОК2,12.3.6,"Блок фундаментный из тяжелого бетона, марка ФБС -Т 236112.000.000062","15857602-1 Государственные закупка для Коммунальное государственное учреждение ""Отдел строительства, архитектуры и градостроительства Кармакшинского района""",Квартира,1,16 503 183.33,Открытый конкурс,Закупка состоялась
81558467-ОК2,12.3.6,"Блок фундаментный из тяжелого бетона, марка ФБС -Т 236112.000.000062","15857597-1 Государственные закупка для Коммунальное государственное учреждение ""Отдел строительства, архитектуры и градостроительства Кармакшинского района""",Квартира,1,16 503 183.33,Открытый конкурс,Закупка состоялась
81558457-ОК2,12.3.6,"Блок фундаментный из тяжелого бетона, марка ФБС -Т 236112.000.000062","15857597-1 Государственные закупка для Коммунальное государственное учреждение ""Отдел строительства, архитектуры и градостроительства Кармакшинского района""",Квартира,1,16 503 183.33,Открытый конкурс,Закупка состоялась
81558465-ОК2,12.3.6,"Блок фундаментный из тяжелого бетона, марка ФБС -Т 236112.000.000062","15857597-1 Государственные закупка для Коммунальное государственное учреждение ""Отдел строительства, архитектуры и градостроительства Кармакшинского района""",Квартира,1,16 503 183.33,Открытый конкурс,Закупка состоялась
81558460-ОК2,12.3.6,"Блок фундаментный из тяжелого бетона, марка ФБС -Т 236112.000.000062","15857597-1 Государственные закупка для Коммунальное государственное учреждение ""Отдел строительства, архитектуры и градостроительства Кармакшинского района""",Квартира,1,16 503 183.33,Открытый конкурс,Закупка состоялась
81558464-ОК2,12.3.6,"Блок фундаментный из тяжелого бетона, марка ФБС -Т 236112.000.000062","15857597-1 Государственные закупка для Коммунальное государственное учреждение ""Отдел строительства, архитектуры и градостроительства Кармакшинского района""",Квартира,1,16 503 183.33,Открытый конкурс,Закупка состоялась
81557812-ОК2,12.3.6,"Блок фундаментный из тяжелого бетона, марка ФБС -Т 236112.000.000062","15857590-1 Государственные закупка для Коммунальное государственное учреждение ""Отдел строительства, архитектуры и градостроительства Кармакшинского района""",Квартира,1,16 503 183.33,Открытый конкурс,Закупка состоялась
81558454-ОК2,12.3.6,"Блок фундаментный из тяжелого бетона, марка ФБС -Т 236112.000.000062","15857590-1 Государственные закупка для Коммунальное государственное учреждение ""Отдел строительства, архитектуры и градостроительства Кармакшинского района""",Квартира,1,16 503 183.33,Открытый конкурс,Закупка состоялась
81558453-ОК2,12.3.6,"Блок фундаментный из тяжелого бетона, марка ФБС -Т 236112.000.000062","15857590-1 Государственные закупка для Коммунальное государственное учреждение ""Отдел строительства, архитектуры и градостроительства Кармакшинского района""",Квартира,1,16 503 183.33,Открытый конкурс,Закупка состоялась
81558456-ОК2,12.3.6,"Блок фундаментный из тяжелого бетона, марка ФБС -Т 236112.000.000062","15857590-1 Государственные закупка для Коммунальное государственное учреждение ""Отдел строительства, архитектуры и градостроительства Кармакшинского района""",Квартира,1,16 503 183.33,Открытый конкурс,Закупка состоялась
81557833-ОК2,12.3.6,"Блок фундаментный из тяжелого бетона, марка ФБС -Т 236112.000.000062","15857590-1 Государственные закупка для Коммунальное государственное учреждение ""Отдел строительства, архитектуры и градостроительства Кармакшинского района""",Квартира,1,16 503 183.33,Открытый конкурс,Закупка состоялась
81558476-ОК2,12.3.6,"Блок фундаментный из тяжелого бетона, марка ФБС -Т 236112.000.000062","15857584-1 Государственные закупка для Коммунальное государственное учреждение ""Отдел строительства, архитектуры и градостроительства Кармакшинского района""",Квартира,1,16 503 183.33,Открытый конкурс,Закупка состоялась
81558470-ОК2,12.3.6,"Блок фундаментный из тяжелого бетона, марка ФБС -Т 236112.000.000062","15857584-1 Государственные закупка для Коммунальное государственное учреждение ""Отдел строительства, архитектуры и градостроительства Кармакшинского района""",Квартира,1,16 503 183.33,Открытый конкурс,Закупка состоялась
81558478-ОК2,12.3.6,"Блок фундаментный из тяжелого бетона, марка ФБС -Т 236112.000.000062","15857584-1 Государственные закупка для Коммунальное государственное учреждение ""Отдел строительства, архитектуры и градостроительства Кармакшинского района""",Квартира,1,16 503 183.33,Открытый конкурс,Закупка состоялась
81558468-ОК2,12.3.6,"Блок фундаментный из тяжелого бетона, марка ФБС -Т 236112.000.000062","15857584-1 Государственные закупка для Коммунальное государственное учреждение ""Отдел строительства, архитектуры и градостроительства Кармакшинского района""",Квартира,1,16 503 183.33,Открытый конкурс,Закупка состоялась
81558481-ОК2,12.3.6,"Блок фундаментный из тяжелого бетона, марка ФБС -Т 236112.000.000062","15857584-1 Государственные закупка для Коммунальное государственное учреждение ""Отдел строительства, архитектуры и градостроительства Кармакшинского района""",Квартира,1,16 503 183.33,Открытый конкурс,Закупка состоялась
81558434-ОК2,12.3.6,"Блок фундаментный из тяжелого бетона, марка ФБС -Т 236112.000.000062","15857582-1 Государственные закупка для Коммунальное государственное учреждение ""Отдел строительства, архитектуры и градостроительства Кармакшинского района""",Квартира,1,16 503 183.33,Открытый конкурс,Закупка состоялась
81557865-ОК2,12.3.6,"Блок фундаментный из тяжелого бетона, марка ФБС -Т 236112.000.000062","15857582-1 Государственные закупка для Коммунальное государственное учреждение ""Отдел строительства, архитектуры и градостроительства Кармакшинского района""",Квартира,1,16 503 183.33,Открытый конкурс,Закупка состоялась
81557824-ОК2,12.3.6,"Блок фундаментный из тяжелого бетона, марка ФБС -Т 236112.000.000062","15857582-1 Государственные закупка для Коммунальное государственное учреждение ""Отдел строительства, архитектуры и градостроительства Кармакшинского района""",Квартира,1,16 503 183.33,Открытый конкурс,Закупка состоялась
81558436-ОК2,12.3.6,"Блок фундаментный из тяжелого бетона, марка ФБС -Т 236112.000.000062","15857582-1 Государственные закупка для Коммунальное государственное учреждение ""Отдел строительства, архитектуры и градостроительства Кармакшинского района""",Квартира,1,16 503 183.33,Открытый конкурс,Закупка состоялась
81558437-ОК2,12.3.6,"Блок фундаментный из тяжелого бетона, марка ФБС -Т 236112.000.000062","15857582-1 Государственные закупка для Коммунальное государственное учреждение ""Отдел строительства, архитектуры и градостроительства Кармакшинского района""",Квартира,1,16 503 183.33,Открытый конкурс,Закупка состоялась
81558430-ОК2,12.3.6,"Блок фундаментный из тяжелого бетона, марка ФБС -Т 236112.000.000062","15857579-1 Государственные закупка для Коммунальное государственное учреждение ""Отдел строительства, архитектуры и градостроительства Кармакшинского района""",Квартира,1,16 503 183.33,Открытый конкурс,Закупка состоялась
81558432-ОК2,12.3.6,"Блок фундаментный из тяжелого бетона, марка ФБС -Т 236112.000.000062","15857579-1 Государственные закупка для Коммунальное государственное учреждение ""Отдел строительства, архитектуры и градостроительства Кармакшинского района""",Квартира,1,16 503 183.33,Открытый конкурс,Закупка состоялась
81557861-ОК2,12.3.6,"Блок фундаментный из тяжелого бетона, марка ФБС -Т 236112.000.000062","15857579-1 Государственные закупка для Коммунальное государственное учреждение ""Отдел строительства, архитектуры и градостроительства Кармакшинского района""",Квартира,1,16 503 183.33,Открытый конкурс,Закупка состоялась
81558425-ОК2,12.3.6,"Блок фундаментный из тяжелого бетона, марка ФБС -Т 236112.000.000062","15857579-1 Государственные закупка для Коммунальное государственное учреждение ""Отдел строительства, архитектуры и градостроительства Кармакшинского района""",Квартира,1,16 503 183.33,Открытый конкурс,Закупка состоялась
81558427-ОК2,12.3.6,"Блок фундаментный из тяжелого бетона, марка ФБС -Т 236112.000.000062","15857579-1 Государственные закупка для Коммунальное государственное учреждение ""Отдел строительства, архитектуры и градостроительства Кармакшинского района""",Квартира,1,16 503 183.33,Открытый конкурс,Закупка состоялась
81557822-ОК2,12.3.6,"Блок фундаментный из тяжелого бетона, марка ФБС -Т 236112.000.000062","15857571-1 Государственные закупка для Коммунальное государственное учреждение ""Отдел строительства, архитектуры и градостроительства Кармакшинского района""",Квартира,1,16 503 183.33,Открытый конкурс,Закупка состоялась
81558447-ОК2,12.3.6,"Блок фундаментный из тяжелого бетона, марка ФБС -Т 236112.000.000062","15857571-1 Государственные закупка для Коммунальное государственное учреждение ""Отдел строительства, архитектуры и градостроительства Кармакшинского района""",Квартира,1,16 503 183.33,Открытый конкурс,Закупка состоялась
81558440-ОК2,12.3.6,"Блок фундаментный из тяжелого бетона, марка ФБС -Т 236112.000.000062","15857571-1 Государственные закупка для Коммунальное государственное учреждение ""Отдел строительства, архитектуры и градостроительства Кармакшинского района""",Квартира,1,16 503 183.33,Открытый конкурс,Закупка состоялась
81558443-ОК2,12.3.6,"Блок фундаментный из тяжелого бетона, марка ФБС -Т 236112.000.000062","15857571-1 Государственные закупка для Коммунальное государственное учреждение ""Отдел строительства, архитектуры и градостроительства Кармакшинского района""",Квартира,1,16 503 183.33,Открытый конкурс,Закупка состоялась
81558485-ОК2,12.3.6,"Блок фундаментный из тяжелого бетона, марка ФБС -Т 236112.000.000062","15857565-1 Государственные закупка для Коммунальное государственное учреждение ""Отдел строительства, архитектуры и градостроительства Кармакшинского района""",Квартира,1,16 503 183.33,Открытый конкурс,Закупка состоялась
81558492-ОК2,12.3.6,"Блок фундаментный из тяжелого бетона, марка ФБС -Т 236112.000.000062","15857565-1 Государственные закупка для Коммунальное государственное учреждение ""Отдел строительства, архитектуры и градостроительства Кармакшинского района""",Квартира,1,16 503 183.33,Открытый конкурс,Закупка состоялась
81557838-ОК2,12.3.6,"Блок фундаментный из тяжелого бетона, марка ФБС -Т 236112.000.000062","15857556-1 Государственные закупка для Коммунальное государственное учреждение ""Отдел строительства, архитектуры и градостроительства Кармакшинского района""",Квартира,1,16 503 183.33,Открытый конкурс,Закупка состоялась
81557867-ОК2,12.3.6,"Блок фундаментный из тяжелого бетона, марка ФБС -Т 236112.000.000062","15857556-1 Государственные закупка для Коммунальное государственное учреждение ""Отдел строительства, архитектуры и градостроительства Кармакшинского района""",Квартира,1,16 503 183.33,Открытый конкурс,Закупка состоялась
81558424-ОК2,12.3.6,"Блок фундаментный из тяжелого бетона, марка ФБС -Т 236112.000.000062","15857556-1 Государственные закупка для Коммунальное государственное учреждение ""Отдел строительства, архитектуры и градостроительства Кармакшинского района""",Квартира,1,16 503 183.33,Открытый конкурс,Закупка состоялась
81557869-ОК2,12.3.6,"Блок фундаментный из тяжелого бетона, марка ФБС -Т 236112.000.000062","15857556-1 Государственные закупка для Коммунальное государственное учреждение ""Отдел строительства, архитектуры и градостроительства Кармакшинского района""",Квартира,1,16 503 183.33,Открытый конкурс,Закупка состоялась
82533152-ЗЖ1,12.3.6,"Блок фундаментный из тяжелого бетона, марка ФБС -Т 236112.000.000062","15856910-1 Приобретение квартир в городе Хромтау, Хромтауского района, Актюбинской области",Квартира,1,19 710 000.00,Закупка жилища,Закупка состоялась
82534114-ЗЖ1,12.3.6,"Блок фундаментный из тяжелого бетона, марка ФБС -Т 236112.000.000062","15856910-1 Приобретение квартир в городе Хромтау, Хромтауского района, Актюбинской области",Квартира,1,19 710 000.00,Закупка жилища,Закупка состоялась
82533777-ЗЖ1,12.3.6,"Блок фундаментный из тяжелого бетона, марка ФБС -Т 236112.000.000062","15856910-1 Приобретение квартир в городе Хромтау, Хромтауского района, Актюбинской области",Квартира,1,19 680 000.00,Закупка жилища,Закупка состоялась
82533282-ЗЖ1,12.3.6,"Блок фундаментный из тяжелого бетона, марка ФБС -Т 236112.000.000062","15856910-1 Приобретение квартир в городе Хромтау, Хромтауского района, Актюбинской области",Квартира,1,19 710 000.00,Закупка жилища,Закупка состоялась
82539911-ЗЖ1,12.3.6,"Блок фундаментный из тяжелого бетона, марка ФБС -Т 236112.000.000062","15856910-1 Приобретение квартир в городе Хромтау, Хромтауского района, Актюбинской области",Квартира,1,19 650 000.00,Закупка жилища,Закупка состоялась
82540872-ЗЖ1,12.3.6,"Блок фундаментный из тяжелого бетона, марка ФБС -Т 236112.000.000062","15856910-1 Приобретение квартир в городе Хромтау, Хромтауского района, Актюбинской области",Квартира,1,19 980 000.00,Закупка жилища,Закупка состоялась
82540584-ЗЖ1,12.3.6,"Блок фундаментный из тяжелого бетона, марка ФБС -Т 236112.000.000062","15856910-1 Приобретение квартир в городе Хромтау, Хромтауского района, Актюбинской области",Квартира,1,19 950 000.00,Закупка жилища,Закупка состоялась
82540167-ЗЖ1,12.3.6,"Блок фундаментный из тяжелого бетона, марка ФБС -Т 236112.000.000062","15856910-1 Приобретение квартир в городе Хромтау, Хромтауского района, Актюбинской области",Квартира,1,19 740 000.00,Закупка жилища,Закупка состоялась
82540740-ЗЖ1,12.3.6,"Блок фундаментный из тяжелого бетона, марка ФБС -Т 236112.000.000062","15856910-1 Приобретение квартир в городе Хромтау, Хромтауского района, Актюбинской области",Квартира,1,19 740 000.00,Закупка жилища,Закупка состоялась
82542092-ЗЖ1,12.3.6,"Блок фундаментный из тяжелого бетона, марка ФБС -Т 236112.000.000062","15856910-1 Приобретение квартир в городе Хромтау, Хромтауского района, Актюбинской области",Квартира,1,19 530 000.00,Закупка жилища,Закупка состоялась
82533623-ЗЖ1,12.3.6,"Блок фундаментный из тяжелого бетона, марка ФБС -Т 236112.000.000062","15856850-1 Приобретение квартир в городе Хромтау, Хромтауского района, Актюбинской области",Квартира,1,19 890 000.00,Закупка жилища,Закупка состоялась
82541344-ЗЖ1,12.3.6,"Блок фундаментный из тяжелого бетона, марка ФБС -Т 236112.000.000062","15856850-1 Приобретение квартир в городе Хромтау, Хромтауского района, Актюбинской области",Квартира,1,19 890 000.00,Закупка жилища,Закупка состоялась
82540689-ЗЖ1,12.3.6,"Блок фундаментный из тяжелого бетона, марка ФБС -Т 236112.000.000062","15856850-1 Приобретение квартир в городе Хромтау, Хромтауского района, Актюбинской области",Квартира,1,19 890 000.00,Закупка жилища,Закупка состоялась
82533841-ЗЖ1,12.3.6,"Блок фундаментный из тяжелого бетона, марка ФБС -Т 236112.000.000062","15856809-1 Приобретение квартир в городе Хромтау, Хромтауского района, Актюбинской области",Квартира,1,19 830 000.00,Закупка жилища,Закупка состоялась
82540079-ЗЖ1,12.3.6,"Блок фундаментный из тяжелого бетона, марка ФБС -Т 236112.000.000062","15856809-1 Приобретение квартир в городе Хромтау, Хромтауского района, Актюбинской области",Квартира,1,19 860 000.00,Закупка жилища,Закупка состоялась
82540055-ЗЖ1,12.3.6,"Блок фундаментный из тяжелого бетона, марка ФБС -Т 236112.000.000062","15856809-1 Приобретение квартир в городе Хромтау, Хромтауского района, Актюбинской области",Квартира,1,19 860 000.00,Закупка жилища,Закупка состоялась
82542289-ЗЖ1,12.3.6,"Блок фундаментный из тяжелого бетона, марка ФБС -Т 236112.000.000062","15856809-1 Приобретение квартир в городе Хромтау, Хромтауского района, Актюбинской области",Квартира,1,19 830 000.00,Закупка жилища,Закупка состоялась
79958107-ОИ3,12.3.6,"Блок фундаментный из тяжелого бетона, марка ФБС -Т 236112.000.000062",15856648-1 Приобретение 7-ти этажного жилого дома в АДЦ города Туркестан»,Здание,1,814 263 567.60,Из одного источника по несостоявшимся закупкам,Закупка состоялась
79958091-ОИ3,12.3.6,"Блок фундаментный из тяжелого бетона, марка ФБС -Т 236112.000.000062",15856585-1 Приобретение 7-ти этажного жилого дома в АДЦ города Туркестан»,Здание,1,814 263 567.60,Из одного источника по несостоявшимся закупкам,Закупка состоялась
79958089-ОИ3,12.3.6,"Блок фундаментный из тяжелого бетона, марка ФБС -Т 236112.000.000062",15856530-1 Приобретение 7-ти этажного жилого дома в АДЦ города Туркестан»,Здание,1,814 263 567.60,Из одного источника по несостоявшимся закупкам,Закупка состоялась
82488714-ЗЖ1,12.3.6,"Блок фундаментный из тяжелого бетона, марка ФБС -Т 236112.000.000062","15856461-1 Приобретение квартиры в селе Дон, Хромтауского района, Актюбинской области",Квартира,1,19 050 000.00,Закупка жилища,Закупка состоялась
82488480-ЗЖ1,12.3.6,"Блок фундаментный из тяжелого бетона, марка ФБС -Т 236112.000.000062","15856461-1 Приобретение квартиры в селе Дон, Хромтауского района, Актюбинской области",Квартира,1,19 050 000.00,Закупка жилища,Закупка состоялась
82488816-ЗЖ1,12.3.6,"Блок фундаментный из тяжелого бетона, марка ФБС -Т 236112.000.000062","15856461-1 Приобретение квартиры в селе Дон, Хромтауского района, Актюбинской области",Квартира,1,19 050 000.00,Закупка жилища,Закупка состоялась
82488882-ЗЖ1,12.3.6,"Блок фундаментный из тяжелого бетона, марка ФБС -Т 236112.000.000062","15856461-1 Приобретение квартиры в селе Дон, Хромтауского района, Актюбинской области",Квартира,1,19 050 000.00,Закупка жилища,Закупка состоялась
82488366-ЗЖ1,12.3.6,"Блок фундаментный из тяжелого бетона, марка ФБС -Т 236112.000.000062","15856461-1 Приобретение квартиры в селе Дон, Хромтауского района, Актюбинской области",Квартира,1,19 050 000.00,Закупка жилища,Закупка состоялась
82489431-ЗЖ1,12.3.6,"Блок фундаментный из тяжелого бетона, марка ФБС -Т 236112.000.000062","15856461-1 Приобретение квартиры в селе Дон, Хромтауского района, Актюбинской области",Квартира,1,19 050 000.00,Закупка жилища,Закупка состоялась
79958116-ОИ3,12.3.6,"Блок фундаментный из тяжелого бетона, марка ФБС -Т 236112.000.000062",15856485-1 Приобретение 7-ти этажного жилого дома в АДЦ города Туркестан»,Здание,1,814 263 567.60,Из одного источника по несостоявшимся закупкам,Закупка состоялась
79958119-ОИ3,12.3.6,"Блок фундаментный из тяжелого бетона, марка ФБС -Т 236112.000.000062",15856349-1 Приобретение 7-ти этажного жилого дома в АДЦ города Туркестан»,Здание,1,814 263 567.60,Из одного источника по несостоявшимся закупкам,Закупка состоялась
82031073-ОК1,12.3.6,"Блок фундаментный из тяжелого бетона, марка ФБС -Т 236112.000.000062",15841719-2 внутренние отделки и другие ремонтные работы,Работы малярные,1,19 558 806.00,Открытый конкурс,Закупка состоялась
82031060-ОК1,12.3.6,"Блок фундаментный из тяжелого бетона, марка ФБС -Т 236112.000.000062",15841719-2 внутренние отделки и другие ремонтные работы,Работы малярные,1,30 740 535.00,Открытый конкурс,Закупка состоялась
79958065-ОИ3,12.3.6,"Блок фундаментный из тяжелого бетона, марка ФБС -Т 236112.000.000062",15856310-1 Приобретение 7-ти этажного жилого дома в АДЦ города Туркестан»,Здание,1,814 263 567.60,Из одного источника по несостоявшимся закупкам,Закупка состоялась
79958079-ОИ3,12.3.6,"Блок фундаментный из тяжелого бетона, марка ФБС -Т 236112.000.000062",15856267-1 Приобретение 7-ти этажного жилого дома в АДЦ города Туркестан»,Здание,1,814 263 567.60,Из одного источника по несостоявшимся закупкам,Закупка состоялась
79958061-ОИ3,12.3.6,"Блок фундаментный из тяжелого бетона, марка ФБС -Т 236112.000.000062",15856161-1 Приобретение 7-ти этажного жилого дома в АДЦ города Туркестан»,Здание,1,814 263 567.60,Из одного источника по несостоявшимся закупкам,Закупка состоялась
79958052-ОИ3,12.3.6,"Блок фундаментный из тяжелого бетона, марка ФБС -Т 236112.000.000062",15856090-1 Приобретение 7-ти этажного жилого дома в АДЦ города Туркестан»,Здание,1,814 263 567.60,Из одного источника по несостоявшимся закупкам,Закупка состоялась
79958074-ОИ3,12.3.6,"Блок фундаментный из тяжелого бетона, марка ФБС -Т 236112.000.000062",15856023-1 Приобретение 7-ти этажного жилого дома в АДЦ города Туркестан»,Здание,1,814 263 567.60,Из одного источника по несостоявшимся закупкам,Закупка состоялась
79958070-ОИ3,12.3.6,"Блок фундаментный из тяжелого бетона, марка ФБС -Т 236112.000.000062",15855961-1 Приобретение 7-ти этажного жилого дома в АДЦ города Туркестан»,Здание,1,814 263 567.60,Из одного источника по несостоявшимся закупкам,Закупка состоялась
79958085-ОИ3,12.3.6,"Блок фундаментный из тяжелого бетона, марка ФБС -Т 236112.000.000062",15855878-1 Приобретение 7-ти этажного жилого дома в АДЦ города Туркестан»,Здание,1,814 263 567.60,Из одного источника по несостоявшимся закупкам,Закупка состоялась
79958120-ОИ3,12.3.6,"Блок фундаментный из тяжелого бетона, марка ФБС -Т 236112.000.000062",15855793-1 Приобретение 7-ти этажного жилого дома в АДЦ города Туркестан»,Здание,1,814 263 567.60,Из одного источника по несостоявшимся закупкам,Закупка состоялась
79958121-ОИ3,12.3.6,"Блок фундаментный из тяжелого бетона, марка ФБС -Т 236112.000.000062",15855488-1 Приобретение 7-ти этажного жилого дома в АДЦ города Туркестан»,Здание,1,814 263 567.60,Из одного источника по несостоявшимся закупкам,Закупка состоялась
82192154-ОК1,12.3.6,"Блок фундаментный из тяжелого бетона, марка ФБС -Т 236112.000.000062","15844333-2 Приобретение квартир для ГУ ""Отдел строительства города Караганды""",Квартира,1,22 104 000.00,Открытый конкурс,Закупка состоялась
82189914-ОК1,12.3.6,"Блок фундаментный из тяжелого бетона, марка ФБС -Т 236112.000.000062","15844333-2 Приобретение квартир для ГУ ""Отдел строительства города Караганды""",Квартира,1,37 368 000.00,Открытый конкурс,Закупка состоялась
82189487-ОК1,12.3.6,"Блок фундаментный из тяжелого бетона, марка ФБС -Т 236112.000.000062","15844326-2 Приобретение квартир для ГУ ""Отдел строительства города Караганды""",Квартира,1,38 887 000.00,Открытый конкурс,Закупка состоялась
82190352-ОК1,12.3.6,"Блок фундаментный из тяжелого бетона, марка ФБС -Т 236112.000.000062","15844333-2 Приобретение квартир для ГУ ""Отдел строительства города Караганды""",Квартира,1,30 492 000.00,Открытый конкурс,Закупка состоялась
82189359-ОК1,12.3.6,"Блок фундаментный из тяжелого бетона, марка ФБС -Т 236112.000.000062","15844326-2 Приобретение квартир для ГУ ""Отдел строительства города Караганды""",Квартира,1,32 436 000.00,Открытый конкурс,Закупка состоялась
82189983-ОК1,12.3.6,"Блок фундаментный из тяжелого бетона, марка ФБС -Т 236112.000.000062","15844333-2 Приобретение квартир для ГУ ""Отдел строительства города Караганды""",Квартира,1,40 608 000.00,Открытый конкурс,Закупка состоялась
81844206-ОК1,12.3.6,"Блок фундаментный из тяжелого бетона, марка ФБС -Т 236112.000.000062","15844326-2 Приобретение квартир для ГУ ""Отдел строительства города Караганды""",Квартира,1,24 228 000.00,Открытый конкурс,Закупка состоялась
81844180-ОК1,12.3.6,"Блок фундаментный из тяжелого бетона, марка ФБС -Т 236112.000.000062","15844333-2 Приобретение квартир для ГУ ""Отдел строительства города Караганды""",Квартира,1,20 376 000.00,Открытый конкурс,Закупка состоялась
80017598-ОИ6,12.3.6,"Блок фундаментный из тяжелого бетона, марка ФБС -Т 236112.000.000062",15854512-1 Закупка услуги по сделкам в области лизингового кредитования,Услуги по финансовому лизингу,1,38 380 050.28,Из одного источника по несостоявшимся закупкам,Закупка состоялась
80889800-ОИ3,12.3.6,"Блок фундаментный из тяжелого бетона, марка ФБС -Т 236112.000.000062",15854516-1 Услуги для ГККП,Услуги по финансовому лизингу,1,446 628 417.68,Из одного источника по несостоявшимся закупкам,Закупка состоялась
82222289-ОИ2,12.3.6,"Блок фундаментный из тяжелого бетона, марка ФБС -Т 236112.000.000062",15854415-1 Приобретение нового одноквартирного дома в селе Федоровка,Квартира,1,20 808 086.00,Из одного источника по несостоявшимся закупкам,Закупка состоялась
81047321-ЗЖ2,12.3.6,"Блок фундаментный из тяжелого бетона, марка ФБС -Т 236112.000.000062",15854145-1 Приобретение жилого дома в селе Карауылкелды Байганинского района Актюбинской области (согласно технической спецификации),Здание,1,19 050 000.00,Закупка жилища,Закупка состоялась
81047297-ЗЖ2,12.3.6,"Блок фундаментный из тяжелого бетона, марка ФБС -Т 236112.000.000062",15854145-1 Приобретение жилого дома в селе Карауылкелды Байганинского района Актюбинской области (согласно технической спецификации),Здание,1,19 050 000.00,Закупка жилища,Закупка состоялась
81047324-ЗЖ2,12.3.6,"Блок фундаментный из тяжелого бетона, марка ФБС -Т 236112.000.000062",15854145-1 Приобретение жилого дома в селе Карауылкелды Байганинского района Актюбинской области (согласно технической спецификации),Здание,1,19 050 000.00,Закупка жилища,Закупка состоялась
81047316-ЗЖ2,12.3.6,"Блок фундаментный из тяжелого бетона, марка ФБС -Т 236112.000.000062",15854145-1 Приобретение жилого дома в селе Карауылкелды Байганинского района Актюбинской области (согласно технической спецификации),Здание,1,19 050 000.00,Закупка жилища,Закупка состоялась
81047313-ЗЖ2,12.3.6,"Блок фундаментный из тяжелого бетона, марка ФБС -Т 236112.000.000062",15854145-1 Приобретение жилого дома в селе Карауылкелды Байганинского района Актюбинской области (согласно технической спецификации),Здание,1,19 050 000.00,Закупка жилища,Закупка состоялась
82487616-ЗЖ1,12.3.6,"Блок фундаментный из тяжелого бетона, марка ФБС -Т 236112.000.000062",15854032-1 Приобретение жилого дома в селе Карауылкелды Байганинского района Актюбинской области,Здание,1,19 050 000.00,Закупка жилища,Закупка состоялась
82487481-ЗЖ1,12.3.6,"Блок фундаментный из тяжелого бетона, марка ФБС -Т 236112.000.000062",15854032-1 Приобретение жилого дома в селе Карауылкелды Байганинского района Актюбинской области,Здание,1,19 050 000.00,Закупка жилища,Закупка состоялась
80057894-ОИ7,12.3.6,"Блок фундаментный из тяжелого бетона, марка ФБС -Т 236112.000.000062",15853703-1 Услуги по сделкам в области лизингового кредитования,Услуги по финансовому лизингу,1,110 780 798.00,Из одного источника по несостоявшимся закупкам,Закупка состоялась
82433600-ЗЦП1,12.3.6,"Блок фундаментный из тяжелого бетона, марка ФБС -Т 236112.000.000062",15853672-1 Автоматизированная информационная система электронных библиотечных ресурсов,Услуги по подписке на информационные ленты,1,22 500 000.00,Запрос ценовых предложений,Закупка состоялась
82462275-ЗЖ1,12.3.6,"Блок фундаментный из тяжелого бетона, марка ФБС -Т 236112.000.000062",15852854-1 Приобретение 2-х одна комнатных квартир с площадью не менее 30 кв метров в поселке Шашубай,Квартира,1,20 724 197.94,Закупка жилища,Закупка состоялась
82461874-ЗЖ1,12.3.6,"Блок фундаментный из тяжелого бетона, марка ФБС -Т 236112.000.000062",15852851-1 Приобретение 2-х трехкомнатных квартир с площадью не менее 57 кв метров в поселке Шашубай,Квартира,1,38 730 468.20,Закупка жилища,Закупка состоялась
82462151-ЗЖ1,12.3.6,"Блок фундаментный из тяжелого бетона, марка ФБС -Т 236112.000.000062",15852845-1 Приобретение 3-х четырехкомнатных квартир с площадью не менее 58 кв метров в поселке Шашубай,Квартира,1,59 828 381.28,Закупка жилища,Закупка состоялась
82461631-ЗЖ1,12.3.6,"Блок фундаментный из тяжелого бетона, марка ФБС -Т 236112.000.000062",15852835-1 Приобретение трех трехкомнатных квартир с площадью не менее 50 кв метров в поселке Шашубай,Квартира,1,51 266 910.70,Закупка жилища,Закупка состоялась
82451586-ЗЖ1,12.3.6,"Блок фундаментный из тяжелого бетона, марка ФБС -Т 236112.000.000062",15852524-1 Приобретение жилья в Алгинском районе Актюбинской области (согласно технической спецификации),Квартира,1,19 050 000.00,Закупка жилища,Закупка состоялась
82451853-ЗЖ1,12.3.6,"Блок фундаментный из тяжелого бетона, марка ФБС -Т 236112.000.000062",15852520-1 Приобретение жилья в Алгинском районе Актюбинской области (согласно технической спецификации),Квартира,1,19 050 000.00,Закупка жилища,Закупка состоялась
82451883-ЗЖ1,12.3.6,"Блок фундаментный из тяжелого бетона, марка ФБС -Т 236112.000.000062",15852511-1 Приобретение жилья в Алгинском районе Актюбинской области (согласно технической спецификации),Квартира,1,19 050 000.00,Закупка жилища,Закупка состоялась
82451874-ЗЖ1,12.3.6,"Блок фундаментный из тяжелого бетона, марка ФБС -Т 236112.000.000062",15852491-1 Приобретение жилья в Алгинском районе Актюбинской области (согласно технической спецификации),Квартира,1,19 050 000.00,Закупка жилища,Закупка состоялась
82451565-ЗЖ1,12.3.6,"Блок фундаментный из тяжелого бетона, марка ФБС -Т 236112.000.000062",15852469-1 Приобретение жилья в Алгинском районе Актюбинской области (согласно технической спецификации),Квартира,1,19 050 000.00,Закупка жилища,Закупка состоялась
82451568-ЗЖ1,12.3.6,"Блок фундаментный из тяжелого бетона, марка ФБС -Т 236112.000.000062",15852459-1 Приобретение жилья в Алгинском районе Актюбинской области (согласно технической спецификации),Квартира,1,19 050 000.00,Закупка жилища,Закупка состоялась
81580989-ОИ3,12.3.6,"Блок фундаментный из тяжелого бетона, марка ФБС -Т 236112.000.000062",15852268-1 Приобретение нежилого здания в с.Болашак Переметнинского с/о района Бәйтерек ЗКО/,Здание,1,23 000 000.00,Из одного источника по несостоявшимся закупкам,Закупка состоялась
82445473-ЗЖ1,12.3.6,"Блок фундаментный из тяжелого бетона, марка ФБС -Т 236112.000.000062",15852198-1 Приобретение квартиры на территории Мунайлинского района,Квартира,1,16 960 000.00,Закупка жилища,Закупка состоялась
77021750-ЗЦП1,12.3.6,"Блок фундаментный из тяжелого бетона, марка ФБС -Т 236112.000.000062",15851705-1 Приобретение здания для ветеринарного пункта в сельском округе Сайын Шапагатова,Здание мобильное,1,29 656 000.00,Запрос ценовых предложений,Закупка состоялась
82409990-ЗЖ1,12.3.6,"Блок фундаментный из тяжелого бетона, марка ФБС -Т 236112.000.000062",15850878-1 Приобретение служебной квартиры согласно технической спецификации.,Квартира,1,28 700 000.00,Закупка жилища,Закупка состоялась
75807130-ОИ2,12.3.6,"Блок фундаментный из тяжелого бетона, марка ФБС -Т 236112.000.000062",15850068-1 Приобретение медицинской техники,Аппарат,1,15 000 000.00,Из одного источника по несостоявшимся закупкам,Закупка состоялась
80188803-ОИ5,12.3.6,"Блок фундаментный из тяжелого бетона, марка ФБС -Т 236112.000.000062",15849813-1 Услуги финансового лизинга на приобретение специализированной техники,Услуги по финансовому лизингу,1,110 747 120.00,Из одного источника по несостоявшимся закупкам,Закупка состоялась
80189781-ОИ5,12.3.6,"Блок фундаментный из тяжелого бетона, марка ФБС -Т 236112.000.000062",15849813-1 Услуги финансового лизинга на приобретение специализированной техники,Услуги по финансовому лизингу,1,78 903 696.52,Из одного источника по несостоявшимся закупкам,Закупка состоялась
80190707-ОИ5,12.3.6,"Блок фундаментный из тяжелого бетона, марка ФБС -Т 236112.000.000062",15849813-1 Услуги финансового лизинга на приобретение специализированной техники,Услуги по финансовому лизингу,1,145 756 600.00,Из одного источника по несостоявшимся закупкам,Закупка состоялась
82376627-ЗЖ1,12.3.6,"Блок фундаментный из тяжелого бетона, марка ФБС -Т 236112.000.000062",15849350-1 Приобретение жилых домов в с.Кордай Кордайского района Жамбылской области,Здание,1,17 055 900.00,Закупка жилища,Закупка состоялась
80326357-ОИ4,12.3.6,"Блок фундаментный из тяжелого бетона, марка ФБС -Т 236112.000.000062",15849042-1 услуга финансового лизинга,Услуги по финансовому лизингу,1,191 312 347.00,Из одного источника по несостоявшимся закупкам,Закупка состоялась
81214712-ОИ3,12.3.6,"Блок фундаментный из тяжелого бетона, марка ФБС -Т 236112.000.000062",15848815-1 Услуги финансового лизинга по приобретению основного автотранспорта,Услуги по финансовому лизингу,1,3 421 275 000.00,Из одного источника по несостоявшимся закупкам,Закупка состоялась
76470602-ОК2,12.3.6,"Блок фундаментный из тяжелого бетона, марка ФБС -Т 236112.000.000062",15848626-1 Приобретение здания ветеринарного пункта в Алмазненском сельском округе,Здание,1,15 000 000.00,Открытый конкурс,Закупка состоялась
82353615-ЗЖ1,12.3.6,"Блок фундаментный из тяжелого бетона, марка ФБС -Т 236112.000.000062",15848453-1 Приобретение 12-квартирного дома в поселке Сарышаган Актогайского района,Квартира,1,29 000 000.00,Закупка жилища,Закупка состоялась
80444220-ЗЦП1,222121.530.010078,"Труба для водоснабжения полиэтиленовая, диаметр 751-800 мм","15462601-1 Труба пэ 100 SDR 17 800*47,4 пит",Труба для водоснабжения,312,31 269 888.00,Запрос ценовых предложений,Закупка состоялась
79228338-ОК1,222121.530.010078,"Труба для водоснабжения полиэтиленовая, диаметр 751-800 мм","15366976-1 Труба полиэтиленовая, наружный диаметр 800 мм",Труба для водоснабжения,684,91 929 600.00,Открытый конкурс,Закупка состоялась
76837140-ОК2,222121.530.010078,"Труба для водоснабжения полиэтиленовая, диаметр 751-800 мм",14176230-1 Трубы полиэтиленовые 100 SDR 17,Труба для водоснабжения,1800,186 170 400.00,Открытый конкурс,Закупка состоялась
73273372-ОК1,222121.530.010078,"Труба для водоснабжения полиэтиленовая, диаметр 751-800 мм",13926744-1 Труба полиэтиленовая ДУ 800,Труба для водоснабжения,1600,136 230 400.00,Открытый конкурс,Закупка состоялась
36315969-ОЛ-ЗЦП1,141230.110.000008,Халат,"14640556-1 Халаты, рукавицы, жилеты","Халаты, рукавицы, жилеты",13,15 317 555.08,Запрос ценовых предложений,Закупка состоялась
36338477-ОЛ-ЗЦП1,152011.200.000002,Галоши,"14649553-1 Валенки, боты, сандалии, тапочки, сапоги, галоши","Валенки, боты, сандалии, тапочки, сапоги, галоши",15,16 610 963.20,Запрос ценовых предложений,Закупка состоялась
37129869-ОЛ-ЗЦП1,141332.170.000000,Костюм,14976552-1 Приобретение форменного обмундирования для сотрудников ДП Алматинской области,Приобретение форменного обмундирования для сотрудников ДП Алматинской области,18,78 530 020.38,Запрос ценовых предложений,Закупка состоялась
35902707-ОЛ-ОК1,152032.920.000015,Ботинки,"14479197-1 Приобретение перчаток, ботинок для ТОО ""Мангистауский атомный энергетический комбинат""","перчатки, ботинки",4,32 641 920.00,Открытый конкурс,Закупка состоялась
38018060-ОЛ-ЗЦП1,141424.290.000002,Майка,15375968-1 Приобретение мягкого инвентаря,Приобретение мягкого инвентаря,22,23 150 000.00,Запрос ценовых предложений,Закупка состоялась
36556738-ОЛ-ОИ2,172314.500.000001,Бумага для офисного оборудования,14757976-1 канцелярские товары для издательского центра,канцелярские товары для издательского центра,2,19 800 000.00,Из одного источника по несостоявшимся закупкам,Закупка состоялась
78329051-ЗЦП2,172314.500.000001,Бумага для офисного оборудования,"14421977-1 Повторная государственная закупка товара для Издательского дома ""Қазақ университеті""",Бумага для офисного оборудования,15000,20 250 000.00,Запрос ценовых предложений,Закупка состоялась
74356308-ОК1,262011.100.000000,Ноутбук,15329192-4 Ноутбук согласно технической спецификации,Ноутбук,250,59 500 000.00,Открытый конкурс,Закупка состоялась
34165569-ОЛ-ОИ2,152032.990.000011,Туфли,13833167-1 Приобретение форменного обмундирования (обувь),Приобретение форменного обмундирования (обувь),6,15 207 401.82,Из одного источника по несостоявшимся закупкам,Закупка состоялась
36338477-ОЛ-ЗЦП1,152032.990.000017,Валенки,"14649553-1 Валенки, боты, сандалии, тапочки, сапоги, галоши","Валенки, боты, сандалии, тапочки, сапоги, галоши",15,16 610 963.20,Запрос ценовых предложений,Закупка состоялась
34165569-ОЛ-ОИ2,152032.990.000028,Полусапоги,13833167-1 Приобретение форменного обмундирования (обувь),Приобретение форменного обмундирования (обувь),6,15 207 401.82,Из одного источника по несостоявшимся закупкам,Закупка состоялась
37288963-ОЛ-ЗЦП1,139224.992.000000,Подушка,15045805-1 Государственные закупки согласно c технической спецификацией,Государственные закупки согласно c технической спецификацией,4,17 835 000.00,Запрос ценовых предложений,Закупка состоялась
34987920-ОЛ-ЗЦП1,139224.992.000000,Подушка,"14131778-1 Приобретение постельных принадлежностей (комплект постельного белья, подушки, наматрасник, покрывало)","Приобретение постельных принадлежностей (комплект постельного белья, подушки, наматрасники, покрывала)",4,29 400 000.00,Запрос ценовых предложений,Закупка состоялась
75833277-ОК1,139224.992.000000,Подушка,13809336-1 Приобретение постельные принадлежности,Подушка,20000,128 571 400.00,Открытый конкурс,Закупка состоялась
34018262-ОЛ-ЗЦП1,139224.992.000000,Подушка,13732035-1 Приобретение постельных принадлежностей согласно технической характеристике,Приобретение постельных принадлежностей согласно технической характеристике,7,25 406 397.00,Запрос ценовых предложений,Закупка состоялась
34165569-ОЛ-ОИ2,152032.990.000022,Полуботинки,13833167-1 Приобретение форменного обмундирования (обувь),Приобретение форменного обмундирования (обувь),6,15 207 401.82,Из одного источника по несостоявшимся закупкам,Закупка состоялась
35345877-ОЛ-ОК1,141211.290.000015,Костюм,"14268261-1 Костюм, куртка (20 лот) для ТОО ""Мангистауский атомный энергетический комбинат""","Костюм, куртка (20 лот)",20,38 363 477.00,Открытый конкурс,Закупка состоялась
35345877-ОЛ-ОК1,141211.290.000005,Костюм,"14268261-1 Костюм, куртка (20 лот) для ТОО ""Мангистауский атомный энергетический комбинат""","Костюм, куртка (20 лот)",20,38 363 477.00,Открытый конкурс,Закупка состоялась
79047624-ЗЦП1,141221.290.010003,Костюм,14771986-1 Нысанды киім-кешек сатып алу,Костюм,165,18 444 642.15,Запрос ценовых предложений,Закупка состоялась
72271638-ЗЦП1,141211.290.000022,Костюм,15553069-1 Закупка спецодежды для работников ТОО «Алматыэлектротранс»,Костюм,700,17 500 000.00,Запрос ценовых предложений,Закупка состоялась
73312623-ЗЦП1,141211.290.000022,Костюм,15096759-1 Спецодежды по лотам,Костюм,800,27 200 000.00,Запрос ценовых предложений,Закупка состоялась
37129869-ОЛ-ЗЦП1,141211.290.000022,Костюм,14976552-1 Приобретение форменного обмундирования для сотрудников ДП Алматинской области,Приобретение форменного обмундирования для сотрудников ДП Алматинской области,18,78 530 020.38,Запрос ценовых предложений,Закупка состоялась
78379688-ОК1,141211.290.000022,Костюм,14424086-1 Приобретение форменного обмундирования,Костюм,387,16 343 838.18,Открытый конкурс,Закупка состоялась
74041762-ОК1,141211.290.000022,Костюм,14339903-1 приобретение форменного обмундирования,Костюм,150,16 767 856.50,Открытый конкурс,Закупка состоялась
35345877-ОЛ-ОК1,141211.290.000022,Костюм,"14268261-1 Костюм, куртка (20 лот) для ТОО ""Мангистауский атомный энергетический комбинат""","Костюм, куртка (20 лот)",20,38 363 477.00,Открытый конкурс,Закупка состоялась
78072471-ЗЦП1,141211.290.000022,Костюм,14238361-1 Приобретение предмета вещевого имущества,Костюм,150,17 667 856.50,Запрос ценовых предложений,Закупка состоялась
74979634-ЗЦП1,141211.290.000022,Костюм,13982039-1 Приобретение форменного обмундирования,Костюм,294,21 604 798.74,Запрос ценовых предложений,Закупка состоялась
74623625-ОК1,141211.290.000022,Костюм,13952666-1 Приобретение форменного обмундирования по лотам,Костюм,440,23 274 983.60,Открытый конкурс,Закупка состоялась
77511022-ОК1,141211.290.000022,Костюм,13942267-1 Приобретение форменного обмундирования для ДП области Ұлытау,Костюм,200,22 357 142.00,Открытый конкурс,Закупка состоялась
72961992-ОК1,141211.290.000022,Костюм,13915677-1 Приобретение форменного и специального обмундирования,Костюм,245,27 387 498.95,Открытый конкурс,Закупка состоялась
36340768-ОЛ-ЗЦП1,141230.150.000000,Фартук,"14650446-1 Комплект нательного белья, фартук ,шапка, носки","Комплект нательного белья, фартук ,шапка, носки",15,15 434 025.24,Запрос ценовых предложений,Закупка состоялась
38662049-ОЛ-ОИ2,141321.210.000000,Куртка,15726445-1 Государственные закупки согласно технической спецификации,Государственные закупки согласно технической спецификации,6,20 824 000.00,Из одного источника по несостоявшимся закупкам,Закупка состоялась
35093577-ОЛ-ЗЦП1,141321.210.000000,Куртка,14171999-1 Приобретение форменного обмундирования,Приобретение форменного обмундирования,15,15 271 554.55,Запрос ценовых предложений,Закупка состоялась
74056966-ОИ2,262013.000.000011,Компьютер,"15808950-1 Приобретения компьютера в комплекте, согласно технической спецификации",Компьютер,47,27 276 785.58,Из одного источника по несостоявшимся закупкам,Закупка состоялась
81514607-ЗЦП1,262013.000.000011,Компьютер,15796282-1 Приобретение компьютеров в 2025 году (ВНИМАТЕЛЬНО ОЗНОКОМИТЬСЯ С ТЕХНИЧЕСКОЙ СПЕЦИФИКАЦИЕЙ),Компьютер,78,31 339 285.38,Запрос ценовых предложений,Закупка состоялась
72943913-ОК1,262013.000.000011,Компьютер,15746729-1 Государственные закупки для НАО «Казахский агротехнический исследовательский университет имени Сакена Сейфуллина» способом открытого конкурса,Компьютер,200,104 920 358.00,Открытый конкурс,Закупка состоялась
81035753-ОК1,262013.000.000011,Компьютер,"15735410-1 Государственные закупки для КГУ ""Общеобразовательная школа № 2 имени Ш.Канайулы"" отдела образования города Кентау управления образования Туркестанской области способом открытого конкурса",Компьютер,36,21 780 000.00,Открытый конкурс,Закупка состоялась
73867434-ЗЦП1,262013.000.000011,Компьютер,15726423-1 Государственные закупки моноблоков в соответствии с технической спецификацией,Компьютер,50,17 857 142.50,Запрос ценовых предложений,Закупка состоялась
76911130-ОК1,262013.000.000011,Компьютер,15689452-1 Компьютер для офиса,Компьютер,142,60 350 000.00,Открытый конкурс,Закупка состоялась
81030967-ЗЦП1,262013.000.000011,Компьютер,15684409-1 Компьютер в комплекте для графического дизайна,Компьютер,40,28 000 000.00,Запрос ценовых предложений,Закупка состоялась
80730782-ОК1,262013.000.000011,Компьютер,15634322-2 Государственные закупки компьютеров,Компьютер,25,29 492 500.00,Открытый конкурс,Закупка состоялась
80931871-ОК1,262013.000.000011,Компьютер,15665470-1 Государственные закупки компьютеров,Компьютер,30,15 000 000.00,Открытый конкурс,Закупка состоялась
80932769-ОК1,262013.000.000011,Компьютер,15665226-1 Государственные закупки компьютеров,Компьютер,40,17 857 142.80,Открытый конкурс,Закупка состоялась
80580557-ОК2,262013.000.000011,Компьютер,15664217-1 Приобретение компьютеров в комплекте для нужд ДП Актюбинской области.,Компьютер,80,31 428 571.20,Открытый конкурс,Закупка состоялась
76160157-ОК1,262013.000.000011,Компьютер,15615547-2 Приобретение ПЭВМ в комплекте,Компьютер,100,70 135 714.00,Открытый конкурс,Закупка состоялась
80423346-ЗЦП1,262013.000.000011,Компьютер,15581326-1 Приобретение моноблоков (компьютеров),Компьютер,45,18 000 000.00,Запрос ценовых предложений,Закупка состоялась
80490343-ОК1,262013.000.000011,Компьютер,15536572-2 Приобретен согласно техническим характеристикам,Компьютер,42,15 727 987.38,Открытый конкурс,Закупка состоялась
74504095-ОК3,262013.000.000011,Компьютер,15555322-1 Повторные государственные закупки рабочих станций,Компьютер,83,40 462 500.00,Открытый конкурс,Закупка состоялась
80594293-ЗЦП2,262013.000.000011,Компьютер,15553235-1 Компьютер в комплекте,Компьютер,28,15 400 000.00,Запрос ценовых предложений,Закупка состоялась
79957718-ОК2,262013.000.000011,Компьютер,"15525920-1 Приобретение компьютера в комплекте для ГУ ""Управление цифровых технологий Мангистауской области""",Компьютер,55,28 678 650.00,Открытый конкурс,Закупка состоялась
77960074-ОК1,262013.000.000011,Компьютер,"15507488-1 Государственная закупка для КГКП ""Атырауский политехнический высший колледж имени Саламата Мукашева"" Управления образования Атырауской области""",Компьютер,27,29 700 000.00,Открытый конкурс,Закупка состоялась
80534683-ОК1,262013.000.000011,Компьютер,15503591-2 Пиобретение моноблоков в комплекте (8 гб),Компьютер,120,54 289 320.00,Открытый конкурс,Закупка состоялась
80534694-ОК1,262013.000.000011,Компьютер,15503564-2 Пиобретение моноблоков в комплекте (16 гб),Компьютер,120,56 432 160.00,Открытый конкурс,Закупка состоялась
80534733-ОК1,262013.000.000011,Компьютер,15503514-2 Приобретение моноблоков в комплекте,Компьютер,70,36 906 240.00,Открытый конкурс,Закупка состоялась
74417816-ОК5,262013.000.000011,Компьютер,15473661-1 Приобретение компьютера для ДП Кызылординской области,Компьютер,50,23 391 428.00,Открытый конкурс,Закупка состоялась
80277988-ОК1,262013.000.000011,Компьютер,15462766-1 Приобретение компьютеров (моноблок) для школ Алматинский области,Компьютер,78,41 785 713.84,Открытый конкурс,Закупка состоялась
73014970-ОК1,262013.000.000011,Компьютер,15451229-1 Государственные закупки для НАО «Казахский национальный женский педагогический университет» способом открытого конкурса,Компьютер,900,800 517 861.00,Открытый конкурс,Закупка состоялась
80145277-ОК1,262013.000.000011,Компьютер,15428888-1 Государственные закупки для НАО «Государственная корпорация «Правительство для граждан» способом открытого конкурса,Компьютер,1464,802 585 720.56,Открытый конкурс,Закупка состоялась
80146465-ОК1,262013.000.000011,Компьютер,15428804-1 Государственные закупки для НАО «Государственная корпорация «Правительство для граждан» способом открытого конкурса,Компьютер,260,200 633 334.20,Открытый конкурс,Закупка состоялась
80263139-ОИ2,262013.000.000011,Компьютер,"15414011-1 приобретение компьютера в комплекте (мышка компьютерная, клавиатура, колонки, веб камера) , с доставкой. и подключением.",Компьютер,68,17 000 000.00,Из одного источника по несостоявшимся закупкам,Закупка состоялась
78859358-ОК1,262013.000.000011,Компьютер,"15324792-3 Государственные закупки для КГУ ""Центр трудовой мобильности"" управления координации занятости и социальных программ Туркестанской области способом открытого конкурса",Компьютер,200,80 998 214.00,Открытый конкурс,Закупка состоялась
80219341-ОК1,262013.000.000011,Компьютер,"15370027-2 Государственные закупки для ГУ ""Управление по государственным закупкам и коммунальной собственности Атырауской области""",Компьютер,23,46 677 678.67,Открытый конкурс,Закупка состоялась
79838304-ОК1,262013.000.000011,Компьютер,15363331-2 Государственные закупки для РГУ «Бюро национальной статистики Агентства по стратегическому планированию и реформам Республики Казахстан» способом открытого конкурса,Компьютер,480,219 291 067.20,Открытый конкурс,Закупка состоялась
80204448-ЗЦП2,262013.000.000011,Компьютер,15387700-1 Закуп Компьютер согласно технической спецификации/ Техникалық сипаттамаларға сәйкес компьютер сатып алу,Компьютер,50,19 000 000.00,Запрос ценовых предложений,Закупка состоялась
74612220-ОК2,262013.000.000011,Компьютер,15358866-1 Приобретение - моноблока,Компьютер,50,24 899 000.00,Открытый конкурс,Закупка состоялась
80094465-ОК1,262013.000.000011,Компьютер,15301784-2 Моноблок 5/24 FHD/CORE I513420H/16GB/512GB NOS,Компьютер,50,23 495 000.00,Открытый конкурс,Закупка состоялась
76280080-ОК2,262013.000.000011,Компьютер,15332259-1 Компьютер в комплекте с защитой от кражи,Компьютер,150,37 500 000.00,Открытый конкурс,Закупка состоялась
77419773-ОК4,262013.000.000011,Компьютер,"15276843-1 Компьютеры в комплекте (монитор, мышь, клавиатура Windows)",Компьютер,60,71 100 000.00,Открытый конкурс,Закупка состоялась
74764798-ЗЦП1,262013.000.000011,Компьютер,15275902-1 Моноблок (для ДИТ),Компьютер,50,25 000 000.00,Запрос ценовых предложений,Закупка состоялась
75705509-ОК2,262013.000.000011,Компьютер,15269962-1 Компьютер (моноблок) в комплекте согласно тех спец,Компьютер,46,18 400 000.00,Открытый конкурс,Закупка состоялась
76160854-ОК3,262013.000.000011,Компьютер,15267075-1 Приобретение ПЭВМ в комплекте,Компьютер,30,21 160 714.20,Открытый конкурс,Закупка состоялась
79101201-ОК3,262013.000.000011,Компьютер,"15221908-2 Государственная закупка для КГУ ""Центр трудовой мобильности"" управления координации занятости и социальных программ Кызылординской области""",Компьютер,87,36 105 000.00,Открытый конкурс,Закупка состоялась
79704376-ОК1,262013.000.000011,Компьютер,15239940-2 О проведении электронного конкурса по государственным закупкам персонального компьютера в комплекте для ДП г.Астаны,Компьютер,39,20 119 821.15,Открытый конкурс,Закупка состоялась
74846290-ОК2,262013.000.000011,Компьютер,15242931-1 компьютер в комплекте,Компьютер,50,23 861 607.00,Открытый конкурс,Закупка состоялась
74093120-ОК3,262013.000.000011,Компьютер,15193627-2 Мультимедийная станция НАО МУС,Компьютер,100,60 000 000.00,Открытый конкурс,Закупка состоялась
74210967-ОК3,262013.000.000011,Компьютер,15208859-1 приобретение компьютеров для е-УД,Компьютер,100,62 857 143.00,Открытый конкурс,Закупка состоялась
77748526-ОК1,262013.000.000011,Компьютер,15194900-1 Государственные закупки для НАО «Таразский университет имени М.Х. Дулати» способом открытого конкурса,Компьютер,519,189 999 672.00,Открытый конкурс,Закупка состоялась
79574458-ОК1,262013.000.000011,Компьютер,15147285-2 моноблок в комплекте,Компьютер,75,33 415 178.25,Открытый конкурс,Закупка состоялась
75570195-ОК6,262013.000.000011,Компьютер,15142965-1 Приобретение персональных компьютеров,Компьютер,50,31 696 428.50,Открытый конкурс,Закупка состоялась
71763862-ОК1,262013.000.000011,Компьютер,15105601-2 Персональный компьютер в комплекте (согласно технической спецификаций),Компьютер,137,92 093 749.55,Открытый конкурс,Закупка состоялась
77705078-ОК5,262013.000.000011,Компьютер,15134695-1 Повторные государственные закупки способом конкурса компьютеров для нужд ВС РК на 2025 год,Компьютер,80,32 000 000.00,Открытый конкурс,Закупка состоялась
77954499-ОК1,262013.000.000011,Компьютер,15130505-1 Приобретение компьютеров в сборе для АО «Астана-Энергия»,Компьютер,130,58 035 714.10,Открытый конкурс,Закупка состоялась
79693948-ОК1,262013.000.000011,Компьютер,"15108345-1 Государственная закупка для КГКП ""Кызылординский технический - IT высший колледж имени Мустахыма Иксанова"" управления образования Кызылординской области""",Компьютер,30,15 535 714.20,Открытый конкурс,Закупка состоялась
79569981-ОК1,262013.000.000011,Компьютер,15097468-1 Компьютер для РГП Казводхоз,Компьютер,70,52 430 000.00,Открытый конкурс,Закупка состоялась
79569934-ОК1,262013.000.000011,Компьютер,15097340-1 Компьютер для РГП Казводхоз,Компьютер,20,17 068 000.00,Открытый конкурс,Закупка состоялась
79664562-ОК1,262013.000.000011,Компьютер,15096928-1 Компьютер для РГП Казводхоз,Компьютер,50,25 680 000.00,Открытый конкурс,Закупка состоялась
74634514-ОК1,262013.000.000011,Компьютер,15091756-1 Государственная закупка товара для ГУ «Министерство национальной экономики Республики Казахстан» способом открытого конкурса,Компьютер,200,113 250 446.00,Открытый конкурс,Закупка состоялась
73581831-ОК1,262013.000.000011,Компьютер,15082008-1 Государственная закупка товара для НАО «Кызылординский университет имени Коркыт Ата» способом открытого конкурса,Компьютер,415,192 070 300.00,Открытый конкурс,Закупка состоялась
76414517-ЗЦП1,262013.000.000011,Компьютер,15080990-1 Приобретение моноблока в комплекте,Компьютер,38,17 405 356.98,Запрос ценовых предложений,Закупка состоялась
79343817-ЗЦП6,262013.000.000011,Компьютер,15076140-1 Компьютер в комплекте,Компьютер,100,31 250 000.00,Запрос ценовых предложений,Закупка состоялась
73136170-ОК2,262013.000.000011,Компьютер,15070757-1 Повторная государственная закупка товара для Министерство финансов Республики Казахстан,Компьютер,144,84 232 647.36,Открытый конкурс,Закупка состоялась
73429039-ОК2,262013.000.000011,Компьютер,15041180-1 Приобретение ноутбуков и компьютеров для КРЕМ МНЭ РК и его территориальных департаментов,Компьютер,40,15 178 571.60,Открытый конкурс,Закупка состоялась
73290411-ОК2,262013.000.000011,Компьютер,15038819-1 Государственные закупки товара для РГП на ПХВ «Государственная вневедомственная экспертиза проектов» Комитета по делам строительства и жилищно-коммунального хозяйства Министерства промышленности и строительства Республики Казахстан (РГП «Госэкспертиза») способом открытого конкурса,Компьютер,122,231 800 000.00,Открытый конкурс,Закупка состоялась
74515667-ОК1,262013.000.000011,Компьютер,15030880-1 Рабочая станция ДП Карагандинской области,Компьютер,100,52 946 428.00,Открытый конкурс,Закупка состоялась
78031757-ОК1,262013.000.000011,Компьютер,15028550-1 Государственная закупка товара для ГУ «Департамент полиции области Ұлытау Министерства внутренних дел Республики Казахстан» способом открытого конкурса,Компьютер,140,91 968 749.60,Открытый конкурс,Закупка состоялась
79225731-ОК1,262013.000.000011,Компьютер,14973085-2 Государственные закупки персональных компьютеров,Компьютер,129,61 919 484.00,Открытый конкурс,Закупка состоялась
78859251-ОК2,262013.000.000011,Компьютер,"15012247-1 Компьютеры для ТОО ""Карагады Су""",Компьютер,46,28 832 142.66,Открытый конкурс,Закупка состоялась
78070383-ЗЦП1,262013.000.000011,Компьютер,"15009760-1 Приобретение машин, оборудования, инструментов, производственного и хозяйственного инвентар",Компьютер,55,27 008 905.00,Запрос ценовых предложений,Закупка состоялась
75159277-ОК2,262013.000.000011,Компьютер,14980569-2 приобретение персональных компьютеров//,Компьютер,60,23 214 285.60,Открытый конкурс,Закупка состоялась
78007752-ОИ2,262013.000.000011,Компьютер,15003234-1 Приобретение товаров согласно технической спецификации,Компьютер,75,19 875 000.00,Из одного источника по несостоявшимся закупкам,Закупка состоялась
77575201-ОК3,262013.000.000011,Компьютер,15000765-1 Приобретение компьютеров и моноблоков,Компьютер,28,15 832 040.00,Открытый конкурс,Закупка состоялась
75082433-ОК3,262013.000.000011,Компьютер,14907821-2 Приобретение компьютера (моноблок),Компьютер,50,19 000 000.00,Открытый конкурс,Закупка состоялась
72271661-АУК3,262013.000.000011,Компьютер,"14960472-1 Закупка для ТОО ""Алматыэлектротранс""",Компьютер,90,43 650 000.00,Аукцион,Закупка состоялась
74795031-ОИ2,262013.000.000011,Компьютер,14966166-1 Приобретение моноблоков для Предприятия,Компьютер,46,20 741 071.56,Из одного источника по несостоявшимся закупкам,Закупка состоялась
75808517-ОК2,262013.000.000011,Компьютер,14938673-2 Моноблок (согласно технической спецификации),Компьютер,85,43 372 768.10,Открытый конкурс,Закупка состоялась
75013765-ЗЦП1,262013.000.000011,Компьютер,14964921-1 Государственные закупки компьютеров,Компьютер,40,19 440 000.00,Запрос ценовых предложений,Закупка состоялась
78982698-ОК1,262013.000.000011,Компьютер,14893255-2 Государственные закупки (ЕУД),Компьютер,100,40 950 000.00,Открытый конкурс,Закупка состоялась
75080773-ОК2,262013.000.000011,Компьютер,"14956406-1 Закуп товаров, согласно технической спецификации",Компьютер,50,27 550 000.00,Открытый конкурс,Закупка состоялась
77595589-ОК3,262013.000.000011,Компьютер,14954051-1 Приобретение моноблока СТРОГО ПО ТЕХНИЧЕСКОЙ СПЕЦИФИКАЦИИ,Компьютер,50,20 089 285.50,Открытый конкурс,Закупка состоялась
78278217-ОК2,262013.000.000011,Компьютер,14941500-1 О проведении повторной государственной закупки товара для ГУ «Департамент полиции города Шымкент Министерства внутренних дел Республики Казахстан» способом конкурса,Компьютер,400,163 571 428.00,Открытый конкурс,Закупка состоялась
78870388-ОТ1,262013.000.000011,Компьютер,14864370-2 Закуп компьютера (в комплекте),Компьютер,65,26 000 000.00,Тендер,Закупка состоялась
78234211-ОК2,262013.000.000011,Компьютер,"14904075-2 Приобретение моноблоков и компьютеров в комплекте, КГУ «Специализированная школа-лицей-интернат имени Н.Нурмакова»",Компьютер,30,16 071 428.40,Открытый конкурс,Закупка состоялась
74063515-ОК2,262013.000.000011,Компьютер,14928405-1 Компьютер в комплекте,Компьютер,50,20 982 143.00,Открытый конкурс,Закупка состоялась
73460267-ОК1,262013.000.000011,Компьютер,14927383-1 Приобретение компьютерной техники,Компьютер,44,25 535 675.00,Открытый конкурс,Закупка состоялась
74485911-ОК2,262013.000.000011,Компьютер,14878326-2 Приобретение компьютера в комплекте в рамках цифровизации и автоматизации КУИС МВД РК,Компьютер,200,57 248 400.00,Открытый конкурс,Закупка состоялась
79313798-ОК1,262013.000.000011,Компьютер,14891593-1 Моноблок в комплекте,Компьютер,80,39 920 000.00,Открытый конкурс,Закупка состоялась
74764798-ЗЦП2,262013.000.000011,Компьютер,14874252-1 Закуп моноблоков (для ДИТ),Компьютер,50,25 000 000.00,Запрос ценовых предложений,Закупка состоялась
76226068-ОК1,262013.000.000011,Компьютер,"14855111-1 Государственная закупка для ГУ ""Управление образования Атырауской области""",Компьютер,500,223 214 285.00,Открытый конкурс,Закупка состоялась
79127970-ЗЦП2,262013.000.000011,Компьютер,"14853121-1 Компьютер офисный в комплекте, 60 штук согласно технической спецификации",Компьютер,60,18 750 000.00,Запрос ценовых предложений,Закупка состоялась
74627917-ОК5,262013.000.000011,Компьютер,14824499-1 Персональные компьютеры в комплекте (сис.адм 11934),Компьютер,100,63 552 900.00,Открытый конкурс,Закупка состоялась
73787747-ОК2,262013.000.000011,Компьютер,14821359-1 Приобретен согласно техническим характеристикам,Компьютер,140,75 524 250.20,Открытый конкурс,Закупка состоялась
78688406-ОК2,262013.000.000011,Компьютер,14821124-1 Приобретение согласно техническим характеристикам,Компьютер,30,25 515 241.20,Открытый конкурс,Закупка состоялась
73787910-ОК2,262013.000.000011,Компьютер,14819882-1 Приобретение согласно техническим характеристикам,Компьютер,90,47 552 062.50,Открытый конкурс,Закупка состоялась
78358947-ОИ2,262013.000.000011,Компьютер,14817285-1 компьютер офисный универсальный,Компьютер,40,19 642 840.00,Из одного источника по несостоявшимся закупкам,Закупка состоялась
79047051-ОИ3,262013.000.000011,Компьютер,14801313-1 ЭГЗ способом запроса ценовых предложений/компьютер,Компьютер,120,24 816 964.80,Из одного источника по несостоявшимся закупкам,Закупка состоялась
77938586-ОИ3,262013.000.000011,Компьютер,14750061-1 Приобретение компьютеров в комплекте согласно технической спецификацией заказчика.,Компьютер,80,21 762 411.20,Из одного источника по несостоявшимся закупкам,Закупка состоялась
74120558-ОК4,262013.000.000011,Компьютер,14731438-1 закуп моноблоков для университета,Компьютер,75,31 138 392.75,Открытый конкурс,Закупка состоялась
78871126-ЗЦП2,262013.000.000011,Компьютер,14705164-1 Дербес компьютер жиынтықта,Компьютер,50,20 475 000.00,Запрос ценовых предложений,Закупка состоялась
78315981-ЗЦП3,262013.000.000011,Компьютер,14675481-1 Приобретение основных средств,Компьютер,50,24 553 571.50,Запрос ценовых предложений,Закупка состоялась
77882552-ОИ3,262013.000.000011,Компьютер,14639351-1 Приобретение компьютера в сборе,Компьютер,50,24 553 550.00,Из одного источника по несостоявшимся закупкам,Закупка состоялась
78094592-ОИ3,262013.000.000011,Компьютер,14624609-1 Приобретение персональных компьютеров,Компьютер,40,19 642 856.80,Из одного источника по несостоявшимся закупкам,Закупка состоялась
77404163-ОИ4,262013.000.000011,Компьютер,14624598-1 Приобретение персональных компьютеров,Компьютер,40,19 642 857.20,Из одного источника по несостоявшимся закупкам,Закупка состоялась
78061866-ОК1,262013.000.000011,Компьютер,14557929-2 Компьютеры для офиса,Компьютер,165,70 125 000.00,Открытый конкурс,Закупка состоялась
74179225-ОИ2,262013.000.000011,Компьютер,14611500-1 Приобретение товара - Компьютер,Компьютер,60,20 076 000.00,Из одного источника по несостоявшимся закупкам,Закупка состоялась
73012333-ОК1,262013.000.000011,Компьютер,14534746-2 Үстел компьютерлерін сатып алу,Компьютер,100,33 934 821.00,Открытый конкурс,Закупка состоялась
74323711-ОК1,262013.000.000011,Компьютер,"14538374-2 Государственная закупка для КГП на праве хозяйственного ведения ""Шиелийская многопрофильная центральная районная больница"" управления здравоохранения Кызылординской области""",Компьютер,49,15 680 000.00,Открытый конкурс,Закупка состоялась
71881911-ОК1,262013.000.000011,Компьютер,14536471-2 Государственная закупка товара для РГУ «Войсковая часть 65235» Министерства обороны Республики Казахстан способом открытого конкурса,Компьютер,273,134 062 497.66,Открытый конкурс,Закупка состоялась
73420118-ОК1,262013.000.000011,Компьютер,14539176-2 Компьютер в комплекте,Компьютер,180,55 800 000.00,Открытый конкурс,Закупка состоялась
78247239-ЗЦП2,262013.000.000011,Компьютер,14571964-1 Компьютер офисный (универсальный) в полном комплекте,Компьютер,50,24 553 571.00,Запрос ценовых предложений,Закупка состоялась
77294667-ОК1,262013.000.000011,Компьютер,14558029-1 Приобретение компьютера в комплекте для вспомогательных служб,Компьютер,50,22 321 428.50,Открытый конкурс,Закупка состоялась
75700711-ОК1,262013.000.000011,Компьютер,14501472-2 Моноблок в комплекте с клавиатурой и мышкой,Компьютер,30,20 880 000.00,Открытый конкурс,Закупка состоялась
78394304-ОК1,262013.000.000011,Компьютер,14545859-1 Приобретение компьютеров в комплекте для КМФК и территориальных департаментов КМФК,Компьютер,49,16 628 106.39,Открытый конкурс,Закупка состоялась
78383354-ЗЦП1,262013.000.000011,Компьютер,14512784-1 Приобретение персональных компьютеров в комплекте согласно технической спецификации,Компьютер,40,19 622 535.60,Запрос ценовых предложений,Закупка состоялась
78530472-ОК1,262013.000.000011,Компьютер,"14510386-1 Компьютер в комплекте для КГУ ""Специализированная школа-лицей-интернат имени Жамбыла"" управления образования Карагандинской области",Компьютер,100,26 785 714.00,Открытый конкурс,Закупка состоялась
74318037-ОК1,262013.000.000011,Компьютер,14499662-1 Приобретение компьютеров в комплекте,Компьютер,34,17 003 035.86,Открытый конкурс,Закупка состоялась
78087864-ОК1,262013.000.000011,Компьютер,14414244-2 Приобретение компьютеров в комплекте для Мунайлинская районная больница,Компьютер,73,41 610 000.00,Открытый конкурс,Закупка состоялась
77958700-ОИ2,262013.000.000011,Компьютер,"14420149-1 Моноблок, г. Астана",Компьютер,80,28 213 571.20,Из одного источника по несостоявшимся закупкам,Закупка состоялась
72318241-ОК1,262013.000.000011,Компьютер,14418700-1 Государственная закупка товара для РГУ «Министерство финансов Республики Казахстан» способом открытого конкурса,Компьютер,1061,528 350 891.45,Открытый конкурс,Закупка состоялась
75080773-ОК1,262013.000.000011,Компьютер,"14285390-2 Закуп товаров, согласно технической спецификации",Компьютер,50,27 550 000.00,Открытый конкурс,Закупка состоялась
74920372-ОК1,262013.000.000011,Компьютер,"14358890-2 Компьютеры в комплекте для КГУ ""Специализированная школа-лицей-интернат ""Информационных технологий"" управления образования Карагандинской области",Компьютер,50,26 785 710.00,Открытый конкурс,Закупка состоялась
74853795-ОК1,262013.000.000011,Компьютер,"14331783-2 Приобретение компьютер в комплекте. КГУ ""Специализированная школа-лицей-интернат"" Дарын""",Компьютер,50,18 973 214.00,Открытый конкурс,Закупка состоялась
77954499-ОК1,262013.000.000011,Компьютер,"14303068-2 Приобретение компьютера в сборе для АО ""Астана-Энергия""",Компьютер,130,58 035 714.10,Открытый конкурс,Закупка состоялась
76414517-ОК1,262013.000.000011,Компьютер,"14317692-3 Приобретение моноблока для ГУ ""Аппарат акима Зерендинского района""",Компьютер,38,17 405 356.98,Открытый конкурс,Закупка состоялась
77938586-ЗЦП1,262013.000.000011,Компьютер,14339904-1 Тапсырыс берушінің техникалық сипаттамасына сәйкес компьютерлерді жиынтықта сатып алу.,Компьютер,80,24 373 900.80,Запрос ценовых предложений,Закупка состоялась
77974774-ЗЦП3,262013.000.000011,Компьютер,14332369-1 Компьютер офисный (универсальный),Компьютер,40,17 857 142.80,Запрос ценовых предложений,Закупка состоялась
78057251-ОК1,262013.000.000011,Компьютер,14325954-1 Приобретение компьютеров в комплекте для КГУ «Отдел образования Айыртауского района» КГУ «Управление образования акимата Северо-Казахстанской области»,Компьютер,100,25 535 700.00,Открытый конкурс,Закупка состоялась
78008198-ОИ2,262013.000.000011,Компьютер,"14292254-1 Приобретение машин, оборудования, инструментов, производственного и хозяйственного инвентаря",Компьютер,40,19 642 857.20,Из одного источника по несостоявшимся закупкам,Закупка состоялась
77931479-ЗЦП3,262013.000.000011,Компьютер,14278666-1 Приобретение компьютеров в комплекте,Компьютер,34,16 696 428.28,Запрос ценовых предложений,Закупка состоялась
74612220-ОК1,262013.000.000011,Компьютер,14217368-2 Приобретение настольных моноблоков,Компьютер,50,24 899 000.00,Открытый конкурс,Закупка состоялась
78062111-ЗЦП2,262013.000.000011,Компьютер,14261831-1 Компьютер офисный (универсальный) в полном комплекте.,Компьютер,40,19 642 840.00,Запрос ценовых предложений,Закупка состоялась
77024170-ОК1,262013.000.000011,Компьютер,14254778-1 Государственные закупки для АО «Казтелерадио» способом открытого конкурса,Компьютер,200,87 500 000.00,Открытый конкурс,Закупка состоялась
78070383-ОИ2,262013.000.000011,Компьютер,"14251777-1 Приобретение машин, оборудования, инструментов, производственного и хозяйственного инвентаря",Компьютер,55,27 008 905.00,Из одного источника по несостоявшимся закупкам,Закупка состоялась
77952989-ЗЦП2,262013.000.000011,Компьютер,14238383-1 Компьютер офисный (универсальный)/,Компьютер,30,16 500 000.00,Запрос ценовых предложений,Закупка состоялась
78093531-ЗЦП1,262013.000.000011,Компьютер,14237953-1 приобретение компьютеров с комплектующими,Компьютер,50,19 419 643.00,Запрос ценовых предложений,Закупка состоялась
77835838-ЗЦП2,262013.000.000011,Компьютер,14223048-1 Приобретение компьютера в комплекте,Компьютер,50,24 553 571.00,Запрос ценовых предложений,Закупка состоялась
77908198-ЗЦП2,262013.000.000011,Компьютер,14212861-1 компьютеры в комплекте,Компьютер,50,24 200 000.00,Запрос ценовых предложений,Закупка состоялась
77959480-ОК1,262013.000.000011,Компьютер,14210751-1 Государственные закупки компьютеров,Компьютер,70,30 625 000.00,Открытый конкурс,Закупка состоялась
78038349-ЗЦП1,262013.000.000011,Компьютер,14209460-1 Компьютерлерді сатып алу/Приобретение компьютеров,Компьютер,45,22 098 214.35,Запрос ценовых предложений,Закупка состоялась
74462791-ОК1,262013.000.000011,Компьютер,14099681-2 Компьютер офисный (универсальный),Компьютер,40,23 571 428.40,Открытый конкурс,Закупка состоялась
75118180-ОК2,262013.000.000011,Компьютер,14182342-1 Приобретение компьютер в комплекте для ДП области Ұлытау,Компьютер,94,65 692 571.16,Открытый конкурс,Закупка состоялась
74417816-ОК2,262013.000.000011,Компьютер,14178569-1 Приобретение компьютера для ДП Кызылординской области,Компьютер,50,23 391 428.00,Открытый конкурс,Закупка состоялась
77867691-ЗЦП2,262013.000.000011,Компьютер,14172421-1 Компьютер офисный (универсальный),Компьютер,40,19 640 000.00,Запрос ценовых предложений,Закупка состоялась
77961989-ЗЦП1,262013.000.000011,Компьютер,14167402-1 Приобритение офисных компьютеров,Компьютер,40,19 642 857.20,Запрос ценовых предложений,Закупка состоялась
77877002-ЗЦП1,262013.000.000011,Компьютер,14166301-1 Приобретение офисного (универсальный) компьютера (согласно технической спецификации),Компьютер,55,27 008 928.10,Запрос ценовых предложений,Закупка состоялась
77949655-ЗЦП1,262013.000.000011,Компьютер,14161034-1 Приобретение компьютеров офисных (универсальных) согласно технической спецификации Заказчика,Компьютер,50,24 553 550.00,Запрос ценовых предложений,Закупка состоялась
77918723-ОК1,262013.000.000011,Компьютер,14157639-1 Приобретение компьютерной техники,Компьютер,50,24 450 000.00,Открытый конкурс,Закупка состоялась
77885757-ЗЦП1,262013.000.000011,Компьютер,14149683-1 Приобретение компьютера для нужд Вооруженных Сил Республики Казахстан.,Компьютер,50,24 200 000.00,Запрос ценовых предложений,Закупка состоялась
74924350-ОК1,262013.000.000011,Компьютер,13952895-3 Компьютер в комплекте,Компьютер,200,66 842 858.00,Открытый конкурс,Закупка состоялась
77908425-ЗЦП1,262013.000.000011,Компьютер,"14137556-1 Компьютер в комплекте: Монитор, системный блок, клавиатура, мышка. web-камера",Компьютер,50,24 553 550.00,Запрос ценовых предложений,Закупка состоялась
72943913-ОК1,262013.000.000011,Компьютер,14070511-2 Закуп товара для Департамента по цифровизации,Компьютер,110,44 982 142.70,Открытый конкурс,Закупка состоялась
34972256-ОЛ-ЗЦП1,262013.000.000011,Компьютер,14126147-1 Приобретение моноблоков и компьютеров в комплекте,Приобретение моноблоков и компьютеров в комплекте,2,18 849 500.00,Запрос ценовых предложений,Закупка состоялась
77317574-ОК1,262013.000.000011,Компьютер,14012971-2 Государственные закупки для ГККП «Колледж №12» управления образования Туркестанской области способом открытого конкурса,Компьютер,87,47 480 173.44,Открытый конкурс,Закупка состоялась
77848438-ЗЦП1,262013.000.000011,Компьютер,14106591-1 Компьютеры в комплекте,Компьютер,40,19 360 000.00,Запрос ценовых предложений,Закупка состоялась
74837276-ОК1,262013.000.000011,Компьютер,14006135-2 Государственная закупка товара для ГУ «Департамент полиции Кызылординской области Министерства внутренних дел Республики Казахстан» способом открытого конкурса,Компьютер,382,170 535 713.74,Открытый конкурс,Закупка состоялась
74546134-ОК1,262013.000.000011,Компьютер,14072823-1 Приобретение компьютеров в комплекте,Компьютер,41,18 669 642.74,Открытый конкурс,Закупка состоялась
76280080-ОК1,262013.000.000011,Компьютер,13998909-2 компьютер в комплекте с защитой от кражи,Компьютер,150,37 500 000.00,Открытый конкурс,Закупка состоялась
74600088-ОК1,262013.000.000011,Компьютер,"13856126-3 Государственная закупка для КГУ ""Центр мобилизации и оперативных работ"" управления по мобилизационной подготовке Кызылординской области""",Компьютер,65,34 821 428.20,Открытый конкурс,Закупка состоялась
73840629-ОК1,262013.000.000011,Компьютер,13903241-1 Приобретение товаро-материальных ценностей УИС,Компьютер,140,43 750 000.00,Открытый конкурс,Закупка состоялась
76077713-ОК1,262013.000.000011,Компьютер,13843511-2 Товары для ОИТ,Компьютер,30,16 200 000.00,Открытый конкурс,Закупка состоялась
77014775-ОИ2,262013.000.000011,Компьютер,13829916-1 Товары для центра,Компьютер,89,31 150 000.00,Из одного источника по несостоявшимся закупкам,Закупка состоялась
77229840-ОК1,262013.000.000011,Компьютер,"13813904-1 Персональный компьютер в сборе (системный блок, монитор, мышь, клавиатура) (Б)",Компьютер,62,21 751 832.00,Открытый конкурс,Закупка состоялась
74786134-ОК1,262013.000.000011,Компьютер,13783654-1 Государственные закупки оборудования,Компьютер,140,77 000 000.00,Открытый конкурс,Закупка состоялась
75065309-АУК1,262013.000.000011,Компьютер,13735902-1 Компьютер в комплекте,Компьютер,295,73 782 898.40,Аукцион,Закупка состоялась
76856385-ОК1,262013.000.000011,Компьютер,13686354-1 Приобретение персональных компьютеров,Компьютер,32,15 571 428.48,Открытый конкурс,Закупка состоялась
72980452-КПКО1,262013.000.000011,Компьютер,"13428730-2 Приобретение компьютеров в комплекте для ГУ ""Аппарат акима города Экибастуза""",Компьютер,80,22 142 143.20,Конкурс с предварительным квалификационным отбором,Закупка состоялась
72846014-КПКО1,262013.000.000011,Компьютер,"13418242-1 Государственная закупка для КГП на праве хозяйственного ведения ""Областной перинатальный центр"" управления здравоохранения Кызылординской области""",Компьютер,50,21 500 000.00,Конкурс с предварительным квалификационным отбором,Закупка состоялась
71871639-КПКО1,262013.000.000011,Компьютер,13386426-1 «Қазақстан Республикасының Ұлттық ұлан Бас қолбасшылығы» РММ үшін біліктілікті алдын ала іріктеумен жүргізілетін конкурс тәсілімен тауарды мемлекеттік сатып алу,Компьютер,224,77 999 998.72,Конкурс с предварительным квалификационным отбором,Закупка состоялась
72183895-КПКО1,262013.000.000011,Компьютер,13337335-2 Приобретение компьютера в комплекте,Компьютер,50,19 151 785.50,Конкурс с предварительным квалификационным отбором,Закупка состоялась
71921900-КПКО1,262013.000.000011,Компьютер,13357688-1 Государственная закупка компьютеров на 2024 год,Компьютер,171,102 771 000.00,Конкурс с предварительным квалификационным отбором,Закупка состоялась
71611699-КПКО1,262013.000.000011,Компьютер,13182660-1 Приобретение компьютеров в комплекте,Компьютер,60,31 212 589.20,Конкурс с предварительным квалификационным отбором,Закупка состоялась
68746792-ОК2,262013.000.000011,Компьютер,"12843241-1 Компьютеры для АО ""КазНИИОР""",Компьютер,59,29 500 000.00,Открытый конкурс,Закупка состоялась
35093577-ОЛ-ЗЦП1,141919.900.000011,Галстук,14171999-1 Приобретение форменного обмундирования,Приобретение форменного обмундирования,15,15 271 554.55,Запрос ценовых предложений,Закупка состоялась
78880902-ЗЦП1,141919.900.000025,Пояс,14669274-1 Государственные закупки вещевого имущества для Национальной гвардии на 2025 год,Пояс,2000,31 250 000.00,Запрос ценовых предложений,Закупка состоялась
73216803-ОК1,141922.190.010002,Комплект термобелья,"13808311-1 Приобретение комплекта зимнего термобелья для КГУ «Служба обеспечения мобилизационной подготовки, территориальной и гражданской обороны» ГУ «Управление по мобилизационной подготовке и гражданской защите Павлодарской области»",Комплект термобелья,3412,24 371 438.32,Открытый конкурс,Закупка состоялась
35093577-ОЛ-ЗЦП1,141922.290.000005,Костюм,14171999-1 Приобретение форменного обмундирования,Приобретение форменного обмундирования,15,15 271 554.55,Запрос ценовых предложений,Закупка состоялась
34987920-ОЛ-ЗЦП1,139216.900.000012,Покрывало,"14131778-1 Приобретение постельных принадлежностей (комплект постельного белья, подушки, наматрасник, покрывало)","Приобретение постельных принадлежностей (комплект постельного белья, подушки, наматрасники, покрывала)",4,29 400 000.00,Запрос ценовых предложений,Закупка состоялась
76266247-ЗЦП1,139222.200.000012,Палатка,15498313-1 Палатка не менее 40-местная (ЧС),Палатка,10,27 187 500.00,Запрос ценовых предложений,Закупка состоялась
36340768-ОЛ-ЗЦП1,143110.900.000030,Носки,"14650446-1 Комплект нательного белья, фартук ,шапка, носки","Комплект нательного белья, фартук ,шапка, носки",15,15 434 025.24,Запрос ценовых предложений,Закупка состоялась
36340768-ОЛ-ЗЦП1,141943.990.000001,Кепи,"14650446-1 Комплект нательного белья, фартук ,шапка, носки","Комплект нательного белья, фартук ,шапка, носки",15,15 434 025.24,Запрос ценовых предложений,Закупка состоялась
38018060-ОЛ-ЗЦП1,143910.310.000000,Джемпер,15375968-1 Приобретение мягкого инвентаря,Приобретение мягкого инвентаря,22,23 150 000.00,Запрос ценовых предложений,Закупка состоялась
35902707-ОЛ-ОК1,141913.100.010000,Перчатки,"14479197-1 Приобретение перчаток, ботинок для ТОО ""Мангистауский атомный энергетический комбинат""","перчатки, ботинки",4,32 641 920.00,Открытый конкурс,Закупка состоялась
36315969-ОЛ-ЗЦП1,141230.100.000020,Фартук,"14640556-1 Халаты, рукавицы, жилеты","Халаты, рукавицы, жилеты",13,15 317 555.08,Запрос ценовых предложений,Закупка состоялась
36338477-ОЛ-ЗЦП1,152013.610.000000,Сандалии,"14649553-1 Валенки, боты, сандалии, тапочки, сапоги, галоши","Валенки, боты, сандалии, тапочки, сапоги, галоши",15,16 610 963.20,Запрос ценовых предложений,Закупка состоялась
73702017-ОК1,152032.920.000012,Ботинки,"13882604-1 Приобретение спец.одежды для ТОО ""Мангистауский атомный энергетический комбинат""",Ботинки,3177,57 789 630.00,Открытый конкурс,Закупка состоялась
