Код ТРУ,Название
282512.700.000000,"Установка приточная для вентиляции, производительность 3 000 м3/час"
282512.700.000001,"Установка приточная для вентиляции, производительность 6 800 м3/час"
282520.300.000001,"Вентилятор осевой, одноступенчатый, диаметр 300-800 мм"
282520.300.000002,"Вентилятор осевой, одноступенчатый, диаметр 800-1600 мм"
282520.900.000003,Вентилятор крышной
282520.900.000004,Вентилятор канальный
282520.900.000006,"Вентилятор центробежный, односторонний, диаметр 300-800 мм"
282520.900.000007,"Вентилятор центробежный, односторонний, диаметр 800-1600 мм"
263060.000.000004,Клапан огнезадерживающий для предотвращения распространения огня через воздуховоды
281332.000.000180,Шумоглушитель для систем вентиляции
282530.100.000002,"Фильтр воздушный, для приточно-вытяжной вентиляционной установки, карманный"
282530.100.000019,"Фильтр воздушный, для приточно-вытяжной вентиляционной установки, кассетный"
329911.900.000014,Противогаз фильтрующий
265170.990.000048,Система автоматизированная информационно-измерительная для коммерческого и технического учета электроэнергии и устройства телемеханики
281314.900.000076,"Насос для химически активных и агрессивных жидкостей, погружной вертикальный, подача до 500 м3/ч"
281314.900.000071,"Насос для химически активных и агрессивных жидкостей, консольный одноступенчатый, подача до 500 м3/ч"
281314.900.000131,"Насос шламовый, подача 651-25000 м3/ч"
259411.900.000176,"Шпилька для фланцевых соединений стальная, диаметр 36 мм, с гайкой"
259411.900.000189,"Шпилька для фланцевых соединений стальная, диаметр 27 мм, с гайкой"
259411.900.000173,"Шпилька для фланцевых соединений стальная, диаметр 20 мм, с гайкой"
259411.900.000175,"Шпилька для фланцевых соединений стальная, диаметр 30 мм, с гайкой"
259411.900.000191,"Шпилька для фланцевых соединений стальная, диаметр 22 мм, с гайкой"
259411.900.000172,"Шпилька для фланцевых соединений стальная, диаметр 16 мм, с гайкой"
259411.900.000174,"Шпилька для фланцевых соединений стальная, диаметр 24 мм, с гайкой"
259411.900.000180,"Шпилька для фланцевых соединений стальной, диаметр 64 мм, с гайкой"
259411.900.000143,"Шпилька для фланцевых соединений стальная, диаметр 42 мм, без гайки"
259411.900.000179,"Шпилька для фланцевых соединений стальная, диаметр 56 мм, с гайкой"
259411.900.000207,"Шпилька для фланцевых соединений стальная, диаметр 44 мм, с гайкой"
259411.900.000138,"Шпилька для фланцевых соединений стальная, диаметр 16 мм, без гайки"
259411.900.000178,"Шпилька для фланцевых соединений стальная, диаметр 48 мм, с гайкой"
259411.900.000151,"Шпилька для фланцевых соединений стальная, диаметр 110 мм, без гайки"
259411.900.000152,"Шпилька для фланцевых соединений стальная, диаметр 125 мм, без гайки"
259411.900.000182,"Шпилька для фланцевых соединений стальной, диаметр 80 мм, с гайкой"
259411.900.000139,"Шпилька для фланцевых соединений стальная, диаметр 20 мм, без гайки"
259411.900.000153,"Шпилька для фланцевых соединений стальная, диаметр 140 мм, без гайки"
259411.900.000188,"Шпилька для фланцевых соединений стальной, диаметр 160 мм, с гайкой"
259411.900.000196,"Шпилька для фланцевых соединений стальная, диаметр 60 мм, без гайки"
259411.900.000140,"Шпилька для фланцевых соединений стальная, диаметр 24 мм, без гайки"
259411.900.000177,"Шпилька для фланцевых соединений стальная, диаметр 42 мм, с гайкой"
259411.900.000192,"Шпилька для фланцевых соединений стальная, диаметр 22 мм, без гайки"
259411.900.000141,"Шпилька для фланцевых соединений стальная, диаметр 30 мм, без гайки"
259411.900.000144,"Шпилька для фланцевых соединений стальная, диаметр 48 мм, без гайки"
259411.900.000170,"Шпилька для фланцевых соединений стальная, диаметр 10 мм, с гайкой"
259411.900.000137,"Шпилька для фланцевых соединений стальная, диаметр 12 мм, без гайки"
259411.900.000145,"Шпилька для фланцевых соединений стальная, диаметр 56 мм, без гайки"
259411.900.000185,"Шпилька для фланцевых соединений стальной, диаметр 110 мм, с гайкой"
259411.900.000147,"Шпилька для фланцевых соединений стальная, диаметр 72 мм, без гайки"
259411.900.000181,"Шпилька для фланцевых соединений стальной, диаметр 72 мм, с гайкой"
259411.900.000200,"Шпилька для фланцевых соединений стальная, диаметр 18 мм, с гайкой"
259411.900.000150,"Шпилька для фланцевых соединений стальная, диаметр 100 мм, без гайки"
259411.900.000148,"Шпилька для фланцевых соединений стальная, диаметр 80 мм, без гайки"
259411.900.000149,"Шпилька для фланцевых соединений стальная, диаметр 90 мм, без гайки"
259411.900.000194,"Шпилька для фланцевых соединений стальная, диаметр 52 мм, без гайки"
259411.900.000136,"Шпилька для фланцевых соединений стальная, диаметр 10 мм, без гайки"
259411.900.000146,"Шпилька для фланцевых соединений стальная, диаметр 64 мм, без гайки"
259411.900.000184,"Шпилька для фланцевых соединений стальной, диаметр 100 мм, с гайкой"
259411.900.000193,"Шпилька для фланцевых соединений стальная, диаметр 52 мм, с гайкой"
259411.900.000183,"Шпилька для фланцевых соединений стальной, диаметр 90 мм, с гайкой"
259411.900.000190,"Шпилька для фланцевых соединений стальная, диаметр 27 мм, без гайки"
259411.900.000195,"Шпилька для фланцевых соединений стальная, диаметр 60 мм, с гайкой"
259411.900.000154,"Шпилька для фланцевых соединений стальная, диаметр 160 мм, без гайки"
259411.900.000171,"Шпилька для фланцевых соединений стальная, диаметр 12 мм, с гайкой"
259411.900.000142,"Шпилька для фланцевых соединений стальная, диаметр 36 мм, без гайки"
259411.900.000187,"Шпилька для фланцевых соединений стальной, диаметр 140 мм, с гайкой"
259411.900.000186,"Шпилька для фланцевых соединений стальной, диаметр 125 мм, с гайкой"
259411.900.000198,"Шпилька для фланцевых соединений стальная, диаметр 33 мм, с гайкой"
259411.900.000214,"Шпилька для деталей с гладкими поверхностями стальная, диаметр 27 мм, без гайки"
259411.900.000077,"Шпилька для деталей с гладкими поверхностями стальная, диаметр 36 мм, без гайки"
259411.900.000075,"Шпилька для деталей с гладкими поверхностями стальная, диаметр 24 мм, без гайки"
259411.900.000076,"Шпилька для деталей с гладкими поверхностями стальная, диаметр 30 мм, без гайки"
259411.900.000067,"Шпилька для деталей с гладкими поверхностями стальная, диаметр 4 мм, без гайки"
259411.900.000072,"Шпилька для деталей с гладкими поверхностями стальная, диаметр 12 мм, без гайки"
259411.900.000073,"Шпилька для деталей с гладкими поверхностями стальная, диаметр 16 мм, без гайки"
259411.900.000068,"Шпилька для деталей с гладкими поверхностями стальная, диаметр 5 мм, без гайки"
259411.900.000065,"Шпилька для деталей с гладкими поверхностями стальная, диаметр 2,5 мм, без гайки"
259411.900.000071,"Шпилька для деталей с гладкими поверхностями стальная, диаметр 10 мм, без гайки"
259411.900.000070,"Шпилька для деталей с гладкими поверхностями стальная, диаметр 8 мм, без гайки"
259411.900.000078,"Шпилька для деталей с гладкими поверхностями стальная, диаметр 42 мм, без гайки"
259411.900.000066,"Шпилька для деталей с гладкими поверхностями стальная, диаметр 3 мм, без гайки"
259411.900.000069,"Шпилька для деталей с гладкими поверхностями стальная, диаметр 6 мм, без гайки"
259411.900.000079,"Шпилька для деталей с гладкими поверхностями стальная, диаметр 48 мм, без гайки"
259411.900.000064,"Шпилька для деталей с гладкими поверхностями стальная, диаметр 2 мм, без гайки"
259411.900.000074,"Шпилька для деталей с гладкими поверхностями стальная, диаметр 20 мм, без гайки"
259411.900.000116,"Шпилька для фланцевых соединений с уплотнением стальная, диаметр 56 мм, без гайки"
259411.900.000104,"Шпилька для фланцевых соединений с уплотнением стальная, диаметр 20 мм, без гайки"
259411.900.000109,"Шпилька для фланцевых соединений с уплотнением стальная, диаметр 33 мм, без гайки"
259411.900.000113,"Шпилька для фланцевых соединений с уплотнением стальная, диаметр 45 мм, без гайки"
259411.900.000202,"Шпилька для фланцевых соединений с уплотнением стальная, диаметр 14 мм, с гайкой"
259411.900.000106,"Шпилька для фланцевых соединений с уплотнением стальная, диаметр 24 мм, без гайки"
259411.900.000107,"Шпилька для фланцевых соединений с уплотнением стальная, диаметр 27 мм, без гайки"
259411.900.000112,"Шпилька для фланцевых соединений с уплотнением стальная, диаметр 42 мм, без гайки"
259411.900.000114,"Шпилька для фланцевых соединений с уплотнением стальная, диаметр 48 мм, без гайки"
259411.900.000115,"Шпилька для фланцевых соединений с уплотнением стальная, диаметр 52 мм, без гайки"
259411.900.000201,"Шпилька для фланцевых соединений с уплотнением стальная, диаметр 20 мм, с гайкой"
259411.900.000102,"Шпилька для фланцевых соединений с уплотнением стальная, диаметр 14 мм, без гайки"
259411.900.000105,"Шпилька для фланцевых соединений с уплотнением стальная, диаметр 22 мм, без гайки"
259411.900.000111,"Шпилька для фланцевых соединений с уплотнением стальная, диаметр 39 мм, без гайки"
259411.900.000108,"Шпилька для фланцевых соединений с уплотнением стальная, диаметр 30 мм, без гайки"
259411.900.000110,"Шпилька для фланцевых соединений с уплотнением стальная, диаметр 36 мм, без гайки"
259411.900.000103,"Шпилька для фланцевых соединений с уплотнением стальная, диаметр 16 мм, без гайки"
259411.900.000101,"Шпилька для фланцевых соединений с уплотнением стальная, диаметр 12 мм, без гайки"
259411.900.000209,"Шпилька с ввинчиваемым концом стальная, диаметр 48 мм, с гайкой"
259411.900.000210,"Шпилька с ввинчиваемым концом стальная, диаметр 52 мм, с гайкой"
259411.900.000211,"Шпилька с ввинчиваемым концом стальная, диаметр 60 мм, с гайкой"
259411.900.000212,"Шпилька с ввинчиваемым концом стальная, диаметр 70 мм, с гайкой"
259411.900.000213,"Шпилька с ввинчиваемым концом стальная, диаметр 36 мм, с гайкой"
259411.900.000092,"Шпилька с ввинчиваемым концом стальная, диаметр 30 мм, без гайки"
259411.900.000089,"Шпилька с ввинчиваемым концом стальная, диаметр 16 мм, без гайки"
259411.900.000090,"Шпилька с ввинчиваемым концом стальная, диаметр 20 мм, без гайки"
259411.900.000088,"Шпилька с ввинчиваемым концом стальная, диаметр 12 мм, без гайки"
259411.900.000087,"Шпилька с ввинчиваемым концом стальная, диаметр 10 мм, без гайки"
259411.900.000084,"Шпилька с ввинчиваемым концом стальная, диаметр 5 мм, без гайки"
259411.900.000081,"Шпилька с ввинчиваемым концом стальная, диаметр 2,5 мм, без гайки"
259411.900.000083,"Шпилька с ввинчиваемым концом стальная, диаметр 4 мм, без гайки"
259411.900.000095,"Шпилька с ввинчиваемым концом стальная, диаметр 48 мм, без гайки"
259411.900.000091,"Шпилька с ввинчиваемым концом стальная, диаметр 24 мм, без гайки"
259411.900.000093,"Шпилька с ввинчиваемым концом стальная, диаметр 36 мм, без гайки"
259411.900.000094,"Шпилька с ввинчиваемым концом стальная, диаметр 42 мм, без гайки"
259411.900.000082,"Шпилька с ввинчиваемым концом стальная, диаметр 3 мм, без гайки"
259411.900.000085,"Шпилька с ввинчиваемым концом стальная, диаметр 6 мм, без гайки"
259411.900.000080,"Шпилька с ввинчиваемым концом стальная, диаметр 2 мм, без гайки"
259411.900.000086,"Шпилька с ввинчиваемым концом стальная, диаметр 8 мм, без гайки"
259411.900.000156,Шпилька специальная для газомотокомпрессора
259411.900.000157,Шпилька специальная для бурового насоса
259411.900.000155,Шпилька специальная для гидравлического ключа
259411.900.000159,Шпилька специальная для штангового крюка
259411.900.000204,Шпилька специальная для специальной и специализированной техники
281413.350.000006,"Задвижка клиновая, стальная, условный проход 50-450 мм"
281413.900.000106,"Клапан обратный, стальной, размер 100-400 мм"
281413.730.000016,"Кран шаровой стальной, условное давление 0-420 Мпа, диаметр 10-1400 мм, ручной"
281413.390.000001,"Задвижка шиберная, стальная, условный проход 50-450 мм"
281413.900.000105,"Клапан обратный, стальной, размер 50-100 мм"
281411.390.000001,"Арматура фонтанная, рабочее давление 14-70 мПа, условный проход ствола 50-80 мм"
281314.900.000135,"Станция насосная для водоснабжения, мощность 15 кВт, напор максимальный 32 м, подача максимальная 200,4 м3/ч"
274039.900.000058,Светильник наружного освещения
282218.500.000005,"Погрузчик для животноводческих ферм, универсальный"
283051.500.000000,"Косилка навесная, для трактора"
283092.000.000003,Отвал для плуга
289228.000.000001,"Отвал для специальной и специализированной техники, боковой"
283052.350.000000,Грабли механические
282913.500.000001,"Фильтр воздушный, для двигателя внутреннего сгорания грузового автомобиля"
265153.900.000109,Анализатор мочи полуавтоматический
302040.300.000790,Насос циркуляционный для подвижного состава
275125.900.000008,Кипятильник тип наливной
265170.900.000001,Станция газораспределительная автоматизированная
265166.990.000025,Станция газоизмерительная автоматизированная
265165.000.000011,Пункт газорегуляторный блочный
262015.000.000018,"Комплекс медицинский аппаратно-программный, для ввода, обработки/ хранения диагностической информации в сервер базы данных"
281420.000.000091,Регулятор давления газа коммунальнобытовой
281413.350.000002,"Вентиль балонный, на балонн малого объема"
281413.350.000001,"Вентиль балонный, на балонн среднего объема"
282922.100.000004,Огнетушитель водно-ранцевый
282922.100.000001,Огнетушитель порошковый
282922.100.000000,Огнетушитель углекислотный
325021.800.000017,Аппарат искусственной вентиляции легких группа 2
309220.300.000001,Инвалидное кресло-коляска кресло-коляска
289261.500.000332,Ресивер для системы быстрой заправки топливом
281141.900.000092,"Противовес для грузового автомобиля, коленчатого вала"
302040.300.000414,Клин фрикционный составная часть клинового гасителя колебаний тележки грузового вагона
273111.300.000003,Кабель оптико-волоконный 8 волокон
273111.300.000001,Кабель оптико-волоконный 2 волокна
273111.300.000007,Кабель оптико-волоконный 32 волокон
273111.300.000002,Кабель оптико-волоконный 4 волокна
262013.000.000022,"Сервер специального назначения, отказоустойчивый"
262013.000.000023,"Сервер процессор многоядерный, асинхронный сервер последовательных портов RS-232"
262013.000.000017,"Сервер общего назначения, сверхплотный с горизонтальным масштабированием ресурсов"
262013.000.000018,"Сервер общего назначения, стоечный"
262013.000.000019,"Сервер пьедестальный, напольный"
262013.000.000021,"Сервер специального назначения, для работы совместно с телекоммуникационным оборудованием"
262013.000.000016,"Сервер общего назначения, высокопроизводительный с вертикальным масштабированием ресурсов"
262013.000.000020,"Сервер специального назначения, аппаратный"
281413.730.000001,"Кран шаровой стальной, условное давление 0-420 Мпа, диаметр 10-1400 мм, механический"
265152.350.000003,Расходомер электромагнитный
271231.900.000056,Шкаф управления для многоступенчатого скважинного насоса
271231.900.000070,Устройство распределительное для приема/распределения электрической энергии одного класса напряжения
271231.900.000059,"Шкаф управления для насоса, с частотным преобразователем"
271231.900.000040,Шкаф оперативного тока для распределительного устройства
271232.900.000001,нет напряжение не более 10 кВ
271232.900.000003,Устройство комплектное низковольтное распределения и управления стационарное
264020.900.000010,"Телевизор жидкокристаллический (LED), цифровой"
275125.900.000001,"Водонагреватель накопительный, тип открытый, объем 15-150 л"
275121.100.000000,Пылесос для сухой уборки
275128.390.000033,"Плита электрическая тип варочной панели комбинированный, количество конфорок 4, отдельностоящая"
275128.900.000002,"Печь электрическая отдельностоящая, без конвекции, с грилем"
275128.900.000003,"Печь электрическая отдельностоящая, с конвекцией, с грилем"
275115.500.000000,Зонт вытяжной
275113.500.000000,"Машина стиральная бытовая, тип СМП, загрузка белья не более 10 кг"
265163.300.000002,"Счетчик газовый мембранный, ультразвуковой"
265163.500.000009,Счетчик жидкости холодной воды
265163.500.000011,Счетчик жидкости тепловой
271231.900.000051,Щит учетно-распределительный типа ЩРН
259929.490.000349,"Шкаф защитный, для газового счетчика"
271162.900.000000,Колодка соединительная для трансформатора
273211.300.000002,Провод обмоточный марка ПЭТВ-1
273211.300.000000,Провод обмоточный марка ПЭЭИ2
273213.700.000131,"Кабель марка КуГВВ, напряжение не более 1 000 В"
273213.700.000266,"Провод марка МФ, напряжение не более 1 000 В"
273213.700.000314,"Провод марка МФО, напряжение не более 1 000 В"
273213.700.000315,"Провод марка МК, напряжение не более 1 000 В"
273213.730.000055,"Кабель марка ВВГ/NYY, напряжение 1 000 В"
273213.730.000024,"Кабель марка АВВГ, напряжение 1 000 В"
273213.730.000058,"Кабель марка ВВГнг/NYM, напряжение 1 000 В"
273213.730.000047,"Кабель марка ВБбШв/NYRY, напряжение 1 000 В"
273213.730.000027,"Кабель марка АВВГнг, напряжение 1 000 В"
273213.730.000020,"Кабель марка АВБбШв, напряжение 1 000 В"
273213.730.000048,"Кабель марка ВБбШвнг, напряжение 1 000 В"
273213.730.000151,"Кабель марка АВБбШвнг, напряжение 1 000 В"
273213.700.000248,"Провод марка АПВ, напряжение не более 1 000 В"
273213.700.000250,"Провод марка АППВ, напряжение не более 1 000 В"
273213.730.000125,"Провод марка АППВ, напряжение 1 000 В"
273213.700.000282,"Провод марка ППВ, напряжение не более 1 000 В"
273213.730.000124,"Провод марка ППВ, напряжение 1 000 В"
273213.700.000270,"Провод марка ПВ1, напряжение не более 1 000 В"
273213.730.000137,"Провод марка ПВ1, напряжение 1 000 В"
273213.700.000271,"Провод марка ПВ2, напряжение не более 1 000 В"
273213.730.000138,"Провод марка ПВ2, напряжение 1 000 В"
273213.700.000272,"Провод марка ПВ3, напряжение не более 1 000 В"
273213.730.000116,"Провод марка ПВ3, напряжение 1 000 В"
273213.700.000273,"Провод марка ПВ4, напряжение не более 1 000 В"
273213.730.000127,"Провод марка ПВ4, напряжение 1 000 В"
273213.700.000043,"Кабель марка ВВГ/NYY, напряжение не более 1 000 В"
273213.700.000047,"Кабель марка ВВГнг/NYM, напряжение не более 1 000 В"
273213.700.000051,"Кабель марка ВВГнг-LS , напряжение не более 1 000 В"
273213.730.000061,"Кабель марка ВВГнг-LS , напряжение 1 000 В"
273213.700.000052,"Кабель марка ВВГ-П, напряжение не более 1 000 В"
273213.730.000062,"Кабель марка ВВГ-П, напряжение 1 000 В"
273213.700.000041,"Кабель марка ВВБ, напряжение не более 1 000 В"
273213.730.000053,"Кабель марка ВВБ, напряжение 1 000 В"
273213.700.000042,"Кабель марка ВВБГ, напряжение не более 1 000 В"
273213.730.000054,"Кабель марка ВВБГ, напряжение 1 000 В"
273213.700.000035,"Кабель марка ВБбШв/NYRY, напряжение не более 1 000 В"
273213.700.000036,"Кабель марка ВБбШвнг, напряжение не более 1 000 В"
273213.700.000038,"Кабель марка ВБбШвнг-LS, напряжение не более 1 000 В"
273213.730.000050,"Кабель марка ВБбШвнг-LS, напряжение 1 000 В"
273213.700.000050,"Кабель марка ВВГнг-FRLS, напряжение не более 1 000 В"
273213.730.000008,"Кабель марка ВВГнг-FRLS, напряжение 1 000 В"
273213.700.000007,"Кабель марка АВВГ, напряжение не более 1 000 В"
273213.700.000010,"Кабель марка АВВГнг, напряжение не более 1 000 В"
273213.700.000011,"Кабель марка АВВГнг-LS, напряжение не более 1 000 В"
273213.730.000028,"Кабель марка АВВГнг-LS, напряжение 1 000 В"
273213.700.000013,"Кабель марка АВВГ-П, напряжение не более 1 000 В"
273213.730.000150,"Кабель марка АВВГ-П,  напряжение 1 000 В"
273213.700.000014,"Кабель марка АВВГ-Пнг-LS, напряжение не более 1 000 В"
273213.730.000000,"Кабель марка АВВГ-Пнг-LS, напряжение 1 000 В"
273213.700.000005,"Кабель марка АВВБ, напряжение не более 1 000 В"
273213.730.000022,"Кабель марка АВВБ, напряжение 1 000 В"
273213.700.000006,"Кабель марка АВВБГ, напряжение не более 1 000 В"
273213.730.000023,"Кабель марка АВВБГ, напряжение 1 000 В"
273213.700.000002,"Кабель марка АВБбШв, напряжение не более 1 000 В"
273213.700.000003,"Кабель марка АВБбШвнг, напряжение не более 1 000 В"
273213.700.000004,"Кабель марка АВБбШвнг-LS, напряжение не более 1 000 В"
273213.730.000152,"Кабель марка АВБбШвнг-LS,  напряжение 1 000 В"
273214.000.000041,"Кабель марка АВБбШв,  напряжение более 1 000 В"
273211.300.000004,Провод обмоточный марка ПЭВ-1
273211.300.000001,Провод обмоточный марка ПЭВ-2
273211.300.000003,Провод обмоточный марка ПЭТВ-2
273211.300.000005,Провод обмоточный марка ПЭТД-180
273211.300.000006,Провод обмоточный марка ПЭТД-200
273211.300.000009,Провод обмоточный марка ПЭФ
273211.300.000010,Провод обмоточный марка ПЭФД
273211.300.000011,Провод обмоточный марка ПЭЭИ
273211.300.000012,Провод обмоточный марка ПЭЭИД-2-200
273211.300.000013,Провод обмоточный марка ПЭТ-155
273211.300.000007,Провод обмоточный марка ПЭТ-180
273211.300.000008,Провод обмоточный марка ПЭТ-200
273213.700.000127,"Кабель марка КСПП, напряжение не более 1 000 В"
273213.700.000128,"Кабель марка КСППБ, напряжение не более 1 000 В"
273213.700.000125,"Кабель марка КСПЗП, напряжение не более 1 000 В"
273213.700.000126,"Кабель марка КСПЗПБ, напряжение не более 1 000 В"
273213.700.000287,"Провод марка ПРППМ, напряжение не более 1 000 В"
273213.700.000173,"Кабель марка ПРППМС, напряжение не более 1 000 В"
273213.700.000170,"Кабель марка ПРПВМ, напряжение не более 1 000 В"
273213.700.000223,"Кабель марка ПВС/TTR, напряжение не более 1 000 В"
273213.700.000278,"Провод марка ПВС, напряжение не более 1 000 В"
273213.700.000301,"Провод марка ШВП, напряжение не более 1 000 В"
273213.700.000299,"Провод марка ШВВП, напряжение не более 1 000 В"
273213.700.000343,"Кабель марка ВБШв,  напряжение не более 1 000 В"
273213.730.000162,"Кабель марка ВБШв,  напряжение 1 000 В"
273213.700.000300,"Провод марка ШВВП-ВП, напряжение не более 1 000 В"
273213.700.000189,"Кабель марка СБПУ, напряжение не более 1 000 В"
273213.700.000186,"Кабель марка СБЗПу, напряжение не более 1 000 В"
273213.700.000182,"Кабель марка СБВГ, напряжение не более 1 000 В"
273213.700.000183,"Кабель марка СБВГнг, напряжение не более 1 000 В"
273213.700.000180,"Кабель марка СБВБГ, напряжение не более 1 000 В"
273213.700.000181,"Кабель марка СБВБГнг, напряжение не более 1 000 В"
273213.700.000179,"Кабель марка СБВБбШвнг, напряжение не более 1 000 В"
273213.700.000159,"Кабель марка МКШ, напряжение не более 1 000 В"
273213.700.000162,"Кабель марка МКЭШ, напряжение не более 1 000 В"
273213.700.000163,"Кабель марка МКЭШВ, напряжение не более 1 000 В"
273213.700.000164,"Кабель марка МКЭШВнг, напряжение не более 1 000 В"
273213.700.000008,"Кабель марка АВВГз, напряжение не более 1 000 В"
273213.730.000025,"Кабель марка АВВГз, напряжение 1 000 В"
273213.700.000044,"Кабель марка ВВГз/NYM-J/NYM-O, напряжение не более 1 000 В"
273213.730.000056,"Кабель марка ВВГз/NYM-J/NYM-O, напряжение 1 000 В"
273213.700.000334,"Кабель марка АВВГЭ,  напряжение не более 1 000 В"
273213.730.000153,"Кабель марка АВВГЭ,  напряжение 1 000 В"
273213.700.000054,"Кабель марка ВВГЭ/NYCY, напряжение не более 1 000 В"
273213.730.000063,"Кабель марка ВВГЭ/NYCY, напряжение 1 000 В"
273213.700.000335,"Кабель марка АВВГнг(А),  напряжение не более 1 000 В"
273213.730.000154,"Кабель марка АВВГнг(А),  напряжение 1 000 В"
273213.700.000336,"Кабель марка ВВГнг(А),  напряжение не более 1 000 В"
273213.730.000155,"Кабель марка ВВГнг(А),  напряжение 1 000 В"
273213.700.000337,"Кабель марка АВВГЭнг(А),  напряжение не более 1 000 В"
273213.730.000156,"Кабель марка АВВГЭнг(А),  напряжение 1 000 В"
273213.700.000338,"Кабель марка ВВГЭнг(А),  напряжение не более 1 000 В"
273213.730.000157,"Кабель марка ВВГЭнг(А),  напряжение 1 000 В"
273213.700.000340,"Кабель марка АВВГнг(А)-LS,  напряжение не более 1 000 В"
273213.700.000339,"Кабель марка ВВГнг(А F/R)-LS,  напряжение не более 1 000 В"
273213.730.000158,"Кабель марка ВВГнг(А F/R)-LS,  напряжение 1 000 В"
273213.730.000159,"Кабель марка АВВГнг(А)-LS,  напряжение 1 000 В"
273213.700.000049,"Кабель марка ВВГнг(А)-LS, напряжение не более 1 000 В"
273213.730.000060,"Кабель марка ВВГнг(А)-LS, напряжение 1 000 В"
273213.700.000341,"Кабель марка АВВГЭнг(А)-LS,  напряжение не более 1 000 В"
273213.730.000160,"Кабель марка АВВГЭнг(А)-LS,  напряжение 1 000 В"
273213.700.000342,"Кабель марка ВВГЭнг(А)-LS,  напряжение не более 1 000 В"
273213.730.000161,"Кабель марка ВВГЭнг(А)-LS,  напряжение 1 000 В"
273213.700.000001,"Кабель марка АВБШв, напряжение не более 1 000 В"
273213.730.000016,"Кабель марка АВБШв, напряжение 1 000 В"
273213.700.000344,"Кабель марка АВБШвнг(А),  напряжение не более 1 000 В"
273213.730.000163,"Кабель марка АВБШвнг(А),  напряжение 1 000 В"
273213.700.000345,"Кабель марка ВБШвнг(А),  напряжение не более 1 000 В"
273213.730.000164,"Кабель марка ВБШвнг(А),  напряжение 1 000 В"
273213.700.000346,"Кабель марка АВБШвнг(А)-LS,  напряжение не более 1 000 В"
273213.730.000165,"Кабель марка АВБШвнг(А)-LS,  напряжение 1 000 В"
273213.700.000347,"Кабель марка ВБШвнг(А)-LS,  напряжение не более 1 000 В"
273213.730.000166,"Кабель марка ВБШвнг(А)-LS,  напряжение 1 000 В"
273213.700.000348,"Кабель марка АПвБШв,  напряжение не более 1 000 В"
273213.730.000167,"Кабель марка АПвБШв,  напряжение 1 000 В"
273213.700.000349,"Кабель марка ПвБШв,  напряжение не более 1 000 В"
273213.730.000168,"Кабель марка ПвБШв,  напряжение 1 000 В"
273213.700.000033,"Кабель марка АПвБбШв, напряжение не более 1 000 В"
273213.730.000169,"Кабель марка АПвБбШв,  напряжение 1 000 В"
273213.730.000104,"Кабель марка ПвБбШвнг-LS, напряжение 1 000 В"
273213.700.000249,"Кабель марка АПВГ, напряжение не более 1 000 В"
273213.730.000126,"Кабель марка АПВГ, напряжение 1 000 В"
273213.700.000276,"Кабель марка ПВГ, напряжение не более 1 000 В"
273213.730.000117,"Кабель марка ПВГ, напряжение 1 000 В"
273213.700.000032,"Кабель марка АПБбШв, напряжение не более 1 000 В"
273213.730.000041,"Кабель марка АПБбШв, напряжение 1 000 В"
273213.700.000195,"Кабель марка ТПП, напряжение не более 1 000 В"
273213.700.000203,"Кабель марка ТППэп, напряжение не более 1 000 В"
273213.700.000197,"Кабель марка ТППЗ, напряжение не более 1 000 В"
273213.700.000209,"Кабель марка ТППэпЗ, напряжение не более 1 000 В"
273213.700.000210,"Кабель марка ТППэпЗБ, напряжение не более 1 000 В"
273213.700.000205,"Кабель марка ТППэпБ, напряжение не более 1 000 В"
273213.700.000213,"Кабель марка ТППэпТ, напряжение не более 1 000 В"
273213.700.000206,"Кабель марка ТППэпБбГ, напряжение не более 1 000 В"
273213.700.000207,"Кабель марка ТППЭПББШП, напряжение не более 1 000 В"
273213.700.000211,"Кабель марка ТППэпЗБбШп, напряжение не более 1 000 В"
273213.700.000202,"Кабель марка ТППШВ, напряжение не более 1 000 В"
273213.700.000192,"Кабель марка ТПв, напряжение не более 1 000 В"
273213.700.000193,"Кабель марка ТПВнг, напряжение не более 1 000 В"
273213.700.000325,"Провод марка СИП-1А, напряжение не более 1 000 В"
273213.730.000132,"Провод марка СИП-1А, напряжение 1 000 В"
273213.700.000295,"Провод марка СИП-2, напряжение не более 1 000 В"
273213.730.000122,"Провод марка СИП-2, напряжение 1 000 В"
273213.700.000296,"Провод марка СИП-3, напряжение более 1 000 В"
273213.700.000297,"Провод марка СИП-4, напряжение не более 1 000 В"
273213.730.000146,"Провод марка СИП-4, напряжение 1 000 В"
273213.730.000147,"Провод марка СИП-5, напряжение 1 000 В"
273213.700.000298,"Провод марка СИП-5, напряжение не более 1 000 В"
273213.700.000283,"Провод марка ППСТВМ, напряжение не более 1 000 В"
273213.730.000130,"Провод марка ППСТВМ, напряжение 1 000 В"
273214.000.000034,"Провод марка ППСТВМ, напряжение более 1 000 В"
273213.700.000317,"Провод марка ППСТТМ, напряжение не более 1 000 В"
273213.700.000115,"Кабель марка КПСТВМ, напряжение не более 1 000 В"
273213.730.000170,"Кабель марка КПСТВМ,  напряжение 1 000 В"
273214.000.000042,"Кабель марка КПСТВМ,  напряжение более 1 000 В"
273213.700.000318,"Провод марка КПСТТМнг, напряжение не более 1 000 В"
273213.700.000246,"Провод марка АВТ, напряжение не более 1 000 В"
273213.700.000306,"Провод марка П-274, напряжение не более 1 000 В"
273213.700.000280,"Провод марка ПГВА, напряжение не более 1 000 В"
273213.730.000119,"Провод марка ПГВА, напряжение 1 000 В"
273213.700.000085,"Кабель марка КГВВ, напряжение не более 1 000 В"
273213.730.000086,"Кабель марка КГВВ, напряжение 1 000 В"
273213.700.000086,"Кабель марка КГВВнг, напряжение не более 1 000 В"
273213.730.000012,"Кабель марка КГВВнг, напряжение 1 000 В"
273213.700.000091,"Кабель марка КГВЭВ, напряжение не более 1 000 В"
273213.730.000014,"Кабель марка КГВЭВ, напряжение 1 000 В"
273213.700.000089,"Кабель марка КГВВЭнг, напряжение не более 1 000 В"
273213.730.000013,"Кабель марка КГВВЭнг, напряжение 1 000 В"
273213.700.000088,"Кабель марка КГВВЭ, напряжение не более 1 000 В"
273213.730.000088,"Кабель марка КГВВЭ, напряжение 1 000 В"
273213.700.000231,Кабель специализированный тип U/UTP
273213.700.000228,Кабель специализированный тип F/UTP
273213.700.000232,Кабель специализированный тип U/FTP
273213.700.000233,Кабель специализированный тип S/UTP
273213.700.000234,Кабель специализированный тип U/STP
273213.700.000235,Кабель специализированный тип SF/UTP
273213.700.000236,Кабель специализированный тип U/SFTP
273213.730.000121,Провод стальной марки ПС
273213.700.000137,"Кабель марка МКПП, напряжение не более 1 000 В"
273213.700.000142,"Кабель марка МКППЗ, напряжение не более 1 000 В"
273213.700.000143,"Кабель марка МКППЗЦ, напряжение не более 1 000 В"
273213.700.000144,"Кабель марка МКППЗЦТ, напряжение не более 1 000 В"
273213.700.000145,"Кабель марка МКППЦ, напряжение не более 1 000 В"
273213.700.000146,"Кабель марка МКППЦТ, напряжение не более 1 000 В"
273213.700.000147,"Кабель марка МКППэп, напряжение не более 1 000 В"
273213.700.000150,"Кабель марка МКППэпЗ, напряжение не более 1 000 В"
273213.700.000151,"Кабель марка МКППэпЗТ, напряжение не более 1 000 В"
273213.700.000152,"Кабель марка МКППэпТ, напряжение не более 1 000 В"
273214.000.000044,"Кабель марка  ПвП/N2XSEY, напряжение более 1 000 В"
273214.000.000005,"Кабель марка АПвП, напряжение более 1 000 В"
273213.730.000175,"Кабель марка ПвПг, напряжение более 1 000 В"
273214.000.000006,"Кабель марка АПвПг, напряжение более 1 000 В"
273213.700.000357,"Кабель марка ПвП2г, напряжение более 1 000 В"
273214.000.000097,"Кабель марка АПвП2г, напряжение более 1000 В"
273214.000.000088,"Кабель марка ПвПу, напряжение более 1000 В"
273214.000.000094,"Кабель марка АПвПу, напряжение более 1000 В"
273214.000.000069,"Кабель марка ПвПуг, напряжение более 1000 В"
273214.000.000008,"Кабель марка АПвПуг, напряжение более 1 000 В"
273214.000.000051,"Кабель марка ПвПу2г, напряжение более 1000 В"
273214.000.000074,"Кабель марка АПвПу2г, напряжение более 1000 В"
273214.000.000052,"Кабель марка ПвБП, напряжение более 1000 В"
273213.715.000000,"Кабель марка АПвБП, напряжение не более 1 000 В"
273214.000.000020,"Кабель марка ПвБПг, напряжение более 1 000 В"
273214.000.000063,"Кабель марка АПвБПг, напряжение более 1000 В"
273214.000.000070,"Кабель марка ПвБПу, напряжение более 1000 В"
273214.000.000045,"Кабель марка АПвБПу, напряжение более 1000 В"
273214.000.000049,"Кабель марка ПвБПуг, напряжение более 1000 В"
273214.000.000090,"Кабель марка АПвБПуг, напряжение более 1000 В"
273214.000.000073,"Кабель марка ПвБПу2г, напряжение более 1000 В"
273214.000.000047,"Кабель марка АПвБПу2г, напряжение более 1000 В"
273214.000.000080,"Кабель марка ПвБП2г, напряжение более 1 000 В"
273214.000.000053,"Кабель марка АПвБП2г, напряжение более 1 000 В"
273214.000.000071,"Кабель марка ПвКП, напряжение более 1 000 В"
273214.000.000078,"Кабель марка АПвКП, напряжение более 1 000 В"
273214.000.000062,"Кабель марка ПвКПг, напряжение более 1 000 В"
273214.000.000066,"Кабель марка АПвКПг, напряжение более 1 000 В"
273214.000.000067,"Кабель марка ПвКП2г, напряжение более 1 000 В"
273214.000.000077,"Кабель марка АПвКП2г, напряжение более 1 000 В"
273214.000.000061,"Кабель марка ПвКПу, напряжение более 1 000 В"
273214.000.000068,"Кабель марка АПвКПу, напряжение более 1 000 В"
273214.000.000072,"Кабель марка ПвКПуг, напряжение более 1 000 В"
273214.000.000093,"Кабель марка АПвКПуг, напряжение более 1 000 В"
273214.000.000059,"Кабель марка ПвКПу2г, напряжение более 1 000 В"
273214.000.000065,"Кабель марка АПвКПу2г, напряжение более 1 000 В"
273214.000.000076,"Кабель марка ПвВ, напряжение более 1 000 В"
273214.000.000056,"Кабель марка АПвВ, напряжение более 1 000 В"
259312.500.000020,"Кабель марка ПвВнг, напряжение более 1 000 В"
273214.000.000091,"Кабель марка АПвВнг, напряжение более 1 000 В"
273214.000.000043,"Кабель марка ПВВНГ-LS, напряжение более 1 000 В"
273214.000.000046,"Кабель марка АПвВнг-LS, напряжение более 1 000 В"
273214.000.000055,"Кабель марка ПвБВ, напряжение более 1 000 В"
273214.000.000064,"Кабель марка АПвБВ, напряжение более 1 000 В"
273214.000.000054,"Кабель марка ПвБВнг, напряжение более 1 000 В"
273214.000.000079,"Кабель марка АПвБВнг, напряжение более 1 000 В"
273214.000.000082,"Кабель марка ПвБВнг-LS, напряжение более 1 000 В"
273214.000.000087,"Кабель марка АПвБВнг-LS, напряжение более 1 000 В"
273214.000.000089,"Кабель марка ПвКВ, напряжение более 1 000 В"
273214.000.000075,"Кабель марка АПвКВ, напряжение более 1 000 В"
273214.000.000060,"Кабель марка ПвКВнг, напряжение более 1 000 В"
273214.000.000092,"Кабель марка АПвКВнг, напряжение более 1 000 В"
273214.000.000084,"Кабель марка ПвКВнг-LS, напряжение более 1 000 В"
273213.700.000178,"Кабель марка СБВБбШв, напряжение не более 1 000 В"
273213.700.000160,"Кабель марка МКШМ, напряжение не более 1 000 В"
273213.700.000200,"Кабель марка ТППЦ, напряжение не более 1 000 В"
273213.700.000198,"Кабель марка ТППЗЦ, напряжение не более 1 000 В"
273214.000.000096,"Кабель марка АПвКВнг-LS, напряжение более 1 000 В"
273214.000.000057,"Кабель марка ПвПнг-HF, напряжение более 1 000 В"
273214.000.000085,"Кабель марка АПвПнг-HF, напряжение более 1 000 В"
273214.000.000095,"Кабель марка ПвПгжнг-HF, напряжение более 1 000 В"
273214.000.000081,"Кабель марка АПвПгжнг-HF, напряжение более 1 000 В"
273214.000.000083,"Кабель марка ПвКПнг-HF, напряжение более 1 000 В"
273214.000.000098,"Кабель марка АПвКПнг-HF, напряжение более 1 000 В"
273214.000.000099,"Кабель марка ПвКПгнг-HF, напряжение более 1 000 В"
273214.000.000086,"Кабель марка АПвКПгнг-HF, напряжение более 1 000 В"
273214.000.000058,"Кабель марка ПвБПнг-HF, напряжение более 1 000 В"
273214.000.000050,"Кабель марка АПвБПнг-HF, напряжение более 1 000 В"
273213.700.000292,"Провод марка ПУНП, напряжение не более 1 000 В"
273213.700.000291,"Провод марка ПУГНП, напряжение не более 1 000 В"
273213.700.000229,Кабель специализированный тип S/FTP
273213.700.000141,"Кабель марка МКППВБ, напряжение не более 1 000 В"
273213.700.000320,"Провод марка ПуВ, напряжение не более 1 000 В"
273213.700.000290,"Провод марка ПуГВ, напряжение не более 1 000 В"
273213.700.000312,"Провод марка М, напряжение не более 1 000 В"
273213.700.000328,"Провод марка М, напряжение 1 000 В"
273213.700.000305,"Провод марка МГ, напряжение не более 1 000 В"
273213.730.000129,"Провод марка МГ, напряжение 1 000 В"
273213.700.000313,"Провод марка МГЭ, напряжение не более 1 000 В"
273213.700.000214,"Кабель марка ТСВ, напряжение не более 1 000 В"
273213.700.000304,"Провод марка ТСВ, напряжение не более 1 000 В"
273213.700.000330,Провод специализированный для щеток электрических
273213.700.000316,"Провод марка ВП, напряжение не более 1 000 В"
273214.000.000036,"Провод марка ВП, напряжение более 1 000 В"
273213.700.000254,"Провод марка ВПП, напряжение не более 1 000 В"
259312.700.000014,"Провод марка А, напряжение не более 1000 В"
259312.700.000006,"Провод марка А, напряжение 1000 В"
259312.700.000013,"Провод марка АС, напряжение не более 1000 В"
259312.700.000007,"Провод марка АС, напряжение 1000 В"
259312.700.000011,"Провод марка АСК, напряжение не более 1000 В"
259312.700.000009,"Провод марка АСК, напряжение 1000 В"
273213.700.000132,"Кабель марка КуГВВнг-LS, напряжение не более 1 000 В"
259312.700.000012,"Провод марка АСКС, напряжение не более 1000 В"
259312.700.000008,"Провод марка АСКС, напряжение 1000 В"
259312.700.000010,"Провод марка АСКП, напряжение не более 1000 В"
259312.700.000005,"Провод марка АСКП, напряжение 1000 В"
273213.700.000098,"Кабель марка КГ-ХЛ, напряжение не более 1 000 В"
273213.730.000093,"Кабель марка КГ-ХЛ, напряжение 1 000 В"
273213.700.000097,"Кабель марка КГт, напряжение не более 1 000 В"
273213.730.000092,"Кабель марка КГт, напряжение 1 000 В"
273213.700.000174,"Кабель марка РПШ, напряжение не более 1 000 В"
273214.000.000023,"Кабель марка РПШ, напряжение более 1 000 В"
273213.700.000294,"Провод марка РПШЭ, напряжение не более 1 000 В"
273213.700.000107,"Кабель марка КОГт, напряжение не более 1 000 В"
273213.700.000100,"Кабель марка КГЭт, напряжение не более 1 000 В"
273213.730.000095,"Кабель марка КГЭт, напряжение 1 000 В"
273213.700.000148,"Кабель марка МКППэпВб, напряжение не более 1 000 В"
273213.700.000149,"Кабель марка МКППэпВбТ, напряжение не более 1 000 В"
273213.700.000136,"Кабель марка МКПВ, напряжение не более 1 000 В"
273213.700.000321,"Провод марка ПуВВ, напряжение не более 1 000 В"
273213.700.000322,"Провод марка ПуГВВ, напряжение не более 1 000 В"
273213.730.000091,"Кабель марка КГНт, напряжение 1 000 В"
273213.700.000230,Кабель специализированный тип TML B
273213.700.000281,"Провод марка ПКСВ, напряжение не более 1 000 В"
273213.700.000354,"Провод марка ТРП,  напряжение не более 1 000 В"
273213.700.000308,"Провод марка ВПВ, напряжение не более 1 000 В"
273213.700.000116,"Кабель марка КРВПМ, напряжение не более 1 000 В"
273213.700.000117,"Кабель марка КРВПМЭ, напряжение не более 1 000 В"
273213.730.000087,"Кабель марка КГВВнг-LS, напряжение 1 000 В"
273213.700.000087,"Кабель марка КГВВнг-LS, напряжение не более 1 000 В"
273213.700.000092,"Кабель марка КГВЭВнг-LS, напряжение не более 1 000 В"
273213.730.000015,"Кабель марка КГВЭВнг-LS, напряжение 1 000 В"
273213.700.000262,"Кабель марка МКЭКШВнг, напряжение не более 1 000 В"
273213.700.000123,"Кабель марка КСПВ, напряжение не более 1 000 В"
273213.700.000255,"Провод марка КСПВ, напряжение не более 1 000 В"
273213.700.000190,"Кабель марка ТАШСК, напряжение не более 1 000 В"
273213.700.000191,"Кабель марка ТАШс, напряжение не более 1 000 В"
273213.730.000103,"Кабель марка КТАПВТ, напряжение 1 000 В"
273213.700.000175,"Кабель марка РК, напряжение не более 1 000 В"
273213.700.000222,"Кабель марка RG, напряжение не более 1 000 В"
273213.700.000067,"Кабель марка КВВГ, напряжение не более 1 000 В"
273213.730.000071,"Кабель марка КВВГ, напряжение 1 000 В"
273213.700.000073,"Кабель марка КВВГ-П, напряжение не более 1 000 В"
273213.730.000011,"Кабель марка КВВГ-П, напряжение 1 000 В"
273213.700.000070,"Кабель марка КВВГнг, напряжение не более 1 000 В"
273213.730.000074,"Кабель марка КВВГнг, напряжение 1 000 В"
273213.700.000072,"Кабель марка КВВГнг-LS, напряжение не более 1 000 В"
273213.730.000076,"Кабель марка КВВГнг-LS, напряжение 1 000 В"
273213.700.000076,"Кабель марка КВВГЭ, напряжение не более 1 000 В"
273213.730.000079,"Кабель марка КВВГЭ, напряжение 1 000 В"
273213.700.000077,"Кабель марка КВВГЭнг, напряжение не более 1 000 В"
273213.730.000080,"Кабель марка КВВГЭнг, напряжение 1 000 В"
273213.700.000078,"Кабель марка КВВГЭнг-LS, напряжение не более 1 000 В"
273213.730.000081,"Кабель марка КВВГЭнг-LS, напряжение 1 000 В"
273213.700.000065,"Кабель марка КВВБ, напряжение не более 1 000 В"
273213.730.000069,"Кабель марка КВВБ, напряжение 1 000 В"
273213.700.000066,"Кабель марка КВВБГ, напряжение не более 1 000 В"
273213.730.000070,"Кабель марка КВВБГ, напряжение 1 000 В"
273213.700.000060,"Кабель марка КВБбШв, напряжение не более 1 000 В"
273213.700.000061,"Кабель марка КВБбШв, напряжение 1 000 В"
273213.700.000062,"Кабель марка КВБбШвнг, напряжение не более 1 000 В"
273213.730.000067,"Кабель марка КВБбШвнг, напряжение 1 000 В"
273213.700.000063,"Кабель марка КВБбШвнг-LS, напряжение не более 1 000 В"
273213.730.000010,"Кабель марка КВБбШвнг-LS, напряжение 1 000 В"
273213.700.000022,"Кабель марка АКВВГ, напряжение не более 1 000 В"
273213.730.000035,"Кабель марка АКВВГ, напряжение 1 000 В"
273213.700.000026,"Кабель марка АКВВГ-П, напряжение не более 1 000 В"
273213.730.000004,"Кабель марка АКВВГ-П, напряжение 1 000 В"
273213.700.000024,"Кабель марка АКВВГнг, напряжение не более 1 000 В"
273213.730.000003,"Кабель марка АКВВГнг, напряжение 1 000 В"
273213.700.000025,"Кабель марка АКВВГнг-LS, напряжение не более 1 000 В"
273213.730.000037,"Кабель марка АКВВГнг-LS, напряжение 1 000 В"
273213.700.000027,"Кабель марка АКВВГЭ, напряжение не более 1 000 В"
273213.730.000038,"Кабель марка АКВВГЭ, напряжение 1 000 В"
273213.700.000028,"Кабель марка АКВВГЭнг, напряжение не более 1 000 В"
273213.730.000005,"Кабель марка АКВВГЭнг, напряжение 1 000 В"
273213.700.000029,"Кабель марка АКВВГЭнг-LS, напряжение не более 1 000 В"
273213.730.000006,"Кабель марка АКВВГЭнг-LS, напряжение 1 000 В"
273213.700.000020,"Кабель марка АКВВБ, напряжение не более 1 000 В"
273213.730.000033,"Кабель марка АКВВБ, напряжение 1 000 В"
273213.700.000021,"Кабель марка АКВВБГ, напряжение не более 1 000 В"
273213.730.000034,"Кабель марка АКВВБГ, напряжение 1 000 В"
273213.700.000016,"Кабель марка АКВБбШв, напряжение не более 1 000 В"
273213.730.000001,"Кабель марка АКВБбШв, напряжение 1 000 В"
273213.700.000333,"Кабель марка АКВБбШвнг,  напряжение не более 1000 В"
273213.730.000149,"Кабель марка АКВБбШвнг,  напряжение 1000 В"
273213.700.000017,"Кабель марка АКВБбШвнг-LS, напряжение не более 1 000 В"
273213.730.000002,"Кабель марка АКВБбШвнг-LS, напряжение 1 000 В"
273213.700.000071,"Кабель марка КВВГнг-FRLS, напряжение не более 1 000 В"
273213.730.000075,"Кабель марка КВВГнг-FRLS, напряжение 1 000 В"
273213.700.000358,"Кабель марка АсКГТП, напряжение не более 1 000 В"
273213.700.000359,"Кабель марка АсКГТП-ХЛ, напряжение не более 1 000 В"
273213.700.000084,"Кабель марка КГ, напряжение не более 1 000 В"
273213.730.000085,"Кабель марка КГ, напряжение 1 000 В"
273213.730.000090,"Кабель марка КГН, напряжение 1 000 В"
273213.700.000099,"Кабель марка КГЭ, напряжение не более 1 000 В"
273213.730.000094,"Кабель марка КГЭ, напряжение 1 000 В"
273213.730.000096,"Кабель марка КГЭ-ХЛ, напряжение 1 000 В"
273213.700.000105,"Кабель марка КОГ-1, напряжение не более 1 000 В"
273213.700.000106,"Кабель марка КОГ1-ХЛ, напряжение не более 1 000 В"
273213.730.000148,"Провод марка ПМЛ  , напряжение 1 000 В"
273213.700.000185,"Кабель марка СБЗПБбШп, напряжение не более 1 000 В"
273213.700.000188,"Кабель марка СБПБГ, напряжение не более 1 000 В"
273213.730.000133,"Провод марка АПУНП, напряжение не более 1 000 В"
273213.700.000196,"Кабель марка ТППБ, напряжение не более 1 000 В"
273213.700.000053,"Кабель марка ВВГ-Пнг-LS, напряжение не более 1 000 В"
273213.730.000009,"Кабель марка ВВГ-Пнг-LS, напряжение 1 000 В"
273213.730.000045,"Кабель марка АПвВГ, напряжение 1 000 В"
273213.730.000107,"Кабель марка ПвВГ, напряжение 1 000 В"
273213.700.000055,"Кабель марка ВВГЭнг/NYCYнг, напряжение не более 1 000 В"
273213.730.000064,"Кабель марка ВВГЭнг/NYCYнг, напряжение 1 000 В"
273213.730.000046,"Кабель марка АПвВГнг, напряжение 1 000 В"
273213.730.000109,"Кабель силовой марка ПвВГнг(А)-LS, напряжение 1 000 В"
273213.700.000081,"Кабель марка КВПбШв, напряжение не более 1 000 В"
273213.730.000084,"Кабель марка КВПбШв, напряжение 1 000 В"
273213.730.000108,"Кабель силовой марка ПвВГнг, напряжение 1 000 В"
273213.730.000052,"Кабель марка ВБВ, напряжение 1 000 В"
273213.730.000049,"Кабель марка ВБбШвнг(А)-LS, напряжение 1 000 В"
273213.700.000187,"Кабель марка СБЗПуЭ, напряжение не более 1 000 В"
273213.700.000184,"Кабель марка СБВГЭнг, напряжение не более 1 000 В"
259312.500.000018,Провод марка ПБСМ1
273213.700.000048,"Кабель марка ВВГнг(А)-FRLS, напряжение не более 1 000 В"
273213.730.000059,"Кабель марка ВВГнг(А)-FRLS, напряжение 1 000 В"
273213.714.000000,"Кабель марка АПвБбШп, напряжение не более 1 000 В"
273213.730.000044,"Кабель марка АПвБбШп, напряжение 1 000 В"
273214.000.000007,"Кабель марка АПвЭПу, напряжение более 1 000 В"
263023.900.000077,"Коммутатор сетевой управляемый, симметричный"
263023.900.000076,"Коммутатор сетевой управляемый,  асимметричный"
263021.200.000006,Коммутатор сетевой
263021.200.000008,Коммутатор сетевой
263023.900.000078,"Коммутатор сетевой неуправляемый,  симметричный"
263023.900.000079,"Коммутатор сетевой неуправляемый, асимметричный"
263023.900.000072,Аппарат телефонный IP-телефония
263023.100.000003,"Станция телефонная автоматическая, цифровая"
263030.900.000152,Оборудование беспроводное подключение к сети передачи данных WiFi
263021.900.000002,Маршрутизатор среднего класса
263021.900.000003,Маршрутизатор нижнего класса
282216.900.000000,Лифт больничный грузоподъемность 1275 кг
282216.900.000003,Лифт больничный грузоподъемность 2500 кг
282216.900.000001,Лифт больничный грузоподъемность 1600 кг
282216.900.000002,Лифт больничный грузоподъемность 2000 кг
282216.900.000010,Лифт грузовой грузоподъемность 2500 кг
282216.900.000017,Лифт грузовой грузоподъемность 250 кг
282216.900.000008,Лифт грузовой грузоподъемность 1600 кг
282216.900.000012,Лифт грузовой грузоподъемность 4000 кг
282216.900.000015,Лифт грузовой грузоподъемность 40 кг
282216.900.000006,Лифт грузовой грузоподъемность 630 кг
282216.900.000007,Лифт грузовой грузоподъемность 1000 кг
282216.900.000004,Лифт грузовой грузоподъемность 400 кг
282216.900.000009,Лифт грузовой грузоподъемность 2000 кг
282216.900.000013,Лифт грузовой грузоподъемность 5000 кг
282216.900.000014,Лифт грузовой грузоподъемность 6300 кг
282216.900.000005,Лифт грузовой грузоподъемность 500 кг
282216.900.000016,Лифт грузовой грузоподъемность 100 кг
282216.900.000011,Лифт грузовой грузоподъемность 3200 кг
282216.900.000020,Лифт пассажирский грузоподъемность 800 кг
282216.900.000023,Лифт пассажирский грузоподъемность 1600 кг
282216.900.000022,Лифт пассажирский грузоподъемность 1250 кг
282216.900.000021,Лифт пассажирский грузоподъемность 1000 кг
282216.900.000018,Лифт пассажирский грузоподъемность 400 кг
282216.900.000019,Лифт пассажирский грузоподъемность 630 кг
282216.900.000024,Лифт промышленный грузоподъемность 630 кг
282216.900.000026,Лифт промышленный грузоподъемность 1000 кг
282216.900.000025,Лифт промышленный грузоподъемность 800 кг
282216.700.000012,"Эскалатор тоннельный, высота подъема 50-55 м"
282216.700.000015,"Эскалатор тоннельный, высота подъема 65-70 м"
282216.700.000010,"Эскалатор тоннельный, высота подъема 40-45 м"
282216.700.000003,"Эскалатор тоннельный, высота подъема 3-10 м"
282216.700.000004,"Эскалатор тоннельный, высота подъема 10-15 м"
282216.700.000016,"Эскалатор тоннельный, высота подъема 70-75 м"
282216.700.000011,"Эскалатор тоннельный, высота подъема 45-50 м"
282216.700.000007,"Эскалатор тоннельный, высота подъема 25-30 м"
282216.700.000014,"Эскалатор тоннельный, высота подъема 60-65 м"
282216.700.000002,"Эскалатор поэтажный, высота подъема 3-10 м"
282216.700.000009,"Эскалатор тоннельный, высота подъема 35-40 м"
282216.700.000013,"Эскалатор тоннельный, высота подъема 55-60 м"
282216.700.000008,"Эскалатор тоннельный, высота подъема 30-35 м"
282216.700.000006,"Эскалатор тоннельный, высота подъема 20-25 м"
282216.700.000005,"Эскалатор тоннельный, высота подъема 15-20 м"
282216.700.000001,"Конвейер пассажирский (траволатор), пластинчатый, высота подъема 1-15 м"
274039.900.000028,"Лампа светодиодная тип цоколя G13, мощность 18 Вт"
274039.900.000027,"Лампа светодиодная тип цоколя G13, мощность 9 Вт"
274039.100.000005,"Лампа светодиодная тип цоколя G13, мощность 20 Вт"
274039.900.000033,"Лампа светодиодная тип цоколя G13, мощность 12 Вт"
274039.900.000036,"Лампа светодиодная тип цоколя G13, мощность 22 Вт"
274039.900.000018,"Лампа светодиодная тип цоколя E27, мощность 40 Вт"
274039.900.000015,"Лампа светодиодная тип цоколя Е27, мощность 12 Вт"
274039.900.000031,"Лампа светодиодная тип цоколя E27, мощность 30 Вт"
274039.900.000021,"Лампа светодиодная тип цоколя E27, мощность 19 Вт"
274039.900.000023,"Лампа светодиодная тип цоколя E27, мощность 11 Вт"
274039.900.000044,"Лампа светодиодная тип цоколя Е27, мощность 10 Вт"
274039.900.000062,"Лампа светодиодная тип цоколя Е27, мощность 36 Вт"
274039.900.000024,"Лампа светодиодная тип цоколя E27, мощность 7 Вт"
274039.100.000006,"Лампа светодиодная тип цоколя Е27, мощность 50 Вт"
274039.900.000052,"Лампа светодиодная тип цоколя Е27, мощность 13 Вт"
274039.900.000025,"Лампа светодиодная тип цоколя E27, мощность 9 Вт"
274039.900.000020,"Лампа светодиодная тип цоколя-E27, мощность 16 Вт"
274039.900.000017,"Лампа светодиодная тип цоколя Е40, мощность 100 Вт"
274039.900.000032,"Лампа светодиодная тип цоколя Е40, мощность 60 Вт"
274039.900.000061,"Лампа светодиодная тип цоколя E40, мощность 150 Вт"
274039.900.000019,"Лампа светодиодная тип цоколя Е40, мощность 80 Вт"
274039.900.000039,"Лампа светодиодная тип цоколя E14, мощность 9 Вт"
274025.300.000003,"Светильник консольный, торцевой"
274025.700.000000,"Светильник подвесной, взрывозащищенный"
274022.900.000000,Светильник потолочный
274022.900.000005,Светильник встраиваемый
274022.900.000004,Светильник пристраиваемый
274025.300.000002,Светильник подвесной
282112.900.000005,"Печь трубчатая, блочная"
282912.900.000006,"Фильтр каркасно-дисковый, жидкостной очистки"
282912.900.000000,"Фильтр каркасно-металлический, скважинный, условный проход 80-200 мм"
265163.700.000001,"Счетчик электроэнергии, электронный"
265152.350.000001,Расходомер ультразвуковой
271232.900.000005,Реактор токоограничивающий
279070.300.000014,Реактор для электросигнализации
271240.900.000066,"Устройство шунтирующее, для гашения энергии"
261122.300.000007,Модуль фотоэлектрический мощность 201-330 Вт
262030.100.000021,Панель интерактивная LCD поверхность
262012.000.000006,"Терминал для помещений, платежный, встраиваемый"
271224.500.000013,Реле тока статическое
271210.100.000001,"Ограничитель перенапряжения нелинейный, номинальный разрядный ток 10000 А"
271231.900.000074,Шкаф распределения постоянного тока
272021.500.000002,"Аккумулятор стартерный, напряжение 12 В, емкость 210 А/ч, свинцово-кислотный"
281413.900.000063,"Кран смывной бронзовый/латунный, диаметр 25 мм"
302040.300.000069,Блок управления тормозной системы (АБС) для тормозного оборудования подвижного состава
282960.900.000004,Нагреватель циркуляционный
281331.000.000159,Муфта для насоса
274039.900.000034,"Лампа светодиодная тип цоколя Е40, мощность 45 Вт"
272021.500.000018,"Аккумулятор стартерный, напряжение 12 В, емкость 180 А/ч, свинцово-кислотный"
273213.700.000129,"Кабель марка КСРВнг(А)-FRLS, напряжение не более 1 000 В"
273213.500.000001,Кабель специализированный тип STP
274039.900.000067,"Лампа светодиодная тип цоколя E14, мощность 10 Вт"
272021.500.000035,"Аккумулятор стартерный, напряжение 12 В, емкость 121-131 А/ч, свинцово-кислотный"
261130.990.000004,Микроконтроллер 8-бит
281413.390.000102,"Задвижка клиновая, из цветных металлов, условный проход 450-2600 мм"
281420.000.000013,Манжета тип 3
281331.000.000076,Втулка стальная
272021.500.000033,"Аккумулятор стартерный, напряжение 12 В, емкость 120 А/ч, свинцово-кислотный"
271231.900.000042,Шкаф распределения для оптики
273111.300.000006,Кабель оптико-волоконный 16 волокон
271231.900.000052,Щит учетно-распределительный типа ЩМП-4
272022.900.000002,"Аккумулятор для ИБП, напряжение 6 В, емкость 9-20 А/ч, свинцово-кислотный"
281413.900.000079,"Клапан обратный, латунный, размер 10-50 мм"
271231.900.000041,Шкаф распределения переменного тока
274039.100.000007,"Лампа светодиодная тип цоколя Е27, мощность 28 Вт"
271231.990.000005,Шкаф серверный высота 9 U
274039.100.000004,"Лампа светодиодная тип цоколя G13, мощность 24 Вт"
289261.300.000099,"Колесо для экскаватора, натяжное"
263023.900.000013,Станция ввода/вывода для распределенного ввода/вывода сигналов
272021.500.000019,"Аккумулятор стартерный, напряжение 12 В, емкость 74 А/ч, свинцово-кислотный"
282922.900.000006,Устройство механическое для разбрызгивания
265163.700.000003,Счетчик электроэнергии образцовый
281331.000.000240,Корпус направляющего аппарата для центробежного насоса
283053.300.000001,"Пресс-подборщик для подбора валков сена, соломы, прессования их в прямоугольные параллелепипеды с последующей обмоткой шпагатом и выталкиванием готового тюка на стол сбрасывания, тюковый"
281331.000.000052,"Фильтр гидравлический, для гидравлического привода жидкостного насоса"
274039.900.000059,"Лампа светодиодная тип цоколя E14, мощность 15 Вт"
271231.990.000012,Шкаф серверный высота 22 U
282219.300.000170,"Ролик для ленточного конвейера, верхний Г"
271224.500.000002,Реле электротепловое переменного и постоянного тока
271240.900.000100,Модуль импульсный для защиты электрооборудования от перенапряжения
282530.900.000012,Блок секция для теплообменного оборудования
263023.900.000028,Модуль оптический SFP
263050.900.000019,Пульт контроля и управления охранно-пожарный
289261.500.000169,"Рычаг для специальной и специализированной грузоподъемной техники, механизма переключения делителя передач"
289261.300.000094,Бур диаметр 250 мм
274039.900.000022,"Лампа светодиодная тип цоколя E14, мощность 7,8 Вт"
273213.700.000237,Кабель специализированный для монитора
281420.000.000032,"Фланец приварной, с соединительным выступом"
273214.000.000108,"Кабель марка ВВГнг, напряжение более 1 000 В"
281413.700.000011,"Кран шаровой стальной, условное давление 0-210 Мпа, диаметр 2-18 мм, дроссельный"
271231.930.000001,Устройство вводно-распределительное для жилого/общественного здания
262030.100.000036,"Терминал для помещений, учета рабочего времени, по отпечаткам пальцев / поднесению карты"
262012.000.000002,"Терминал мобильный, настольный, для сбора данных"
274039.100.000003,"Лампа светодиодная тип цоколя G13, мощность 32 Вт"
273213.700.000224,Кабель специализированный для лобового светодиодного прожектора
281539.990.000001,Уплотнение лабиринтное для подшипника
271223.700.000028,"Выключатель кнопочный, напряжение 150-300 В"
265153.900.000083,"Анализатор для определения кислорода, азота, водорода, в продукции танталового производства"
271231.990.000007,Шкаф серверный высота 18 U
281413.350.000015,"Клапан запорный, чугунный, размер до 50 мм"
281539.900.000000,Колесо для цепных передач (цепные звездочки)
274039.900.000066,"Лампа светодиодная тип цоколя E40, мощность 50 Вт"
272021.500.000013,"Аккумулятор стартерный, напряжение 12 В, емкость 80 А/ч, свинцово-кислотный"
281331.000.000100,Часть вращающая для насоса центробежного
273213.730.000327,"Кабель марка ВВГ-Пнг, напряжение 1 000 В"
261130.990.000000,Контроллер для считывания данных приборов учета энергетических ресурсов
271231.900.000026,Ящик кабельный
281411.900.000058,Клапан трехходовой для трубопроводной арматуры
271231.900.000050,Щит учетно-распределительный типа ЩРВ
274025.300.000001,Бра настенное
271150.700.000002,Блок питания напряжение не более 12 В
274039.900.000037,"Лампа светодиодная тип цоколя Е40, мощность 105 Вт"
265152.800.000003,"Узел учета расхода газа для коммерческого учета расхода газа коммунально-бытовых и промышленных потребителей, шкафной"
279020.500.000012,Экран светодиодный
264020.300.000000,Видеостена со встроенной внутренней аудиосистемой
262014.000.000020,Сеть информационная вычислительная
303032.000.000006,Аппарат летательный беспилотный вертолетного типа
262030.100.000006,"Комплекс программно-аппаратный для системы мониторинга работы приложений, устройств сети и трафика"
265153.100.000015,Газоанализатор для определения концентрации 2-ух и более газов
262030.100.000007,Комплекс программно-аппаратный для идентификации государственных номеров
282982.550.000002,Мембрана для фильтра обратного осмоса
263023.100.000001,"Станция спутниковой связи для управления спутниковыми терминалами, земная"
281413.330.000001,"Задвижка клиновая, чугунная, условный проход 50-450 мм"
291059.900.000000,"Автомобиль специализированный, снегоболотоход, грузоподъемность не более 3,5 т"
281314.100.000003,"Агрегат электронасосный центробежный, скважинный"
281314.900.000048,"Насос для воды и других чистых, химически нейтральных жидкостей, осевой погружной, подача 2500-21000 м3/ч"
281314.130.000003,"Агрегат электронасосный центробежный, для городских/производственных сточных масс"
302040.300.001213,"Стул для вагона-ресторана, складной"
281413.330.000002,"Задвижка клиновая, чугунная, условный проход 450-2600 мм"
263023.900.000020,Ретранслятор цифровой
281314.130.000000,"Насос для воды и других чистых, химически нейтральных жидкостей, консольный одноступенчатый, подача до 300 м3/ч"
281314.900.000085,"Насос специальный, циркуляционный, подача до 8000 м3/ч"
262013.000.000025,Станция рабочая графическая
283032.200.000000,"Борона двухрядная, прицепная"
281314.900.000035,"Станция насосная для водоснабжения, мощность 0,75 кВт, напор максимальный 46 м, подача максимальная 4,8 м3/ч"
282912.300.000040,Пескоуловитель для очистки сточных вод
273213.500.000002,Кабель специализированный тип UTP
282512.700.000006,"Установка приточная для вентиляции, производительность 20 000  м3/час"
262013.000.000024,Станция рабочая вычислительная
273214.000.000009,"Кабель марка АСБ, напряжение более 1 000 В"
275125.900.000005,"Водонагреватель накопительный, тип закрытый, объем 15-150 л"
266011.190.000003,"Оборудование рентгено-телевизионное двухпроекционное, стационарное"
265153.900.000000,Анализатор жидкости (спектрофлуориметр) для измерения массовой концентрации веществ
302040.300.001412,Цилиндр тормозной для вагона электропоезда (кроме высокоскоростного)
282219.300.000089,Механизм специального назначения для подъемно-транспортного оборудования
282111.500.000001,"Горелка газовая, мощность более 1200 кВт"
302040.300.000699,Кресло для пассажирского вагона
281328.000.000003,Установка компрессорная винтовая
289610.990.000004,3d-принтер для послойного создания физических объектов
263060.000.000014,Система оповещения локальная для малых населенных пунктов и объектов
265112.350.000011,Метеорологическая станция стационарная
282922.100.000006,Модуль порошкового пожаротушения
282111.500.000000,"Горелка газовая, мощность 70-1200 кВт"
266011.190.000012,Комплекс рентгенотелевизионный стационарный
266011.100.000002,Аппарат рентгеновский диагностический
292010.900.000000,Кузов для грузового автомобиля
262030.100.000002,Киоск информационный для предоставления справочной информации
282511.300.000015,Аппарат теплообменный пластинчатый
281314.900.000051,"Насос для воды и других чистых, химически нейтральных жидкостей, многоступенчатый секционный, подача 30-1500 м3/ч"
282922.900.000007,Аппарат моечный
281413.350.000007,"Задвижка клиновая, стальная, условный проход 450-2600 мм"
289211.000.000007,Уплотнение торцевое для погружного/центробежного насоса
282912.300.000034,"Оборудование для фильтрования непрерывного действия, работающее под избыточным давлением"
289932.000.000001,Карусель для детских игровых площадок
274025.700.000001,"Светильник медицинский, передвижной"
262030.100.000009,"Комплекс программно-аппаратный для управления информацией о безопасности и событиях безопасности, автоматизации процесса анализа событий сетевой инфраструктуры"
274022.900.000001,Светильник настенный
273213.500.000003,Кабель специализированный тип FTP
283032.100.000000,Культиватор сельскохозяйственный
283093.500.000002,"Насос топливный для специальной и специализированной техники, высокого давления"
271231.900.000073,"Шкаф стеклопластиковый, коммутационный"
271223.700.000017,Контактор электромагнитный
309910.000.000002,"Тележка ручная, четырехколесная"
266013.000.000002,Лампа бактерицидная для обеззараживания воздуха и поверхностей в помещении
274011.000.000000,Лампа направленного света герметичная
309910.000.000028,Тачка для помещения грузов
266013.000.000003,"Облучатель бактерицидный, ультрафиолетовое излучение"
289212.500.000002,Машина бурильно-крановая на базе автошасси
266011.190.000013,Рентген установка мобильная
263060.000.000045,"Кнопка тревожной сигнализации, с фиксацией"
271210.300.000002,Выключатель нагрузки вакуумный
282511.300.000026,"Пункт тепловой блочный, отопление 300 кВт-независимая, ГВС 150 кВт-закрытая"
271240.900.000005,Аппарат коммутационный контактный
275126.550.000000,Электроконвектор настенный
281314.900.000097,"Насос скважинный штанговый, с втулочным цилиндром и металлическим плунжером, подача до 95 м3/ч"
282913.500.000003,"Фильтр воздушный, для специальной и специализированной техники"
271240.300.000030,"Шкаф  металлический, коммутационный"
263023.900.000068,"Учрежденческо-производственная АТС IP-телефония, емкость 1024-6144 номеров"
292023.300.000015,"Полуприцеп-тяжеловоз грузоподъемность более 38 т, но не более 45 т"
293230.990.000204,"Комплект ремонтный для специальной и специализированной техники, двигателя"
272022.900.000003,"Аккумулятор для ИБП, напряжение 12 В, емкость 7-20 А/ч, свинцово-кислотный"
292023.500.000000,"Прицеп к легковому автомобилю, разрешенная максимальная масса не более 750 кг"
282520.900.000002,Вентилятор вытяжной
263011.100.000000,Радиостанция стандарт цифровая подвижная радиосвязь (DMR)
282912.300.000027,"Картридж для системы очистки воды, фильтрующий"
281413.330.000000,"Задвижка клиновая, чугунная, условный проход до 50 мм"
281331.000.000127,"Колесо для насоса, рабочее"
281314.130.000002,"Насос для воды и других чистых, химически нейтральных жидкостей, вертикальный одноступенчатый подача, подача 5000-90000 м3/ч"
289212.500.000003,Установка буровая с дизельным приводом
273213.700.000046,"Кабель марка ВВГн, напряжение не более 1 000 В"
271240.900.000021,Блок управления для вакуумного выключателя
281331.000.000151,Комплект запасных частей инструментов и принадлежностей для насоса воздушного/вакуумного
292023.900.000003,"Прицеп грузоподъемность более 700 кг, но не более 3000 кг"
282922.200.000005,Установка пожаротушения комбинированная
281413.900.000109,"Клапан обратный, чугунный, размер 100-400 мм"
289261.500.000001,Труба обурочная для обуривания и омывки колонны насосно-компрессорных и бурильных труб
282912.330.000003,"Установка опреснительная для очистки и обезжелезивания воды, производительность 5 м3/сутки"
282982.550.000008,Картридж фильтрующий
262030.100.000043,Доска специальная интерактивная
274022.900.000006,Светильник ручной
282913.500.000000,"Фильтр воздушный, для двигателя внутреннего сгорания легкового автомобиля"
289261.300.000012,Кромка для автогрейдера
273213.500.000004,Кабель специализированный тип HDMI
281331.000.000217,Подшипник специализированный для насоса
282530.100.000001,"Фильтр воздушный, для приточно-вытяжной вентиляционной установки, панельный"
282112.900.000013,"Печь кремационная, двухсторонняя"
273313.900.000039,Блок распределения питания для серверного оборудования
273213.500.000008,Кабель специализированный для электрокардиографа
265170.990.000016,Оборудование светофорных объектов по линии ITS для управления дорожным движением
282513.900.000007,Камера холодильная для пищевой промышленности
262030.100.000011,Система мультимедийная образовательная для детского развития
265153.100.000000,Газоанализатор для определения доли кислорода в инертных газах
274039.900.000003,Прожектор инфракрасный
291059.999.000097,"Автомобиль специализированный, для ухода за парками, гольф полями, местами коллективного пользования, соответствующих сельскохозяйственных работ"
283033.300.000002,"Сеялка для посева бахчевых культур, пунктирная/однозерновая"
289939.890.000008,"Установка для приготовления растворов из сухих, жидких органических полимеров, солей"
274022.900.000003,"Светильник настольный, опорный"
275125.900.000013,"Водонагреватель проточный, электрический, тип закрытый"
283031.500.000006,"Плуг навесной, 4-х корпусный"
265143.300.000007,"Прибор для измерений потенциалов и токов 4 канала для измерения, с возможностью записи и хранения данных"
272022.900.000001,"Аккумулятор для ИБП, напряжение 12 В, емкость 21-40 А/ч, свинцово-кислотный"
275126.550.000001,Электроконвектор напольный
263023.900.000043,Модем для коммутируемого соединения
265153.100.000001,Газоанализатор для определения содержания углекислого газа
283093.990.000073,Механизм специального назначения для тракторной техники
262015.000.000006,Устройство сбора данных телеметрии для сбора измерительной информации с приборов контроля и учета
273313.900.000058,Зажим прокалывающий для соединения проводников
262030.100.000016,Система оптического распознавания для считывания информации и внесения данных в автоматизированную информационную систему
282514.190.000000,Фильтр пылеулавливающий
309910.000.000001,"Тележка ручная, двухколесная"
282912.300.000036,"Оборудование для фильтрования периодического действия, работающее под давлением столба насоса"
282913.500.000002,"Фильтр воздушный, для двигателя внутреннего сгорания специального и специализированного автомобиля"
303032.000.000007,Аппарат летательный беспилотный самолетного типа
266013.000.000006,"Рециркулятор ультрафиолетовый, бактерицидный"
281311.300.000003,"Станция насосная блочная, пожаротушения"
283060.300.000013,"Установка дезинфекционная для дезинфекции и дезинсекции производственных/сельскохозяйственных/пищевых помещений, без автомобиля"
275125.900.000000,"Водонагреватель накопительный, тип открытый, объем не более 15 л"
271210.300.000000,Выключатель нагрузки электромагнитный
282511.300.000014,Аппарат теплообменный кожухотрубчатый
271231.990.000008,Шкаф серверный высота 42 U
293230.250.000040,"Комплект ремонтный для легкового автомобиля, тормозного суппорта"
281413.350.000000,"Вентиль смесительный, муфтовый, стальной"
293230.990.000000,"Фильтр салонный, для легкового автомобиля"
265153.900.000017,Мембрана для электрода биохимического анализатора
275125.900.000006,"Водонагреватель накопительный, тип закрытый, объем 150-500 л"
271231.900.000027,"Шкаф релейной защиты и автоматики номинальное напряжение переменного тока 100 В, номинальное напряжение оперативного постоянного тока 110 В"
263023.900.000044,Модем мобильный
271143.300.000058,"Подстанция трансформаторная комплектная мощность 250 кВА, с масляным трансформатором"
271231.900.000036,Станция управления насосами для управления трехфазным асинхронным электродвигателем погружного насоса
273214.000.000002,"Кабель марка ААБл, напряжение более 1 000 В"
282520.900.000000,Устройство воздуховытяжное с воздухоприемником с магнитным держателем
289939.700.000005,Комплект ремонтный для трубопровода  композиционными материалами
282111.500.000002,Горелка комбинированная
266013.000.000004,"Облучатель медицинский, светотепловой"
283031.500.000008,"Плуг навесной, 3-х корпусный"
271231.990.000006,Шкаф серверный высота 12 U
273213.300.000000,Кабель специализированный для микрофона
281411.390.000005,"Клапан регулирующий, стальной, размер 50-450 мм"
275125.900.000004,"Водонагреватель накопительный, тип закрытый, объем не более 15 л"
271150.700.000003,Блок питания напряжение 12-48 В
282982.500.000009,Фильтр тонкой очистки масла
265170.900.000002,Электропривод для управления запорной арматурой
265165.000.000010,Пункт газорегуляторный шкафной
289111.300.000000,Ковш для специальной и специализированной грузоподъемной техники
265163.500.000010,Счетчик жидкости горячей воды
281332.000.000396,Комплект ремонтный для пневмораспределителя пневмоцилиндра
282514.900.000008,"Фильтр для очистки газов, сетчатый"
283053.300.000002,"Пресс-подборщик для подбора и прессования в рулоны валков сухого и провяленного сена, соломы (в том числе измельченной) с последующей обмоткой рулона шпагатом, рулонный, многоцелевой"
273214.000.000003,"Кабель марка ААШв, напряжение более 1 000 В"
272022.900.000007,"Аккумулятор для ИБП, напряжение 12 В, емкость 41-89 А/ч, свинцово-кислотный"
262030.100.000049,"Комплекс программно-аппаратный для развития у детей дошкольного и младшего школьного возраста аналитических, логических и созидательных навыков"
281332.000.000205,Комплект запасных частей инструментов и принадлежностей для ремонта компрессора
282912.300.000035,"Оборудование для фильтрования периодического действия, работающее под давлением столба жидкости"
274039.900.000016,"Лампа светодиодная тип цоколя Е27, мощность 21 Вт"
275125.900.000012,"Водонагреватель проточный, электрический, тип открытый"
292023.900.000001,Прицеп грузоподъемность не более 500 кг
275125.900.000002,"Водонагреватель накопительный, тип открытый, объем 150-500 л"
282982.500.000011,"Фильтр воздушный, для фильтр-пресса"
265163.500.000001,Счетчик водомер крыльчатый
293230.990.000192,"Комплект ремонтный для легкового автомобиля, тормозного цилиндра"
281314.900.000098,"Насос скважинный штанговый, с безвтулочным цилиндром и плунжером с уплотнением, подача до 50 м3/ч"
281314.900.000036,"Станция насосная для водоснабжения, мощность 1,1 кВт, напор максимальный 70 м, подача максимальная 3 м3/ч"
281314.900.000132,"Станция насосная для водоснабжения, мощность 1,5т кВт, напор максимальный 46 м, подача максимальная 5 м3/ч"
281332.000.000061,"Фильтр воздушный, для воздушного компрессора"
265153.100.000022,Газоанализатор для определения концентрации кислорода в воздухе
281332.000.000046,Мембрана для компрессора
271240.900.000008,Коннектор оптический
281413.730.000000,"Кран шаровой стальной, условное давление 0-420 Мпа, диаметр 10-1400 мм, электрический"
265153.100.000021,Газоанализатор для определения концентрации пропана в воздухе
302040.300.000461,Колодка тормозная для вагонов метрополитена
273211.300.000014,Провод обмоточный марка ПСД
271224.500.000004,Реле контроля фаз для защиты электродвигателей и электроустановок
281413.730.000002,"Кран шаровой стальной, условное давление 0-420 Мпа, диаметр 10-1400 мм, пневматический/гидравлический"
281331.000.000095,"Вал для жидкостного насоса, промежуточный"
272022.900.000005,"Аккумулятор для ИБП, напряжение 12 В, емкость 1,2-7 А/ч, свинцово-кислотный"
271240.900.000111,Плата управления для лифта
293230.990.000238,"Комплект ремонтный для грузового автомобиля, заднего моста"
271224.500.000009,Реле времени программное
271231.900.000031,"Шкаф релейной защиты и автоматики номинальное напряжение переменного тока 220 В, номинальное напряжение оперативного постоянного тока 110 В"
262030.100.000013,Система мультимедийная образовательная для учреждений образования
271231.990.000004,Шкаф серверный высота 6 U
281413.900.000047,"Клапан регулирующий, стальной, размер 10-300 мм"
283031.300.000000,"Плуг для вспашки старопахотных почв не засоренных камнями, общего назначения"
271231.900.000045,"Щит освещения для приема и распределения электрической энергии трехфазного переменного тока, встраиваемый"
282215.500.000048,"Электропогрузчик вилочный, грузоподъемность 2000 кг"
281420.000.000049,Техпластина маслобензостойкая  тип МБС
271240.900.000020,Блок приемника для оборудования ВЧ связи
271231.900.000047,Щит питания распределительный модульный
289228.000.000005,"Оборудование поливомоечное к трактору, навесное"
281420.000.000012,Манжета тип 1
283031.500.000003,"Плуг навесной, 5-и корпусный"
279070.300.000018,Модуль для электросигнализации
289261.300.000088,Зуб ковша для экскаватора
309910.000.000003,"Тележка ручная, трехколесная"
281413.350.000005,"Задвижка клиновая, стальная, условный проход до 50 мм"
262030.100.000046,Трибуна для выступлений  сенсорная
281332.000.000213,Комплект запасных частей инструментов и принадлежностей для лабораторного компрессора
281314.900.000039,"Станция насосная для водоснабжения, мощность 1,1 кВт, напор максимальный 70 м, подача максимальная 3м3/ч"
273213.700.000286,"Провод марка ПРКС, напряжение не более 1 000 В"
271223.700.000001,Контактор электропневматический
271143.300.000047,"Подстанция трансформаторная комплектная мощность 250 кВ А, с сухим трансформатором"
281413.900.000102,"Клапан запорно-регулирующий, стальной, размер 450-2600 мм"
271210.900.000011,"Выключатель высоковольтный, вакуумный"
281331.000.000142,Клапан для легкового автомобиля
282219.300.000072,Вал-шестерня для специальной и специализированной техники
282922.290.000002,Аппарат абразивоструйный
271231.990.000003,Шкаф серверный высота 24 U
281413.900.000101,"Клапан запорно-регулирующий, стальной, размер 50-450 мм"
281332.000.000086,"Уплотнение для дренажного насоса, механическое"
293230.990.000193,"Комплект ремонтный для легкового автомобиля, дизельного двигателя"
293230.990.000200,"Комплект ремонтный для легкового автомобиля, бензонасоса"
263023.900.000042,Модем для выделенной линии
271231.900.000004,Пульт управления светом до 5000 каналов
289261.300.000107,Шнек для экскаватора
293230.990.000229,"Комплект ремонтный для грузового автомобиля, двигателя"
273214.000.000106,"Кабель марка ВВГ, напряжение более 1 000 В"
282215.500.000091,"Электротележка с неподвижной платформой, грузоподъемность 2000 кг"
266011.190.000011,Комплекс рентгенотелевизионный переносной
279012.300.000008,"Изолятор полимерный, подвесной"
293230.990.000575,"Фильтр салонный, для автобуса"
282912.300.000011,Установка очистки масел производительность 2-5 м3/час
273313.100.000000,"Вилка электрическая, однополюсная"
282218.790.000002,"Тележка гидравлическая, грузоподъемность 501-3200 кг"
289262.000.000165,"Шнек для глиномялки, вакуумного затвора"
282912.300.000026,Аппарат для очистки воды
281332.000.000060,"Фильтр воздушный, для поршневого компрессора"
281413.900.000108,"Клапан обратный, чугунный, размер 50-100 мм"
263060.000.000063,"Кнопка тревожной сигнализации, без фиксации"
274022.900.000002,"Светильник напольный, венчающий"
271231.930.000000,Блок управления для электродвигателя
273213.500.000005,Кабель специализированный тип VGA
271223.700.000019,Контактор модульный
282530.100.000003,"Фильтр вентиляционный, для фильтрования воздуха поступающего в резервуар с водой"
271143.500.000033,"Подстанция трансформаторная комплектная мощность 630 кВА, с масляным трансформатором"
289261.500.000245,Корпус ковша для экскаватора
293230.990.000198,"Комплект ремонтный для грузового автомобиля, бензонасоса"
262015.000.000019,Блок обработки видеосигнала для системы эндоскопической визуализации
309910.000.000047,Тележка монтажная
281332.000.000051,"Фильтр масляный, для поршневого компрессора"
281413.900.000097,"Клапан балансировочный, латунный, размер 32-100 мм"
281331.000.000104,Втулка для центробежного насоса
289228.000.000000,"Отвал для бульдозера, поворотный"
273213.300.000001,Кабель специализированный для динамометра
293230.990.000516,Фильтр салонный для грузового автомобиля
271240.900.000108,Перемычка для клемм
281314.900.000042,"Станция насосная для водоснабжения, мощность 0,8 кВт, напор максимальный 42 м, Подача максимальная 3,6 м3/ч"
282912.300.000029,Кассета дренажная для системы очистки воды
281413.390.000124,"Клапан запорный, бронзовый, размер до 50 мм"
265163.700.000000,Счетчик электроэнергии индукционный
281413.390.000013,"Задвижка шиберная, чугунная, условный проход 50-450 мм"
281413.350.000003,"Вентиль игольчатый, для кислородного баллона, стальной"
281413.190.000004,"Кран регулирующий стальной, давление до 1,0 Мпа, диаметр 10-20 мм"
281413.190.000002,Клапан для регулятора давления газа
281413.530.000002,"Клапан запорный, чугунный, размер 50-450 мм"
281411.900.000022,"Клапан предохранительный, стальной, размер 50-100 мм"
281331.000.000193,Пружина для торцевого уплотнения
283093.990.000038,Вал отбора мощности для тракторной техники
281220.500.000009,Клапан для гидравлической системы
271223.700.000004,Автомат привода многофункциональный
271150.350.000001,Выпрямитель полупроводниковый
271210.530.000001,"Разъединитель высоковольтный горизонтально-поворотный, трехполюсный"
263050.900.000012,Электропривод для управления противопожарными (огнезадерживающими) клапанами
282219.300.000041,"Фильтр напорный, для специальной и специализированной техники"
273313.900.000057,"Зажим ответвительный соединительный, переходной"
262030.100.000040,Устройство контроля административного доступа для серверов и сетевых устройств
292022.930.000000,"Прицеп жилой, масса не более 750 кг"
271240.900.000043,Изолятор специализированный для высоковольтного выключателя
265153.100.000019,Газоанализатор для определения концентрации метана в воздухе
289261.500.000324,Палец для специальной и специализированной техники
265152.590.000000,Датчик загазованности для датчика метана ДМГ
282982.500.000064,"Фильтр гидравлический, для специальной и специализированной техники"
282511.300.000016,Аппарат теплообменный трубчатый
265151.700.000003,"Измеритель-регулятор универсальный для температуры, давления"
282530.700.000001,Комплект запасных частей инструментов и принадлежностей для лабораторного низкотемпературного морозильника
282512.700.000002,Комплект запасных частей инструментов и принадлежностей для системы конденсирования и вентиляции
266011.190.000016,Аппаратура рентгенографическая цифровая
271223.700.000024,"Короб кабельный, перфорированный"
263023.900.000036,Радиомодем для передачи и приема цифровой информации
289261.500.000041,Стремянка для специальной и специализированной техники
265153.100.000004,Газоанализатор для определения окиси углеводородного газа
281522.900.000005,"Вал-шестерня конический, стальной"
281332.000.000159,"Колесо для вентилятора градирни, рабочее"
263023.900.000056,"Устройство переговорное настольное, диспетчерское"
283031.300.000001,"Плуг для каменистых почв, кустарниково-болотных, ярусных, садовых, специальный"
263023.900.000008,Оборудование цифровых радиорелейных линий для беспроводной передачи данных
281413.390.000101,"Задвижка клиновая, из цветных металлов, условный проход 50-450 мм"
309910.000.000029,Телега ручная для помещения грузов
262011.100.000005,"Нетбук диагональ более 7"", но не более 12"""
271150.700.000001,"Преобразователь многопараметрический, сенсорный"
292023.300.000017,"Полуприцеп-тяжеловоз грузоподъемность более 50 т, но не более 60 т"
281413.900.000057,"Кран запорный стальной, давление условное 0-420 Мпа, проход условный 10-1400 мм, электрический"
265163.500.000002,Счетчик жидкости с механическим отсчетным устройством
292023.300.000018,Полуприцеп-тяжеловоз грузоподъемность более 60 т
263050.900.000020,Щит противопожарный
281331.000.000019,Корпус сальника для насоса
263050.900.000021,Щит противопожарный
283053.300.000003,"Пресс-подборщик для подбора валков сена, соломы, прессования их в рулоны с последующей обмоткой шпагатом, рулонный, безременный, с постоянной камерой прессования"
281332.000.000319,Ротор для насоса
289262.000.000007,Билодержатель для дробилки
289261.500.000113,Комплект навесного оборудования для экскаватора
289610.990.000005,Станок для обработки резины или пластмасс токарный
271224.500.000007,Реле напряжения электрическое электромеханическое
289240.300.000006,Дробилка щековая
281332.000.000065,"Элемент фильтрующий сепаратора, для автогазонаполнительной компрессорной станции"
281420.000.000073,Набор резиновых колец для клапана
273214.000.000029,"Провод марка АПБН, напряжение более 1 000 В"
271240.900.000045,Клапан для высоковольтного выключателя
273213.500.000000,Кабель специализированный тип SFTP
281331.000.000145,Клапан для специальной и специализированной техники
271224.500.000012,Реле тока электромеханическое
281413.700.000001,"Клапан электромагнитный запорный, стальной, размер 3-32 мм"
271231.900.000046,"Щит освещения для приема и распределения электрической энергии трехфазного переменного тока, навесной"
275125.900.000007,"Водонагреватель накопительный, тип закрытый, объем 500-1000 л"
273214.000.000014,"Кабель марка КПвПпБП, напряжение более 1 000 В"
275115.500,Кухонная вытяжка (СКПП)
281524.990.000036,"Передача гидромеханическая, с комбинированными передачами"
265163.500.000007,Счетчик жидкости турбинный
281524.900.000000,"Колесо зубчатое, цилиндрическое, прямозубое"
264032.900.000000,Регистратор речевой информации для записи
293230.990.000312,Муфта привода вентилятора для грузового автомобиля
283039.000.000000,"Аэратор газонный, бензиновый"
281413.900.000137,"Разветвление рукавное трехходовое, условный проход 70 мм"
293230.600.000006,Комплект патрубков для легкового автомобиля
283093.990.000015,Крестовина специальная для тракторной техники
265170.990.000046,"Регистратор безбумажный для сбора, визуализации, регистрации и регулирования различных параметров технологических процессов"
273311.100.000012,"Розетка штепсельная, трехместная"
271240.300.000010,Дроссель для металлогалогенных ламп
282922.900.000000,"Ствол пожарный, РС - 50, алюминиевый"
265165.000.000002,Пульт управления для турникета
293230.990.000494,Трос сцепления для легкового автомобиля
289610.300.000000,Экструдер для обработки или производства резины/пластмассы
302040.300.000384,Клапан гидравлический для автомотрисы
293230.990.000266,Крыло для легкового автомобиля
266013.000.000007,Бокс микробиологической безопасности I класс
293230.900.000027,Обмотка генератора для грузового автомобиля
275115.300.000008,"Вентилятор бытовой, потолочный"
293230.900.000105,Блок управления свечами накаливания для легкового автомобиля
283031.500.000004,"Плуг полунавесной, 6-и корпусный"
265153.900.000098,"Сенсор электрохимический для измерения концентрации диоксида серы, анализатора"
281331.000.000153,Комплект запасных частей инструментов и принадлежностей для трехплунжерного кривошипного насоса/агрегата
265165.000.000008,Виброметр цифровой
265153.900.000067,Кондуктометр портативный
262030.100.000053,Уничтожитель бумаги и дисков степень секретности 7
281211.300.000001,Гидроаккумулятор вертикальный
271240.300.000014,Панель блока обработки сигналов для подвижного состава
293230.990.000475,Стеклоомыватель для грузового автомобиля
291013.000.000012,"Двигатель внутреннего сгорания, дизельный, более 1000 л.с., 16 цилиндров"
293230.990.000309,Мотор гидравлический для специальной и специализированной техники
265152.300.000002,Датчик присутствия воды для определения отсутствия или присутствия воды в емкости
283092.000.000002,Диск для почвообрабатывающей машины
282323.900.000004,"Степлер промышленный, пневматический"
265112.150.000001,Нивелир высокоточный
271231.900.000011,"Пускатель магнитный реверсивный, номинальный ток 250-630 А"
293230.900.000100,Шарнир двери кабины для автобуса
281413.730.000005,"Кран шаровой чугунный, условное давление 0-420 Мпа, диаметр 10-1400 мм, механический"
302040.300.001145,Секция радиатора для подвижного состава
282512.500.000002,"Кондиционер прецизионный, холодопроизводительность 4,5-13,2 кВт"
271110.100.000014,"Электродвигатель постоянного тока универсальный, многофазный, мощность более 0,75 кВт, но не более 7,5 кВт"
293230.250.000086,Усилитель пневматический для грузового автомобиля
281314.900.000060,"Насос для сжиженных газов, подача до 2 600 м3/час"
293230.900.000019,Карбюратор для специального и специализированного автомобиля
289939.899.000037,"Перфоратор кумулятивный, одноразовый"
284912.900.000052,Станок для обработки дерева сверлильно-фрезерный
262030.100.000026,Уничтожитель бумаги и дисков степень секретности 2
293230.990.000589,Электродвигатель отопителя для автобуса
282112.900.000012,"Печь циклонная, обжиговая"
289261.300.000092,Каток поддерживающий для бульдозера
289240.300.000011,Мельница шаровая
279020.500.000005,Индикатор светосигнальный одноцветный
281331.000.000253,Крышка корпуса  для насоса
263023.900.000034,Консоль расширения для расширения клавиш телефона
293220.990.000023,Капот для специального и специализированного автомобиля
265153.900.000097,"Рефрактометр для измерения показателей преломления жидких и твердых веществ и массовой доли сахарозы в химически чистых растворах сахарозы в воде , лабораторный"
293220.990.000046,Ручка дверная для легкового автомобиля
281413.390.000125,"Клапан запорный, бронзовый, размер 50-450 мм"
289939.820.000000,Мешалка верхнеприводная лабораторная
265153.900.000045,Алкотестер стационарный
302040.300.000548,Комплект запасных частей инструментов и принадлежностей для кассетного подшипника подвижного состава
279020.500.000021,"Маяк проблесковый, для специальной и специализированной грузоподъемной техники"
271240.900.000019,Блок питания для оборудования ВЧ связи
265112.300.000006,"Приемник геодезический спутниковый двухчастотный, принимающий сигналы  GPS, кодово-фазовый"
271240.900.000044,Картридж для станка с числовым программным управлением
289610.990.000003,"Смеситель для резинового клея, суспензий, резиноасбестовых смесей"
265151.700.000004,Пенетрометр для определения сопротивления веществ путем измерения глубины погружения
281314.130.000001,"Насос для воды и других чистых, химически нейтральных жидкостей, горизонтальный одноступенчатый с колесом двухстороннего входа, подача 100-12500 м3/ч"
281314.900.000045,"Насос для воды и других чистых, химически нейтральных жидкостей, сетевой, подача 500-5000 м3/ч"
281314.130.000004,"Насос для воды и других чистых, химически нейтральных жидкостей, консольный одноступенчатый, подача 301-25000 м3/ч"
281314.900.000068,"Насос грунтовой, подача до 8000 м3/ч"
281311.300.000000,"Станция насосная модульная, кустовая"
281314.900.000056,"Насос для нефтепродуктов с температурой до 200°С, консольный одноступенчатый, подача до 600 м3/ч"
281314.900.000058,"Насос для нефтепродуктов с температурой до 200°С, многоступенчатый, подача 40-600 м3/ч"
281312.900.000000,"Установка дозировочная для перекачки жидкостей, возвратно-поступательная, плунжерная"
281314.900.000061,"Насос для нефтепродуктов с температурой до 400°С, консольный одноступенчатый, подача до 600 м3/ч"
281311.300.000001,"Станция насосная блочная, кустовая"
281314.900.000057,"Насос для нефтепродуктов с температурой до 200°С, двухстороннего входа, подача 200-1300 м3/ч"
281314.900.000075,"Насос для химически активных и агрессивных жидкостей, многоступенчатый секционный, подача до 650 м3/ч"
281314.900.000073,"Насос для химически активных и агрессивных жидкостей, с колесом двухстороннего входа, подача 300-2200 м3/ч"
281314.900.000062,"Насос для нефтепродуктов с температурой до 400°С, многоступенчатый, подача 65-200 м3/ч"
281314.900.000129,"Насос для химически активных и агрессивных жидкостей, консольный одноступенчатый, подача 501-25000 м3/ч"
281314.900.000059,"Насос для магистральных нефтепродуктопроводов, подача 1250-12500 м3/ч"
281314.900.000069,"Насос шламовый, подача 150-650 м3/ч"
263011.000.000016,"Радиостанция портативная (носимая), многоканальная"
283023.700.000000,"Трактор колесный, тяговый класс более 8 тс"
283051.300.000000,"Косилка с двигателем, не являющаяся навесным оборудованием к трактору"
283059.200.000000,Комбайн уборочный кормоуборочный
283059.200.000001,Комбайн уборочный зерноуборочный
283010.000.000000,"Трактор колесный, с дистанционным управлением"
283023.700.000001,"Трактор колесный, тяговый класс менее 8 тс"
289250.000.000000,"Трактор гусеничный, тяговый класс менее 8 тс"
291043.000.000001,"Автомобиль специализированный, тягач седельный, грузоподъемность более 12000 кг"
291043.000.000000,"Автомобиль специализированный, тягач седельный, грузоподъемность более 3500 кг, но не более 12000 кг"
291030.300.000000,"Автобус класс 1, вместимость не более 10 мест, длина менее 6 м"
291030.300.000001,"Автобус класс 1, вместимость не более 40 мест, длина 6-7,5 м"
291030.300.000002,"Автобус класс 1, вместимость не более 65 мест, длина 8-9,5 м"
291030.300.000003,"Автобус класс 1, вместимость не более 110 мест, длина 10,5-12 м"
291030.300.000004,"Автобус класс 1, вместимость не более 110 мест, длина 16,5 м и более"
291030.300.000005,"Автобус класс 2, вместимость не более 40 мест, длина 5-7,5 м"
291030.300.000006,"Автобус класс 2, вместимость не более 65 мест, длина 8-9,5 м"
291030.300.000007,"Автобус класс 2, вместимость не более 110 мест, длина 10,5-12 м"
291030.300.000008,"Автобус класс 2, вместимость 110 мест, длина 16,5 м"
291030.300.000009,"Автобус класс 3, вместимость не более 10 мест, длина менее 6 м"
291030.300.000010,"Автобус класс 3, вместимость не более 40 мест, длина менее 6-7,5 м"
291030.300.000011,"Автобус класс 3, вместимость не более 65 мест, длина менее 8-9,5 м"
291030.300.000012,"Автобус класс 3, вместимость не более 110 мест, длина менее 10,5-12 м"
291030.300.000013,"Автобус класс 3, вместимость более 110 мест, длина менее 16,5 м и более"
291059.999.000001,"Автомобиль грузовой, дизельный, фургон, грузоподъемность более 5, но не более 20 т"
291059.999.000087,"Автомобиль специальный, класс B-автомобиль экстренной медицинской помощи"
291059.999.000088,"Автомобиль специальный, класс C-реанимобиль"
291024.900.000006,"Автомобиль грузопассажирский, тип кузова фургон, грузоподъемность более 1000 кг, но не более 3000 кг"
291024.900.000007,"Автомобиль грузопассажирский, тип кузова фургон, грузоподъемность более 3000 кг"
291059.999.000082,"Автомобиль специализированный, автолаборатория, бактериологическая"
291059.999.000076,"Автомобиль специализированный, автолаборатория, контроля качества трубопроводов"
291059.999.000075,"Автомобиль специализированный, мастерская передвижная, ремонтное оборудование нефтепромыслов, трубопроводов, нефтесборных пунктов, станков-качалок, технологического оборудования водопроводов, канализации"
291059.999.000073,"Автомобиль специализированный, мастерская передвижная, ремонта самоходных машин и специализированных агрегатов"
291059.999.000071,"Автомобиль специализированный, мастерская передвижная, контроля нефтепродуктов"
291059.999.000070,"Автомобиль специализированный, мастерская передвижная, пожаротехническая"
291059.999.000069,"Автомобиль специализированный, мастерская передвижная, опто-волоконная"
291059.999.000068,"Автомобиль специализированный, мастерская передвижная, радиотехническая"
291059.999.000067,"Автомобиль специализированный, мастерская передвижная, метрологического контроля"
291059.999.000063,"Автомобиль специализированный, для производства геофизических исследований скважин"
291051.000.000005,"Автомобиль специализированный, кран-манипулятор, грузоподъемность более 10 т"
291051.000.000004,"Автомобиль специализированный, кран-манипулятор, грузоподъемность более 1 т, но не более 10 т"
291051.000.000003,"Автомобиль специализированный, кран-манипулятор, грузоподъемность не более 1 т"
291051.000.000002,"Автомобиль специализированный, автокран, грузоподъемность не менее 40 т, но не более 250 т"
291051.000.000001,"Автомобиль специализированный, автокран, грузоподъемность не менее 8 т, но не более 40 т"
291041.400.000002,"Автомобиль грузовой, дизельный, самосвал, грузоподъемность более 20 т, тип платформа с принудительной разгрузкой"
291041.400.000001,"Автомобиль грузовой, дизельный, самосвал, грузоподъемность более 20 т, тип платформа с опрокидывающимся кузовом"
291041.400.000000,"Автомобиль грузовой, дизельный, самосвал, грузоподъемность более 20 т, тип бункер"
291041.300.000003,"Автомобиль грузовой, дизельный, самосвал, грузоподъемность более 5 т, но не более 20 т, тип платформа с принудительной разгрузкой"
291041.300.000000,"Автомобиль грузовой, дизельный, бортовой, грузоподъемность более 12 т"
291041.100.000003,"Автомобиль грузовой, дизельный, самосвал, грузоподъемность не более 5 т, тип платформа с опрокидывающимся кузовом"
291041.100.000001,"Автомобиль грузовой, дизельный, бортовой, грузоподъемность более 3,5 т, но не более 12 т"
291024.900.000005,"Автомобиль грузопассажирский, тип кузова пикап, грузоподъемность более 3000 кг, но не более 5000 кг"
291024.900.000004,"Автомобиль легковой, специальный, для ветеринарной инспекции"
291022.300.000024,"Автомобиль легковой, класс внедорожник, механическая трансмиссия, объем до 3000 куб.см"
289229.000.000002,"Автомобиль карьерный самосвал, грузоподъемность более 40 т, но не более 70 т, способ разгрузки боковой"
289226.500.000000,"Экскаватор одноковшовый, на колесном ходу, емкость 0,1-15 м3"
291059.999.000094,"Автомобиль специальный, класс A-для транспортировки пациентов"
291059.999.000092,"Автомобиль специальный, рентгеновский стоматологический"
291059.999.000090,"Автомобиль специальный, рентгеновский маммографический"
291059.999.000086,"Автомобиль специализированный, быстрого реагирования"
291059.999.000085,"Автомобиль специальный, первой помощи"
291059.999.000084,"Автомобиль специализированный, мастерская передвижная, ремонтно-эвакуационная"
291059.999.000083,"Автомобиль специализированный, эвакуатор, грузоподъемность не более 5 т"
291059.999.000081,"Автомобиль специализированный, автолаборатория, экологическая"
291059.999.000080,"Автомобиль специализированный, автолаборатория, ветеринарная"
291059.999.000079,"Автомобиль специализированный, автолаборатория, химического радиологического анализа"
291059.999.000078,"Автомобиль специализированный, автолаборатория, обследования средств электрохимической защиты"
291059.999.000077,"Автомобиль специализированный, автолаборатория, электротехническая"
291059.999.000074,"Автомобиль специализированный, мастерская передвижная, ремонта газопровода и газораспределительных станций"
291059.999.000072,"Автомобиль специализированный, мастерская передвижная, ремонта автотракторной техники и самоходных машин"
291059.999.000062,"Автомобиль специализированный, установка бустерная, на шасси грузового автомобиля"
291059.999.000060,"Автомобиль специализированный, автолаборатория"
291059.999.000059,"Автомобиль специализированный, авиационный блок осушки"
291059.999.000057,"Автомобиль специализированный, станция газозарядная"
291059.999.000056,"Автомобиль специализированный, подогреватель унифицированный моторный"
291059.999.000055,"Автомобиль специализированный, для электростартерного запуска авиационных двигателей"
291059.999.000053,"Автомобиль специализированный, смесительно-зарядный"
291059.999.000046,"Автомобиль специализированный, вагон-столовая, на шасси грузового автомобиля"
291059.999.000042,"Автомобиль специализированный, сортаментовоз"
291059.999.000041,"Автомобиль специализированный, автопоезд-краноманипулятор"
291059.999.000036,"Автомобиль специализированный, мусоровоз, вместимость более 7 м3, но не более 10 м3"
291059.999.000034,"Автомобиль специализированный, мусоровоз, вместимость не более 3 м3"
291059.999.000032,"Автомобиль специализированный, бригадный"
291059.999.000030,"Автомобиль специализированный, агрегат для гидравлического разрыва пластов"
291059.999.000024,"Автомобиль специализированный, установка смесительная"
291059.999.000021,"Автомобиль специализированный, газодымнозащитный"
291059.999.000020,"Автомобиль специализированный, станция прожекторная"
291059.999.000018,"Автомобиль специализированный, автоцистерна, объем более 15 м3, но не более 30 м3"
291059.999.000017,"Автомобиль специализированный, автоцистерна, объем более 10 м3, но не более 15 м3"
291059.999.000014,"Автомобиль грузовой, дизельный, авторефрижератор, грузоподъемность более 5 т, но не более 20 т, охлаждение машинное с приводом от самостоятельного двигателя внутреннего сгорания"
291059.999.000013,"Автомобиль грузовой, дизельный, авторефрижератор, грузоподъемность более 5 т, но не более 20 т, охлаждение комбинированное"
291059.999.000012,"Автомобиль грузовой, дизельный, авторефрижератор, грузоподъемность более 5 т, но не более 20 т, охлаждение сжиженными газами"
291059.999.000011,"Автомобиль грузовой, дизельный, авторефрижератор, грузоподъемность более 5 т, но не более 20 т, охлаждение сухим льдом"
291059.999.000008,"Автомобиль грузовой, дизельный, авторефрижератор, грузоподъемность более 5 т, но не более 20 т, охлаждение машинное с приводом от двигателя автомобиля"
291059.999.000000,"Автомобиль грузовой, дизельный, фургон, грузоподъемность не более 5 т"
291059.991.000004,"Автомобиль специализированный, железнодорожный, для оснащения дистанций СЦБ железных дорог бригадами"
291059.991.000003,"Автомобиль специализированный, базы мобильной станции, автомобильный"
291059.991.000001,"Автомобиль специализированный, базы мобильной станции, прицепной"
291059.920.000003,"Автомобиль специализированный, автотопливозаправщик, объем более 10 м3, но не более 15 м3"
291059.900.000029,"Автомобиль специализированный, автогидроподъемник, высота стрелы более 30 м, конструкция стрелы вертикального подъема"
291059.900.000025,"Автомобиль специализированный, автогидроподъемник, высота стрелы более 30 м, конструкция стрелы локтевая (коленчатая)"
291059.900.000024,"Автомобиль специализированный, автогидроподъемник, высота стрелы более 17 м, но не более 30 м, конструкция стрелы вертикального подъема"
291059.900.000023,"Автомобиль специализированный, автогидроподъемник, высота стрелы более 17 м, но не более 30 м, конструкция стрелы рычажно-телескопическая"
291059.900.000022,"Автомобиль специализированный, автогидроподъемник, высота стрелы более 17 м, но не более 30 м, конструкция стрелы комбинированная (коленчато-телескопическая)"
291059.900.000021,"Автомобиль специализированный, автогидроподъемник, высота стрелы более 17 м, но не более 30 м, конструкция стрелы телескопическая"
291059.900.000019,"Автомобиль специализированный, автогидроподъемник, высота стрелы не более 17 м, конструкция стрелы вертикального подъема"
291059.900.000018,"Автомобиль специализированный, автогидроподъемник, высота стрелы не более 17 м, конструкция стрелы рычажно-телескопическая"
291059.900.000017,"Автомобиль специализированный, автогидроподъемник, высота стрелы не более 17 м, конструкция стрелы комбинированная (коленчато-телескопическая)"
291059.900.000016,"Автомобиль специализированный, автогидроподъемник, высота стрелы не более 17 м, конструкция стрелы телескопическая"
291059.900.000013,"Автомобиль специализированный, автобетоносмеситель, вместимость более 8 м3, но не более 10 м3"
291059.900.000011,"Автомобиль специализированный, автобетоносмеситель, вместимость более 4 м3, но не более 6 м3"
291059.900.000010,"Автомобиль специализированный, автобетоносмеситель, вместимость не более 4 м3"
291059.900.000008,"Автомобиль специализированный, коммунально-уборочный"
291059.900.000007,"Автомобиль специализированный, вакуумно-уборочный"
291059.900.000005,"Автомобиль специализированный, каналопромывочный, вместимость цистерны более 5 м3, но не более 10 м3"
291059.900.000003,"Автомобиль специализированный, поливомоечный, вместимость цистерны более 10 м3"
291059.900.000002,"Автомобиль специализированный, поливомоечный, вместимость цистерны более 5 м3, но не более 10 м3"
291059.100.000002,"Автомобиль специализированный, машина свабирующая, глубина бурения более 2000 м"
291051.000.000000,"Автомобиль специализированный, автокран, грузоподъемность не более 8 т"
291042.900.000001,"Автомобиль грузовой, бензиновый, фургон, грузоподъемность не более 5"
291041.300.000002,"Автомобиль грузовой, дизельный, самосвал, грузоподъемность более 5 т, но не более 20 т, тип платформа с опрокидывающимся кузовом"
291041.300.000001,"Автомобиль грузовой, дизельный, самосвал, грузоподъемность более 5 т, но не более 20 т, тип бункер"
291041.100.000004,"Автомобиль грузовой, дизельный, самосвал, грузоподъемность не более 5 т, тип платформа с принудительной разгрузкой"
291041.100.000002,"Автомобиль грузовой, дизельный, самосвал, грузоподъемность не более 5 т, тип бункер"
291041.100.000000,"Автомобиль грузовой, дизельный, бортовой, грузоподъемность не более 3,5 т"
291022.300.000016,"Автомобиль легковой, класс В, механическая трансмиссия, объем до 2000 куб.см"
291022.300.000019,"Автомобиль легковой, класс С, автоматическая трансмиссия, объем до 2000 куб.см"
291022.300.000017,"Автомобиль легковой, класс В, автоматическая трансмиссия, объем до 2000 куб.см"
291022.300.000020,"Автомобиль легковой, класс D, автоматическая трансмиссия, объем до 2500 куб.см"
291022.300.000013,"Автомобиль легковой, класс внедорожник, автоматическая трансмиссия, свыше 3000 куб.см"
291022.300.000025,"Автомобиль легковой, класс внедорожник, автоматическая трансмиссия, объем до 3000 куб.см"
291024.300.000000,"Автомобиль легковой, класс С, с электродвигателем"
291022.300.000021,"Автомобиль легковой, класс D, механическая трансмиссия, объем до 2500 куб.см"
291022.300.000023,"Автомобиль легковой, класс F, автоматическая трансмиссия, объем свыше 3000 куб.см"
291022.300.000018,"Автомобиль легковой, класс С, механическая трансмиссия, объем до 2000 куб.см"
291022.300.000015,"Автомобиль легковой, класс минивэн"
291059.999.000016,"Автомобиль специализированный, автоцистерна, объем более 3 м3, но не более 10 м3"
291059.920.000000,"Автомобиль специализированный, автотопливозаправщик, объем более 15 м3, но не более 30 м3"
291059.920.000002,"Автомобиль специализированный, автотопливозаправщик, объем более 3 м3, но не более 10 м3"
291059.900.000001,"Автомобиль специализированный, поливомоечный, вместимость цистерны не более 5 м3"
282960.500.000003,Битумоварка дизельная
291059.991.000002,"Автомобиль специализированный, базы мобильной станции, контейнерный"
291044.000.000000,"Шасси самоходный, грузоподъемность не более 10 т"
291044.000.000001,"Шасси самоходный, грузоподъемность более 10 т, но не более 50 т"
291059.999.000093,"Автомобиль специальный, дезинфекционно-душевой"
291059.999.000091,"Автомобиль специальный, рентгеновский флюорографический"
291059.999.000089,"Автомобиль специальный, санитарный"
291059.999.000061,"Автомобиль специализированный, цементировочный"
291059.999.000058,"Автомобиль специализированный, станция кислородоазотодобывающая"
291059.999.000054,"Автомобиль специализированный, для противообледенительной обработки воздушных судов"
291059.999.000052,"Автомобиль специализированный, установка дезинфекционная"
291059.999.000051,"Автомобиль специализированный, аэродромный нарезчик швов"
291059.999.000050,"Автомобиль специализированный, аэродромный заливщик швов"
291059.999.000049,"Автомобиль специализированный, мастерская передвижная"
291059.999.000048,"Автомобиль специализированный, вагон-жилой дом, на шасси грузового автомобиля"
291059.999.000047,"Автомобиль специализированный, вагон-жилой дом, на шасси легкового автомобиля"
291059.999.000045,"Автомобиль специализированный, вагон-столовая, на шасси легкового автомобиля"
291059.999.000044,"Автомобиль специализированный, для перевозки взрывчатых веществ"
291059.999.000043,"Автомобиль специализированный, автомобиль-котел"
291059.999.000040,"Автомобиль специализированный, автопоезд-трубоплетевоз"
291059.999.000039,"Автомобиль специализированный, автопоезд-трубовоз"
291059.999.000038,"Автомобиль специализированный, для перевозки опасных отходов"
291059.999.000037,"Автомобиль специализированный, мусоровоз, вместимость более 10 м3, но не более 15 м3"
291059.999.000035,"Автомобиль специализированный, мусоровоз, вместимость более 3 м3, но не более 7 м3"
291059.999.000033,"Автомобиль специализированный, ассенизаторский"
291059.999.000031,"Автомобиль специализированный, агрегат для нагрева и нагнетания горячей нефти в скважине"
291059.999.000029,"Автомобиль специализированный, агрегат для подогрева трубопроводов"
291059.999.000028,"Автомобиль специализированный, установка для термической обработки сварных швов"
291059.999.000027,"Автомобиль специализированный, агрегат для обвязки насосных установок с устьем скважины"
291059.999.000026,"Автомобиль специализированный, агрегат для перевозки нефтепромыслового оборудования"
291059.999.000025,"Автомобиль специализированный, станция компрессорная передвижная"
291059.999.000023,"Автомобиль специализированный, установка парооборазующая"
291059.999.000022,"Автомобиль специализированный, установка насосная"
291059.999.000015,"Автомобиль специализированный, автоцистерна, объем не более 3 м3"
291059.999.000010,"Автомобиль грузовой, дизельный, авторефрижератор, грузоподъемность более 5 т, но не более 20 т, охлаждение аккумуляторное"
291059.999.000009,"Автомобиль грузовой, дизельный, авторефрижератор, грузоподъемность более 5 т, но не более 20 т, охлаждение машинное с электроприводом от собственной дизель-генераторной установки"
291059.999.000007,"Автомобиль грузовой, бензиновый, авторефрижератор, грузоподъемность более 5 т, но не более 20 т, охлаждение комбинированное"
291059.999.000006,"Автомобиль грузовой, бензиновый, авторефрижератор, грузоподъемность более 5 т, но не более 20 т, охлаждение сжиженными газами"
291059.999.000005,"Автомобиль грузовой, бензиновый, авторефрижератор, грузоподъемность более 5 т, но не более 20 т, охлаждение сухим льдом"
291059.999.000004,"Автомобиль грузовой, бензиновый, авторефрижератор, грузоподъемность более 5 т, но не более 20 т, охлаждение аккумуляторное"
291059.999.000003,"Автомобиль грузовой, бензиновый, авторефрижератор, грузоподъемность более 5 т, но не более 20 т, охлаждение машинное с электроприводом от собственной дизель-генераторной установки"
291059.999.000002,"Автомобиль грузовой, бензиновый, авторефрижератор, грузоподъемность более 5 т, но не более 20 т, охлаждение машинное с приводом от двигателя автомобиля"
291059.991.000000,"Автомобиль специализированный, технической помощи"
291059.920.000001,"Автомобиль специализированный, автотопливозаправщик, объем не более 3 м3"
291059.900.000028,"Автомобиль специализированный, автогидроподъемник, высота стрелы более 30 м, конструкция стрелы рычажно-телескопическая"
291059.900.000027,"Автомобиль специализированный, автогидроподъемник, высота стрелы более 30 м, конструкция стрелы комбинированная (коленчато-телескопическая)"
291059.900.000026,"Автомобиль специализированный, автогидроподъемник, высота стрелы более 30 м, конструкция стрелы телескопическая"
291059.900.000020,"Автомобиль специализированный, автогидроподъемник, высота стрелы более 17 м, но не более 30 м, конструкция стрелы локтевая (коленчатая)"
291059.900.000015,"Автомобиль специализированный, автогидроподъемник, высота стрелы не более 17 м, конструкция стрелы локтевая (коленчатая)"
291059.900.000014,"Автомобиль специализированный, автобетоносмеситель, вместимость более 10 м3"
291059.900.000012,"Автомобиль специализированный, автобетоносмеситель, вместимость более 6 м3, но не более 8 м3"
291059.900.000006,"Автомобиль специализированный, азотно-компрессорный"
291024.900.000008,"Автомобиль грузопассажирский, тип кузова пикап, грузоподъемность не более 1000 кг"
291024.900.000009,"Автомобиль грузопассажирский, тип кузова фургон, грузоподъемность не более 1000 кг"
291024.900.000003,"Автомобиль легковой, специальный, для аэродромных работ"
291024.900.000002,"Автомобиль легковой, специальный, инкассаторский"
291024.900.000001,"Автомобиль легковой, специальный, автолавка"
291024.900.000000,"Автомобиль легковой, специальный, для ритуальных услуг"
289230.900.000003,Машина многоцелевая коммунально-строительная
289230.300.000000,Машина снегоуборочная роторная
289229.000.000003,"Автомобиль карьерный самосвал, грузоподъемность более 40 т, но не более 70 т, способ разгрузки задний"
289229.000.000001,"Автомобиль карьерный самосвал, грузоподъемность более 10 т, но не более 400 т, способ разгрузки задний"
289229.000.000000,"Автомобиль карьерный самосвал, грузоподъемность более 10 т, но не более 400 т, способ разгрузки боковой"
289223.000.000000,"Машина грунторезная баровая, на базе колесного трактора"
289222.000.000004,Экскаватор-планировщик на базе автомобиля
291042.900.000000,"Автомобиль специальный, дизельный, фургон, грузоподъемность не более 5, инкассаторский"
291059.999.000065,"Автомобиль специализированный, учебный, на базе фургона"
291042.900.000002,"Автомобиль специальный, бензиновый, фургон, грузоподъемность не более 5, инкассаторский"
291022.300.000012,"Автомобиль легковой, класс внедорожник, механическая трансмиссия, свыше 3000 куб.см"
291022.300.000014,"Автомобиль легковой, класс спортивный"
291059.999.000019,"Автомобиль специализированный, автоцистерна, объем более 30 м3"
291059.920.000004,"Автомобиль специализированный, автотопливозаправщик, объем более 30 м3"
291059.999.000066,"Автомобиль специализированный, мастерская передвижная, электротехнических работ"
291059.900.000009,"Автомобиль специализированный, метео-радиотехнический"
291042.900.000003,"Автомобиль грузовой, бензиновый, бортовой, грузоподъемность не более 3,5 т"
291059.999.000064,"Автомобиль специализированный, уборочный"
291059.991.000005,"Автомобиль специализированный, железнодорожный, для транспортировки аппаратуры СЦБ к местам ее плановой замены"
291059.999.000095,"Автомобиль специализированный, мусоровоз, вместимость более 15 м3, но не более 23 м3"
291024.900.000011,"Автомобиль грузопассажирский, тип кузова пикап, грузоподъемность 1000-3000 кг"
291024.300.000001,"Автомобиль легковой, специальный, полицейский"
291059.300.000007,"Автомобиль специальный, пожарный, автоцистерна"
291059.300.000005,"Автомобиль специальный, пожарный, насосная станция"
291059.300.000002,"Автомобиль специальный, автолестница пожарная, высота подъема лестницы более 30 м"
291059.300.000004,"Автомобиль специальный, пожарный, связи и освещения"
291059.100.000000,"Автомобиль специализированный, установка буровая, глубина бурения не более 2000 м"
281211.800.000001,Установка для прокачки скважин передвижная
289222.000.000002,"Автогрейдер тип средний, мощность 121-160 л.с"
291059.300.000008,"Автомобиль специальный, пожарно-техническая, автолаборатория"
291059.300.000006,"Автомобиль специальный, пожарный, штабной"
291059.100.000004,"Автомобиль специализированный, установка буровая, глубина бурения более 10000 м"
291059.100.000003,"Автомобиль специализированный, установка буровая, глубина бурения более 5000 м, но не более 10000 м"
291059.100.000001,"Автомобиль специализированный, установка буровая, глубина бурения более 2000 м, но не более 5000 м"
291059.300.000003,"Автомобиль специальный, пожарный, рукавный"
291059.300.000001,"Автомобиль специальный, автолестница пожарная, высота подъема лестницы более 20 м, но не более 30 м"
291059.300.000000,"Автомобиль специальный, автолестница пожарная, высота подъема лестницы не более 20 м"
202014.300.000000,"Средство дезинфицирующее на основе этанола, 2-пропанола, 1-пропанола, хлорид цетримония"
202014.300.000003,Средство дезинфицирующее для повышения уровня рН воды
202014.300.000004,Средство дезинфицирующее на основе амония
202014.300.000005,Средство дезинфицирующее содержащие полихлорида алюминия
202014.900.000004,"Средство дезинфицирующее 55% перкарбонат натрия, 1,5% алкилдемитилбензиламмоний хлорид"
202014.900.000005,Средство дезинфицирующее на основе глутарового альдегида
202014.900.000006,"Средство дезинфицирующее надуксусная кислота 15- 20%, перекись водорода 1-15%, стабилизатор, катализатор, вода, жидкость"
202014.900.000007,Средство дезинфицирующее на основе крезола
202014.900.000009,Средство дезинфицирующее на основе молочной кислоты
202014.900.000010,Средство дезинфицирующее на основе натриевой соли дихлоризоциануровой кислот
202014.900.000013,Средство дезинфицирующее на основе полихлоросульфат алюминия
202014.900.000014,Средство дезинфицирующее на основе соединений альдегидов и четвертично аммониевых соединений
202014.900.000015,Средство дезинфицирующее на основе трихлоризоциануровой кислоты
202014.900.000016,Средство дезинфицирующее на спиртовой основе
202014.900.000019,Средство дезинфицирующее на основе ортофталевого альдегида
202014.900.000020,Средство дезинфицирующее на основе перекиси водорода
202014.900.000021,Средство дезинфицирующее на основе гликолевой кислоты
202014.900.000022,Средство дезинфицирующее на основе хлорита натрия образующий газ диоксида хлора
203012.500.000001,Лак акриловый
203011.500.000000,Лак полиакриловой
203011.900.000000,Краска акриловая
203011.900.000001,Краска водно-дисперсионная
203011.900.000007,Краска кремнийорганическая
203012.200.000001,Краска антикоррозионная
203012.200.000004,Краска полиэфирная
203012.500.000000,Краска полиакрил- поливинилная
203012.550.000000,Краска полиакриловая
203022.100.000000,Краска алкидная
203022.100.000001,Краска масляная
203022.100.000006,Краска акрилатная
203012.550.000001,Краска/эмаль
203012.900.000002,Краска/эмаль
203022.100.000007,Грунтовка двухкомпонентная
203022.100.000008,Грунтовка минеральная
203022.100.000011,Грунтовка синтетическая
203022.100.000012,Грунтовка акриловая
203022.100.000013,Грунтовка ингибиторная
203011.950.000000,Мастика клеящая акриловая
203022.539.000000,"Мастика герметизирующая, бутилкаучуковая, для антикоррозийной изоляции труб"
203022.550.000006,Шпатлевка акриловая
204131.500.000000,"Мыло хозяйственное, жидкое"
204131.900.000000,"Мыло туалетное, жидкое"
204131.900.000001,"Мыло туалетное, твердое"
202014.900.000001,"Мыло медицинское, антисептическое, жидкое"
204131.950.000000,"Мыло хозяйственное, твердое"
204132.740.000000,"Средство моющее для автомобиля, аэрозоль"
204132.740.000001,"Средство моющее для автомобиля, жидкость"
204132.750.000000,"Средство моющее для мытья стекол и зеркальных поверхностей, жидкость"
204132.500.000000,"Средство моющее для стирки изделий из шерстяных и деликатных тканей, жидкость"
204132.570.000000,"Средство моющее для мытья посуды, гель"
204132.570.000001,"Средство моющее для посудомоечной машины, в таблетках"
204132.570.000002,"Средство моющее для посудомоечной машины, порошок"
204132.570.000003,"Средство моющее для мытья посуды, порошок"
204120.900.000002,"Средство моющее для ополаскивания белья, жидкость"
204132.570.000004,"Средство моющее для мытья посуды, жидкость"
204132.590.000006,"Средство моющее для чистки ванн и раковин, порошок"
204132.590.000007,"Средство моющее для чистки ванн и раковин, гель"
204132.590.000008,"Средство моющее для мытья полов, жидкость"
204132.590.000009,"Средство моющее для мытья полов, порошок"
204132.590.000010,"Средство моющее для поломоечной машины, жидкость"
204132.590.000011,"Средство моющее для чистки мебели, гель"
204132.590.000012,"Средство моющее для наружной обмывки подвижного состава, жидкость"
204132.590.000013,"Средство моющее для металлических поверхностей, жидкость"
204132.590.000014,"Средство моющее для обезжиривания кислородных баллонов, жидкость"
204132.590.000015,"Средство моющее для чистки труб, жидкость"
204132.590.000016,"Средство моющее для выведения пятен, жидкость"
204132.590.000017,"Средство моющее для изделий медицинского назначения, жидкость"
204132.590.000018,"Средство моющее для любых видов поверхностей, порошок"
204132.590.000019,"Средство моющее для чистки и полировки деревянных поверхности, шампунь"
204132.590.000020,"Средство моющее для удаления загрязнений нефтяного происхождения, жидкость"
204132.590.000021,"Средство моющее для проведения химических очисток различного оборудования, жидкость"
204132.590.000022,"Средство моющее для удаления окисных, известковых, карбонатных отложений с поверхностей, жидкость"
204132.590.000023,"Средство моющее для удаления окисных, известковых, карбонатных отложений, жидкость"
204132.590.000024,"Средство моющее для любых видов поверхностей, жидкость"
204132.590.000026,"Средство моющее для любых видов поверхностей, в таблетках"
204132.590.000029,"Средство моющее для чистки канализации, порошок"
204132.590.000030,"Средство моющее для очистки стальных и чугунных промышленных котлов, жидкость"
204132.590.000031,"Средство моющее для стирки изделий из натуральных и смешанных тканей, жидкость"
204132.590.000002,"Концентрат щелочной для общей чистки после промывки моющим средством, нейтрализующий раствор"
204132.590.000032,"Порошок  стиральный, для изделий из различных тканей"
204132.790.000001,"Средство чистящее для дезинфекции поверхностей, порошкообразное"
204132.790.000002,"Средство чистящее для металлических поверхностей, порошкообразное"
204132.790.000005,Средство чистящее для мытья ковровых изделий
204132.790.000006,"Средство чистящее для очистки водной линии с кафеля, плитки, пленки бассейна, жидкость"
204132.790.000007,"Средство чистящее для очистки и дезинфекции, плесени, грибков, пятен, бактерии"
204132.790.000008,"Средство чистящее для очистки канализационных стоков и выгребных ям, в таблетках"
204132.790.000009,"Средство чистящее для очистки канализационных стоков и выгребных ям, порошок"
204132.790.000010,"Средство чистящее для чистки ванн и раковин, порошкообразное"
204132.790.000011,"Средство чистящее для очистки канализационных стоков и выгребных ям, жидкость"
204219.100.000000,Гель для душа
204215.900.000000,"Гель косметологический/дерматологический, стерильный, на основе гиалуроновой кислоты"
204216.300.000000,"Шампунь для волос, в одноразовой упаковке, в одноразовой упаковке"
204216.300.000001,"Шампунь для волос, в пластиковой упаковке"
205942.900.000002,Ингибитор для предотвращения образования смол в карбюраторе или во входном канале
205942.900.000003,Ингибитор против солеотложений
205942.900.000024,Ингибитор нитрификации
205959.200.000000,Ингибитор коррозии
205959.600.000002,Ингибитор для предотвращения коксования сырья
205959.600.000004,Ингибитор для предотвращения отложения осадков
221960.300.010000,"Перчатки одноразовые, латексные, стерильные"
221960.300.010002,"Перчатки одноразовые, нитриловые стерильные"
222121.500.010000,"Труба водосточная поливинилхлоридная, диаметр 51-100 мм"
222121.500.010004,"Труба для внутренней канализации поливинилхлоридная, диаметр 51-100 мм"
222121.500.010019,"Труба для водоснабжения металлопластиковая, диаметр 10-50 мм"
222121.530.010031,"Труба для водоснабжения полипропиленовая, диаметр 10-50 мм"
222121.530.010032,"Труба для водоснабжения полипропиленовая, диаметр 51-100 мм"
222121.530.010063,"Труба для водоснабжения полиэтиленовая, диаметр 10-50 мм"
222121.530.010065,"Труба для водоснабжения полиэтиленовая, диаметр 101-150 мм"
222121.530.010066,"Труба для водоснабжения полиэтиленовая, диаметр 151-200 мм"
222121.530.010067,"Труба для водоснабжения полиэтиленовая, диаметр 201-250 мм"
222121.530.010069,"Труба для водоснабжения полиэтиленовая, диаметр 301-350 мм"
222121.550.010011,"Труба для наружной канализации полипропиленовая, диаметр 351-400 мм"
222121.570.010000,"Труба для наружной канализации поливинилхлоридная, диаметр 10-50 мм"
222130.100.000020,"Пленка полипропиленовая, прозрачная"
222130.100.000027,"Пленка полиэтиленовая, пищевая"
222130.100.000030,"Пленка полиэтиленовая, прозрачная"
222130.100.000032,"Пленка полиэтиленовая, складская"
222130.100.000048,"Пленка полиэтиленовая, высокого давления"
222211.300.000000,"Пакет мусорный, полиэтиленовый"
222211.900.000002,"Мешок для мусора, полиэтиленовый"
222211.900.000003,"Мешок технический, полиэтиленовый"
222212.900.000002,"Мешок продуктовый, полипропиленовый"
222212.900.000003,"Мешок для хранения, транспортировки сыпучих грузов, полипропиленовый"
222213.000.000000,"Урна мусорная уличная, пластиковая"
222213.000.000002,"Урна мусорная на колесиках, пластиковая"
222213.000.000003,"Урна мусорная офисная, пластиковая"
222213.000.000012,"Евроконтейнер мусорный, пластиковый"
222213.000.000015,"Контейнер мусорный, пластиковый"
222213.000.000016,"Контейнер хозяйственный, пластмассовый"
222213.000.000019,"Контейнер пищевой, пластиковый"
222312.900.000017,"Бачок смывной, пластиковый, высокорасполагаемый"
222312.900.000018,"Бачок смывной, пластиковый, среднерасполагаемый"
222313.700.000004,"Бак для воды, из пластика, объем 500-1000 л"
222313.700.000005,"Бак для воды, из пластика, объем 20-500 л"
222313.700.000006,"Бак для воды, из пластика, объем 1000-5000 л"
222923.200.000010,Набор посуды из пластмассы
222923.700.000003,Вешалка-плечики из пластика
222923.700.000009,"Ведро из пластика, объем 0,4-7 л"
222923.700.000010,"Ведро из пластика, объем 7-15 л"
222923.700.000011,"Ведро из пластика, объем более 15 л"
222923.700.000013,"Горшок детский, из пластика"
222923.700.000015,Мыльница из пластика
222923.790.000001,"Набор посуды из смешанного материала, одноразовый"
222929.900.000226,"Бак для сбора и хранения медицинских отходов, пластиковый"
222929.900.000235,"Контейнер для сбора и утилизации медицинских отходов,  пластиковый"
201533.000.000006,"Нитрат аммония (селитра аммиачная) марка Б, сорт 1, ГОСТ 2-2013"
201510.770.000008,"Аммиак безводный, марка Ак, ГОСТ 6221-90"
201341.130.000004,"Сульфат аммония гранулированный, ГОСТ 9097-82"
201574.000.000003,"Аммофос марка Б, сорт высший, ГОСТ 18918-85"
244413.500.000000,Слиток медный
244413.510.000000,Латунь марка ЛС-59
244413.520.000038,Слиток из оловянной бронзы
244413.590.000000,"Сплав Деварда, порошок"
244413.700.000023,Лигатура медь-никель
244423.100.000001,"Проволока латунная, холоднодеформированная, диаметр до 2 мм"
244423.100.000002,"Проволока латунная, холоднодеформированная, диаметр 3-4 мм"
244423.100.000003,"Проволока латунная, холоднодеформированная, диаметр свыше 5 мм"
244423.100.000004,"Проволока латунная, холоднодеформированная, диаметр до 5 мм"
244423.100.000005,"Проволока латунная, холоднодеформированная, диаметр свыше 6 мм"
244423.200.000000,"Проволока медная, крешерная, диаметр 3 мм"
244423.200.000001,"Проволока медная, крешерная, диаметр 4 мм"
244423.200.000002,"Проволока медная, крешерная, диаметр 5 мм"
244422.110.000000,"Круг медный, марка М1, диаметр до 10 мм, тянутый"
244422.110.000001,"Круг медный, марка М1, диаметр 11-50 мм, тянутый"
244422.110.000008,"Круг медный, марка М3р, диаметр до 10 мм, тянутый"
244422.110.000009,"Круг медный, марка М3р, диаметр 11-50 мм, тянутый"
244422.110.000010,"Круг медный, марка М2, диаметр до 10 мм, тянутый"
244422.210.000000,"Круг латунный, марка Л63, диаметр 3-50 мм, тянутый"
244422.210.000003,"Круг латунный, марка ЛС 59-1, диаметр 3-50 мм, тянутый"
244422.240.000020,Пруток оловянно бронзовый
244424.100.000000,"Лента медная марка М1, толщина до 6 мм"
244424.100.000003,"Лента медная марка М2, толщина 0,04-1,86 мм"
244424.100.000004,"Лист медный марка М1, толщина 0,05-12 мм"
244424.100.000005,"Лист медный марка М1, толщина 3-25 мм"
244424.100.000010,"Лист медный марка М2, толщина 0,05-12 мм"
244424.100.000011,"Лист медный марка М2, толщина 3-25 мм"
244424.100.000014,"Лист медный марка М3, толщина 0,05-12 мм"
244424.100.000015,"Лист медный марка М3, толщина 3-25 мм"
244424.200.000000,"Лента латунная марка Л90, толщина до 4 мм"
244424.200.000004,"Лента латунная марка Л68, толщина до 4 мм"
244424.200.000005,"Лента латунная марка Л63, толщина до 4 мм"
244424.200.000006,"Лента латунная марка ЛО90-1, толщина до 4 мм"
244424.200.000007,"Лента латунная марка ЛМц58-2, толщина до 4 мм"
244424.200.000008,"Лента латунная марка Л68, толщина 0,04-0,68 мм"
244424.200.000009,"Лист латунный марка Л90, толщина 0,05-12 мм"
244424.200.000010,"Лист латунный марка Л90, толщина 12-25 мм"
244424.200.000017,"Лист латунный марка Л68, толщина 0,05-12 мм"
244424.200.000018,"Лист латунный марка Л68, толщина 12-25 мм"
244424.200.000019,"Лист латунный марка Л63, толщина 0,05-12 мм"
244424.200.000020,"Лист латунный марка Л63, толщина 12-25 мм"
244424.200.000021,"Лист латунный марка ЛО90-1, толщина 0,05-12 мм"
244424.200.000022,"Лист латунный марка ЛО90-1, толщина 12-25 мм"
244424.200.000023,"Лист латунный марка ЛМц58-2, толщина 0,05-12 мм"
244424.200.000024,"Лист латунный марка ЛМц58-2, толщина 12-25 мм"
244424.200.000025,"Лист латунный марка ЛС59-1, толщина 0,05-12 мм"
244424.200.000026,"Лист латунный марка ЛС59-1, толщина 12-25 мм"
244424.200.000029,"Полоса латунная марка Л68, толщина 8,1-12 мм"
244424.200.000030,"Полоса латунная марка Л63, толщина 8,1-12 мм"
244424.200.000031,"Полоса латунная марка ЛО90-1, толщина 8,1-12 мм"
244424.200.000032,"Полоса латунная марка ЛМц58-2, толщина 8,1-12 мм"
244424.200.000033,"Полоса латунная марка Л90, толщина до 2 мм"
244424.200.000037,"Полоса латунная марка Л68, толщина до 2 мм"
244424.200.000038,"Полоса латунная марка Л63, толщина до 2 мм"
244424.200.000039,"Полоса латунная марка ЛО90-1, толщина до 2 мм"
244424.200.000040,"Полоса латунная марка ЛМц58-2, толщина до 2 мм"
244424.200.000043,"Полоса латунная марка Л68, толщина 2,1-4 мм"
244424.200.000044,"Полоса латунная марка Л63, толщина 2,1-4 мм"
244424.200.000045,"Полоса латунная марка ЛО90-1, толщина 2,1-4 мм"
244424.200.000046,"Полоса латунная марка ЛМц58-2, толщина 2,1-4 мм"
244424.200.000049,"Полоса латунная марка Л68, толщина 4,1-8 мм"
244424.200.000050,"Полоса латунная марка Л63, толщина 4,1-8 мм"
244424.200.000051,"Полоса латунная марка ЛО90-1, толщина 4,1-8 мм"
244424.200.000052,"Полоса латунная марка ЛМц58-2, толщина 4,1-8 мм"
244424.400.000000,"Лента мельхиоровая марка МН19, толщина 0,28-0,5 мм"
241051.900.000004,"Профиль стальной листовой для настила перекрытий, высота 20-40 мм"
242034.000.010001,"Труба электросварная стальная, размер А 8 мм, В 4 мм, овальная"
242034.000.010002,"Труба электросварная стальная, размер А 9 мм, В 3 мм, овальная"
242034.000.010004,"Труба электросварная стальная, размер А 10 мм, В 7 мм, овальная"
242040.100,"Фитинги для труб стальные, не литые"
242040.500,"Фитинги для труб стальные, не литые"
242040.700,"Фитинги для труб стальные, не литые"
242040.100.000012,"Переводник для бурильных колонн стальной, переходной, резьбовое упорное соединение типа Reg"
242040.100.000013,"Переводник для насосно-компрессорных труб стальной, тип П"
242040.100.000014,"Переводник для насосно-компрессорных труб стальной, тип Пг"
242040.803,Фланец
242040.863,Фланец
242040.981,Фланец
242040.984,Фланец
242040.986,Фланец
242040.988,Фланец
243311.322,"Профиль стальной (направляющие, потолочный, опорный, шляпный)"
243311.328,"Профиль стальной (направляющие, потолочный, опорный, шляпный)"
243311.333,"Профиль стальной (направляющие, потолочный, опорный, шляпный)"
243330.900.000014,"Панель из стальной конструкции с утеплителем из минеральной ваты, тип СТН, толщина до 100 мм"
243330.926,Сэндвич-панель
243330.974,Сэндвич-панель
241075.200.000003,"Подкладка для костыльного скрепления, тип ДН6-65"
241075.200.000004,"Подкладка для костыльного скрепления, тип СД65"
243411.300,Проволока (сталь)
243411.310,Проволока (сталь)
243411.320,Проволока (сталь)
243411.700,Проволока (сталь)
243412.200.000001,"Проволока из прецизионных сплавов, холоднотянутая, диаметр 7,1-7,5 мм"
243412.200.000005,"Проволока из прецизионных сплавов, холоднотянутая, диаметр 1,3-1,8 мм"
242012.100,"Стальные бесшовные трубы для нефтегазового сектора (нефтегазопроводные, насосно-компрессорные, для геологоразведочного бурения)"
242012.202,"Стальные бесшовные трубы для нефтегазового сектора (нефтегазопроводные, насосно-компрессорные, для геологоразведочного бурения)"
242012.210,"Стальные бесшовные трубы для нефтегазового сектора (нефтегазопроводные, насосно-компрессорные, для геологоразведочного бурения)"
242012.227,"Стальные бесшовные трубы для нефтегазового сектора (нефтегазопроводные, насосно-компрессорные, для геологоразведочного бурения)"
242012.243,"Стальные бесшовные трубы для нефтегазового сектора (нефтегазопроводные, насосно-компрессорные, для геологоразведочного бурения)"
242012.245,"Стальные бесшовные трубы для нефтегазового сектора (нефтегазопроводные, насосно-компрессорные, для геологоразведочного бурения)"
242012.247,"Стальные бесшовные трубы для нефтегазового сектора (нефтегазопроводные, насосно-компрессорные, для геологоразведочного бурения)"
241071.000.000004,"Швеллер стальной, горячекатаный, с уклоном внутренних граней полок, номер швеллера 16"
241071.000.000005,"Швеллер стальной, горячекатаный, с уклоном внутренних граней полок, номер швеллера 14"
241071.000.000006,"Швеллер стальной, горячекатаный, с уклоном внутренних граней полок, номер швеллера 10"
241071.000.000018,"Швеллер стальной, горячекатаный, с уклоном внутренних граней полок, номер швеллера 12"
241071.000.000019,"Швеллер стальной, горячекатаный, с уклоном внутренних граней полок, номер швеллера 8"
241019.62,Стальная строительная арматура
259311.330,Трос
259313.190,Металлическая сетка
259313.900,
241071.000.000035,из пенополиуретана с полиэтиленовой оболочкой ПЭ-100
241071.000.000037,"Уголок стальной, равнополочный, горячекатаный, ширина 50 мм"
241071.000.000039,"Уголок стальной, равнополочный, горячекатаный, ширина 63 мм"
241071.000.000041,"Уголок стальной, равнополочный, горячекатаный, ширина 75 мм"
241071.000.000043,"Уголок стальной, равнополочный, горячекатаный, ширина 90 мм"
241071.000.000044,"Уголок стальной, равнополочный, горячекатаный, ширина 100 мм"
242021.100.000118,"Труба для магистральных газонефтепроводов, стальная,  диаметр 820 мм, толщина стенки 11 мм, сварная, спиральношовная, класс прочности К 38-52, ГОСТ 20295-85"
242021.100.000122,"Труба для магистральных газонефтепроводов, стальная,  диаметр 1220 мм, толщина стенки 10 мм, сварная, спиральношовная, класс прочности К 38-60, ГОСТ 20295-85"
242021.100.000127,"Труба для магистральных газонефтепроводов, стальная,  диаметр 1020 мм, толщина стенки 9 мм, сварная, спиральношовная, класс прочности К 42-60, ГОСТ 20295-85"
242021.100.000128,"Труба для магистральных газонефтепроводов, стальная,  диаметр 1020 мм, толщина стенки 10 мм, сварная, спиральношовная, класс прочности К 42-60, ГОСТ 20295-85"
242021.100.000129,"Труба для магистральных газонефтепроводов, стальная,  диаметр 1020 мм, толщина стенки 11 мм, сварная, спиральношовная, класс прочности К 42-60, ГОСТ 20295-85"
242021.100.000130,"Труба для магистральных газонефтепроводов, стальная,  диаметр 1020 мм, толщина стенки 12 мм, сварная, спиральношовная, класс прочности К 42-60, ГОСТ 20295-85"
242021.100.000139,"Труба для магистральных газонефтепроводов, стальная,  диаметр 1220 мм, толщина стенки 11 мм, сварная, спиральношовная, класс прочности К 38-60, ГОСТ 20295-85"
242021.100.000140,"Труба для магистральных газонефтепроводов, стальная,  диаметр 1220 мм, толщина стенки 12 мм, сварная, спиральношовная, класс прочности К 38-60, ГОСТ 20295-85"
242021.100.000141,"Труба для магистральных газонефтепроводов, стальная,  диаметр 1420 мм, толщина стенки 12 мм, сварная, спиральношовная, класс прочности К 38-55, ГОСТ 20295-85"
242021.100.000143,"Трубы для магистральных газонефтепроводов, стальная,  диаметр 1420 мм, толщина стенки 14 мм, сварная, спиральношовная, класс прочности К 38-60, ГОСТ 20295-85"
242013.900.010048,"Труба магистральных газонефтепроводов, нефтепродуктопроводов стальная, диаметр 501-550 мм"
242013.900.010050,"Труба магистральных газонефтепроводов, нефтепродуктопроводов стальная, диаметр 601-650 мм"
242013.900.010052,"Труба магистральных газонефтепроводов, нефтепродуктопроводов стальная, диаметр 701-750 мм"
242013.900.010054,"Труба магистральных газонефтепроводов, нефтепродуктопроводов стальная, диаметр 801-850 мм"
242013.900.010058,"Труба магистральных газонефтепроводов, нефтепродуктопроводов стальная, диаметр 1001-1050 мм"
242013.900.010062,"Труба магистральных газонефтепроводов, нефтепродуктопроводов стальная, диаметр 1201-1250 мм"
242013.900.010087,"Труба электросварная стальная, диаметр 501-550 мм"
242013.900.010089,"Труба электросварная стальная, диаметр 601-650 мм"
242013.900.010091,"Труба электросварная стальная, диаметр 701-750 мм"
242013.900.010093,"Труба электросварная стальная, диаметр 801-850 мм"
242013.900.010095,"Труба электросварная стальная, диаметр 901-950 мм"
242013.900.010097,"Труба электросварная стальная, диаметр 1001-1050 мм"
242013.900.010101,"Труба электросварная стальная, диаметр 1201-1250 мм"
242013.900.010105,"Труба электросварная стальная, диаметр 1401-1450 мм"
242013.900.010109,"Труба общего назначения стальная, диаметр 51-100 мм"
242013.900.010077,"Труба электросварная стальная, диаметр 10-50 мм"
241051.100.000007,"Жесть стальная, марка ГЖР"
241051.900.000000,"Профиль стальной листовой для настила перекрытий, высота 41-100 мм"
241051.900.000001,"Профиль стальной листовой для настила перекрытий, высота 101-160 мм"
241051.900.000002,"Профиль стальной листовой для стенового ограждения, высота 8-35 мм"
241051.900.000003,"Профиль стальной листовой для стенового ограждения, высота более 36 мм"
251123.676.000000,Сталь арматурная класс арматурной стали Аc-II (Ac300)
251123.676.000001,Сталь арматурная класс арматурной стали А-I (А240)
251123.676.000002,Сталь арматурная класс арматурной стали А-II (A300)
251123.676.000003,Сталь арматурная класс арматурной стали А-III (A400)
241031.900.000006,"Лист стальной марка Ст.0, толщина 12,5-160 мм, горячекатаный"
241031.900.000014,"Лист стальной марка Ст.10, толщина 0,40-12 мм, горячекатаный"
241031.900.000015,"Лист стальной марка Ст.10, толщина 12-60 мм, горячекатаный"
241031.900.000016,"Лист стальной марка Ст.20, толщина 4-60 мм, горячекатаный"
241031.900.000019,"Лист стальной марка Ст.08кп, толщина 0,40-12 мм, горячекатаный"
241031.900.000038,"Лист стальной марка Ст.2кп, толщина 0,40-12 мм, горячекатаный"
241031.900.000039,"Лист стальной марка Ст.2кп, толщина 12-60 мм, горячекатаный"
241031.900.000040,"Лист стальной марка Ст.2сп, толщина 0,40-12 мм, горячекатаный"
241031.900.000041,"Лист стальной марка Ст.2сп, толщина 12-60 мм, горячекатаный"
241031.900.000042,"Лист стальной марка Ст.2пс, толщина 0,40-12 мм, горячекатаный"
241031.900.000043,"Лист стальной марка Ст.2пс, толщина 12-60 мм, горячекатаный"
241031.900.000054,"Лист стальной марка Ст.4пс, толщина 0,40-12 мм, горячекатаный"
241031.900.000055,"Лист стальной марка Ст.4пс, толщина 12-60 мм, горячекатаный"
241031.900.000056,"Лист стальной марка Ст.4сп, толщина 0,40-12 мм, горячекатаный"
241031.900.000057,"Лист стальной марка Ст.4сп, толщина 12-60 мм, горячекатаный"
241031.900.000058,"Лист стальной марка Ст.5пс, толщина 0,40-12 мм, горячекатаный"
241031.900.000059,"Лист стальной марка Ст.5пс, толщина 12-60 мм, горячекатаный"
241031.900.000060,"Лист стальной марка Ст.5сп, толщина 0,40-12 мм, горячекатаный"
241031.900.000061,"Лист стальной марка Ст.5сп, толщина 12-60 мм, горячекатаный"
241032.000.000001,"Лента стальная марка Ст.4кп, толщина 2,1-3,5 мм"
241032.000.000002,"Лента стальная марка Ст.4кп, толщина 3,6-5 мм"
241032.000.000003,"Лента стальная марка Ст.5пс, толщина до 2 мм"
241032.000.000005,"Лента стальная марка Ст.5пс, толщина 3,6-5 мм"
241041.000.000001,"Лист стальной марка Ст.08кп, толщина до 3,9 мм, холоднокатаный"
241041.000.000005,"Лист стальной марка Ст.20, толщина до 3,9 мм, холоднокатаный"
241041.000.000007,"Лист стальной марка Ст.08пс, толщина до 3,9 мм, холоднокатаный"
241041.000.000027,"Лист стальной марка Ст.08, толщина до 3,9 мм, холоднокатаный"
241041.000.000028,"Лист стальной марка Ст.02пс, толщина до 3,9 мм, холоднокатаный"
241041.000.000029,"Лист стальной марка Ст.2сп, толщина до 3,9 мм, холоднокатаный"
242012.100.010018,"Труба для нефтяной, газовой скважины стальная, диаметр 101-150 мм"
242012.100.010019,"Труба для нефтяной, газовой скважины стальная, диаметр 151-200 мм"
243411.310.000004,"Проволока из низкоуглеродистой стали, общего назначения, диаметр 1,1-1,6 мм"
243411.310.000005,"Проволока из низкоуглеродистой стали, общего назначения, диаметр 1,8-2,5 мм"
243411.310.000006,"Проволока из низкоуглеродистой стали, общего назначения, диаметр 2,8-3,2 мм"
243411.310.000007,"Проволока из низкоуглеродистой стали, общего назначения, диаметр 3,5-6 мм"
243411.320.000000,"Проволока стальная, пломбировочная , диаметр до 1 мм"
243411.300.000001,"Проволока стальная, полиграфическая, диаметр 0,7-1,2 мм"
243411.700.000000,"Проволока стальная, пружинная, диаметр до 3 мм"
243411.700.000006,"Проволока стальная, канатная, диаметр 0,40-0,75 мм"
243411.700.000007,"Проволока стальная, канатная, диаметр 0,8-1,5 мм"
243411.700.000008,"Проволока стальная, канатная, диаметр 1,6-3,6 мм"
243411.700.000009,"Проволока стальная, канатная, диаметр 3,8-5,5 мм"
243411.700.000020,"Проволока из углеродистой стали, холоднотянутая, диаметр 1,05-3 мм"
243411.700.000021,"Проволока из углеродистой стали, холоднотянутая, диаметр 3,1-6 мм"
243411.700.000022,"Проволока из углеродистой стали, холоднотянутая, диаметр 6,1-10 мм"
241075.200.000026,Скрепление рельсовое для железнодорожного пути
241011.500.000000,Чугун марка Л 1
241011.500.000001,Чугун марка Л 5
241075.100.000001,"Рельса железнодорожная, тип Р65"
241071.000.000001,"Швеллер стальной, горячекатаный, с уклоном внутренних граней полок, номер швеллера 24"
241071.000.000007,"Швеллер стальной, горячекатаный, с уклоном внутренних граней полок, номер швеллера 30"
241071.000.000046,"Уголок стальной, равнополочный, горячекатаный, ширина 125 мм"
241071.000.000095,"Балка стальная номер двутавра 14, двутавровая"
242011.100.010001,"Труба для нефтеперерабатывающей и нефтехимической промышленности стальная, диаметр 51-100 мм"
242011.100.010002,"Труба для нефтеперерабатывающей и нефтехимической промышленности стальная, диаметр 101-150 мм"
242011.100.010003,"Труба для нефтеперерабатывающей и нефтехимической промышленности стальная, диаметр 151-200 мм"
242011.100.010004,"Труба для нефтеперерабатывающей и нефтехимической промышленности стальная, диаметр 201-250 мм"
242011.100.010005,"Труба для нефтеперерабатывающей и нефтехимической промышленности стальная, диаметр 251-300 мм"
242012.100.010017,"Труба для нефтяной, газовой скважины стальная, диаметр 51-100 мм"
242012.100.010020,"Труба для нефтяной, газовой скважины стальная, диаметр 201-250 мм"
242012.100.010021,"Труба для нефтяной, газовой скважины стальная, диаметр 251-300 мм"
242012.200.010026,"Труба насосно-компрессорная стальная, диаметр 51-100 мм"
242012.200.010027,"Труба насосно-компрессорная стальная, диаметр 101-150 мм"
242012.100.010001,"Труба для геологоразведочного бурения стальная, диаметр 51-100 мм"
242012.100.010002,"Труба для геологоразведочного бурения стальная, диаметр 101-150 мм"
242012.200.010001,"Труба бурильная стальная, диаметр 51-100 мм"
242012.200.010002,"Труба бурильная стальная, диаметр 101-150 мм"
231212.550.000000,Стекло защитное многослойное пожаростойкое
231212.550.000001,Стекло защитное многослойное морозостойкое
231212.550.000002,Стекло защитное многослойное ударостойкое
231212.550.000003,Стекло защитное многослойное устойчивое к пробиванию
231213.300.000000,"Стеклопакет однокамерный, ударостойкий"
231213.300.000001,"Стеклопакет двухкамерный, ударостойкий"
231213.300.000002,"Стеклопакет однокамерный, солнцезащитный"
231213.300.000004,"Стеклопакет однокамерный, энергосберегающий"
231213.300.000005,"Стеклопакет двухкамерный, энергосберегающий"
231213.300.000006,"Стеклопакет однокамерный, морозостойкий"
231213.300.000007,"Стеклопакет двухкамерный, морозостойкие"
231213.300.000008,"Стеклопакет однокамерный, шумозащитный"
231213.300.000009,"Стеклопакет двухкамерный, шумозащитный"
231213.300.000010,"Стеклопакет трехкамерный, шумозащитный"
231412.900.000032,"Сетка строительная из стекла, марка СС-1"
231412.900.000040,Муфта из стекловолокна
231412.900.000041,Муфта из стеклопластика
231412.900.000051,Сетка москитная из стекловолокна
231412.900.010011,Материал изоляционный армированный стеклотканью и покрытый снаружи алюминиевой фольгой
231412.930.000001,Тройник стеклопластиковый равнопроходной
231412.930.000002,Тройник стеклопластиковый переходной
231412.950.000000,Фланец из стеклопластика
231412.950.000001,Фланец из стекловолокна
231925.000.000001,"Изолятор стеклянный, подвесной"
231925.000.000002,"Изолятор стеклянный, штыревой"
231926.900.000004,Перегородка из стекла
231926.900.000009,"Полка стеклянная, для ванной комнаты"
232011.000.000022,"Кирпич динасовый, марка ДН"
232011.000.000023,"Кирпич динасовый, марка ДВ"
232011.000.000025,"Кирпич динасовый, марка ЭД-1"
232011.000.000026,"Кирпич динасовый, марка ДМ"
232012.900.000000,"Кирпич шамотный, марка ШПД-41"
232012.900.000002,"Кирпич диатомитовый, марка Д-600"
232012.900.000047,"Кирпич динасовый, марка ДЛ1-1,2"
232012.900.000051,"Кирпич динасовый, марка ШЛ-0,4"
232012.900.000052,"Кирпич шамотный, марка ШАК"
232012.900.000053,"Кирпич шамотный, марка ША"
232012.900.000054,"Кирпич шамотный, марка ШБ"
232012.900.000059,"Кирпич клинкерный, марка М300"
232012.900.000060,"Кирпич клинкерный, марка М400"
232012.900.000063,"Кирпич клинкерный, марка М800"
232012.900.000065,"Кирпич хромитопериклазовый, марка ХП1"
232012.900.000069,"Кирпич хромитопериклазовый, марка ХП5"
232012.900.000279,"Кирпич шамотный, марка ШПД-43"
232012.900.000280,"Кирпич пенодиатомитовый, марка ПД-350"
232012.900.000281,"Кирпич пенодиатомитовый, марка ПД-400"
232014.900.000001,"Кирпич форстеритовый, марка Ф"
232014.900.000006,"Кирпич шамотный, марка ШВ-42"
232014.900.000008,"Кирпич шамотный, марка ШВ-1-37"
232014.900.000011,"Кирпич шамотный, марка ШВГ-35"
232014.900.000012,"Кирпич шамотный, марка ШВГ-33"
232014.900.000015,"Кирпич кислотоупорный, марка КР"
232014.900.000020,"Кирпич кислотоупорный, марка КРПР-5"
233211.150.000000,"Кирпич керамический, марка М100"
233211.150.000001,"Кирпич керамический, марка М125"
233211.150.000002,"Кирпич керамический, марка М150"
233211.150.000003,"Кирпич керамический, марка М175"
233211.150.000004,"Кирпич керамический, марка М200"
233211.150.000005,"Кирпич керамический, марка М250"
233211.150.000006,"Кирпич керамический, марка М300"
233211.150.000007,"Кирпич керамический, марка М50"
233211.150.000008,"Кирпич керамический, марка М25"
233211.150.000009,"Кирпич керамический, марка М75"
233211.150.000010,"Кирпич керамический, марка М35"
236111.310.000000,"Кирпич силикатный, марка М100"
236111.310.000001,"Кирпич силикатный, марка М125"
236111.310.000002,"Кирпич силикатный, марка М150"
236111.310.000004,"Кирпич силикатный, марка М250"
236111.310.000005,"Кирпич силикатный, марка М300"
232013.900.000232,Пол наливной толщина до 1 мм
232013.900.000233,Пол наливной толщина 1-5 мм
232013.900.000234,Пол наливной толщина больше 5 мм
233110.700.000000,"Плитка напольная марка ПБГ, керамическая, квадратная"
233110.700.000005,"Плитка напольная марка ПГ, керамическая, прямоугольная"
233110.700.000008,"Плитка напольная марка ПГ, керамическая, квадратная"
233110.700.000004,"Плитка фасадная марка ПГ, керамическая, стеновая"
233110.700.000010,"Плитка фасадная марка ПЧГ, керамическая, стеновая"
233110.700.000012,"Плитка для внутренней облицовки стен керамическая, квадратная с завалом грани, глазурованная"
233110.700.000013,"Плитка для внутренней облицовки стен керамическая, квадратная с завалом двух смежных граней, глазурованная"
233110.700.000014,"Плитка для внутренней облицовки стен керамическая, квадратная с завалом трех граней, глазурованная"
233110.700.000015,"Плитка для внутренней облицовки стен керамическая, квадратная с завалом четырех граней, глазурованная"
233110.700.000016,"Плитка для внутренней облицовки стен керамическая, прямоугольная без завала, глазурованная"
233110.700.000017,"Плитка для внутренней облицовки стен керамическая, прямоугольная с завалом одной грани, глазурованная"
233110.700.000018,"Плитка для внутренней облицовки стен керамическая, прямоугольная с завалом двух смежных граней, глазурованная"
233110.700.000019,"Плитка для внутренней облицовки стен керамическая, прямоугольная с завалом трех граней, глазурованная"
233110.700.000020,"Плитка для внутренней облицовки стен керамическая, прямоугольная с завалом четырех граней, глазурованная"
233110.790.000017,Плитка керамогранитная напольная
233110.790.000018,Плитка керамогранитная фасадная
233211.300.000000,"Камень керамический, марка М100"
233211.300.000010,"Камень керамический, марка М25"
234310.350.000000,Опора шинная напряжение 220 кВ
235111.000.000000,Клинкер портландцементный
235112.100.000000,"Портландцемент без минеральных добавок, марка ПЦБ 1-400-Д0"
235112.100.000001,"Портландцемент без минеральных добавок, марка ПЦБ 2-400-Д0"
235112.100.000002,"Портландцемент без минеральных добавок, марка ПЦБ 3-400-Д0"
235112.100.000003,"Портландцемент без минеральных добавок, марка ПЦБ 1-500-Д0"
235112.100.000004,"Портландцемент без минеральных добавок, марка ПЦБ 2-500-Д0"
235112.100.000005,"Портландцемент без минеральных добавок, марка ПЦБ 3-500-Д0"
235112.100.000006,"Портландцемент с минеральными добавками, марка ПЦБ 1-400-Д20"
235112.100.000007,"Портландцемент с минеральными добавками, марка ПЦБ 2-400-Д20"
235112.100.000008,"Портландцемент с минеральными добавками, марка ПЦБ 3-400-Д20"
235112.100.000009,"Портландцемент с минеральными добавками, марка ПЦБ 1-500-Д20"
235112.100.000010,"Портландцемент с минеральными добавками, марка ПЦБ 2-500-Д20"
235112.100.000012,"Портландцемент с минеральными добавками, марка ПЦБ 1-400-Д20-ПЛ"
235112.100.000013,"Портландцемент с минеральными добавками, марка ПЦБ 2-400-Д20-ПЛ"
235112.100.000014,"Портландцемент с минеральными добавками, марка ПЦБ 3-400-Д20-ПЛ"
235112.100.000015,"Портландцемент с минеральными добавками, марка ПЦБ 1-500-Д20-ПЛ"
235112.100.000017,"Портландцемент с минеральными добавками, марка ПЦБ 3-500-Д20-ПЛ"
235112.300.000000,"Портландцемент без минеральных добавок, марка ПЦ 400-Д0 (М 400-Д0)"
235112.300.000001,"Портландцемент без минеральных добавок, марка ПЦ 500-Д0 (М 500-Д0)"
235112.300.000002,"Портландцемент без минеральных добавок, марка ПЦ 550-Д0 (М 550-Д0)"
235112.300.000003,"Портландцемент без минеральных добавок, марка ПЦ 600-Д0 (М 600-Д0)"
235112.300.000004,"Портландцемент без минеральных добавок, марка ПЦ 400-Д0-Н (М 400-Д0-Н)"
235112.300.000005,"Портландцемент без минеральных добавок, марка ПЦ 500-Д0-Н (М 500-Д0-Н)"
235112.300.000006,"Портландцемент без минеральных добавок, марка ССПЦ 400-Д0"
235112.300.000007,"Портландцемент без минеральных добавок, марка ПЦТ I-50"
235112.300.000009,"Портландцемент без минеральных добавок, марка ПЦТ I-150"
235112.300.000010,"Портландцемент без минеральных добавок, марка ПЦТ I-СС-50"
235112.300.000011,"Портландцемент без минеральных добавок, марка ПЦТ I-СС-100"
235112.300.000012,"Портландцемент без минеральных добавок, марка ПЦТ I-СС-150"
235112.300.000013,"Портландцемент без минеральных добавок, марка ПЦТ I-G-CC-1"
235112.300.000014,"Портландцемент без минеральных добавок, марка ПЦТ I-G-CC-2"
235112.300.000015,"Портландцемент без минеральных добавок, марка ПЦТ I-H-CC-1"
235112.300.000016,"Портландцемент без минеральных добавок, марка ПЦТ I-H-CC-2"
235112.300.000017,"Портландцемент с минеральными добавками, марка ПЦ З00-Д5 (М 300-Д5)"
235112.300.000018,"Портландцемент с минеральными добавками, марка ПЦ 400-Д5 (М 400-Д5)"
235112.300.000019,"Портландцемент с минеральными добавками, марка ПЦ 500-Д5 (М 500-Д5)"
235112.300.000020,"Портландцемент с минеральными добавками, марка ПЦ 550-Д5 (М 550-Д5)"
235112.300.000021,"Портландцемент с минеральными добавками, марка ПЦ 600-Д5 (М 600-Д5)"
235112.300.000022,"Портландцемент с минеральными добавками, марка ПЦ 300-Д20 (М 300-Д20)"
235112.300.000023,"Портландцемент с минеральными добавками, марка ПЦ 400-Д20 (М 400-Д20)"
235112.300.000024,"Портландцемент с минеральными добавками, марка ПЦ 500-Д20 (М 500-Д20)"
235112.300.000025,"Портландцемент с минеральными добавками, марка ПЦ 550-Д20 (М 550-Д20)"
235112.300.000026,"Портландцемент с минеральными добавками, марка ПЦ 600-Д20 (М 600-Д20)"
235112.300.000027,"Портландцемент с минеральными добавками, марка ПЦ 400-Д20-Б (М 400-Д20-Б)"
235112.300.000028,"Портландцемент с минеральными добавками, марка ПЦ 500-Д20-Б (М 500-Д20-Б)"
235112.300.000029,"Портландцемент с минеральными добавками, марка ПЦ 400-Д20-Б-ПЛ (М 400-Д20-Б-ПЛ)"
235112.300.000030,"Портландцемент с минеральными добавками, марка ПЦ 500-Д20-Б-ПЛ (М 500-Д20-Б-ПЛ)"
235112.300.000031,"Портландцемент с минеральными добавками, марка ПЦ 400-Д20-Б-гФ (М 400-Д20-Б-гФ)"
235112.300.000032,"Портландцемент с минеральными добавками, марка ПЦ 500-Д20-Б-гФ (М 500-Д20-Б-гФ)"
235112.300.000033,"Портландцемент с минеральными добавками, марка ПЦ 500-Д5-Н (М 500-Д5-Н)"
235112.300.000034,"Портландцемент с минеральными добавками, марка ПЦ 400-Д20-Н (М 400-Д20-Н)"
235112.300.000035,"Портландцемент с минеральными добавками, марка ПЦ 500-Д20-Н (М 500-Д20-Н)"
235112.300.000036,"Портландцемент с минеральными добавками, марка ССПЦ 400-Д20"
235112.300.000037,"Портландцемент с минеральными добавками, марка ССПЦ 500-Д20"
235112.300.000038,"Портландцемент с минеральными добавками, марка ССПЦ 400-Д60"
235112.300.000039,"Портландцемент с минеральными добавками, марка ССПЦ 500-Д60"
235112.300.000040,"Портландцемент с минеральными добавками, марка ССПЦ 400-Д20-ПЛ"
235112.300.000041,"Портландцемент с минеральными добавками, марка ССПЦ 500-Д20-ПЛ"
235112.300.000042,"Портландцемент с минеральными добавками, марка ССПЦ 400-Д60-ПЛ"
235112.300.000043,"Портландцемент с минеральными добавками, марка ССПЦ 500-Д60-ПЛ"
235112.300.000044,"Портландцемент с минеральными добавками, марка ССПЦ 400-Д20-гФ"
235112.300.000045,"Портландцемент с минеральными добавками, марка ССПЦ 500-Д20-гФ"
235112.300.000046,"Портландцемент с минеральными добавками, марка ССПЦ 400-Д60-гФ"
235112.300.000047,"Портландцемент с минеральными добавками, марка ССПЦ 500-Д60-гФ"
235112.300.000048,"Портландцемент с минеральными добавками, марка ППЦ 300"
235112.300.000049,"Портландцемент с минеральными добавками, марка ППЦ 400"
235112.300.000050,"Портландцемент с минеральными добавками, марка 300"
235112.300.000051,"Портландцемент с минеральными добавками, марка 400"
235112.300.000052,"Портландцемент с минеральными добавками, марка 500"
235112.300.000056,"Портландцемент с минеральными добавками, марка ПЦТ II-СС-50"
235112.300.000072,"Портландцемент со специальными добавками, марка ПЦТ III-Об 4-100"
235112.300.000098,"Портландцемент со специальными добавками, марка ПЦТ III-Ут 0-50"
235112.300.000150,"Портландцемент со специальными добавками, марка ПЦТ III-Об 6-СС-100-ПЛ"
235112.300.000176,"Портландцемент со специальными добавками, марка ПЦТ III-Ут 1-СС-50-ПЛ"
235112.300.000197,"Портландцемент общестроительный, марка ЦЕМ I-22,5"
235112.300.000198,"Портландцемент общестроительный, марка ЦЕМ I-52,5-Н"
235112.300.000199,"Портландцемент общестроительный композиционный, марка ЦЕМ II/А-К 22,5"
235112.300.000200,"Портландцемент общестроительный, марка ЦЕМ I - 32,5Н"
235112.300.000201,"Портландцемент общестроительный, марка ЦЕМ I - 42,5Н"
235112.300.000202,"Портландцемент общестроительный, марка ЦЕМ II /А - Ш 32,5Н"
235112.300.000203,"Портландцемент общестроительный, марка ЦЕМ II/A-Ш СС 42,5Н"
235112.900.000000,"Цемент общестроительный марка ЦЕМ IV/A 22,5"
235112.900.000001,"Цемент общестроительный марка ЦЕМ IV/A 32,5Н"
235112.900.000002,"Цемент общестроительный марка ЦЕМ IV/A 42,5Н"
235112.900.000003,"Цемент общестроительный марка ЦЕМ IV/A 52,5Н"
235112.900.000004,"Цемент общестроительный марка ЦЕМ IV/A 32,5Б"
235112.900.000005,"Цемент общестроительный марка ЦЕМ IV/A 42,5Б"
235112.900.000006,"Цемент общестроительный марка ЦЕМ IV/A 52,5Б"
235112.900.000007,"Цемент общестроительный марка ЦЕМ V/A 22,5"
235112.900.000008,"Цемент общестроительный марка ЦЕМ V/A 32,5Н"
235112.900.000009,"Цемент общестроительный марка ЦЕМ V/A 42,5Н"
235112.900.000010,"Цемент общестроительный марка ЦЕМ V/A 52,5Н"
235112.900.000011,"Цемент общестроительный марка ЦЕМ V/A 32,5Б"
235112.900.000012,"Цемент общестроительный марка ЦЕМ V/A 42,5Б"
235112.900.000014,Цемент общестроительный марка ШПЦ-400
235112.900.000018,Цемент общестроительный марка ШПЦ-300
235112.900.000020,"Цемент общестроительный марка ЦЕМ III/A 22,5"
235112.900.000021,"Цемент общестроительный марка ЦЕМ III/A 32,5Н"
235112.900.000022,"Цемент общестроительный марка ЦЕМ III/A 42,5Н"
235112.900.000023,"Цемент общестроительный марка ЦЕМ III/A 52,5Н"
235112.900.000024,"Цемент общестроительный марка ЦЕМ III/A 32,5Б"
235112.900.000025,"Цемент общестроительный марка ЦЕМ III/A 42,5Б"
235112.900.000026,"Цемент общестроительный марка ЦЕМ III/A 52,5Б"
235112.900.000027,"Цемент общестроительный марка ЦЕМ II/A 42,5Н"
235112.900.000015,Цемент для строительных растворов марка М-150
235112.900.000017,Цемент для строительных растворов марка М-100
235112.900.000019,Цемент для строительных растворов марка М-50
235112.900.000016,"Цемент сульфатостойкий марка ЦЕМ I СС 32,5Н"
235210.330.000000,"Известь негашеная, 1 сорт, комовая, кальциевая, быстрогасящаяся"
235210.330.000001,"Известь негашеная, 2 сорт, комовая, кальциевая, быстрогасящаяся"
235210.330.000002,"Известь негашеная, 3 сорт, комовая, кальциевая, быстрогасящаяся"
235210.330.000003,"Известь негашеная, 1 сорт, комовая, магнезиальная и доломитовая, быстрогасящаяся"
235210.330.000006,"Известь негашеная, 1 сорт, комовая, кальциевая, среднегасящаяся"
235210.330.000018,"Известь негашеная, 1 сорт, порошкообразная без добавок, кальциевая, быстрогасящаяся"
235210.350.000000,"Известь гашеная, 1 сорт, порошкообразная без добавок, кальциевая, быстрогасящаяся"
236111.300.000007,"Камень бетонный из тяжелого бетона, марка КСЛ-УГ"
236111.300.000028,"Камень бортовой бетонный, марка БР"
236111.300.000029,"Камень бортовой бетонный, марка БУ"
236111.300.000030,"Камень бортовой бетонный, марка БУП"
236111.300.000031,"Камень бортовой бетонный, марка БЛ"
236111.300.000032,"Камень бортовой бетонный, марка БВ"
236111.300.000033,"Камень бортовой бетонный, марка БК"
237012.600.000000,"Камень бортовой из горных пород, марка 2ГП"
237012.600.000001,"Камень бортовой из горных пород, марка 3ГП"
237012.600.000002,"Камень бортовой из горных пород, марка 4ГП"
237012.600.000003,"Камень бортовой из горных пород, марка 5ГП"
237012.600.000004,"Камень бортовой из горных пород, марка ГВП"
237012.600.000005,"Камень бортовой из горных пород, марка ГК5"
237012.600.000006,"Камень бортовой из горных пород, марка ГК8"
236111.500.000129,"Плита перекрытия железобетонная, марка ПЖК"
236111.500.000130,"Плита перекрытия железобетонная, марка ПКЖ"
236111.500.000131,"Плита перекрытия железобетонная, марка ПЖ"
236111.500.000135,"Плита перекрытия железобетонная, марка ИП"
236111.500.000181,"Плита перекрытия железобетонная, марка ПТ"
236111.500.000233,"Плита перекрытия железобетонная, тип ПБ"
236111.500.000234,"Плита перекрытия железобетонная, тип 1П"
236111.500.000235,"Плита перекрытия железобетонная, тип 2П"
236111.500.000236,"Плита перекрытия железобетонная, тип 1ПК"
236111.500.000237,"Плита перекрытия железобетонная, тип 2ПК"
236111.500.000241,"Плита перекрытия железобетонная, тип 3П"
236111.500.000245,"Плита перекрытия железобетонная, тип 4ПТ"
236111.500.000250,"Плита перекрытия железобетонная, тип 6П"
236111.500.000261,"Плита перекрытия железобетонная, тип 2П1"
236111.500.000262,"Плита перекрытия железобетонная, тип П1"
236111.500.000263,"Плита перекрытия железобетонная, тип П2"
236111.500.000264,"Плита перекрытия железобетонная, тип П3"
236111.500.000279,"Плита перекрытия железобетонная, марка П8"
236111.500.000284,"Плита перекрытия железобетонная, марка П9"
236111.500.000285,"Плита перекрытия железобетонная, марка П12"
236111.500.000136,"Плита дорожная железобетонная, марка ПЖ"
236111.500.000173,"Плита парапетная железобетонная, марка АП"
236111.500.000183,"Плита подкладная железобетонная, марка ПП"
236111.500.000194,"Плита для колодца железобетонная, тип ПД10"
236111.500.000196,"Плита для колодца железобетонная, тип ПН15"
236111.500.000197,"Плита для колодца железобетонная, тип ПН20"
236111.500.000200,"Плита для колодца железобетонная, тип ПП10"
236111.500.000202,"Плита для колодца железобетонная, тип 1ПП15"
236111.500.000205,"Плита для колодца железобетонная, тип 1ПП20"
236111.500.000268,"Плита тротуарная бетонная, квадратная"
236111.500.000269,"Плита тротуарная бетонная, прямоугольная"
236111.500.000270,"Плита тротуарная бетонная, шестиугольная"
236111.500.000271,"Плита тротуарная бетонная, окаймляющая четырехугольная"
236111.500.000273,"Плита тротуарная бетонная, фигурная плита и элемент мощения"
236112.000.000002,"Блок фундаментный из тяжелого бетона, марка ФБС24.3.6-Т"
236112.000.000003,"Блок фундаментный из тяжелого бетона, марка ФБС24.4.6-Т"
236112.000.000004,"Блок фундаментный из тяжелого бетона, марка ФБС24.5.6-Т"
236112.000.000005,"Блок фундаментный из тяжелого бетона, марка ФБС24.6.6-Т"
236112.000.000006,"Блок фундаментный из тяжелого бетона, марка ФБС12.4.6-Т"
236112.000.000007,"Блок фундаментный из тяжелого бетона, марка ФБС12.5.6-Т"
236112.000.000008,"Блок фундаментный из тяжелого бетона, марка ФБС12.6.6-Т"
236112.000.000012,"Блок фундаментный из тяжелого бетона, марка ФБС9.3.6-Т"
236112.000.000013,"Блок фундаментный из тяжелого бетона, марка ФБС9.4.6-Т"
236112.000.000019,"Блок фундаментный из тяжелого бетона, марка ФБП24.4.6-Т"
236112.000.000040,"Блок фундаментный из легкого бетона, марка ФБП24.5.6-Л"
236112.000.000043,"Блок фундаментный из плотного силикатного бетона, марка ФБС24.4.6-С"
236112.000.000044,"Блок фундаментный из плотного силикатного бетона, марка ФБС24.5.6-С"
236112.000.000052,"Блок фундаментный из плотного силикатного бетона, марка ФБС9.3.6-С"
236112.000.000058,"Блок фундаментный из плотного силикатного бетона, марка ФБB9.6.6-С"
12.3.6,"Блок фундаментный из тяжелого бетона, марка ФБС -Т 236112.000.000062"
236112.000.000063,"Плита опорная железобетонная, марка ОП"
236112.000.000065,"Труба общего назначения железобетонная, безнапорная"
236112.000.000066,"Труба общего назначения железобетонная, напорная"
236112.000.000070,"Труба общего назначения железобетонная, водопропускная"
236112.000.000071,"Днище колодца железобетонный, марка КЦД"
236112.000.000073,"Звено железобетонное, марка ЗК"
236112.000.000082,"Звено железобетонное, марка ЗКЦ"
236112.000.000084,"Кольцо железобетонное, марка КС"
236112.000.000085,"Кольцо железобетонное, марка КО"
236112.000.000086,"Кольцо железобетонное, марка БКС"
236120.300.000003,"Панель стеновая марка 5НС, из легкого бетона, наружная"
236120.300.000006,"Панель стеновая марка 5НЦ, из легкого бетона, наружная"
236120.300.000018,"Панель стеновая марка 1НЧ, из тяжелого бетона, наружная"
236120.300.000019,"Панель стеновая марка 2НЧ, из тяжелого бетона, наружная"
236120.300.000070,"Панель стеновая марка ПСП, из тяжелого бетона, внутренняя"
236120.900.000000,Анкер тип АСЦ
236120.900.000001,Анкер тип АБС
236120.900.000002,Анкер тип СА
236120.900.000003,Анкер тип АС
236120.900.000964,Анкер тип ТАС
236120.900.000965,Анкер тип АЦ
236120.900.000036,"Плита для аэродромного покрытия железобетонная, марка ПАг-14"
236120.900.000037,"Плита для аэродромного покрытия железобетонная, марка ПАг-18"
236120.900.000368,"Лежень железобетонный, марка ЛЖ"
236120.900.000373,"Колодец железобетонный, марка ККС"
236120.900.000411,"Опора освещения железобетонная, марка СВ"
236120.900.000605,"Стойка железобетонная, марка С2/111"
236120.900.000666,"Стойка железобетонная, марка СВ"
236120.900.000677,"Стойка железобетонная, марка СП"
236120.900.000791,Блок объемный для канализационных и водосточных коллекторов железобетонный
236120.900.000812,Строение пролетное железобетонное
236120.900.000938,"Опора линии электропередачи железобетонная, тип ВЛ 10 кВ"
236120.900.000960,Конструкция бетонная г-образная
236120.900.000966,"Лоток марка ЛВ, железобетонный, водоотводный"
236120.900.000968,"Лоток марка ЛРГ, железобетонный, оросительных систем"
236120.900.000990,Здание модульное административное
236210.510.000000,"Лист гипсокартонный марка ГКЛ, толщина 6,5 мм"
236210.510.000001,"Лист гипсокартонный марка ГКЛ, толщина 8 мм"
236210.510.000002,"Лист гипсокартонный марка ГКЛ, толщина 9,5 мм"
236210.510.000003,"Лист гипсокартонный марка ГКЛ, толщина 12,5 мм"
236210.510.000004,"Лист гипсокартонный марка ГКЛ, толщина 14 мм"
236210.510.000016,"Лист гипсокартонный марка ГКЛВ, толщина 9,5 мм"
236210.510.000017,"Лист гипсокартонный марка ГКЛВ, толщина 12,5 мм"
236210.510.000025,"Лист гипсокартонный марка ГКЛВО, толщина 9,5 мм"
236210.510.000026,"Лист гипсокартонный марка ГКЛВО, толщина 12,5 мм"
236210.510.000031,"Лист гипсокартонный марка ГКЛВО, толщина 24 мм"
236410.100.000012,"Раствор цементный, кладочный"
236410.100.000015,"Раствор цементно-известковый, кладочный"
236410.100.000027,"Раствор гипсовый, штукатурный"
236410.100.000028,"Раствор цементный, штукатурный"
236410.100.000030,"Раствор известковый, штукатурный"
236410.100.000037,"Смесь строительная цементная, декоративно-отделочная, сухая"
236410.100.000038,"Смесь строительная цементно-полимерная, декоративно-отделочная, сухая"
236410.100.000039,"Смесь строительная гипсовая, самонивелирующаяся, сухая"
236410.100.000040,"Смесь строительная полимерная, декоративно-отделочная, сухая"
236410.100.000042,"Смесь строительная гипсово-латексная, декоративно-отделочная, сухая"
236410.100.000044,"Смесь строительная гипсово-полимерная, декоративно-отделочная, сухая"
236410.100.000045,"Смесь строительная гипсовая, декоративно-отделочная, сухая"
236410.100.000046,"Смесь строительная гипсовая, кладочная, сухая"
236410.100.000047,"Смесь строительная гипсовая, штукатурная, сухая"
236410.100.000048,"Смесь строительная цементная, штукатурная, сухая"
236410.100.000050,"Смесь строительная цементно-известковая, штукатурная, сухая"
236410.100.000051,"Смесь строительная известково-гипсовая, штукатурная, сухая"
236410.100.000053,"Смесь строительная цементно-дисперсионная, штукатурная, сухая"
236410.100.000056,"Смесь строительная гипсово-латексная, штукатурная, сухая"
236410.100.000057,"Смесь строительная гипсово-дисперсионная, штукатурная, сухая"
236410.100.000059,"Смесь строительная известково-гипсовая, декоративно-отделочная, сухая"
236410.100.000060,"Смесь строительная гипсово-дисперсионная, декоративно-отделочная, сухая"
236512.300.000005,"Плита фиброцементная автоклавная, окрашенная"
236512.300.000006,"Лист асбестоцементный марка ЛП-П, толщина 6 мм"
236512.300.000007,"Лист асбестоцементный марка ЛП-П, толщина 8 мм"
236512.300.000010,"Лист асбестоцементный марка ЛП-НП, толщина 8 мм"
236911.000.000003,Скульптура из гипса
237011.100.000000,"Плита облицовочная из мрамора, слэб"
237011.100.000001,"Плита облицовочная из мрамора, мерная"
237011.100.000002,"Плита облицовочная из мрамора, модульная"
237011.100.000003,"Плита облицовочная из мрамора, толстомерная"
237011.100.000004,"Плита облицовочная из мрамора, мелкоразмерная"
237012.600.000007,"Плита облицовочная из гранита, слэб"
237012.600.000008,"Плита облицовочная из гранита, мерная"
237012.600.000009,"Плита облицовочная из гранита, модульная"
237012.600.000010,"Плита облицовочная из гранита, толстомерная"
237012.600.000011,"Плита облицовочная из гранита, мелкоразмерная"
237012.600.000012,"Плита облицовочная из гранита, колотая"
237011.100.000032,"Плита архитектурно-строительная из травертина, накрывочная, пиленая"
237011.100.000052,"Плита архитектурно-строительная из гранита, накрывочная, пиленая"
237011.100.000053,"Плита архитектурно-строительная из гранита, накрывочная, колотая"
237011.100.000189,"Плита архитектурно-строительная из туфа вулканического, подоконная, пиленая"
237012.100.000000,Брусчатка из природного камня
237012.100.000003,"Плита декоративная из природного камня, тип II"
237012.100.000004,"Плита декоративная из природного камня, тип III"
239911.990.000001,"Набивка сальниковая асбестовая, марка-АС"
239911.990.000002,"Набивка сальниковая асбестовая, марка-АСС"
239911.990.000003,"Набивка сальниковая асбестовая, марка-АПК-31"
239911.990.000004,"Набивка сальниковая асбестовая, марка-АСП"
239911.990.000005,"Набивка сальниковая асбестовая, марка-АСП-31"
239911.990.000006,"Набивка сальниковая асбестовая, марка-АПР"
239911.990.000007,"Набивка сальниковая асбестовая, марка-АПР-31"
239911.990.000008,"Набивка сальниковая асбестовая, марка-АПРПС"
239911.990.000010,"Набивка сальниковая асбестовая, марка-АФТ"
239911.990.000011,"Набивка сальниковая асбестовая, марка-АГИ"
239911.990.000017,"Набивка сальниковая асбестовая, марка АП (АП-31)"
239911.990.000035,"Набивка сальниковая фторопластовая,  марка РК-500"
239911.990.000036,"Набивка сальниковая арамидная, марка РК-АФ"
239914.000.000000,"Набивка сальниковая графитовая, марка-АС"
239914.000.000001,"Набивка сальниковая графитовая, марка-АСС"
239914.000.000002,"Набивка сальниковая графитовая, марка-АПК-31"
239914.000.000004,"Набивка сальниковая графитовая, марка-АСП-31"
239914.000.000005,"Набивка сальниковая графитовая, марка-АПР"
239914.000.000006,"Набивка сальниковая графитовая, марка-АПР-31"
239914.000.000008,"Набивка сальниковая графитовая, марка-АГИ"
239914.000.000009,"Набивка сальниковая графитовая, марка-АФВ"
239914.000.000027,"Набивка сальниковая графитовая, марка РК-240Ф"
239914.000.000034,"Набивка сальниковая графитовая, марка РК-240"
239914.000.000036,"Набивка сальниковая графитовая, марка ЛП"
239911.990.000019,Паронит марка ПОН-А
239911.990.000020,Паронит марка ПОН-Б
239911.990.000021,Паронит марка ПОН-В
239911.990.000022,Паронит марка ПМБ
239911.990.000023,Паронит марка ПМБ-1
239911.990.000024,Паронит марка ПК
239911.990.000025,Паронит марка ПА
239911.990.000026,Паронит марка ПЭ
239911.990.000027,Паронит марка ПОН
239911.990.000029,Шнур асбестовый марка ШАОН
239911.990.000030,Шнур асбестовый марка ШАП
239911.990.000031,Шнур асбестовый марка ШАГ
239912.530.000006,Материал битумно-полимерный марка ХПП
239912.530.000007,Материал битумно-полимерный марка ТПП
239912.530.000008,Материал битумно-полимерный марка ТКП
239912.530.000009,Материал битумно-полимерный марка ЭПП
239912.530.000010,Материал битумно-полимерный марка ХКП
239912.530.000011,Материал битумно-полимерный марка ЭКП
239913.900.000000,"Мастика клеящая на каучуковой основе, марка КН-2"
239913.900.000001,"Мастика клеящая на каучуковой основе, марка КН-3"
239913.900.000006,Мастика гидроизоляционная на полиуретановой основе
239913.900.000007,Мастика гидроизоляционная на битумно-полимерной основе
239913.900.000009,Мастика гидроизоляционная на битумной основе
239913.900.000010,Мастика гидроизоляционная на битумно-резиновой основе
239913.900.000027,Материал эластомерный кровельный
239919.100.000000,"Плита теплоизоляционная из минеральной ваты, марка ПМ-40"
239919.100.000001,"Плита теплоизоляционная из минеральной ваты, марка ПМ-50"
239919.100.000002,"Плита теплоизоляционная из минеральной ваты, марка ПП-60"
239919.100.000004,"Плита теплоизоляционная из минеральной ваты, марка ПП-80"
239919.100.000005,"Плита теплоизоляционная из минеральной ваты, марка ПЖ-100"
239919.100.000006,"Плита теплоизоляционная из минеральной ваты, марка ПЖ-120"
239919.100.000007,"Плита теплоизоляционная из минеральной ваты, марка П 75"
239919.100.000008,"Плита теплоизоляционная из минеральной ваты, марка П 100"
239919.100.000009,"Плита теплоизоляционная из минеральной ваты, марка П 150"
239919.100.000010,"Плита теплоизоляционная из минеральной ваты, марка П 200"
239919.100.000012,"Плита теплоизоляционная из минеральной ваты, марка ПЖ-140"
239919.100.000013,"Плита теплоизоляционная из минеральной ваты, марка ППЖ-160"
239919.100.000014,"Плита теплоизоляционная из минеральной ваты, марка ППЖ-180"
239919.100.000015,"Плита теплоизоляционная из минеральной ваты, марка ППЖ-200"
239919.100.000017,"Плита теплоизоляционная из минеральной ваты, марка ПТ-250"
239919.100.000020,"Мат теплоизоляционный из минеральной ваты, марка МВС-125"
239919.100.000023,"Мат теплоизоляционный из базальта, марка МПБ"
239919.100.000024,"Мат теплоизоляционный из базальта, марка МП"
239919.300.000043,Материал звукоизоляционный пористо-губчатый
239919.300.000045,Материал звукоизоляционный пористо-волокнистый
239919.700.000001,Лента уплотнительная из терморасширенного графита
239919.700.000002,Лента уплотнительная из графитого волокна
239919.900.000007,Комплект гидроизоляции для гидроизоляции затрубного пространства
222121.530.010064,"Труба для водоснабжения полиэтиленовая, диаметр 51-100 мм"
222121.530.010068,"Труба для водоснабжения полиэтиленовая, диаметр 251-300 мм"
222121.530.010070,"Труба для водоснабжения полиэтиленовая, диаметр 351-400 мм"
222121.530.010071,"Труба для водоснабжения полиэтиленовая, диаметр 401-450 мм"
222121.530.010072,"Труба для водоснабжения полиэтиленовая, диаметр 451-500 мм"
222121.530.010073,"Труба для водоснабжения полиэтиленовая, диаметр 501-550 мм"
222121.530.010074,"Труба для водоснабжения полиэтиленовая, диаметр 551-600 мм"
222121.530.010075,"Труба для водоснабжения полиэтиленовая, диаметр 601-650 мм"
222121.530.010076,"Труба для водоснабжения полиэтиленовая, диаметр 651-700 мм"
222121.530.010077,"Труба для водоснабжения полиэтиленовая, диаметр 701-750 мм"
222121.530.010078,"Труба для водоснабжения полиэтиленовая, диаметр 751-800 мм"
222121.530.010079,"Труба для водоснабжения полиэтиленовая, диаметр 801-850 мм"
222121.530.010080,"Труба для водоснабжения полиэтиленовая, диаметр 851-900 мм"
222121.530.010081,"Труба для водоснабжения полиэтиленовая, диаметр 901-950 мм"
222121.530.010082,"Труба для водоснабжения полиэтиленовая, диаметр 951-1000 мм"
221930.300.000011,Теплоизоляционный материал из вспененного
221973.100.000043,Теплоизоляционный материал из вспененного
221973.100.000006,Теплоизоляционный материал из вспененного
221973.100.000005,Теплоизоляционный материал из вспененного
221973.230.000023,Теплоизоляционный материал из вспененного
221973.230.000010,Теплоизоляционный материал из вспененного
231111.750.000000,Листовое стекло
231111.750.000002,Листовое стекло
231111.750.000008,Листовое стекло
141912.900.000015,Полукомбинезон
141913.100.000000,Варежки
141919.900.000001,Аксельбант
141922.190.000022,Плащ
141922.190.000036,Набочник
141922.240.000001,Футболка
141922.290.000019,Китель
141922.400.000008,Плавки
141923.190.000001,Платок
141932.300.000001,Фартук
141932.350.000023,Трусы-шорты
141943.900.000002,Колпак
141943.900.000009,Косынка
141943.930.000000,Шапка
141911.300.000000,Рейтузы
141911.900.000000,Конверт
132020.300.000001,Ткань
139221.300.000002,Мешок
139222.200.000010,Палатка
139222.200.000013,Палатка
139223.000.000053,Ремень
152012.300.000001,Туфли
152012.300.000002,Туфли
152013.510.000010,Сапоги
152013.600.000000,Босоножки
152021.000.000016,Ботинки
152029.500.000001,Тапочки
152029.500.000004,Кроссовки
152032.900.000007,Полуботинки
152032.900.000022,Сапоги
152040.200.000001,Заготовка
143110.900.000000,Гамаши
143110.900.000006,Гольфы
143110.900.000027,Чулки
141943.930.000004,Шляпа
141943.990.000010,Фуражка
141943.990.000020,Шляпа
141943.990.010000,Шляпка
142010.490.000000,Жакет
142010.900.000000,Воротник
142010.990.000001,Тулуп
143110.600.000000,Носки
143910.320.000000,Джемпер
143910.900.000012,Свитер
151131.220.000001,Кожа
151131.220.000011,Кожа
151131.290.000000,Кожа
151212.900.000033,Сумка
152011.200.000001,Галоши
152011.200.000012,Сапоги
141331.110.000002,Плащ
141331.110.000004,Куртка
141331.190.000004,Куртка
141333.100.000002,Жакет
141335.590.000003,Комбинезон
141411.100.000000,Рубашка
141412.290.000001,Трусы
141412.290.000003,Трусы
141413.900.000008,Блузка
141413.900.000014,Рубашка
141413.900.000017,Рубашка
141414.290.000001,Панталоны
141414.390.000003,Сорочка
141422.290.000002,Трусы
141424.290.000006,Трусы
141424.290.010000,Рейтузы
141425.500.000000,Пояс
141425.700.010000,Подследник
141430.900.000023,Тенниска
152032.900.000027,Ботинки
152032.900.000031,Сапоги
152032.900.000032,Сапоги
152032.920.000000,Ботинки
152032.920.000006,Ботинки
152032.920.000010,Ботинки
152032.920.000014,Ботинки
152032.920.000022,Полуботинки
152032.920.000037,Полусапоги
262013.000.000012,Компьютер
262011.100.000008,Бизнес-ноутбук
141913.100.010003,Перчатки
141923.700.010008,Перчатки
141913.200.010000,Перчатки
152032.920.000052,Полусапоги
152032.920.000060,Сапоги
152032.920.000065,Сапоги
152032.920.000071,Сапоги
152032.920.000073,Сапоги
152032.920.000075,Сапоги
152032.920.000076,Сапоги
152032.990.000007,Тапочки
152032.990.000014,Ботинки
152032.990.000015,Ботинки
152032.990.000020,Валенки
329911.300.000000,Перчатки
139229.990.000011,Ветошь
221960.500.010002,Перчатки
329911.300.000001,Перчатки
323015.100.010000,Краги
139224.390.000000,Мешок
139229.900.000003,Тряпка
139229.990.000047,Пояс
139312.000.000009,Покрытие напольное
139312.000.000012,Покрытие напольное
139616.300.000004,Ремень
139912.900.000001,Вышивка
139919.900.000020,Мешок
141110.100.000002,Плащ
141110.100.000003,Плащ
141110.100.000004,Куртка
141110.900.000009,Фартук
141211.260.000001,Костюм
141211.290.000008,Костюм
141211.290.000012,Костюм
141211.290.010001,Костюм
141211.390.000005,Куртка
141212.590.000000,Комбинезон
141212.590.000007,Комбинезон
141221.290.000010,Костюм
141221.290.010002,Костюм
141221.310.000005,Куртка
141222.410.000003,Брюки
141230.100.000000,Краги
141230.100.000022,Фартук
141230.100.000025,Фартук
141230.110.000008,Халат
141312.190.000000,Костюм
141314.190.000001,Костюм
141314.190.010000,Костюм
141314.390.000000,Пиджак
141314.790.000001,Сарафан
141314.890.000001,Юбка
141321.190.000001,Пальто
141321.190.000003,Плащ
141321.290.000001,Куртка
141322.291.000000,Костюм
141323.100.000004,Пиджак
141324.490.000002,Брюки
141324.490.000003,Брюки
141324.590.000002,Комбинезон
141912.900.000017,Подшлемник
141912.900.000029,Шорты
141912.900.000033,Шорты
141912.900.010001,Куртка
141912.900.010002,Трико
141919.300.000000,Вуаль
141919.500.000008,Платок
141919.900.000022,Погоны
141922.190.000008,Костюм
141922.190.000015,Пальто
141922.190.000034,Китель
141922.290.000017,Куртка
141922.290.000025,Брюки
141922.500.000012,Плавки
141923.580.000000,Галстук-бабочка
141923.700.000006,Перчатки
141923.900.000001,Повязка
141931.800.000001,Пояс
141932.350.000009,Комбинезон
141932.350.000014,Халат
141932.350.000026,Костюм
141943.900.000001,Колпак
141943.900.000005,Шапка-маска
141943.900.000008,Шлемофон
141943.930.000001,Шапка-ушанка
141911.900.000005,Пеленка
141912.560.000000,Плавки
141912.900.000004,Полукомбинезон
132032.950.000000,Ткань
132033.300.000000,Ткань
139214.900.010006,Прихватка
139214.950.000002,Варежка
139215.500.000001,Жалюзи
139221.300.000001,Мешок
139221.300.000004,Мешок
139222.200.000002,Палатка
139222.200.000003,Палатка
139222.200.000004,Палатка
152012.300.000000,Босоножки
152013.700.000001,Тапочки
152021.000.000001,Полутапочки
152021.000.000004,Туфли
152021.000.000006,Туфли
152021.000.000010,Туфли
152021.000.000014,Штангетки
152021.000.000018,Кеды
152021.000.000019,Кроссовки
152029.500.000007,Ботинки
152032.900.000004,Ботинки
152032.900.000006,Полуботинки
152032.900.000016,Полусапоги
152032.900.000018,Полусапоги
152032.900.000023,Сапоги
152032.990.000031,Полусапоги
152032.990.000035,Сапоги
152032.990.000044,Сандалии
152032.990.000046,Сапоги
259929.900.000007,Бронежилет
329911.300.010000,Рукавицы
143110.600.000009,Носки
143110.900.000002,Гетры
143110.900.000013,Гольфы
141943.990.000007,Панама
142010.100.000003,Полупальто
142010.400.000000,Куртка
142010.900.000002,Костюм
142010.900.000026,Полупальто
142010.990.000000,Рукавицы
142010.990.000004,Тулуп
143910.320.000003,Кардиган
143910.900.000008,Пуловер
151133.600.000000,Кожа
151141.300.000003,Кожа
151212.900.000023,Сумка
151212.900.000026,Сумка
151212.900.000047,Сумка
141331.190.000000,Пальто
141331.190.000005,Куртка
141332.291.000001,Костюм
141333.900.000002,Жакет
141335.590.000000,Комбинезон
141412.290.000005,Кальсоны
141414.490.000001,Халат
141422.290.000004,Кальсоны
141422.390.000004,Сорочка
141424.490.000000,Халат
141430.900.000003,Комплект майка с шортами
141430.900.000013,Фуфайка
141430.900.000019,Тенниска
141430.900.010000,Комплект термобелья
152032.900.000029,Сапоги
152032.920.000002,Ботинки
152032.920.000016,Ботинки
152032.920.000019,Ботинки
152032.920.000021,Полуботинки
152032.920.000024,Полуботинки
152032.920.000029,Полуботинки
152032.920.000033,Полуботинки
221960.500.010000,Перчатки
221960.500.010001,Перчатки
141913.100.010001,Перчатки
221960.500.010003,Перчатки
152032.920.000047,Полусапоги
152032.990.000009,Туфли
152032.990.000023,Полуботинки
152032.990.000026,Полусапоги
152031.500.000003,Ботинки
329911.500.000007,Шлем
142010.900.010001,Перчатки
151212.100.000010,Кобура
139229.990.000016,Ветошь
139224.992.000003,Подушка
139224.992.000012,Подушка
139229.530.000000,Тряпка
139229.900.000001,Тряпка
139229.990.000060,Комплект для новорожденного
139229.920.000000,Вымпел
139229.990.000044,Пояс
141110.500.000001,Жакет
141110.700.000001,Брюки
141110.900.000006,Полукомбинезон
141211.290.000000,Костюм
141211.390.000001,Куртка
141211.390.000004,Куртка
141212.410.000004,Брюки
141212.410.000010,Брюки
141212.490.000002,Брюки
141212.590.000005,Комбинезон
141221.290.000000,Костюм
141221.290.000003,Костюм
141221.290.000005,Костюм
141221.290.000014,Костюм
141221.290.000016,Костюм
141221.310.000007,Куртка
141222.490.000001,Брюки
141222.490.000003,Брюки
141230.110.000002,Жилет
141230.110.000012,Фартук
141230.190.000006,Полукомбинезон
141230.190.000011,Полукомбинезон
141230.210.000000,Халат
141230.290.000001,Жилет
141230.290.000011,Полукомбинезон
141230.290.010002,Жилет
141311.190.000001,Пальто
141312.190.000001,Костюм
141313.190.000003,Пальто
141314.390.000001,Пиджак
141321.290.000000,Куртка
141323.900.000003,Жакет
141331.110.000001,Пальто
141912.900.010004,Трико
141919.300.000018,Шарф
141919.900.000013,Манжета
141922.110.000005,Брюки
141922.190.000017,Рубашка
141922.290.000009,Рубашка
141922.290.000020,Мундир
141923.390.000002,Шаль
141923.700.000002,Перчатки
141923.700.000005,Перчатки
141923.700.000009,Перчатки
141923.950.000001,Ремень
141932.350.000001,Комплект медицинский
141932.350.000008,Рубашка
141932.350.000025,Костюм
141430.920.000002,Комплект термобелья
141912.460.000002,Плавки
141912.560.000001,Плавки
141912.900.000011,Полукомбинезон
131061.300.000003,Пряжа
139211.300.000000,Одеяло
139212.500.010003,Простыня
139213.500.000000,Полотенце
139213.500.010000,Скатерть
139214.300.000003,Грелка
139214.900.010003,Набор салфеток
139221.900.000000,Мешок
139221.900.000001,Мешок
139222.300.000000,Тент
139222.700.000000,Подушка
152011.200.000015,Сапоги
152011.300.000003,Сапоги
152012.300.000003,Ботинки
152012.300.000006,Ботинки
152013.510.000004,Ботинки
152021.000.000009,Туфли
152021.000.000017,Ботинки
152021.000.000021,Ботинки
152029.500.000003,Кроссовки
152032.900.000002,Ботинки
152032.900.000010,Полуботинки
152032.900.000026,Ботинки
152032.990.000032,Полусапоги
152032.990.000037,Сапоги
152032.990.000042,Сапоги
152040.900.000007,Подошва
152040.900.000006,Подошва
222910.000.000004,Щитки защитные
143110.600.000003,Носки
143110.600.000002,Носки
143110.900.000014,Гольфы
141943.990.000013,Фуражка
142010.400.000001,Куртка
142010.990.010000,Рукавица
143110.390.000003,Колготы
143910.310.000009,Жилет
143910.320.000002,Кардиган
143910.900.000013,Свитер
151131.210.000000,Кожа
151131.220.000009,Кожа
151110.220.000000,Овчина
151212.900.000014,Сумка
151212.900.000017,Сумка
152011.200.000005,Боты
141332.290.010000,Костюм
141333.900.000003,Жакет
141334.710.000001,Платье
141335.490.000000,Брюки
141335.690.000003,Шорты
141412.490.000002,Халат
141422.290.000001,Трусы
141422.490.000001,Халат
141423.900.000002,Блузка
141423.900.000005,Рубашка
141430.920.000000,Комплект нательного белья
152032.900.000033,Сапоги
152032.920.000030,Полуботинки
152032.920.000032,Полуботинки
262040.000.000268,Блок системный
141913.200.010002,Перчатки
152032.920.000056,Полусапоги
152032.990.000005,Тапочки
152032.990.000013,Сандалеты
152032.990.000021,Валенки
152032.990.000027,Полусапоги
139229.990.000015,Ветошь
139229.990.000010,Ветошь
139229.990.000053,Ткань
221960.590.000000,Перчатки
139224.932.000003,Валик
139229.590.000001,Тряпка
139229.900.000004,Тряпка
139312.000.000005,Коврик
139510.700.000003,Полотно
141110.900.000001,Костюм
141211.290.000019,Костюм
141211.390.000006,Куртка
141212.510.000004,Полукомбинезон
141212.590.000001,Комбинезон
141221.200.000000,Костюм
141221.210.000001,Костюм
141222.410.000007,Брюки
141222.490.010000,Брюки
141230.110.000004,Жилет
141230.110.000005,Пальто
141230.110.000013,Подшлемник
141230.200.000000,Жилет
141230.290.000000,Жилет
141230.290.000005,Плащ
141230.290.000016,Халат
141230.290.010003,Жилет
141311.190.000009,Плащ
141314.190.000000,Костюм
141314.400.010001,Брюки
141314.490.000003,Брюки
141314.890.000002,Юбка-брюки
141322.170.000000,Костюм
141322.170.000001,Костюм
141323.100.000002,Жакет
141323.100.000003,Жакет
141323.400.000006,Пиджак
141324.490.000004,Брюки
141324.690.000001,Шорты
141331.110.000000,Пальто
141912.900.000016,Тельняшка
141912.940.000001,Трико
141921.100.000004,Рейтузы
141921.900.000000,Пеленка
141922.190.000031,Куртка
141922.190.000038,Гамаши
141922.290.000000,Комплект термобелья
141922.290.000006,Костюм
141922.290.000010,Рубашка
141922.290.000015,Халат
141923.580.000002,Платок
141923.710.010000,Рукавицы
141931.700.000000,Перчатки
141932.350.000003,Костюм
141932.350.000020,Маска
141943.900.000003,Косынка
141943.900.000004,Чепчик
141911.200.000000,Ползунки
131061.300.000002,Пряжа
132020.150.000000,Ткань
132020.300.000000,Ткань
139111.900.000000,Полотно
139111.900.000003,Полотно
139213.530.000002,Юбка
139214.300.000001,Варежка
139214.900.010000,Набор кухонного текстиля
139214.900.010001,Набор полотенец
139214.900.010007,Салфетка
139214.990.000001,Варежка
139214.990.000003,Грелка
139215.300.000000,Комплект штор
139221.900.000003,Мешок
139222.200.000006,Палатка
139222.200.000009,Палатка
139222.700.000002,Матрас
152011.200.000016,Сапоги
152012.100.000001,Сандалии
152012.300.000008,Полуботинки
152013.510.000007,Сапоги
152013.510.000009,Сапоги
152013.510.000011,Ботинки
152014.200.000000,Бахилы
152021.000.000011,Туфли
152032.900.000005,Боты
152032.900.000008,Полуботинки
152032.900.000011,Полуботинки
152032.900.000013,Полуботинки
152032.900.000021,Полусапоги
152032.990.000040,Сапоги
152032.990.000047,Сапоги
152040.900.000011,Стелька
329911.900.000031,Полумаска
143110.900.000005,Гольфы
141943.930.000002,Шапка
141943.990.000000,Берет
141943.990.000006,Кепка
141943.990.000019,Шапка-ушанка
141943.990.000021,Шляпа
141943.990.000023,Берет
142010.900.000012,Жилет
142010.990.000006,Бекеши
143910.320.000004,Пуловер
143910.710.000007,Свитер
143910.900.000009,Пуловер
151122.000.000000,Кожа
151131.290.000001,Кожа
151110.100.000000,Шкура меховая
151110.210.000000,Овчина
151212.900.000006,Сумка
151212.900.000020,Сумка
151212.900.000034,Сумка
152011.200.000003,Тапочки
152011.200.000009,Сапоги
141331.110.000003,Плащ
141332.291.000000,Костюм
141333.900.010000,Жилет
141335.690.000001,Шорты
141414.490.000003,Халат
141421.900.000001,Рубашка
141423.900.000004,Рубашка
141424.210.000003,Трусы
141424.290.000010,Панталоны
141424.390.000004,Пижама
141424.390.000007,Сорочка
141425.300.000000,Бюстгальтер
141430.900.000017,Тенниска
141430.900.000021,Тенниска
152032.900.000030,Сапоги
152032.920.000001,Ботинки
152032.920.000003,Ботинки
152032.920.000004,Ботинки
152032.920.000007,Ботинки
152032.920.000013,Ботинки
152032.920.000038,Полусапоги
152032.920.000041,Полусапоги
262040.000.000267,Блок системный
141913.100.010007,Перчатки
141913.100.010009,Перчатки
152032.920.000049,Полусапоги
152032.920.000051,Полусапоги
152032.920.000072,Сапоги
152032.930.000001,Тапочки
152032.990.000008,Тапочки
152032.990.000016,Валенки
152032.990.000019,Валенки
152031.500.000000,Сапоги
152031.500.000004,Полуботинки
139616.900.000045,Утеплитель двигателя
139224.992.000010,Валик
139224.992.000013,Подушка
139229.920.000001,Флаг
139510.700.000002,Полотно
139614.000.000004,Материал
139912.500.000000,Вышивка
141110.500.000004,Куртка
141110.700.000000,Брюки
141211.290.000021,Костюм
141211.290.000028,Костюм
141211.290.000032,Костюм
141211.290.000034,Костюм
141211.390.010000,Куртка
141212.410.000007,Брюки
141212.410.000008,Брюки
141212.490.000003,Брюки
141212.490.000004,Брюки
141212.490.000005,Брюки
141221.290.000012,Костюм
141221.290.010004,Костюм
141222.490.010001,Брюки
141222.590.000001,Комбинезон
141230.100.000024,Фартук
141230.110.000001,Жакет
141230.110.000009,Халат
141230.190.000000,Жилет
141230.210.000001,Халат
141230.290.000002,Пальто
139229.990.000025,Чехол
141230.290.000009,Полукомбинезон
141230.290.000012,Полукомбинезон
141230.290.000014,Халат
141230.290.010001,Жилет
141311.290.000003,Куртка
141312.190.010000,Костюм
141312.390.000001,Пиджак
141312.390.000002,Пиджак
141312.400.010000,Брюки
141312.490.000002,Брюки
141313.190.000001,Пальто
141313.190.000005,Плащ
141313.190.000007,Плащ
141313.290.000003,Куртка
141314.790.000002,Платье
141314.890.000000,Юбка
141321.110.000003,Плащ
141321.190.000000,Пальто
141322.190.000001,Костюм
141323.900.000004,Жилет
141323.900.000006,Пиджак
141324.690.000003,Шорты
141912.900.000025,Шорты
141912.940.000000,Комплект нательного белья
141919.300.000013,Шаль
141919.500.000004,Галстук
141919.900.000007,Воротник
141919.900.000017,Манжета
141922.190.000011,Кимоно
141922.190.000020,Комбинезон
141922.190.000026,Тужурка
141922.190.000032,Куртка
141922.190.000047,Трико
141922.290.000022,Купальник
141922.290.000031,Трико
141923.720.000001,Варежки
141931.800.000000,Ремень
141932.350.000000,Шапочка
141932.350.000013,Плащ
141943.900.000000,Кепи
141943.900.000006,Шапка
141943.900.000007,Шлем
141912.460.000001,Плавки
139212.500.010001,Наволочка
139212.500.010002,Пододеяльник
139214.900.010008,Фартук
139215.500.000002,Ламбрекен
139215.500.000017,Подзор
139221.900.000004,Мешок
139222.200.000005,Палатка
139223.000.000034,Парашют
139223.000.000027,Парашют
139223.000.000054,Ремень
152011.300.000001,Сапоги
152011.300.000008,Сапоги
152012.300.000004,Ботинки
152012.300.000005,Ботинки
152012.300.000009,Полусапоги
152013.510.000008,Сапоги
152021.000.000000,Бахилы
152032.900.000000,Ботинки
152032.900.000017,Полусапоги
152032.900.000024,Сапоги
152040.200.000000,Детали верха обуви
152040.900.000009,Стелька
152040.900.000010,Стелька
143110.600.000011,Носки
143110.900.000001,Гамаши
143110.900.000020,Чулки
141943.990.000002,Кепи
142010.900.000003,Костюм
142010.900.010000,Краги
143110.391.000001,Колготы
143110.900.000032,Рейтузы
143910.310.000008,Жилет
143910.320.000009,Жилет
143910.900.000011,Свитер
143910.900.000014,Свитер
151131.100.000000,Кожа
151131.220.000000,Кожа
151141.300.000001,Кожа
151212.900.000005,Сумка
151212.900.000007,Сумка
151212.900.000011,Сумка
151212.900.000027,Сумка
151212.900.000044,Сумка
151212.900.000045,Сумка
151212.900.000049,Сумка
152011.200.000002,Галоши
152011.200.000004,Боты
152011.200.000008,Сапоги
152011.200.000010,Сапоги
152011.200.000011,Сапоги
152011.200.000013,Сапоги
141331.190.000003,Плащ
141332.170.000000,Костюм
141332.170.000001,Костюм
141332.190.000000,Костюм
141332.190.000001,Костюм
141335.400.010000,Брюки
141411.100.000001,Рубашка
141412.390.000005,Пижама
141414.390.000000,Пижама
141422.490.000000,Халат
141422.590.000003,Фуфайка
141422.590.000005,Майка
141424.290.000002,Майка
141424.390.000008,Сорочка
141430.900.000001,Комплект майка с шортами
152032.920.000015,Ботинки
152032.920.000023,Полуботинки
152032.920.000036,Полуботинки
262013.000.000011,Компьютер
262011.100.000000,Ноутбук
172314.500.000001,Бумага для офисного оборудования
152032.920.000058,Сапоги
152032.920.000059,Сапоги
152032.920.000062,Сапоги
152032.990.000004,Тапочки
152032.990.000011,Туфли
152032.990.000017,Валенки
152032.990.000018,Валенки
152032.990.000022,Полуботинки
152032.990.000025,Полусапоги
152032.990.000028,Полусапоги
152031.500.000001,Ботинки
139229.800.000002,Бахилы
329959.900.000052,Пояс
139616.900.000034,Ткань
329119.500.000001,Шубка
141923.700.010001,Перчатки
329911.300.010001,Рукавицы
139616.900.000035,Ткань
139510.700.000000,Салфетка
139229.990.000013,Ветошь
139224.992.000000,Подушка
139229.530.000001,Тряпка
139229.530.000002,Тряпка
139229.900.000002,Тряпка
139229.990.000038,Чехол
139229.590.000002,Тряпка
139229.990.000001,Салфетка
139229.990.000027,Чехол
139229.990.000061,Маска
139229.990.000063,Наволочка
139616.900.000002,Полотно
139911.300.000001,Тюль
141110.100.000000,Пальто
141110.100.000001,Пальто
141110.900.000005,Платье
141211.290.000005,Костюм
141211.290.000015,Костюм
141211.290.000022,Костюм
141211.290.000025,Костюм
141212.590.000004,Комбинезон
141221.290.000002,Костюм
141221.290.000009,Костюм
141221.290.000018,Костюм
141221.290.010003,Костюм
141221.310.000004,Куртка
141222.490.000002,Брюки
141222.590.000000,Комбинезон
141230.110.000010,Халат
141230.110.000011,Халат
141230.150.000000,Фартук
141230.190.000001,Жилет
141230.190.000005,Плащ
141230.290.000022,Жилет
141312.400.010001,Брюки
141314.490.000002,Брюки
141321.110.000002,Плащ
141321.210.000000,Куртка
141321.210.000001,Куртка
141323.900.000002,Жакет
141912.900.000021,Шорты
141912.900.010000,Куртка
141912.900.010003,Трико
141912.910.000000,Портянки
141919.300.000004,Мантилья
141919.300.000017,Шарф
141919.300.000021,Кашне
141919.900.000002,Воротник
141919.900.000011,Галстук
141919.900.000024,Кокарда
141919.900.000025,Пояс
141922.110.000006,Брюки
141922.140.000002,Топ
141922.190.000002,Костюм
141922.190.010001,Костюм
141922.190.010002,Комплект термобелья
141922.290.000002,Костюм
141922.290.000005,Костюм
141922.290.000012,Тужурка
141922.290.000014,Халат
141922.290.000028,Лосины
141923.390.000003,Шарф
141923.700.000000,Митенки
141923.900.000002,Капюшон
141923.930.000000,Подворотничок
141932.350.000011,Комбинезон
141932.350.000021,Нарукавник
141911.100.000000,Распашонка
141912.160.000000,Костюм
141912.160.000002,Костюм
139211.900.000000,Плед
139212.530.000015,Комплект постельных принадлежностей
139213.500.000001,Салфетка
139214.900.000000,Полотенце
139214.900.010002,Набор полотенец
139214.950.000003,Грелка
139215.500.000016,Занавес
139216.900.000009,Покрывало
139216.900.000012,Покрывало
139221.900.000002,Мешок
139222.200.000001,Палатка
139222.200.000012,Палатка
139223.000.000012,Пояс
139223.000.000047,Мешок
152032.990.000029,Полусапоги
152011.300.000000,Тапочки
152011.300.000002,Сапоги
152011.300.000007,Сапоги
152013.510.000000,Туфли
152013.510.000002,Ботинки
152021.000.000003,Туфли
152021.000.000015,Ботинки
152029.500.000005,Кроссовки
152032.900.000003,Ботинки
152032.900.000012,Полуботинки
152032.900.000015,Полусапоги
152032.990.000033,Полусапожки
152032.990.000034,Сапоги
152032.990.000036,Сапоги
152032.990.000041,Сапоги
152040.900.000005,Подошва
143110.900.000021,Чулки
143110.900.000029,Чулки
143110.900.000030,Носки
141943.990.000001,Кепи
142010.100.000000,Пальто
142010.900.000014,Жилет
142010.900.000025,Полупальто
142010.990.000005,Куртка
143110.390.000001,Колготы
143910.310.000000,Джемпер
151212.900.000030,Сумка
151212.900.000035,Сумка
151212.900.000039,Сумка
151212.900.000041,Сумка
152011.200.000007,Сапоги
141331.190.000002,Плащ
141333.100.000003,Жакет
141334.790.000000,Платье
141334.810.000001,Юбка
141335.410.000002,Брюки
141335.490.000001,Брюки
141335.590.000001,Комбинезон
141335.590.000002,Комбинезон
141414.390.000001,Пижама
141414.390.000002,Сорочка
141422.590.000000,Фуфайка
141422.590.000007,Майка
141424.590.000002,Юбка
141425.500.000003,Пояс
141430.900.000005,Комплект майка с шортами
141430.900.000011,Фуфайка
141430.900.000015,Фуфайка
152032.920.000005,Ботинки
152032.920.000009,Ботинки
152032.920.000011,Ботинки
152032.920.000017,Ботинки
152032.920.000026,Полуботинки
152032.920.000027,Полуботинки
152032.920.000039,Полусапоги
152032.920.000040,Полусапоги
152032.920.000042,Полусапоги
262011.100.000002,Ноутбук
262011.100.000004,Ноутбук
262011.100.000007,Бизнес-ноутбук
237012.100.000001,Плита декоративная
172314.500.000002,Бумага для офисного оборудования
141913.100.010002,Перчатки
141923.700.010006,Перчатки
141923.700.010004,Перчатки
141923.700.010007,Перчатки
141913.100.010000,Перчатки
259912.800.010000,Рукавицы
152032.920.000044,Полусапоги
152032.920.000048,Полусапоги
152032.920.000050,Полусапоги
152032.920.000054,Полусапоги
152032.920.000057,Сапоги
152032.920.000063,Сапоги
152032.920.000066,Сапоги
152032.920.000068,Сапоги
152032.920.000069,Сапоги
152032.990.000006,Тапочки
139229.990.000012,Ветошь
139616.900.000032,Ткань
139229.900.000000,Тряпка
139229.990.000029,Чехол
139229.990.000045,Пояс
139229.990.000046,Пояс
139312.000.000015,Ковер
139616.300.000002,Ремень
139616.300.000003,Ремень
139616.900.000041,Нашивка
139912.300.000001,Вышивка
139916.000.000000,Изделия стеганые
141110.500.000000,Жакет
141211.290.000001,Костюм
141211.290.000016,Костюм
141211.290.000018,Костюм
141221.290.000011,Костюм
141221.290.000017,Костюм
141221.290.000019,Костюм
141221.290.010001,Костюм
141221.360.000000,Куртка
141222.510.000000,Комбинезон
141230.100.000020,Фартук
141230.110.000016,Халат
141230.190.000002,Плащ
141230.190.000004,Плащ
141230.190.000009,Полукомбинезон
141230.290.000007,Плащ
141311.190.000003,Пальто
141311.290.000001,Куртка
141312.490.000003,Брюки
141322.291.000001,Костюм
141324.400.010000,Брюки
141324.490.000005,Брюки
141324.590.000003,Комбинезон
141919.500.000000,Галстук-бабочка
141919.900.000023,Погоны
141921.100.000002,Ползунки
141921.800.000000,Конверт
141922.190.000001,Костюм
141922.190.000003,Костюм
141922.190.000009,Костюм
141922.190.000018,Рубашка
141922.190.000021,Плащ
141922.190.000027,Футболка
141922.190.000035,Мундир
141922.190.000037,Фартук
141922.290.000003,Костюм
141922.290.010000,Трико
141922.500.000009,Плавки
141923.710.010002,Рукавицы
141931.700.000001,Рукавицы
141931.900.000001,Галстук
141932.350.000018,Фартук
141932.700.000001,Нагрудник
141912.160.000003,Костюм
139111.900.000002,Полотно
139212.530.000001,Наматрасник
139212.700.000000,Простыня
139213.590.000001,Бант
139214.900.010004,Полотенце
139214.900.010005,Полотенце
139221.300.000003,Мешок
139222.100.000000,Навес
139222.200.000007,Палатка
152011.300.000005,Сапоги
152011.300.000006,Сапоги
152012.100.000000,Сандалии
152012.300.000010,Полусапоги
152013.510.000005,Ботинки
152013.610.000000,Сандалии
152013.700.000000,Тапочки
152021.000.000007,Бутсы
152021.000.000020,Ботинки
152029.500.000002,Кроссовки
152029.500.000006,Ботинки
152032.900.000009,Полуботинки
152032.990.000039,Сапоги
329911.900.000000,Комплект защитных щитков
143110.900.000017,Гольфы
143110.900.000026,Чулки
141943.930.000003,Шапка-ушанка
141943.990.000008,Пилотка
141943.990.000009,Пилотка
141943.990.000015,Шапка
142010.100.000002,Полупальто
142010.490.000002,Жилет
142010.900.000029,Пиджак
142010.900.000040,Полушубок
143910.310.000001,Джемпер
143910.310.000003,Кардиган
151131.220.000008,Кожа
151212.900.000008,Сумка
151212.900.000092,Рюкзак
152011.200.000000,Галоши
152011.200.000006,Полусапоги
141331.110.000005,Куртка
141331.190.000001,Пальто
141335.410.000003,Брюки
141412.490.000005,Халат
141414.490.000005,Пеньюар
141414.510.000001,Юбка
141422.290.000005,Кальсоны
141422.390.000001,Пижама
141424.290.000004,Майка
141430.900.000009,Фуфайка
152032.920.000008,Ботинки
152032.920.000018,Ботинки
152032.920.000025,Полуботинки
152032.920.000031,Полуботинки
152032.920.000035,Полуботинки
262011.100.000001,Ноутбук
141913.100.010006,Перчатки
141923.700.010009,Перчатки
141913.100.010008,Перчатки
141913.200.010003,Перчатки
152032.920.000046,Полусапоги
152032.920.000061,Сапоги
152032.930.000000,Тапочки
152032.990.000012,Унты
152031.500.000002,Сапоги
139616.900.000031,Ткань
139229.990.000014,Ветошь
221960.500.010004,Перчатки
139224.300.000000,Мешок
139224.350.000000,Мешок
139224.991.000000,Одеяло
139224.992.000006,Пуф
139224.992.000009,Валик
139229.990.000000,Комплект постельных принадлежностей
139229.990.000002,Салфетка
139229.990.000018,Ремень
139312.000.000025,Дорожка
139911.300.000000,Тюль
139912.300.000000,Вышивка
139912.900.000000,Вышивка
139919.900.000001,Нарукавники
141110.900.000000,Костюм
141110.900.000002,Жилет
141110.900.000004,Комбинезон
141110.900.000010,Шорты
141211.200.000001,Костюм
141211.210.000002,Костюм
141211.290.000004,Костюм
141211.290.000013,Костюм
141212.510.000001,Комбинезон
141212.590.000003,Комбинезон
141221.390.000000,Куртка
141222.490.000004,Брюки
141222.590.000002,Комбинезон
141230.100.000021,Фартук
141314.400.010000,Брюки
141314.790.000000,Сарафан
141321.110.000001,Пальто
141321.190.000002,Пальто
141322.190.000000,Костюм
141322.190.010000,Костюм
141323.900.000005,Пиджак
141323.900.010000,Жилет
141913.100.000005,Митенки
141919.300.000008,Комплект шапка с шарфом
141921.100.000003,Распашонка
141922.190.000024,Плащ-накидка
141922.190.000040,Брюки
141922.190.010000,Трико
141922.290.000011,Плащ
141922.290.000013,Футболка
141922.290.000021,Накидка
141922.290.000023,Гамаши
141922.290.000027,Лосины
141922.290.010001,Костюм
141922.400.000011,Плавки
141923.310.000001,Мантилья
141923.390.000000,Вуаль
141923.710.010001,Рукавицы
141923.900.000000,Лента текстильная
141932.350.000010,Комбинезон
141932.350.000015,Накидка
141942.700.000001,Бейсболка
141912.160.000001,Костюм
141912.900.000000,Полукомбинезон
132020.200.000000,Ткань
132033.500.000000,Ткань
139212.500.010000,Комплект постельного белья
139212.530.000000,Наперник
139213.300.010000,Ручник
139215.500.000000,Шторы
139216.900.000000,Накидка
139221.300.000000,Мешок
139222.200.000008,Палатка
139222.200.000011,Палатка
139223.000.000023,Сумка
152011.300.000004,Сапоги
152012.300.000007,Полуботинки
152013.510.000001,Ботинки
152013.510.000003,Ботинки
152013.510.000006,Ботинки
152013.510.000012,Ботинки
151219.900.000007,Снаряжение
152021.000.000002,Туфли
152021.000.000005,Туфли
152021.000.000008,Туфли
152021.000.000012,Чешки
152021.000.000013,Чешки
152021.000.000023,Кроссовки
152021.000.000024,Кроссовки
152032.900.000001,Ботинки
152032.900.000014,Полусапоги
152032.900.000025,Сапоги
152032.990.000030,Полусапоги
152032.990.000038,Сапоги
212024.900.000006,Марля
329911.900.000001,Бронежилет
143110.600.000005,Носки
143110.600.000010,Носки
143110.900.000004,Гетры
143110.900.000007,Гольфы
143110.900.000015,Гольфы
143110.900.000019,Гольфы
143110.900.000031,Подследник
142010.100.000001,Пальто
142010.900.000004,Перчатки
143110.390.000000,Колготы
143110.390.000004,Колготы
143910.310.000002,Кардиган
143910.320.000001,Джемпер
143910.320.000008,Жилет
143910.900.000010,Пуловер
151131.220.000010,Кожа
151141.300.000000,Кожа
151141.300.000002,Кожа
151212.900.000094,Рюкзак
152011.200.000014,Сапоги
141333.900.010001,Жилет
141334.710.000000,Платье
141334.810.000000,Юбка
141334.810.000002,Юбка-брюки
141412.290.000004,Кальсоны
141412.390.000002,Пижама
141412.390.000008,Сорочка
141412.390.000011,Сорочка
141413.900.000011,Блузка
141414.570.000000,Комбинация
141421.900.000003,Рубашка
141422.390.000000,Пижама
141422.390.000003,Сорочка
141423.900.000003,Блузка
141424.390.000003,Пижама
141424.410.000001,Халат
141424.590.000000,Комбинация
141430.900.000007,Комплект майка с шортами
152032.900.000028,Ботинки
152032.920.000012,Ботинки
152032.920.000020,Полуботинки
152032.920.000028,Полуботинки
152032.920.000034,Полуботинки
152032.920.000043,Полусапоги
262011.100.000003,Ноутбук
329911.300.010003,Перчатки
329911.300.010002,Перчатки
141923.700.010002,Перчатки
141923.700.010003,Перчатки
141913.100.010005,Перчатки
141923.700.010005,Перчатки
141913.100.010004,Перчатки
141913.200.010001,Перчатки
152032.920.000045,Полусапоги
152032.920.000053,Полусапоги
152032.920.000055,Полусапоги
152032.920.000067,Сапоги
152032.920.000070,Сапоги
152032.920.000074,Сапоги
152032.990.000010,Туфли
152032.990.000024,Полуботинки
139229.990.000069,Пеленка
139616.900.000043,Сукно
139229.990.000068,Пеленка
141942.700.000002,Шапка
139229.990.000009,Ветошь
139229.800.000001,Бахилы
139224.992.000011,Валик
139229.590.000000,Тряпка
139229.990.000054,Чехол
139229.920.000004,Флажок
139229.990.000003,Полотно
139229.990.000007,Ветошь
139229.990.000008,Ветошь
139229.990.000019,Ремень
139229.990.000048,Пояс
139229.990.000049,Пояс
139510.700.000001,Салфетка
139916.000.000001,Изделия стеганые
139919.900.000024,Шторка
141110.500.000003,Пиджак
141110.700.000002,Юбка
141110.900.000003,Комбинезон
141110.900.000007,Полукомбинезон
141110.900.000011,Шорты
141211.290.000014,Костюм
141211.290.000029,Костюм
141211.390.000000,Куртка
141211.390.000003,Куртка
141212.490.000001,Брюки
141221.290.000008,Костюм
141221.290.010000,Костюм
141230.110.000000,Жакет
141230.110.000003,Жилет
141230.140.000000,Жакет
141230.190.000010,Полукомбинезон
141230.290.000003,Рубашка
141230.290.010000,Жилет
141311.190.000007,Плащ
141313.210.000000,Куртка
141314.790.000003,Платье
141321.190.000004,Плащ
141324.590.000000,Комбинезон
141324.590.000001,Комбинезон
131061.300.000000,Пряжа
139221.900.000006,Мешок
139229.990.000056,Салфетка
151212.900.000096,Сумка
152011.200.000017,Полусапоги
152032.990.000043,Полуботинки
152032.990.000045,Сандалии