№ лота,Код ТРУ,Наименование товара,Наименование объявления,Наименование и описание лота,Кол-во,"Сумма, тг.",Способ закупки,Статус
81286245-ЗЖ1,243411.700,Проволока (сталь),15786423-1 Приобретение квартиры многоэтажном жилом доме для малообеспеченным семьям с.Аса Жамбылского района Жамбылской области,Квартира,1,19 880 000.00,Закупка жилища,Закупка состоялась
81286258-ЗЖ1,243411.700,Проволока (сталь),15786423-1 Приобретение квартиры многоэтажном жилом доме для малообеспеченным семьям с.Аса Жамбылского района Жамбылской области,Квартира,1,19 880 000.00,Закупка жилища,Закупка состоялась
81286262-ЗЖ1,243411.700,Проволока (сталь),15786423-1 Приобретение квартиры многоэтажном жилом доме для малообеспеченным семьям с.Аса Жамбылского района Жамбылской области,Квартира,1,19 880 000.00,Закупка жилища,Закупка состоялась
81286282-ЗЖ1,243411.700,Проволока (сталь),15786423-1 Приобретение квартиры многоэтажном жилом доме для малообеспеченным семьям с.Аса Жамбылского района Жамбылской области,Квартира,1,19 880 000.00,Закупка жилища,Закупка состоялась
81286289-ЗЖ1,243411.700,Проволока (сталь),15786423-1 Приобретение квартиры многоэтажном жилом доме для малообеспеченным семьям с.Аса Жамбылского района Жамбылской области,Квартира,1,19 880 000.00,Закупка жилища,Закупка состоялась
81286291-ЗЖ1,243411.700,Проволока (сталь),15786423-1 Приобретение квартиры многоэтажном жилом доме для малообеспеченным семьям с.Аса Жамбылского района Жамбылской области,Квартира,1,19 880 000.00,Закупка жилища,Закупка состоялась
81286308-ЗЖ1,243411.700,Проволока (сталь),15786423-1 Приобретение квартиры многоэтажном жилом доме для малообеспеченным семьям с.Аса Жамбылского района Жамбылской области,Квартира,1,19 880 000.00,Закупка жилища,Закупка состоялась
81286311-ЗЖ1,243411.700,Проволока (сталь),15786423-1 Приобретение квартиры многоэтажном жилом доме для малообеспеченным семьям с.Аса Жамбылского района Жамбылской области,Квартира,1,19 880 000.00,Закупка жилища,Закупка состоялась
81286316-ЗЖ1,243411.700,Проволока (сталь),15786423-1 Приобретение квартиры многоэтажном жилом доме для малообеспеченным семьям с.Аса Жамбылского района Жамбылской области,Квартира,1,19 880 000.00,Закупка жилища,Закупка состоялась
81286342-ЗЖ1,243411.700,Проволока (сталь),15786423-1 Приобретение квартиры многоэтажном жилом доме для малообеспеченным семьям с.Аса Жамбылского района Жамбылской области,Квартира,1,21 000 000.00,Закупка жилища,Закупка состоялась
81286357-ЗЖ1,243411.700,Проволока (сталь),15786423-1 Приобретение квартиры многоэтажном жилом доме для малообеспеченным семьям с.Аса Жамбылского района Жамбылской области,Квартира,1,21 000 000.00,Закупка жилища,Закупка состоялась
81286363-ЗЖ1,243411.700,Проволока (сталь),15786423-1 Приобретение квартиры многоэтажном жилом доме для малообеспеченным семьям с.Аса Жамбылского района Жамбылской области,Квартира,1,21 000 000.00,Закупка жилища,Закупка состоялась
81286369-ЗЖ1,243411.700,Проволока (сталь),15786423-1 Приобретение квартиры многоэтажном жилом доме для малообеспеченным семьям с.Аса Жамбылского района Жамбылской области,Квартира,1,21 000 000.00,Закупка жилища,Закупка состоялась
81286374-ЗЖ1,243411.700,Проволока (сталь),15786423-1 Приобретение квартиры многоэтажном жилом доме для малообеспеченным семьям с.Аса Жамбылского района Жамбылской области,Квартира,1,21 000 000.00,Закупка жилища,Закупка состоялась
81286378-ЗЖ1,243411.700,Проволока (сталь),15786423-1 Приобретение квартиры многоэтажном жилом доме для малообеспеченным семьям с.Аса Жамбылского района Жамбылской области,Квартира,1,21 000 000.00,Закупка жилища,Закупка состоялась
81286384-ЗЖ1,243411.700,Проволока (сталь),15786423-1 Приобретение квартиры многоэтажном жилом доме для малообеспеченным семьям с.Аса Жамбылского района Жамбылской области,Квартира,1,21 000 000.00,Закупка жилища,Закупка состоялась
81286412-ЗЖ1,243411.700,Проволока (сталь),15786423-1 Приобретение квартиры многоэтажном жилом доме для малообеспеченным семьям с.Аса Жамбылского района Жамбылской области,Квартира,1,23 240 000.00,Закупка жилища,Закупка состоялась
81286423-ЗЖ1,243411.700,Проволока (сталь),15786423-1 Приобретение квартиры многоэтажном жилом доме для малообеспеченным семьям с.Аса Жамбылского района Жамбылской области,Квартира,1,23 240 000.00,Закупка жилища,Закупка состоялась
81286426-ЗЖ1,243411.700,Проволока (сталь),15786423-1 Приобретение квартиры многоэтажном жилом доме для малообеспеченным семьям с.Аса Жамбылского района Жамбылской области,Квартира,1,23 240 000.00,Закупка жилища,Закупка состоялась
81286431-ЗЖ1,243411.700,Проволока (сталь),15786423-1 Приобретение квартиры многоэтажном жилом доме для малообеспеченным семьям с.Аса Жамбылского района Жамбылской области,Квартира,1,23 240 000.00,Закупка жилища,Закупка состоялась
81286453-ЗЖ1,243411.700,Проволока (сталь),15786423-1 Приобретение квартиры многоэтажном жилом доме для малообеспеченным семьям с.Аса Жамбылского района Жамбылской области,Квартира,1,23 520 000.00,Закупка жилища,Закупка состоялась
81286457-ЗЖ1,243411.700,Проволока (сталь),15786423-1 Приобретение квартиры многоэтажном жилом доме для малообеспеченным семьям с.Аса Жамбылского района Жамбылской области,Квартира,1,23 520 000.00,Закупка жилища,Закупка состоялась
81286460-ЗЖ1,243411.700,Проволока (сталь),15786423-1 Приобретение квартиры многоэтажном жилом доме для малообеспеченным семьям с.Аса Жамбылского района Жамбылской области,Квартира,1,23 520 000.00,Закупка жилища,Закупка состоялась
81286464-ЗЖ1,243411.700,Проволока (сталь),15786423-1 Приобретение квартиры многоэтажном жилом доме для малообеспеченным семьям с.Аса Жамбылского района Жамбылской области,Квартира,1,23 520 000.00,Закупка жилища,Закупка состоялась
81286475-ЗЖ1,243411.700,Проволока (сталь),15786423-1 Приобретение квартиры многоэтажном жилом доме для малообеспеченным семьям с.Аса Жамбылского района Жамбылской области,Квартира,1,23 520 000.00,Закупка жилища,Закупка состоялась
81286485-ЗЖ1,243411.700,Проволока (сталь),15786423-1 Приобретение квартиры многоэтажном жилом доме для малообеспеченным семьям с.Аса Жамбылского района Жамбылской области,Квартира,1,23 520 000.00,Закупка жилища,Закупка состоялась
81286905-ЗЖ1,243411.700,Проволока (сталь),15754823-1 Приобретение квартиры в г.Кульсары/,Квартира,1,17 000 000.00,Закупка жилища,Закупка состоялась
81289770-ОК1,243411.700,Проволока (сталь),15755436-2 Мемлекеттік сатып алу,Услуги по техническому обслуживанию противопожарных средств/инвентаря/оборудования (кроме систем безопасности),1,21 723 900.00,Открытый конкурс,Закупка состоялась
81289926-ОК1,243411.700,Проволока (сталь),15766298-1 Зимнее и летнее содержание улиц города Житикара,Работы по содержанию автомобильных дорог,1,33 760 000.00,Открытый конкурс,Закупка состоялась
81293423-ОК1,243411.700,Проволока (сталь),15774522-1 Работы по текущему ремонту нежилых зданий/сооружений/помещений- Работы по текущему ремонту здания военкомата города Жанаозен,Работы по текущему ремонту нежилых зданий/сооружений/помещений,1,61 108 456.25,Открытый конкурс,Закупка состоялась
81294385-ОК1,243411.700,Проволока (сталь),"15761357-1 Государственные закупки для ГУ """"Отдел строительства Карасайского района"""" способом открытый конкурс (Приобретение кредитного жилья гражданам, состоящим в очереди на жилье в Карасайском районе Алматинской области)",Здание,1,23 616 000.00,Открытый конкурс,Закупка состоялась
81294477-ОК1,243411.700,Проволока (сталь),"15761357-1 Государственные закупки для ГУ """"Отдел строительства Карасайского района"""" способом открытый конкурс (Приобретение кредитного жилья гражданам, состоящим в очереди на жилье в Карасайском районе Алматинской области)",Здание,1,23 616 000.00,Открытый конкурс,Закупка состоялась
81294481-ОК1,243411.700,Проволока (сталь),"15761357-1 Государственные закупки для ГУ """"Отдел строительства Карасайского района"""" способом открытый конкурс (Приобретение кредитного жилья гражданам, состоящим в очереди на жилье в Карасайском районе Алматинской области)",Здание,1,23 616 000.00,Открытый конкурс,Закупка состоялась
81294486-ОК1,243411.700,Проволока (сталь),"15761357-1 Государственные закупки для ГУ """"Отдел строительства Карасайского района"""" способом открытый конкурс (Приобретение кредитного жилья гражданам, состоящим в очереди на жилье в Карасайском районе Алматинской области)",Здание,1,23 616 000.00,Открытый конкурс,Закупка состоялась
81294491-ОК1,243411.700,Проволока (сталь),"15761357-1 Государственные закупки для ГУ """"Отдел строительства Карасайского района"""" способом открытый конкурс (Приобретение кредитного жилья гражданам, состоящим в очереди на жилье в Карасайском районе Алматинской области)",Здание,1,23 616 000.00,Открытый конкурс,Закупка состоялась
81294498-ОК1,243411.700,Проволока (сталь),"15761357-1 Государственные закупки для ГУ """"Отдел строительства Карасайского района"""" способом открытый конкурс (Приобретение кредитного жилья гражданам, состоящим в очереди на жилье в Карасайском районе Алматинской области)",Здание,1,23 616 000.00,Открытый конкурс,Закупка состоялась
81294502-ОК1,243411.700,Проволока (сталь),"15761357-1 Государственные закупки для ГУ """"Отдел строительства Карасайского района"""" способом открытый конкурс (Приобретение кредитного жилья гражданам, состоящим в очереди на жилье в Карасайском районе Алматинской области)",Здание,1,23 616 000.00,Открытый конкурс,Закупка состоялась
81294505-ОК1,243411.700,Проволока (сталь),"15761357-1 Государственные закупки для ГУ """"Отдел строительства Карасайского района"""" способом открытый конкурс (Приобретение кредитного жилья гражданам, состоящим в очереди на жилье в Карасайском районе Алматинской области)",Здание,1,23 616 000.00,Открытый конкурс,Закупка состоялась
81294515-ОК1,243411.700,Проволока (сталь),"15761357-1 Государственные закупки для ГУ """"Отдел строительства Карасайского района"""" способом открытый конкурс (Приобретение кредитного жилья гражданам, состоящим в очереди на жилье в Карасайском районе Алматинской области)",Здание,1,23 616 000.00,Открытый конкурс,Закупка состоялась
81294532-ОК1,243411.700,Проволока (сталь),"15761357-1 Государственные закупки для ГУ """"Отдел строительства Карасайского района"""" способом открытый конкурс (Приобретение кредитного жилья гражданам, состоящим в очереди на жилье в Карасайском районе Алматинской области)",Здание,1,23 616 000.00,Открытый конкурс,Закупка состоялась
81294540-ОК1,243411.700,Проволока (сталь),"15761357-1 Государственные закупки для ГУ """"Отдел строительства Карасайского района"""" способом открытый конкурс (Приобретение кредитного жилья гражданам, состоящим в очереди на жилье в Карасайском районе Алматинской области)",Здание,1,23 616 000.00,Открытый конкурс,Закупка состоялась
81294552-ОК1,243411.700,Проволока (сталь),"15761357-1 Государственные закупки для ГУ """"Отдел строительства Карасайского района"""" способом открытый конкурс (Приобретение кредитного жилья гражданам, состоящим в очереди на жилье в Карасайском районе Алматинской области)",Здание,1,23 616 000.00,Открытый конкурс,Закупка состоялась
81294557-ОК1,243411.700,Проволока (сталь),"15761357-1 Государственные закупки для ГУ """"Отдел строительства Карасайского района"""" способом открытый конкурс (Приобретение кредитного жилья гражданам, состоящим в очереди на жилье в Карасайском районе Алматинской области)",Здание,1,23 616 000.00,Открытый конкурс,Закупка состоялась
81294690-ОК1,243411.700,Проволока (сталь),"15761357-1 Государственные закупки для ГУ """"Отдел строительства Карасайского района"""" способом открытый конкурс (Приобретение кредитного жилья гражданам, состоящим в очереди на жилье в Карасайском районе Алматинской области)",Здание,1,16 380 000.00,Открытый конкурс,Закупка состоялась
81294699-ОК1,243411.700,Проволока (сталь),"15761357-1 Государственные закупки для ГУ """"Отдел строительства Карасайского района"""" способом открытый конкурс (Приобретение кредитного жилья гражданам, состоящим в очереди на жилье в Карасайском районе Алматинской области)",Здание,1,16 380 000.00,Открытый конкурс,Закупка состоялась
81294711-ОК1,243411.700,Проволока (сталь),"15761357-1 Государственные закупки для ГУ """"Отдел строительства Карасайского района"""" способом открытый конкурс (Приобретение кредитного жилья гражданам, состоящим в очереди на жилье в Карасайском районе Алматинской области)",Здание,1,16 380 000.00,Открытый конкурс,Закупка состоялась
81294715-ОК1,243411.700,Проволока (сталь),"15761357-1 Государственные закупки для ГУ """"Отдел строительства Карасайского района"""" способом открытый конкурс (Приобретение кредитного жилья гражданам, состоящим в очереди на жилье в Карасайском районе Алматинской области)",Здание,1,16 380 000.00,Открытый конкурс,Закупка состоялась
81294719-ОК1,243411.700,Проволока (сталь),"15761357-1 Государственные закупки для ГУ """"Отдел строительства Карасайского района"""" способом открытый конкурс (Приобретение кредитного жилья гражданам, состоящим в очереди на жилье в Карасайском районе Алматинской области)",Здание,1,16 380 000.00,Открытый конкурс,Закупка состоялась
81294723-ОК1,243411.700,Проволока (сталь),"15761357-1 Государственные закупки для ГУ """"Отдел строительства Карасайского района"""" способом открытый конкурс (Приобретение кредитного жилья гражданам, состоящим в очереди на жилье в Карасайском районе Алматинской области)",Здание,1,16 380 000.00,Открытый конкурс,Закупка состоялась
81294731-ОК1,243411.700,Проволока (сталь),"15761357-1 Государственные закупки для ГУ """"Отдел строительства Карасайского района"""" способом открытый конкурс (Приобретение кредитного жилья гражданам, состоящим в очереди на жилье в Карасайском районе Алматинской области)",Здание,1,16 380 000.00,Открытый конкурс,Закупка состоялась
81294735-ОК1,243411.700,Проволока (сталь),"15761357-1 Государственные закупки для ГУ """"Отдел строительства Карасайского района"""" способом открытый конкурс (Приобретение кредитного жилья гражданам, состоящим в очереди на жилье в Карасайском районе Алматинской области)",Здание,1,16 380 000.00,Открытый конкурс,Закупка состоялась
81294740-ОК1,243411.700,Проволока (сталь),"15761357-1 Государственные закупки для ГУ """"Отдел строительства Карасайского района"""" способом открытый конкурс (Приобретение кредитного жилья гражданам, состоящим в очереди на жилье в Карасайском районе Алматинской области)",Здание,1,16 380 000.00,Открытый конкурс,Закупка состоялась
81294940-ОК1,243411.700,Проволока (сталь),"15761357-1 Государственные закупки для ГУ """"Отдел строительства Карасайского района"""" способом открытый конкурс (Приобретение кредитного жилья гражданам, состоящим в очереди на жилье в Карасайском районе Алматинской области)",Здание,1,16 380 000.00,Открытый конкурс,Закупка состоялась
81295320-ОК1,243411.700,Проволока (сталь),15764081-1 Услуги аэропортов по обслуживанию и наземному обеспечению воздушных судов за пределами Республики Казахстан,Услуги аэропортов по обслуживанию воздушных судов,1,69 642 857.14,Открытый конкурс,Закупка состоялась
81295648-ЗЦП1,243411.700,Проволока (сталь),15791212-1 Приобретение мини погрузчика,Погрузчик,1,15 357 142.86,Запрос ценовых предложений,Закупка состоялась
81295648-ЗЦП2,243411.700,Проволока (сталь),15859064-1 Приобретение мини погрузчика,Погрузчик,1,15 357 142.86,Запрос ценовых предложений,Закупка состоялась
81297653-ОК1,243411.700,Проволока (сталь),"15771960-1 Средний ремонт автомобильной дороги по ул.10 Лет Целины, ул.Дорожная, ул.Валиханова, переулок Ауэзова (1,4 км) в п. Камысты, Костанайской области",Работы по среднему ремонту автомобильной дороги,1,32 661 064.30,Открытый конкурс,Закупка состоялась
81302906-КРБС1,243411.700,Проволока (сталь),15760433-1 Строительно-монтажные работы по объекту «Строительство здания ГККП «Школа искусств в с.Узынагаш (со сносом существующего здания)» ГУ «Отдела образования Жамбылского района Алматинской области»,Работы по возведению (строительству) нежилых зданий/сооружений,1,4 025 721 952.00,Конкурс с использованием рейтингово-балльной системы,Закупка состоялась
81307027-ОК1,243411.700,Проволока (сталь),"15761587-1 Государственные закупки для ГУ """"Отдел строительства Карасайского района"""" способом открытый конкурс (Приобретение кредитного жилья гражданам, состоящим в очереди на жилье в Карасайском районе Алматинской области)",Здание,1,23 616 000.00,Открытый конкурс,Закупка состоялась
81307040-ОК1,243411.700,Проволока (сталь),"15761587-1 Государственные закупки для ГУ """"Отдел строительства Карасайского района"""" способом открытый конкурс (Приобретение кредитного жилья гражданам, состоящим в очереди на жилье в Карасайском районе Алматинской области)",Здание,1,23 616 000.00,Открытый конкурс,Закупка состоялась
81307056-ОК1,243411.700,Проволока (сталь),"15761587-1 Государственные закупки для ГУ """"Отдел строительства Карасайского района"""" способом открытый конкурс (Приобретение кредитного жилья гражданам, состоящим в очереди на жилье в Карасайском районе Алматинской области)",Здание,1,23 616 000.00,Открытый конкурс,Закупка состоялась
81307061-ОК1,243411.700,Проволока (сталь),"15761587-1 Государственные закупки для ГУ """"Отдел строительства Карасайского района"""" способом открытый конкурс (Приобретение кредитного жилья гражданам, состоящим в очереди на жилье в Карасайском районе Алматинской области)",Здание,1,23 616 000.00,Открытый конкурс,Закупка состоялась
81307070-ОК1,243411.700,Проволока (сталь),"15761587-1 Государственные закупки для ГУ """"Отдел строительства Карасайского района"""" способом открытый конкурс (Приобретение кредитного жилья гражданам, состоящим в очереди на жилье в Карасайском районе Алматинской области)",Здание,1,23 616 000.00,Открытый конкурс,Закупка состоялась
81307078-ОК1,243411.700,Проволока (сталь),"15761587-1 Государственные закупки для ГУ """"Отдел строительства Карасайского района"""" способом открытый конкурс (Приобретение кредитного жилья гражданам, состоящим в очереди на жилье в Карасайском районе Алматинской области)",Здание,1,23 616 000.00,Открытый конкурс,Закупка состоялась
81307083-ОК1,243411.700,Проволока (сталь),"15761587-1 Государственные закупки для ГУ """"Отдел строительства Карасайского района"""" способом открытый конкурс (Приобретение кредитного жилья гражданам, состоящим в очереди на жилье в Карасайском районе Алматинской области)",Здание,1,23 616 000.00,Открытый конкурс,Закупка состоялась
81307101-ОК1,243411.700,Проволока (сталь),"15761587-1 Государственные закупки для ГУ """"Отдел строительства Карасайского района"""" способом открытый конкурс (Приобретение кредитного жилья гражданам, состоящим в очереди на жилье в Карасайском районе Алматинской области)",Здание,1,23 616 000.00,Открытый конкурс,Закупка состоялась
81307112-ОК1,243411.700,Проволока (сталь),"15761587-1 Государственные закупки для ГУ """"Отдел строительства Карасайского района"""" способом открытый конкурс (Приобретение кредитного жилья гражданам, состоящим в очереди на жилье в Карасайском районе Алматинской области)",Здание,1,23 616 000.00,Открытый конкурс,Закупка состоялась
81307118-ОК1,243411.700,Проволока (сталь),"15761587-1 Государственные закупки для ГУ """"Отдел строительства Карасайского района"""" способом открытый конкурс (Приобретение кредитного жилья гражданам, состоящим в очереди на жилье в Карасайском районе Алматинской области)",Здание,1,23 616 000.00,Открытый конкурс,Закупка состоялась
81307124-ОК1,243411.700,Проволока (сталь),"15761587-1 Государственные закупки для ГУ """"Отдел строительства Карасайского района"""" способом открытый конкурс (Приобретение кредитного жилья гражданам, состоящим в очереди на жилье в Карасайском районе Алматинской области)",Здание,1,23 616 000.00,Открытый конкурс,Закупка состоялась
81307131-ОК1,243411.700,Проволока (сталь),"15761587-1 Государственные закупки для ГУ """"Отдел строительства Карасайского района"""" способом открытый конкурс (Приобретение кредитного жилья гражданам, состоящим в очереди на жилье в Карасайском районе Алматинской области)",Здание,1,23 616 000.00,Открытый конкурс,Закупка состоялась
81307135-ОК1,243411.700,Проволока (сталь),"15761587-1 Государственные закупки для ГУ """"Отдел строительства Карасайского района"""" способом открытый конкурс (Приобретение кредитного жилья гражданам, состоящим в очереди на жилье в Карасайском районе Алматинской области)",Здание,1,23 616 000.00,Открытый конкурс,Закупка состоялась
81307144-ОК1,243411.700,Проволока (сталь),"15761587-1 Государственные закупки для ГУ """"Отдел строительства Карасайского района"""" способом открытый конкурс (Приобретение кредитного жилья гражданам, состоящим в очереди на жилье в Карасайском районе Алматинской области)",Здание,1,23 616 000.00,Открытый конкурс,Закупка состоялась
81307150-ОК1,243411.700,Проволока (сталь),"15761587-1 Государственные закупки для ГУ """"Отдел строительства Карасайского района"""" способом открытый конкурс (Приобретение кредитного жилья гражданам, состоящим в очереди на жилье в Карасайском районе Алматинской области)",Здание,1,23 616 000.00,Открытый конкурс,Закупка состоялась
81307156-ОК1,243411.700,Проволока (сталь),"15761587-1 Государственные закупки для ГУ """"Отдел строительства Карасайского района"""" способом открытый конкурс (Приобретение кредитного жилья гражданам, состоящим в очереди на жилье в Карасайском районе Алматинской области)",Здание,1,23 616 000.00,Открытый конкурс,Закупка состоялась
81307161-ОК1,243411.700,Проволока (сталь),"15761587-1 Государственные закупки для ГУ """"Отдел строительства Карасайского района"""" способом открытый конкурс (Приобретение кредитного жилья гражданам, состоящим в очереди на жилье в Карасайском районе Алматинской области)",Здание,1,23 616 000.00,Открытый конкурс,Закупка состоялась
81307169-ОК1,243411.700,Проволока (сталь),"15761587-1 Государственные закупки для ГУ """"Отдел строительства Карасайского района"""" способом открытый конкурс (Приобретение кредитного жилья гражданам, состоящим в очереди на жилье в Карасайском районе Алматинской области)",Здание,1,23 616 000.00,Открытый конкурс,Закупка состоялась
81307176-ОК1,243411.700,Проволока (сталь),"15761587-1 Государственные закупки для ГУ """"Отдел строительства Карасайского района"""" способом открытый конкурс (Приобретение кредитного жилья гражданам, состоящим в очереди на жилье в Карасайском районе Алматинской области)",Здание,1,23 616 000.00,Открытый конкурс,Закупка состоялась
81307276-ОК1,243411.700,Проволока (сталь),"15761587-1 Государственные закупки для ГУ """"Отдел строительства Карасайского района"""" способом открытый конкурс (Приобретение кредитного жилья гражданам, состоящим в очереди на жилье в Карасайском районе Алматинской области)",Здание,1,16 380 000.00,Открытый конкурс,Закупка состоялась
81307286-ОК1,243411.700,Проволока (сталь),"15761587-1 Государственные закупки для ГУ """"Отдел строительства Карасайского района"""" способом открытый конкурс (Приобретение кредитного жилья гражданам, состоящим в очереди на жилье в Карасайском районе Алматинской области)",Здание,1,16 380 000.00,Открытый конкурс,Закупка состоялась
81307293-ОК1,243411.700,Проволока (сталь),"15761587-1 Государственные закупки для ГУ """"Отдел строительства Карасайского района"""" способом открытый конкурс (Приобретение кредитного жилья гражданам, состоящим в очереди на жилье в Карасайском районе Алматинской области)",Здание,1,16 380 000.00,Открытый конкурс,Закупка состоялась
81307296-ОК1,243411.700,Проволока (сталь),"15761587-1 Государственные закупки для ГУ """"Отдел строительства Карасайского района"""" способом открытый конкурс (Приобретение кредитного жилья гражданам, состоящим в очереди на жилье в Карасайском районе Алматинской области)",Здание,1,16 380 000.00,Открытый конкурс,Закупка состоялась
81307299-ОК1,243411.700,Проволока (сталь),"15761587-1 Государственные закупки для ГУ """"Отдел строительства Карасайского района"""" способом открытый конкурс (Приобретение кредитного жилья гражданам, состоящим в очереди на жилье в Карасайском районе Алматинской области)",Здание,1,16 380 000.00,Открытый конкурс,Закупка состоялась
81307308-ОК1,243411.700,Проволока (сталь),"15761587-1 Государственные закупки для ГУ """"Отдел строительства Карасайского района"""" способом открытый конкурс (Приобретение кредитного жилья гражданам, состоящим в очереди на жилье в Карасайском районе Алматинской области)",Здание,1,16 380 000.00,Открытый конкурс,Закупка состоялась
81307473-ЗЦП1,243411.700,Проволока (сталь),15771577-1 Дизайнерское оформление кабинета искусственного интеллекта с комплексным оснащением,"Работы в области архитектуры, связанные с проектами нежилых зданий/сооружений/помещений",1,19 787 000.00,Запрос ценовых предложений,Закупка состоялась
81307791-ОК1,243411.700,Проволока (сталь),15795034-1 Приобретение квартир для ГУ «Отдел строительства города Караганды»,Квартира,653.6,241 832 000.00,Открытый конкурс,Закупка состоялась
81312825-ЗЖ1,243411.700,Проволока (сталь),15761006-1 Приобретение жилья для коммунального жилищного фонда Уилского района для социально-уязвимых слоев населения для очередников,Здание,1,19 050 200.00,Закупка жилища,Закупка состоялась
81312834-ЗЖ1,243411.700,Проволока (сталь),15761006-1 Приобретение жилья для коммунального жилищного фонда Уилского района для социально-уязвимых слоев населения для очередников,Здание,1,19 050 200.00,Закупка жилища,Закупка состоялась
81312839-ЗЖ1,243411.700,Проволока (сталь),15761006-1 Приобретение жилья для коммунального жилищного фонда Уилского района для социально-уязвимых слоев населения для очередников,Здание,1,19 050 200.00,Закупка жилища,Закупка состоялась
81312844-ЗЖ1,243411.700,Проволока (сталь),15761006-1 Приобретение жилья для коммунального жилищного фонда Уилского района для социально-уязвимых слоев населения для очередников,Здание,1,19 050 200.00,Закупка жилища,Закупка состоялась
81312854-ЗЖ1,243411.700,Проволока (сталь),15761006-1 Приобретение жилья для коммунального жилищного фонда Уилского района для социально-уязвимых слоев населения для очередников,Здание,1,19 050 200.00,Закупка жилища,Закупка состоялась
81312866-ЗЖ1,243411.700,Проволока (сталь),15761006-1 Приобретение жилья для коммунального жилищного фонда Уилского района для социально-уязвимых слоев населения для очередников,Здание,1,19 050 200.00,Закупка жилища,Закупка состоялась
81312872-ЗЖ1,243411.700,Проволока (сталь),15761006-1 Приобретение жилья для коммунального жилищного фонда Уилского района для социально-уязвимых слоев населения для очередников,Здание,1,19 050 200.00,Закупка жилища,Закупка состоялась
81312876-ЗЖ1,243411.700,Проволока (сталь),15761006-1 Приобретение жилья для коммунального жилищного фонда Уилского района для социально-уязвимых слоев населения для очередников,Здание,1,19 050 200.00,Закупка жилища,Закупка состоялась
81312881-ЗЖ1,243411.700,Проволока (сталь),15758573-1 Приобретение жилья в с. Уил для коммунального жилищного фонда для социально-уязвимых слоев населения для очередников,Здание,1,19 050 200.00,Закупка жилища,Закупка состоялась
81312884-ЗЖ1,243411.700,Проволока (сталь),15758573-1 Приобретение жилья в с. Уил для коммунального жилищного фонда для социально-уязвимых слоев населения для очередников,Здание,1,19 050 200.00,Закупка жилища,Закупка состоялась
81312892-ОК1,243411.700,Проволока (сталь),"15761675-1 Государственные закупки для ГУ """"Отдел строительства Карасайского района"""" способом открытый конкурс (Приобретение жилья для социально уязвимых слоев населения (СУСН) в Карасайском районе Алматинской области)",Здание,1,16 380 000.00,Открытый конкурс,Закупка состоялась
81312900-ОК1,243411.700,Проволока (сталь),"15761675-1 Государственные закупки для ГУ """"Отдел строительства Карасайского района"""" способом открытый конкурс (Приобретение жилья для социально уязвимых слоев населения (СУСН) в Карасайском районе Алматинской области)",Здание,1,16 380 000.00,Открытый конкурс,Закупка состоялась
81312902-ОК1,243411.700,Проволока (сталь),"15761675-1 Государственные закупки для ГУ """"Отдел строительства Карасайского района"""" способом открытый конкурс (Приобретение жилья для социально уязвимых слоев населения (СУСН) в Карасайском районе Алматинской области)",Здание,1,16 380 000.00,Открытый конкурс,Закупка состоялась
81312906-ОК1,243411.700,Проволока (сталь),"15761675-1 Государственные закупки для ГУ """"Отдел строительства Карасайского района"""" способом открытый конкурс (Приобретение жилья для социально уязвимых слоев населения (СУСН) в Карасайском районе Алматинской области)",Здание,1,16 380 000.00,Открытый конкурс,Закупка состоялась
81312909-ОК1,243411.700,Проволока (сталь),"15761675-1 Государственные закупки для ГУ """"Отдел строительства Карасайского района"""" способом открытый конкурс (Приобретение жилья для социально уязвимых слоев населения (СУСН) в Карасайском районе Алматинской области)",Здание,1,16 380 000.00,Открытый конкурс,Закупка состоялась
81312916-ОК1,243411.700,Проволока (сталь),"15761675-1 Государственные закупки для ГУ """"Отдел строительства Карасайского района"""" способом открытый конкурс (Приобретение жилья для социально уязвимых слоев населения (СУСН) в Карасайском районе Алматинской области)",Здание,1,16 380 000.00,Открытый конкурс,Закупка состоялась
81312922-ОК1,243411.700,Проволока (сталь),"15761675-1 Государственные закупки для ГУ """"Отдел строительства Карасайского района"""" способом открытый конкурс (Приобретение жилья для социально уязвимых слоев населения (СУСН) в Карасайском районе Алматинской области)",Здание,1,16 380 000.00,Открытый конкурс,Закупка состоялась
81312923-ЗЖ2,243411.700,Проволока (сталь),15816112-1 Приобретение жилья в с.Кумжарган Уилского района для коммунального жилищного фонда,Здание,1,19 050 200.00,Закупка жилища,Закупка состоялась
81313090-ЗЖ2,243411.700,Проволока (сталь),15816112-1 Приобретение жилья в с.Кумжарган Уилского района для коммунального жилищного фонда,Здание,1,19 050 200.00,Закупка жилища,Закупка состоялась
81313184-ОК1,243411.700,Проволока (сталь),"15761675-1 Государственные закупки для ГУ """"Отдел строительства Карасайского района"""" способом открытый конкурс (Приобретение жилья для социально уязвимых слоев населения (СУСН) в Карасайском районе Алматинской области)",Здание,1,16 380 000.00,Открытый конкурс,Закупка состоялась
81314285-ОК1,243411.700,Проволока (сталь),"15761709-1 Государственные закупки для ГУ """"Отдел строительства Карасайского района"""" способом открытый конкурс (Приобретение жилья для социально уязвимых слоев населения (СУСН) в Карасайском районе Алматинской области)",Здание,1,16 380 000.00,Открытый конкурс,Закупка состоялась
81314291-ОК1,243411.700,Проволока (сталь),"15761709-1 Государственные закупки для ГУ """"Отдел строительства Карасайского района"""" способом открытый конкурс (Приобретение жилья для социально уязвимых слоев населения (СУСН) в Карасайском районе Алматинской области)",Здание,1,16 380 000.00,Открытый конкурс,Закупка состоялась
81314310-ОК1,243411.700,Проволока (сталь),"15761709-1 Государственные закупки для ГУ """"Отдел строительства Карасайского района"""" способом открытый конкурс (Приобретение жилья для социально уязвимых слоев населения (СУСН) в Карасайском районе Алматинской области)",Здание,1,16 380 000.00,Открытый конкурс,Закупка состоялась
81314314-ОК1,243411.700,Проволока (сталь),"15761709-1 Государственные закупки для ГУ """"Отдел строительства Карасайского района"""" способом открытый конкурс (Приобретение жилья для социально уязвимых слоев населения (СУСН) в Карасайском районе Алматинской области)",Здание,1,16 380 000.00,Открытый конкурс,Закупка состоялась
81314320-ОК1,243411.700,Проволока (сталь),"15761709-1 Государственные закупки для ГУ """"Отдел строительства Карасайского района"""" способом открытый конкурс (Приобретение жилья для социально уязвимых слоев населения (СУСН) в Карасайском районе Алматинской области)",Здание,1,16 380 000.00,Открытый конкурс,Закупка состоялась
81314329-ОК1,243411.700,Проволока (сталь),"15761709-1 Государственные закупки для ГУ """"Отдел строительства Карасайского района"""" способом открытый конкурс (Приобретение жилья для социально уязвимых слоев населения (СУСН) в Карасайском районе Алматинской области)",Здание,1,16 380 000.00,Открытый конкурс,Закупка состоялась
81314511-ОК1,243411.700,Проволока (сталь),"15761709-1 Государственные закупки для ГУ """"Отдел строительства Карасайского района"""" способом открытый конкурс (Приобретение жилья для социально уязвимых слоев населения (СУСН) в Карасайском районе Алматинской области)",Здание,1,16 380 000.00,Открытый конкурс,Закупка состоялась
81314655-ОК1,243411.700,Проволока (сталь),"15761709-1 Государственные закупки для ГУ """"Отдел строительства Карасайского района"""" способом открытый конкурс (Приобретение жилья для социально уязвимых слоев населения (СУСН) в Карасайском районе Алматинской области)",Здание,1,16 380 000.00,Открытый конкурс,Закупка состоялась
81316010-ЗЖ1,243411.700,Проволока (сталь),15760258-1 Приобретение 2-х комнатной квартиры не менее 60 кв. м,Квартира,1,16 335 000.00,Закупка жилища,Закупка состоялась
81318305-ОК1,243411.700,Проволока (сталь),15769484-2 Закуп - Автомобиль легковой,Автомобиль,4,30 400 000.00,Открытый конкурс,Закупка состоялась
81321272-ЗЖ2,243411.700,Проволока (сталь),15809775-1 Приобретение жилого дома в селе Жанибек Жанибекского района ЗКО (16),Здание,1,19 820 000.00,Закупка жилища,Закупка состоялась
81321472-ЗЖ2,243411.700,Проволока (сталь),15809831-1 Приобретение жилого дома в селе Жанибек Жанибекского района ЗКО (17),Здание,1,19 820 000.00,Закупка жилища,Закупка состоялась
81322210-ОК1,243411.700,Проволока (сталь),15769484-2 Закуп - Автомобиль легковой,Автомобиль,2,43 980 000.00,Открытый конкурс,Закупка состоялась
81323141-ЗЖ1,243411.700,Проволока (сталь),15761258-1 Приобретение жилого дома в селе Камысты Жанибекского района ЗКО (1),Здание,1,19 820 000.00,Закупка жилища,Закупка состоялась
81323182-ЗЖ1,243411.700,Проволока (сталь),15761360-1 Приобретение жилого дома в селе Камысты Жанибекского района ЗКО (2),Здание,1,19 820 000.00,Закупка жилища,Закупка состоялась
81323250-ОИ2,243411.700,Проволока (сталь),15797335-1 Приобретение легкового автомобиля согласно технической спецификации,Автомобиль,2,28 980 000.00,Из одного источника по несостоявшимся закупкам,Закупка состоялась
81323452-ОК1,243411.700,Проволока (сталь),15769391-1 Государственные закупки лицензии для межсетевых экранов,Лицензия,1,30 000 000.00,Открытый конкурс,Закупка состоялась
81326250-ОК1,243411.700,Проволока (сталь),"15768349-1 Средний ремонт ул.Ленина 2-ой участок (1,2 км)» ул.Центральная (0,4 км)» ул.Валиханова (0,3 км)» в с.Адаевка, Камыстинского района Костанайской области",Работы по среднему ремонту автомобильной дороги,1,65 707 700.00,Открытый конкурс,Закупка состоялась
81326773-ОК1,243411.700,Проволока (сталь),"15768760-1 Средний ремонт улиц 30 лет Победы, Октябрьская, Торговая в селе Арка Камыстинского района Костанайской области",Работы по среднему ремонту автомобильной дороги,1,63 629 618.75,Открытый конкурс,Закупка состоялась
81327021-ЗЖ1,243411.700,Проволока (сталь),15761113-1 Закуп квартир в трехэтажном жилом доме в п.Осакаровка по ул.Ы.Алтынсарина/,Здание,1,19 569 000.00,Закупка жилища,Закупка состоялась
81327036-ЗЖ1,243411.700,Проволока (сталь),15761113-1 Закуп квартир в трехэтажном жилом доме в п.Осакаровка по ул.Ы.Алтынсарина/,Здание,1,19 569 000.00,Закупка жилища,Закупка состоялась
81327062-ЗЖ1,243411.700,Проволока (сталь),15761113-1 Закуп квартир в трехэтажном жилом доме в п.Осакаровка по ул.Ы.Алтынсарина/,Здание,1,18 909 000.00,Закупка жилища,Закупка состоялась
81327076-ЗЖ1,243411.700,Проволока (сталь),15761113-1 Закуп квартир в трехэтажном жилом доме в п.Осакаровка по ул.Ы.Алтынсарина/,Здание,1,18 909 000.00,Закупка жилища,Закупка состоялась
81327089-ЗЖ1,243411.700,Проволока (сталь),15761113-1 Закуп квартир в трехэтажном жилом доме в п.Осакаровка по ул.Ы.Алтынсарина/,Здание,1,18 909 000.00,Закупка жилища,Закупка состоялась
81327105-ЗЖ1,243411.700,Проволока (сталь),15761113-1 Закуп квартир в трехэтажном жилом доме в п.Осакаровка по ул.Ы.Алтынсарина/,Здание,1,18 909 000.00,Закупка жилища,Закупка состоялась
81327113-ЗЖ1,243411.700,Проволока (сталь),15761113-1 Закуп квартир в трехэтажном жилом доме в п.Осакаровка по ул.Ы.Алтынсарина/,Здание,1,18 909 000.00,Закупка жилища,Закупка состоялась
81327425-ОК1,243411.700,Проволока (сталь),"15770304-1 Средний ремонт автомобильной дороги по ул. Парковая, ул. Лесная, ул. Дворянское гнездо (1,902 км) в п. Арка, Камыстинского района, Костанайской области",Работы по среднему ремонту автомобильной дороги,1,32 615 855.00,Открытый конкурс,Закупка состоялась
81329098-ОК1,243411.700,Проволока (сталь),15783333-1 О проведении государственной закупки товара для ТОО «Digital Silk Road Company» способом открытого конкурса,Помещение,1,718 935 714.00,Открытый конкурс,Закупка состоялась
81329546-ЗЖ1,243411.700,Проволока (сталь),15761771-1 Приобретение квартиры с общей площадью от 70-80 кв.м.,Квартира,1,20 915 200.00,Закупка жилища,Закупка состоялась
81329684-ЗЖ1,243411.700,Проволока (сталь),15761811-1 Приобретение квартиры с общей площадью от 70-80 кв.м.,Квартира,1,20 915 200.00,Закупка жилища,Закупка состоялась
81329688-ЗЖ1,243411.700,Проволока (сталь),15761811-1 Приобретение квартиры с общей площадью от 70-80 кв.м.,Квартира,1,20 915 200.00,Закупка жилища,Закупка состоялась
81329691-ЗЖ1,243411.700,Проволока (сталь),15761811-1 Приобретение квартиры с общей площадью от 70-80 кв.м.,Квартира,1,20 915 200.00,Закупка жилища,Закупка состоялась
81329695-ЗЖ1,243411.700,Проволока (сталь),15761811-1 Приобретение квартиры с общей площадью от 70-80 кв.м.,Квартира,1,20 915 200.00,Закупка жилища,Закупка состоялась
81329730-ЗЖ1,243411.700,Проволока (сталь),15761811-1 Приобретение квартиры с общей площадью от 70-80 кв.м.,Квартира,1,20 915 200.00,Закупка жилища,Закупка состоялась
81329732-ЗЖ1,243411.700,Проволока (сталь),15761811-1 Приобретение квартиры с общей площадью от 70-80 кв.м.,Квартира,1,20 915 200.00,Закупка жилища,Закупка состоялась
81329737-ЗЖ1,243411.700,Проволока (сталь),15761811-1 Приобретение квартиры с общей площадью от 70-80 кв.м.,Квартира,1,20 915 200.00,Закупка жилища,Закупка состоялась
81329738-ЗЖ1,243411.700,Проволока (сталь),15761811-1 Приобретение квартиры с общей площадью от 70-80 кв.м.,Квартира,1,20 915 200.00,Закупка жилища,Закупка состоялась
81329743-ЗЖ1,243411.700,Проволока (сталь),15761771-1 Приобретение квартиры с общей площадью от 70-80 кв.м.,Квартира,1,20 915 200.00,Закупка жилища,Закупка состоялась
81329746-ЗЖ1,243411.700,Проволока (сталь),15761811-1 Приобретение квартиры с общей площадью от 70-80 кв.м.,Квартира,1,20 915 200.00,Закупка жилища,Закупка состоялась
81329749-ЗЖ1,243411.700,Проволока (сталь),15761811-1 Приобретение квартиры с общей площадью от 70-80 кв.м.,Квартира,1,20 915 200.00,Закупка жилища,Закупка состоялась
81329753-ЗЖ1,243411.700,Проволока (сталь),15761771-1 Приобретение квартиры с общей площадью от 70-80 кв.м.,Квартира,1,20 915 200.00,Закупка жилища,Закупка состоялась
81329858-ЗЖ1,243411.700,Проволока (сталь),15761867-1 Приобретение квартиры с общей площадью от 50-60 кв.м.,Квартира,1,15 686 400.00,Закупка жилища,Закупка состоялась
81329860-ЗЖ1,243411.700,Проволока (сталь),15761867-1 Приобретение квартиры с общей площадью от 50-60 кв.м.,Квартира,1,15 686 400.00,Закупка жилища,Закупка состоялась
81329862-ЗЖ1,243411.700,Проволока (сталь),15761867-1 Приобретение квартиры с общей площадью от 50-60 кв.м.,Квартира,1,15 686 400.00,Закупка жилища,Закупка состоялась
81329864-ЗЖ1,243411.700,Проволока (сталь),15761867-1 Приобретение квартиры с общей площадью от 50-60 кв.м.,Квартира,1,15 686 400.00,Закупка жилища,Закупка состоялась
81329866-ЗЖ1,243411.700,Проволока (сталь),15761867-1 Приобретение квартиры с общей площадью от 50-60 кв.м.,Квартира,1,15 686 400.00,Закупка жилища,Закупка состоялась
81329874-ЗЖ1,243411.700,Проволока (сталь),15761867-1 Приобретение квартиры с общей площадью от 50-60 кв.м.,Квартира,1,15 686 400.00,Закупка жилища,Закупка состоялась
81329881-ЗЖ1,243411.700,Проволока (сталь),15761867-1 Приобретение квартиры с общей площадью от 50-60 кв.м.,Квартира,1,15 686 400.00,Закупка жилища,Закупка состоялась
81329882-ЗЖ1,243411.700,Проволока (сталь),15761867-1 Приобретение квартиры с общей площадью от 50-60 кв.м.,Квартира,1,15 686 400.00,Закупка жилища,Закупка состоялась
81329884-ЗЖ1,243411.700,Проволока (сталь),15761867-1 Приобретение квартиры с общей площадью от 50-60 кв.м.,Квартира,1,15 686 400.00,Закупка жилища,Закупка состоялась
81329887-ЗЖ1,243411.700,Проволока (сталь),15761867-1 Приобретение квартиры с общей площадью от 50-60 кв.м.,Квартира,1,15 686 400.00,Закупка жилища,Закупка состоялась
81329995-ЗЖ1,243411.700,Проволока (сталь),15768842-1 Приобретение квартиры в городе Хромтау,Квартира,1,28 410 000.00,Закупка жилища,Закупка состоялась
81330005-ЗЖ1,243411.700,Проволока (сталь),15768842-1 Приобретение квартиры в городе Хромтау,Квартира,1,39 090 000.00,Закупка жилища,Закупка состоялась
81330537-ОК1,243411.700,Проволока (сталь),"15771520-1 Средний ремонт улиц Центральная, Молодежная, улицы Абая в с.Бестобе, Камыстинского района, Костанайской области",Работы по среднему ремонту автомобильной дороги,1,62 235 095.50,Открытый конкурс,Закупка состоялась
81330665-ОК1,243411.700,Проволока (сталь),"15771770-1 Средний ремонт автомобильной дороги по переулку Гагарина, переулок 60 лет Октября, ул. Ленина (от ул. Гумилева до переулка Ленина), ул. Советская, переулок Декабристов (2,031 км) в п. Камысты, Костанайской области",Работы по среднему ремонту автомобильной дороги,1,95 621 220.50,Открытый конкурс,Закупка состоялась
81330743-ОК1,243411.700,Проволока (сталь),"15771068-1 Средний ремонт улиц Центральная, Ленина в с.Жаильма, Камыстинского района, Костанайской области",Работы по среднему ремонту автомобильной дороги,1,78 988 357.10,Открытый конкурс,Закупка состоялась
81330886-ОК1,243411.700,Проволока (сталь),"15771277-1 Средний ремонт улиц Абая, Молодежная в с.Карабатыр Камыстинского района Костанайской области",Работы по среднему ремонту автомобильной дороги,1,41 170 502.60,Открытый конкурс,Закупка состоялась
81331070-ОК1,243411.700,Проволока (сталь),"15773207-1 Средний ремонт автомобильной дороги по ул. Транспортная, ул. Степная, ул. Школьная (2,573 км) в п. Камысты, Костанайской области",Работы по среднему ремонту автомобильной дороги,1,142 127 967.80,Открытый конкурс,Закупка состоялась
81331173-ОИ4,243411.700,Проволока (сталь),15866884-1 Услуги по финансовому лизингу на приобретение транспортных средств (подметально-вакуумная машина (пылесос) на шасси),Услуги по финансовому лизингу,1,762 436 281.25,Из одного источника по несостоявшимся закупкам,Закупка состоялась
81331182-ОИ4,243411.700,Проволока (сталь),15864272-1 Услуги по финансовому лизингу на приобретение транспортных средств (компактная подметально-уборочная машина),Услуги по финансовому лизингу,1,595 472 124.41,Из одного источника по несостоявшимся закупкам,Закупка состоялась
81331315-ОК1,243411.700,Проволока (сталь),"15773788-1 Государственная закупка для КГКП ""Областной центр дополнительного образования ""Дарын"" управления образования Кызылординской области",Услуги по организации/проведению конференций/семинаров/форумов/конкурсов/корпоративных/спортивных/культурных/праздничных и аналогичных мероприятий,1,23 748 539.00,Открытый конкурс,Закупка состоялась
81344395-КРБС1,243411.700,Проволока (сталь),"15767248-1 Разработка проектно-сметной документации по объекту ""Благоустройство к пятиэтажным жилым домам №11,12,13,14,15,16,17,18,19,20,21,22,23 в мкр.Байтерек г.Тобыл, Костанайского района""",Работы по разработке/расчету/составлению проектно-сметной документации,1,61 961 991.00,Конкурс с использованием рейтингово-балльной системы,Закупка состоялась
81352055-ЗЖ1,243411.700,Проволока (сталь),15815276-1 Приобретение коммунального жилья для сдачи в аренду социально уязвимым слоям населения в селе Темирбека Жургенова Айтекебийского района Актюбинской области,Здание,1,19 050 000.00,Закупка жилища,Закупка состоялась
81352095-ЗЖ1,243411.700,Проволока (сталь),15815204-1 Приобретение коммунального жилья для сдачи в аренду социально уязвимым слоям населения в селе Темирбека Жургенова Айтекебийского района Актюбинской области,Здание,1,19 050 000.00,Закупка жилища,Закупка состоялась
81352119-ЗЖ1,243411.700,Проволока (сталь),15815009-1 Приобретение коммунального жилья для сдачи в аренду социально уязвимым слоям населения в селе Темирбека Жургенова Айтекебийского района Актюбинской области,Здание,1,19 050 000.00,Закупка жилища,Закупка состоялась
81352279-ЗЖ1,243411.700,Проволока (сталь),15815131-1 Приобретение коммунального жилья для сдачи в аренду социально уязвимым слоям населения в селе Темирбека Жургенова Айтекебийского района Актюбинской области,Здание,1,19 050 000.00,Закупка жилища,Закупка состоялась
81352355-ЗЖ1,243411.700,Проволока (сталь),15815105-1 Приобретение коммунального жилья для сдачи в аренду социально уязвимым слоям населения в селе Темирбека Жургенова Айтекебийского района Актюбинской области,Здание,1,19 050 000.00,Закупка жилища,Закупка состоялась
81352365-ЗЖ1,243411.700,Проволока (сталь),15815167-1 Приобретение коммунального жилья для сдачи в аренду социально уязвимым слоям населения в селе Темирбека Жургенова Айтекебийского района Актюбинской области,Здание,1,19 050 000.00,Закупка жилища,Закупка состоялась
81352385-ЗЖ1,243411.700,Проволока (сталь),15815446-1 Приобретение коммунального жилья для сдачи в аренду социально уязвимым слоям населения в селе Темирбека Жургенова Айтекебийского района Актюбинской области,Здание,1,19 050 000.00,Закупка жилища,Закупка состоялась
81352393-ЗЖ1,243411.700,Проволока (сталь),15815393-1 Приобретение коммунального жилья для сдачи в аренду социально уязвимым слоям населения в селе Темирбека Жургенова Айтекебийского района Актюбинской области,Здание,1,19 050 000.00,Закупка жилища,Закупка состоялась
81352399-ЗЖ1,243411.700,Проволока (сталь),15815504-1 Приобретение коммунального жилья для сдачи в аренду социально уязвимым слоям населения в селе Темирбека Жургенова Айтекебийского района Актюбинской области,Здание,1,19 050 000.00,Закупка жилища,Закупка состоялась
81352425-ЗЖ1,243411.700,Проволока (сталь),15815073-1 Приобретение коммунального жилья для сдачи в аренду социально уязвимым слоям населения в селе Темирбека Жургенова Айтекебийского района Актюбинской области,Здание,1,19 050 000.00,Закупка жилища,Закупка состоялась
81353123-ЗЦП1,243411.700,Проволока (сталь),15782416-1 Приобретение экскаватора погрузчика,Погрузчик-экскаватор,1,31 456 000.00,Запрос ценовых предложений,Закупка состоялась
81365592-ОК1,243411.700,Проволока (сталь),15771948-1 Средний ремонт дороги улицы Маяковского (правая сторона) расположенного с.Железинка Железинского района Павлодарской области.,Работы по среднему ремонту автомобильной дороги,1,65 652 536.00,Открытый конкурс,Закупка состоялась
81365762-ОК1,243411.700,Проволока (сталь),15772305-1 Средний ремонт дороги улицы Маяковского (леваяая сторона) расположенного с.Железинка Железинского района Павлодарской области.,Работы по среднему ремонту автомобильной дороги,1,63 610 711.00,Открытый конкурс,Закупка состоялась
81365857-ЗЦП1,243411.700,Проволока (сталь),"15765333-1 государственная закупка для КГУ ""Кызылординский городской отдел жилищно-коммунального хозяйства, пассажирского транспорта и автомобильных дорог"" акимата города Кызылорда//","Работы по ремонту/реконструкции электрического, электрораспределительного/регулирующего оборудования и аналогичной аппаратуры",1,23 888 778.00,Запрос ценовых предложений,Закупка состоялась
81366102-ЗЦП1,243411.700,Проволока (сталь),"15800967-1 Услуги по научно-технической обработке документов и дел, сканирование и оцифровка архивных документов за периоды 2012-2023 годы",Услуги по научно-технической обработке документов,1,17 857 142.86,Запрос ценовых предложений,Закупка состоялась
81366244-ЗЖ1,243411.700,Проволока (сталь),15768031-1 Приобретение арендного жилья для нуждающихся граждан без права выкупа,Квартира,4,77 280 000.00,Закупка жилища,Закупка состоялась
81366274-ЗЖ1,243411.700,Проволока (сталь),15768047-1 Приобретение арендного жилья для нуждающихся граждан без права выкупа,Квартира,8,154 560 000.00,Закупка жилища,Закупка состоялась
81366291-ЗЖ1,243411.700,Проволока (сталь),15768044-1 Приобретение арендного жилья для нуждающихся граждан без права выкупа,Квартира,8,154 560 000.00,Закупка жилища,Закупка состоялась
81366311-ЗЦП1,243411.700,Проволока (сталь),15770945-1 Приобретение Лингафонный кабинет. (Согласно технической спецификации приложение №2).,Кабинет учебный,1,27 947 964.29,Запрос ценовых предложений,Закупка состоялась
81367623-ОК1,243411.700,Проволока (сталь),15774494-1 Работы по текущему ремонту нежилых зданий/сооружений/помещений - текущий ремонт системы отоплений - здании Акимата. Текущий ремонт кровли зданий Акимат города Жанаозен,Работы по текущему ремонту нежилых зданий/сооружений/помещений,1,53 281 032.00,Открытый конкурс,Закупка состоялась
81369086-ОК1,243411.700,Проволока (сталь),15774494-1 Работы по текущему ремонту нежилых зданий/сооружений/помещений - текущий ремонт системы отоплений - здании Акимата. Текущий ремонт кровли зданий Акимат города Жанаозен,Работы по текущему ремонту нежилых зданий/сооружений/помещений,1,25 468 716.00,Открытый конкурс,Закупка состоялась
81374235-ЗЖ1,243411.700,Проволока (сталь),15824781-1 Приобретение жилого дома в г. Уштобе Каратальского района,Здание,1,23 224 285.00,Закупка жилища,Закупка состоялась
81374423-ЗЖ1,243411.700,Проволока (сталь),15824716-1 Приобретение жилого дома в г. Уштобе Каратальского района,Здание,1,23 224 285.00,Закупка жилища,Закупка состоялась
81377502-ЗЖ1,243411.700,Проволока (сталь),"15767406-1 Приобретение нового жилья для социально-уязвимых слоев населения в п.Нура Нуринского района, с гарантией в течении 3 лет",Квартира,1,20 640 000.00,Закупка жилища,Закупка состоялась
81377543-ЗЖ1,243411.700,Проволока (сталь),"15767539-1 Приобретение нового жилья для социально-уязвимых слоев населения в п.Нура Нуринского района, с гарантией в течении 3 лет",Квартира,1,20 640 000.00,Закупка жилища,Закупка состоялась
81377547-ЗЖ1,243411.700,Проволока (сталь),"15767567-1 Приобретение нового жилья для социально-уязвимых слоев населения в п.Нура Нуринского района, с гарантией в течении 3 лет",Квартира,1,20 640 000.00,Закупка жилища,Закупка состоялась
81378197-ЗЦП1,243411.700,Проволока (сталь),15767137-1 Работы по утеплению теплотрассы и установки неподвижных металлических опор в селе Свободное,Работы по текущему ремонту магистральных теплопроводных сетей/отопительных сетей,1,19 550 000.00,Запрос ценовых предложений,Закупка состоялась
81378608-ЗЖ2,243411.700,Проволока (сталь),15821535-1 Приобретение двухквартирного жилого дома в с. Зенковка Бородулихинского района области Абай,Здание,1,37 400 000.00,Закупка жилища,Закупка состоялась
81378769-ЗЖ1,243411.700,Проволока (сталь),15767608-1 Приобретение двухквартирного жилого дома в с. Ивановка Бородулихинского района области Абай,Здание,1,40 100 000.00,Закупка жилища,Закупка состоялась
81379703-ЗЖ2,243411.700,Проволока (сталь),15821223-1 Приобретение двухквартирного жилого дома в с. Зенковка Бородулихинского района области Абай,Здание,1,37 400 000.00,Закупка жилища,Закупка состоялась
81379718-ЗЖ1,243411.700,Проволока (сталь),15767560-1 Приобретение двухквартирного жилого дома в с. Ивановка Бородулихинского района области Абай,Здание,1,37 400 000.00,Закупка жилища,Закупка состоялась
81379721-ЗЖ1,243411.700,Проволока (сталь),"15767511-1 Приобретение нового жилья для социально-уязвимых слоев населения в п.Нура Нуринского района, с гарантией в течении 3 лет",Квартира,1,20 640 000.00,Закупка жилища,Закупка состоялась
81379777-ЗЖ2,243411.700,Проволока (сталь),15821191-1 Приобретение двухквартирного жилого дома в с. Дмитриевка Бородулихинского района области Абай,Здание,1,37 400 000.00,Закупка жилища,Закупка состоялась
81380030-ЗЖ2,243411.700,Проволока (сталь),15821104-1 Приобретение двухквартирного жилого дома в с. Дмитриевка Бородулихинского района области Абай,Здание,1,37 400 000.00,Закупка жилища,Закупка состоялась
81380065-ЗЖ2,243411.700,Проволока (сталь),15821157-1 Приобретение двухквартирного жилого дома в с. Дмитриевка Бородулихинского района области Абай,Здание,1,37 400 000.00,Закупка жилища,Закупка состоялась
81380074-ЗЖ1,243411.700,Проволока (сталь),15828557-1 Приобретение жилья по Шускому району,Здание,1,16 600 000.00,Закупка жилища,Закупка состоялась
81380078-ЗЖ1,243411.700,Проволока (сталь),15828557-1 Приобретение жилья по Шускому району,Здание,1,16 600 000.00,Закупка жилища,Закупка состоялась
81380082-ЗЖ1,243411.700,Проволока (сталь),15828557-1 Приобретение жилья по Шускому району,Здание,1,16 600 000.00,Закупка жилища,Закупка состоялась
81380084-ЗЖ1,243411.700,Проволока (сталь),15828557-1 Приобретение жилья по Шускому району,Здание,1,16 600 000.00,Закупка жилища,Закупка состоялась
81380088-ЗЖ1,243411.700,Проволока (сталь),15819246-1 Приобретение жилья по Шускому району,Здание,1,16 600 000.00,Закупка жилища,Закупка состоялась
81380101-ЗЖ1,243411.700,Проволока (сталь),15819246-1 Приобретение жилья по Шускому району,Здание,1,16 600 000.00,Закупка жилища,Закупка состоялась
81380105-ЗЖ1,243411.700,Проволока (сталь),15819246-1 Приобретение жилья по Шускому району,Здание,1,16 600 000.00,Закупка жилища,Закупка состоялась
81380110-ЗЖ1,243411.700,Проволока (сталь),15819246-1 Приобретение жилья по Шускому району,Здание,1,16 600 000.00,Закупка жилища,Закупка состоялась
81380131-ЗЖ1,243411.700,Проволока (сталь),15803927-1 Приобретение жилья по Шускому району,Здание,1,16 600 000.00,Закупка жилища,Закупка состоялась
81380133-ЗЖ1,243411.700,Проволока (сталь),15803927-1 Приобретение жилья по Шускому району,Здание,1,16 600 000.00,Закупка жилища,Закупка состоялась
81380135-ЗЖ1,243411.700,Проволока (сталь),15803927-1 Приобретение жилья по Шускому району,Здание,1,16 600 000.00,Закупка жилища,Закупка состоялась
81380140-ЗЖ1,243411.700,Проволока (сталь),15803927-1 Приобретение жилья по Шускому району,Здание,1,16 600 000.00,Закупка жилища,Закупка состоялась
81380143-ЗЖ1,243411.700,Проволока (сталь),15795882-1 Приобретение жилья по Шускому району,Здание,1,16 600 000.00,Закупка жилища,Закупка состоялась
81380164-ЗЖ1,243411.700,Проволока (сталь),15795882-1 Приобретение жилья по Шускому району,Здание,1,16 600 000.00,Закупка жилища,Закупка состоялась
81380169-ЗЖ1,243411.700,Проволока (сталь),15795882-1 Приобретение жилья по Шускому району,Здание,1,16 600 000.00,Закупка жилища,Закупка состоялась
81380191-ОК2,243411.700,Проволока (сталь),15797040-1 Приобретение гаража для пожарного транспорта и здания служебного помещения,Пост пожарный,1,75 892 857.14,Открытый конкурс,Закупка состоялась
81380249-ЗЖ1,243411.700,Проволока (сталь),15795882-1 Приобретение жилья по Шускому району,Здание,1,16 600 000.00,Закупка жилища,Закупка состоялась
81380254-ЗЖ1,243411.700,Проволока (сталь),15795882-1 Приобретение жилья по Шускому району,Здание,1,16 600 000.00,Закупка жилища,Закупка состоялась
81380259-ЗЖ1,243411.700,Проволока (сталь),15772208-1 Приобретение жилья по Шускому району,Здание,1,16 600 000.00,Закупка жилища,Закупка состоялась
81380262-ЗЖ1,243411.700,Проволока (сталь),15772208-1 Приобретение жилья по Шускому району,Здание,1,16 600 000.00,Закупка жилища,Закупка состоялась
81380265-ЗЖ1,243411.700,Проволока (сталь),15771765-1 Приобретение жилья по Шускому району,Здание,1,16 600 000.00,Закупка жилища,Закупка состоялась
81380268-ЗЖ1,243411.700,Проволока (сталь),15772044-1 Приобретение жилья по Шускому району,Здание,1,16 600 000.00,Закупка жилища,Закупка состоялась
81380276-ЗЖ1,243411.700,Проволока (сталь),15771765-1 Приобретение жилья по Шускому району,Здание,1,16 600 000.00,Закупка жилища,Закупка состоялась
81380282-ЗЖ1,243411.700,Проволока (сталь),15771765-1 Приобретение жилья по Шускому району,Здание,1,16 600 000.00,Закупка жилища,Закупка состоялась
81380288-ЗЖ1,243411.700,Проволока (сталь),15771765-1 Приобретение жилья по Шускому району,Здание,1,16 600 000.00,Закупка жилища,Закупка состоялась
81380291-ЗЖ1,243411.700,Проволока (сталь),15771765-1 Приобретение жилья по Шускому району,Здание,1,16 600 000.00,Закупка жилища,Закупка состоялась
81380297-ЗЖ1,243411.700,Проволока (сталь),15772044-1 Приобретение жилья по Шускому району,Здание,1,16 600 000.00,Закупка жилища,Закупка состоялась
81380300-ЗЖ1,243411.700,Проволока (сталь),15771765-1 Приобретение жилья по Шускому району,Здание,1,16 600 000.00,Закупка жилища,Закупка состоялась
81380306-ЗЖ1,243411.700,Проволока (сталь),15772044-1 Приобретение жилья по Шускому району,Здание,1,16 600 000.00,Закупка жилища,Закупка состоялась
81380314-ЗЖ1,243411.700,Проволока (сталь),15771765-1 Приобретение жилья по Шускому району,Здание,1,16 600 000.00,Закупка жилища,Закупка состоялась
81380318-ЗЖ1,243411.700,Проволока (сталь),15772160-1 Приобретение жилья по Шускому району,Здание,1,16 600 000.00,Закупка жилища,Закупка состоялась
81380325-ЗЖ1,243411.700,Проволока (сталь),15771765-1 Приобретение жилья по Шускому району,Здание,1,16 600 000.00,Закупка жилища,Закупка состоялась
81380333-ЗЖ1,243411.700,Проволока (сталь),15772044-1 Приобретение жилья по Шускому району,Здание,1,16 600 000.00,Закупка жилища,Закупка состоялась
81380338-ЗЖ1,243411.700,Проволока (сталь),15772044-1 Приобретение жилья по Шускому району,Здание,1,16 600 000.00,Закупка жилища,Закупка состоялась
81380340-ЗЖ1,243411.700,Проволока (сталь),15771765-1 Приобретение жилья по Шускому району,Здание,1,16 600 000.00,Закупка жилища,Закупка состоялась
81380344-ЗЖ1,243411.700,Проволока (сталь),15771765-1 Приобретение жилья по Шускому району,Здание,1,16 600 000.00,Закупка жилища,Закупка состоялась
81380347-ЗЖ1,243411.700,Проволока (сталь),15772044-1 Приобретение жилья по Шускому району,Здание,1,16 600 000.00,Закупка жилища,Закупка состоялась
81380354-ЗЖ1,243411.700,Проволока (сталь),15767692-1 Приобретение жилых домов селе Толе би и г. Шу Шуского района,Здание,1,16 600 000.00,Закупка жилища,Закупка состоялась
81380356-ЗЖ1,243411.700,Проволока (сталь),15767692-1 Приобретение жилых домов селе Толе би и г. Шу Шуского района,Здание,1,16 600 000.00,Закупка жилища,Закупка состоялась
81380361-ЗЖ1,243411.700,Проволока (сталь),15767692-1 Приобретение жилых домов селе Толе би и г. Шу Шуского района,Здание,1,16 600 000.00,Закупка жилища,Закупка состоялась
81380363-ЗЖ1,243411.700,Проволока (сталь),15767692-1 Приобретение жилых домов селе Толе би и г. Шу Шуского района,Здание,1,16 600 000.00,Закупка жилища,Закупка состоялась
81380375-ЗЖ1,243411.700,Проволока (сталь),15767612-1 Приобретение жилых домов селе Толе би и г. Шу Шуского района,Здание,1,16 600 000.00,Закупка жилища,Закупка состоялась
81380388-ЗЖ1,243411.700,Проволока (сталь),15767612-1 Приобретение жилых домов селе Толе би и г. Шу Шуского района,Здание,1,16 600 000.00,Закупка жилища,Закупка состоялась
81380391-ЗЖ1,243411.700,Проволока (сталь),15767612-1 Приобретение жилых домов селе Толе би и г. Шу Шуского района,Здание,1,16 600 000.00,Закупка жилища,Закупка состоялась
81380397-ЗЖ1,243411.700,Проволока (сталь),15767612-1 Приобретение жилых домов селе Толе би и г. Шу Шуского района,Здание,1,16 600 000.00,Закупка жилища,Закупка состоялась
81380883-ЗЦП2,243411.700,Проволока (сталь),"15784939-1 Призы для победителей олимпиад ""Умная колонка""",Колонка,60,18 000 000.00,Запрос ценовых предложений,Закупка состоялась
81380910-ЗЖ1,243411.700,Проволока (сталь),15814912-1 Приобретение жилья в районе Беимбета Майлина Костанайской области,Здание,1,21 190 000.00,Закупка жилища,Закупка состоялась
81380912-ЗЖ1,243411.700,Проволока (сталь),15815198-1 Приобретение жилья в районе Беимбета Майлина Костанайской области,Здание,1,21 190 000.00,Закупка жилища,Закупка состоялась
81380917-ЗЖ1,243411.700,Проволока (сталь),15815406-1 Приобретение жилья в районе Беимбета Майлина Костанайской области,Здание,1,21 190 000.00,Закупка жилища,Закупка состоялась
81380924-ЗЖ1,243411.700,Проволока (сталь),15815435-1 Приобретение жилья в районе Беимбета Майлина Костанайской области,Здание,1,21 190 000.00,Закупка жилища,Закупка состоялась
81380930-ЗЖ1,243411.700,Проволока (сталь),15815013-1 Приобретение жилья в районе Беимбета Майлина Костанайской области,Здание,1,21 190 000.00,Закупка жилища,Закупка состоялась
81380932-ЗЖ1,243411.700,Проволока (сталь),15815524-1 Приобретение жилья в районе Беимбета Майлина Костанайской области,Здание,1,21 190 000.00,Закупка жилища,Закупка состоялась
81381189-ЗЖ1,243411.700,Проволока (сталь),15767972-1 Приобретение квартиры с общей площадью от 50-60 кв.м.,Квартира,1,15 686 400.00,Закупка жилища,Закупка состоялась
81381193-ЗЖ1,243411.700,Проволока (сталь),15767954-1 Приобретение квартиры с общей площадью от 50-60 кв.м.,Квартира,1,15 686 400.00,Закупка жилища,Закупка состоялась
81381196-ЗЖ1,243411.700,Проволока (сталь),15767954-1 Приобретение квартиры с общей площадью от 50-60 кв.м.,Квартира,1,15 686 400.00,Закупка жилища,Закупка состоялась
81381198-ЗЖ1,243411.700,Проволока (сталь),15767972-1 Приобретение квартиры с общей площадью от 50-60 кв.м.,Квартира,1,15 686 400.00,Закупка жилища,Закупка состоялась
81381202-ЗЖ1,243411.700,Проволока (сталь),15767954-1 Приобретение квартиры с общей площадью от 50-60 кв.м.,Квартира,1,15 686 400.00,Закупка жилища,Закупка состоялась
81381206-ЗЖ1,243411.700,Проволока (сталь),15767954-1 Приобретение квартиры с общей площадью от 50-60 кв.м.,Квартира,1,15 686 400.00,Закупка жилища,Закупка состоялась
81381211-ЗЖ1,243411.700,Проволока (сталь),15767954-1 Приобретение квартиры с общей площадью от 50-60 кв.м.,Квартира,1,15 686 400.00,Закупка жилища,Закупка состоялась
81381220-ЗЖ1,243411.700,Проволока (сталь),15767954-1 Приобретение квартиры с общей площадью от 50-60 кв.м.,Квартира,1,15 686 400.00,Закупка жилища,Закупка состоялась
81381225-ЗЖ1,243411.700,Проволока (сталь),15767972-1 Приобретение квартиры с общей площадью от 50-60 кв.м.,Квартира,1,15 686 400.00,Закупка жилища,Закупка состоялась
81381228-ЗЖ1,243411.700,Проволока (сталь),15767972-1 Приобретение квартиры с общей площадью от 50-60 кв.м.,Квартира,1,15 686 400.00,Закупка жилища,Закупка состоялась
81381230-ЗЖ1,243411.700,Проволока (сталь),15767954-1 Приобретение квартиры с общей площадью от 50-60 кв.м.,Квартира,1,15 686 400.00,Закупка жилища,Закупка состоялась
81381245-ЗЖ1,243411.700,Проволока (сталь),15767972-1 Приобретение квартиры с общей площадью от 50-60 кв.м.,Квартира,1,15 686 400.00,Закупка жилища,Закупка состоялась
81381254-ЗЖ1,243411.700,Проволока (сталь),15767972-1 Приобретение квартиры с общей площадью от 50-60 кв.м.,Квартира,1,15 686 400.00,Закупка жилища,Закупка состоялась
81381265-ЗЖ1,243411.700,Проволока (сталь),15767954-1 Приобретение квартиры с общей площадью от 50-60 кв.м.,Квартира,1,15 686 400.00,Закупка жилища,Закупка состоялась
81381273-ЗЖ1,243411.700,Проволока (сталь),15767972-1 Приобретение квартиры с общей площадью от 50-60 кв.м.,Квартира,1,15 686 400.00,Закупка жилища,Закупка состоялась
81381278-ЗЖ1,243411.700,Проволока (сталь),15767954-1 Приобретение квартиры с общей площадью от 50-60 кв.м.,Квартира,1,15 686 400.00,Закупка жилища,Закупка состоялась
81381283-ЗЖ1,243411.700,Проволока (сталь),15767972-1 Приобретение квартиры с общей площадью от 50-60 кв.м.,Квартира,1,15 686 400.00,Закупка жилища,Закупка состоялась
81381289-ЗЖ1,243411.700,Проволока (сталь),15767954-1 Приобретение квартиры с общей площадью от 50-60 кв.м.,Квартира,1,15 686 400.00,Закупка жилища,Закупка состоялась
81381291-ЗЖ1,243411.700,Проволока (сталь),15767954-1 Приобретение квартиры с общей площадью от 50-60 кв.м.,Квартира,1,15 686 400.00,Закупка жилища,Закупка состоялась
81381341-ЗЖ1,243411.700,Проволока (сталь),15767954-1 Приобретение квартиры с общей площадью от 50-60 кв.м.,Квартира,1,15 686 400.00,Закупка жилища,Закупка состоялась
81381348-ЗЖ1,243411.700,Проволока (сталь),15768972-1 Приобретение квартиры с общей площадью от 70-80 кв.м.,Квартира,1,20 915 200.00,Закупка жилища,Закупка состоялась
81381351-ЗЖ1,243411.700,Проволока (сталь),15768972-1 Приобретение квартиры с общей площадью от 70-80 кв.м.,Квартира,1,20 915 200.00,Закупка жилища,Закупка состоялась
81381353-ЗЖ1,243411.700,Проволока (сталь),15768972-1 Приобретение квартиры с общей площадью от 70-80 кв.м.,Квартира,1,20 915 200.00,Закупка жилища,Закупка состоялась
81381359-ЗЖ1,243411.700,Проволока (сталь),15768972-1 Приобретение квартиры с общей площадью от 70-80 кв.м.,Квартира,1,20 915 200.00,Закупка жилища,Закупка состоялась
81381361-ЗЖ1,243411.700,Проволока (сталь),15768972-1 Приобретение квартиры с общей площадью от 70-80 кв.м.,Квартира,1,20 915 200.00,Закупка жилища,Закупка состоялась
81381364-ЗЖ1,243411.700,Проволока (сталь),15769219-1 Приобретение квартиры с общей площадью от 70-80 кв.м.,Квартира,1,20 915 200.00,Закупка жилища,Закупка состоялась
81381368-ЗЖ1,243411.700,Проволока (сталь),15769219-1 Приобретение квартиры с общей площадью от 70-80 кв.м.,Квартира,1,20 915 200.00,Закупка жилища,Закупка состоялась
81381370-ЗЖ1,243411.700,Проволока (сталь),15768972-1 Приобретение квартиры с общей площадью от 70-80 кв.м.,Квартира,1,20 915 200.00,Закупка жилища,Закупка состоялась
81381372-ЗЖ1,243411.700,Проволока (сталь),15769219-1 Приобретение квартиры с общей площадью от 70-80 кв.м.,Квартира,1,20 915 200.00,Закупка жилища,Закупка состоялась
81381375-ЗЖ1,243411.700,Проволока (сталь),15768972-1 Приобретение квартиры с общей площадью от 70-80 кв.м.,Квартира,1,20 915 200.00,Закупка жилища,Закупка состоялась
81381378-ЗЖ1,243411.700,Проволока (сталь),15769219-1 Приобретение квартиры с общей площадью от 70-80 кв.м.,Квартира,1,20 915 200.00,Закупка жилища,Закупка состоялась
81381380-ЗЖ1,243411.700,Проволока (сталь),15769219-1 Приобретение квартиры с общей площадью от 70-80 кв.м.,Квартира,1,20 915 200.00,Закупка жилища,Закупка состоялась
81381381-ЗЖ1,243411.700,Проволока (сталь),15768972-1 Приобретение квартиры с общей площадью от 70-80 кв.м.,Квартира,1,20 915 200.00,Закупка жилища,Закупка состоялась
81381384-ЗЖ1,243411.700,Проволока (сталь),15769219-1 Приобретение квартиры с общей площадью от 70-80 кв.м.,Квартира,1,20 915 200.00,Закупка жилища,Закупка состоялась
81381388-ЗЖ1,243411.700,Проволока (сталь),15769219-1 Приобретение квартиры с общей площадью от 70-80 кв.м.,Квартира,1,20 915 200.00,Закупка жилища,Закупка состоялась
81381390-ЗЖ1,243411.700,Проволока (сталь),15769219-1 Приобретение квартиры с общей площадью от 70-80 кв.м.,Квартира,1,20 915 200.00,Закупка жилища,Закупка состоялась
81381392-ЗЖ1,243411.700,Проволока (сталь),15768972-1 Приобретение квартиры с общей площадью от 70-80 кв.м.,Квартира,1,20 915 200.00,Закупка жилища,Закупка состоялась
81381397-ЗЖ1,243411.700,Проволока (сталь),15769219-1 Приобретение квартиры с общей площадью от 70-80 кв.м.,Квартира,1,20 915 200.00,Закупка жилища,Закупка состоялась
81381401-ЗЖ1,243411.700,Проволока (сталь),15769219-1 Приобретение квартиры с общей площадью от 70-80 кв.м.,Квартира,1,20 915 200.00,Закупка жилища,Закупка состоялась
81381404-ЗЖ1,243411.700,Проволока (сталь),15768972-1 Приобретение квартиры с общей площадью от 70-80 кв.м.,Квартира,1,20 915 200.00,Закупка жилища,Закупка состоялась
81382247-ЗЖ1,243411.700,Проволока (сталь),"15770785-1 квартира Согласно технической спецификации квадратура не менее 90,0 не более 100,0",Квартира,1,45 250 000.00,Закупка жилища,Закупка состоялась
81382280-ЗЖ1,243411.700,Проволока (сталь),"15770803-1 квартира Согласно технической спецификации квадратура не менее 90,0 не более 100,0",Квартира,1,45 350 000.00,Закупка жилища,Закупка состоялась
81382296-ЗЖ1,243411.700,Проволока (сталь),"15770819-1 квартира Согласно технической спецификации квадратура не менее 50,0 не более 60,0",Квартира,1,26 850 000.00,Закупка жилища,Закупка состоялась
81382306-ЗЖ1,243411.700,Проволока (сталь),"15770860-1 квартира Согласно технической спецификации квадратура не менее 70,0 не более 80,0",Квартира,1,36 200 000.00,Закупка жилища,Закупка состоялась
81384386-ЗЦП2,243411.700,Проволока (сталь),15780919-1 Работы по текущему ремонту электролинии (монтаж / демонтаж здания ),Работы по текущему ремонту линий электропередач,1,15 490 000.00,Запрос ценовых предложений,Закупка состоялась
81384487-ЗЦП1,243411.700,Проволока (сталь),15772083-1 Биофильтр кассетного типа,Фильтр,5,28 750 000.00,Запрос ценовых предложений,Закупка состоялась
81389712-КРБС1,243411.700,Проволока (сталь),15777685-1 Технический надзор по объекту «Реконструкция автомобильной дороги ул.Окраина от трассы «Самара-Шымкент до АГЗ «Райгаз» г. Хромтау»,Услуги по осуществлению технического надзора в сфере строительной деятельности,1,27 581 144.00,Конкурс с использованием рейтингово-балльной системы,Закупка состоялась
81390065-ОК1,243411.700,Проволока (сталь),15771139-1 Услуги аэропортов по обслуживанию и наземному обеспечению воздушных судов за пределами Республики Казахстан,Услуги аэропортов по обслуживанию воздушных судов,1,26 785 714.29,Открытый конкурс,Закупка состоялась
81390303-ЗЖ1,243411.700,Проволока (сталь),15804756-1 тұрғын үй сатып алу,Здание,200,52 000 000.00,Закупка жилища,Закупка состоялась
81397018-ОИ2,243411.700,Проволока (сталь),15794888-1 Приобретение машины -микроавтобус,Автобус,1,19 862 000.00,Из одного источника по несостоявшимся закупкам,Закупка состоялась
81398373-ОК1,243411.700,Проволока (сталь),15811248-1 Топливо дизельное. Филиал Юго-западного региона,Топливо дизельное,79038,43 753 065.66,Открытый конкурс,Закупка состоялась
81401696-ОИ3,243411.700,Проволока (сталь),15796094-1 Автотранспорт для организации,Автомобиль,1,24 190 000.00,Из одного источника по несостоявшимся закупкам,Закупка состоялась
81402230-ОК1,243411.700,Проволока (сталь),15773063-2 Установка камеры видеонаблюдения в селах по Хромтаускому району,Работы по ремонту/модернизации системы видеонаблюдения и аналогичного оборудования,1,41 001 508.04,Открытый конкурс,Закупка состоялась
81403323-ОК1,243411.700,Проволока (сталь),15814743-1 Работы по текущему ремонту трамвайных переездов,Работы по ремонту трамвайных линий,1,21 440 983.57,Открытый конкурс,Закупка состоялась
81403862-ЗЖ1,243411.700,Проволока (сталь),"15795538-1 Приобретение квартиры в селе Никельтау, Хромтауского района, Актюбинской области",Квартира,1,19 050 000.00,Закупка жилища,Закупка состоялась
81404447-ЗЖ1,243411.700,Проволока (сталь),"15795397-1 Приобретение квартиры в селе Табантал Хромтауского района, Актюбинской области",Квартира,1,19 050 000.00,Закупка жилища,Закупка состоялась
81405088-ОИ2,243411.700,Проволока (сталь),15798246-1 Приобретение служебных автомобилей,Автомобиль,3,22 089 999.00,Из одного источника по несостоявшимся закупкам,Закупка состоялась
81405175-ЗЖ1,243411.700,Проволока (сталь),15791301-1 Текущий ремонт здания отдела по обслуживанию населения Актюбинской области Хромтауского района г.Хромтау,Квартира,1,19 050 000.00,Закупка жилища,Закупка состоялась
81405645-ЗЖ1,243411.700,Проволока (сталь),15791301-1 Текущий ремонт здания отдела по обслуживанию населения Актюбинской области Хромтауского района г.Хромтау,Квартира,1,19 050 000.00,Закупка жилища,Закупка состоялась
81405661-ЗЖ1,243411.700,Проволока (сталь),15791301-1 Текущий ремонт здания отдела по обслуживанию населения Актюбинской области Хромтауского района г.Хромтау,Квартира,1,19 050 000.00,Закупка жилища,Закупка состоялась
81405677-ЗЖ1,243411.700,Проволока (сталь),"15785639-1 Приобретение квартиры в селе Дон Хромтауского района, Актюбинской области",Квартира,1,19 050 000.00,Закупка жилища,Закупка состоялась
81405684-ЗЖ1,243411.700,Проволока (сталь),"15785639-1 Приобретение квартиры в селе Дон Хромтауского района, Актюбинской области",Квартира,1,19 050 000.00,Закупка жилища,Закупка состоялась
81405714-ЗЖ1,243411.700,Проволока (сталь),"15795397-1 Приобретение квартиры в селе Табантал Хромтауского района, Актюбинской области",Квартира,1,19 050 000.00,Закупка жилища,Закупка состоялась
81405722-ЗЖ1,243411.700,Проволока (сталь),"15795538-1 Приобретение квартиры в селе Никельтау, Хромтауского района, Актюбинской области",Квартира,1,19 050 000.00,Закупка жилища,Закупка состоялась
81407197-ОК1,243411.700,Проволока (сталь),15778476-1 Услуги по эстетическому оформлению (декоративно-световое объектов/помещений/территорий и аналогичное оформление)/,Услуги по эстетическому оформлению,1,16 760 000.00,Открытый конкурс,Закупка состоялась
81407205-ОК1,243411.700,Проволока (сталь),15777673-1 Услуги по эстетическому оформлению (декоративно-световое объектов/помещений/территорий и аналогичное оформление),Услуги по эстетическому оформлению,1,16 760 000.00,Открытый конкурс,Закупка состоялась
81407547-ОИ3,243411.700,Проволока (сталь),15951444-1 Услуги финансового лизинга на приобретение транспортных средств,Услуги по финансовому лизингу,1,762 436 281.25,Из одного источника по несостоявшимся закупкам,Закупка состоялась
81408000-ОИ3,243411.700,Проволока (сталь),15951444-1 Услуги финансового лизинга на приобретение транспортных средств,Услуги по финансовому лизингу,1,595 472 124.41,Из одного источника по несостоявшимся закупкам,Закупка состоялась
81412094-КРБС1,243411.700,Проволока (сталь),"15779530-1 Завершение объекта «Строительство пристройки к зданию КГУ «Общеобразовательная школа № 112», по адресу: ул. Ратушного, д.131, Жетысуский район, города Алматы» для КГУ ""Управление строительства города Алматы""",Работы по возведению (строительству) нежилых зданий/сооружений,1,926 934 252.00,Конкурс с использованием рейтингово-балльной системы,Закупка состоялась
81412118-КРБС1,243411.700,Проволока (сталь),"15788074-1 Разработка ПСД на «Строительство нового блока для Филиала Центра судебных экспертиз (со сносом существующих зданий и сооружений), расположенных по адресу: г. Алматы, Алмалинский район, ул. Казыбек би 117 В» для КГУ ""Управление строительства города Алматы""",Работы по разработке/расчету/составлению проектно-сметной документации,1,104 181 513.00,Конкурс с использованием рейтингово-балльной системы,Закупка состоялась
81413543-ЗЖ1,243411.700,Проволока (сталь),15791499-1 Приобретение жилища в г.Экибастузе для СУСН,Квартира,1,22 500 000.00,Закупка жилища,Закупка состоялась
81413548-ЗЖ1,243411.700,Проволока (сталь),15791499-1 Приобретение жилища в г.Экибастузе для СУСН,Квартира,1,22 500 000.00,Закупка жилища,Закупка состоялась
81413551-ЗЖ1,243411.700,Проволока (сталь),15791499-1 Приобретение жилища в г.Экибастузе для СУСН,Квартира,1,22 500 000.00,Закупка жилища,Закупка состоялась
81413554-ЗЖ1,243411.700,Проволока (сталь),15791499-1 Приобретение жилища в г.Экибастузе для СУСН,Квартира,1,22 500 000.00,Закупка жилища,Закупка состоялась
81413556-ЗЖ1,243411.700,Проволока (сталь),15791499-1 Приобретение жилища в г.Экибастузе для СУСН,Квартира,1,22 500 000.00,Закупка жилища,Закупка состоялась
81413561-ЗЖ1,243411.700,Проволока (сталь),15791499-1 Приобретение жилища в г.Экибастузе для СУСН,Квартира,1,22 500 000.00,Закупка жилища,Закупка состоялась
81413567-ЗЖ1,243411.700,Проволока (сталь),15791499-1 Приобретение жилища в г.Экибастузе для СУСН,Квартира,1,22 500 000.00,Закупка жилища,Закупка состоялась
81413570-ЗЖ1,243411.700,Проволока (сталь),15791499-1 Приобретение жилища в г.Экибастузе для СУСН,Квартира,1,22 500 000.00,Закупка жилища,Закупка состоялась
81413571-ЗЖ1,243411.700,Проволока (сталь),15791499-1 Приобретение жилища в г.Экибастузе для СУСН,Квартира,1,22 500 000.00,Закупка жилища,Закупка состоялась
81413573-ЗЖ1,243411.700,Проволока (сталь),15791499-1 Приобретение жилища в г.Экибастузе для СУСН,Квартира,1,22 500 000.00,Закупка жилища,Закупка состоялась
81413577-ЗЖ1,243411.700,Проволока (сталь),15791499-1 Приобретение жилища в г.Экибастузе для СУСН,Квартира,1,22 500 000.00,Закупка жилища,Закупка состоялась
81413582-ЗЖ1,243411.700,Проволока (сталь),15791499-1 Приобретение жилища в г.Экибастузе для СУСН,Квартира,1,22 500 000.00,Закупка жилища,Закупка состоялась
81413587-ЗЖ1,243411.700,Проволока (сталь),15791499-1 Приобретение жилища в г.Экибастузе для СУСН,Квартира,1,22 500 000.00,Закупка жилища,Закупка состоялась
81413590-ЗЖ1,243411.700,Проволока (сталь),15791499-1 Приобретение жилища в г.Экибастузе для СУСН,Квартира,1,22 500 000.00,Закупка жилища,Закупка состоялась
81413593-ЗЖ1,243411.700,Проволока (сталь),15791499-1 Приобретение жилища в г.Экибастузе для СУСН,Квартира,1,22 500 000.00,Закупка жилища,Закупка состоялась
81413600-ЗЖ1,243411.700,Проволока (сталь),15791499-1 Приобретение жилища в г.Экибастузе для СУСН,Квартира,1,22 500 000.00,Закупка жилища,Закупка состоялась
81413604-ЗЖ1,243411.700,Проволока (сталь),15791499-1 Приобретение жилища в г.Экибастузе для СУСН,Квартира,1,22 500 000.00,Закупка жилища,Закупка состоялась
81413607-ЗЖ1,243411.700,Проволока (сталь),15791499-1 Приобретение жилища в г.Экибастузе для СУСН,Квартира,1,22 500 000.00,Закупка жилища,Закупка состоялась
81413608-ЗЖ1,243411.700,Проволока (сталь),15791499-1 Приобретение жилища в г.Экибастузе для СУСН,Квартира,1,22 500 000.00,Закупка жилища,Закупка состоялась
81413611-ЗЖ1,243411.700,Проволока (сталь),15791499-1 Приобретение жилища в г.Экибастузе для СУСН,Квартира,1,22 500 000.00,Закупка жилища,Закупка состоялась
81413617-ЗЖ1,243411.700,Проволока (сталь),15791499-1 Приобретение жилища в г.Экибастузе для СУСН,Квартира,1,22 500 000.00,Закупка жилища,Закупка состоялась
81413623-ЗЖ1,243411.700,Проволока (сталь),15791499-1 Приобретение жилища в г.Экибастузе для СУСН,Квартира,1,22 500 000.00,Закупка жилища,Закупка состоялась
81413628-ЗЖ1,243411.700,Проволока (сталь),15791499-1 Приобретение жилища в г.Экибастузе для СУСН,Квартира,1,22 500 000.00,Закупка жилища,Закупка состоялась
81413638-ЗЖ1,243411.700,Проволока (сталь),15791499-1 Приобретение жилища в г.Экибастузе для СУСН,Квартира,1,22 500 000.00,Закупка жилища,Закупка состоялась
81418017-ЗЦП1,243411.700,Проволока (сталь),15789296-1 Приобретение автомобиль легковой,Автомобиль,1,15 169 642.86,Запрос ценовых предложений,Закупка состоялась
81420664-ЗЖ1,243411.700,Проволока (сталь),15776229-1 Приобретение квартиры в селе Жымпиты Сырымского района ЗКО,Квартира,1,20 526 000.00,Закупка жилища,Закупка состоялась
81420668-ЗЖ1,243411.700,Проволока (сталь),15776229-1 Приобретение квартиры в селе Жымпиты Сырымского района ЗКО,Квартира,1,20 526 000.00,Закупка жилища,Закупка состоялась
81420677-ЗЖ1,243411.700,Проволока (сталь),15776058-1 Приобретение квартиры в селе Жымпиты Сырымского района ЗКО,Квартира,1,20 526 000.00,Закупка жилища,Закупка состоялась
81420679-ЗЖ1,243411.700,Проволока (сталь),15776058-1 Приобретение квартиры в селе Жымпиты Сырымского района ЗКО,Квартира,1,20 526 000.00,Закупка жилища,Закупка состоялась
81420683-ЗЖ1,243411.700,Проволока (сталь),15776058-1 Приобретение квартиры в селе Жымпиты Сырымского района ЗКО,Квартира,1,20 526 000.00,Закупка жилища,Закупка состоялась
81420687-ЗЖ1,243411.700,Проволока (сталь),15776229-1 Приобретение квартиры в селе Жымпиты Сырымского района ЗКО,Квартира,1,21 582 000.00,Закупка жилища,Закупка состоялась
81420690-ЗЖ1,243411.700,Проволока (сталь),15776229-1 Приобретение квартиры в селе Жымпиты Сырымского района ЗКО,Квартира,1,21 582 000.00,Закупка жилища,Закупка состоялась
81420697-ЗЖ1,243411.700,Проволока (сталь),15776058-1 Приобретение квартиры в селе Жымпиты Сырымского района ЗКО,Квартира,1,21 582 000.00,Закупка жилища,Закупка состоялась
81420701-ЗЖ1,243411.700,Проволока (сталь),15776058-1 Приобретение квартиры в селе Жымпиты Сырымского района ЗКО,Квартира,1,21 582 000.00,Закупка жилища,Закупка состоялась
81420704-ЗЖ1,243411.700,Проволока (сталь),15776058-1 Приобретение квартиры в селе Жымпиты Сырымского района ЗКО,Квартира,1,21 582 000.00,Закупка жилища,Закупка состоялась
81420707-ЗЖ1,243411.700,Проволока (сталь),15776229-1 Приобретение квартиры в селе Жымпиты Сырымского района ЗКО,Квартира,1,26 334 000.00,Закупка жилища,Закупка состоялась
81420711-ЗЖ1,243411.700,Проволока (сталь),15776229-1 Приобретение квартиры в селе Жымпиты Сырымского района ЗКО,Квартира,1,26 334 000.00,Закупка жилища,Закупка состоялась
81420716-ЗЖ1,243411.700,Проволока (сталь),15776058-1 Приобретение квартиры в селе Жымпиты Сырымского района ЗКО,Квартира,1,26 334 000.00,Закупка жилища,Закупка состоялась
81420720-ЗЖ1,243411.700,Проволока (сталь),15776058-1 Приобретение квартиры в селе Жымпиты Сырымского района ЗКО,Квартира,1,26 334 000.00,Закупка жилища,Закупка состоялась
81420724-ЗЖ1,243411.700,Проволока (сталь),15776058-1 Приобретение квартиры в селе Жымпиты Сырымского района ЗКО,Квартира,1,26 334 000.00,Закупка жилища,Закупка состоялась
81420929-ЗЖ1,243411.700,Проволока (сталь),15774623-1 Приобретение 4- комн жилья (не менее 120.0 кв.м.).,Квартира,1,59 000 000.00,Закупка жилища,Закупка состоялась
81427846-ОИ2,243411.700,Проволока (сталь),15788570-1 Работы согласно технической спецификации,Работы по установке/монтажу/демонтажу телекоммуникационного оборудования и аппаратуры,1,31 000 000.00,Из одного источника по несостоявшимся закупкам,Закупка состоялась
81427931-ЗЖ1,243411.700,Проволока (сталь),15780995-1 Приобретение жилья на первичном рынке для социально уязвимым слоям населения по Аральскому району,Квартира,1,16 503 183.33,Закупка жилища,Закупка состоялась
81427943-ЗЖ1,243411.700,Проволока (сталь),15780995-1 Приобретение жилья на первичном рынке для социально уязвимым слоям населения по Аральскому району,Квартира,1,16 503 183.33,Закупка жилища,Закупка состоялась
81427976-ЗЖ1,243411.700,Проволока (сталь),15780995-1 Приобретение жилья на первичном рынке для социально уязвимым слоям населения по Аральскому району,Квартира,1,16 503 183.33,Закупка жилища,Закупка состоялась
81427987-ЗЖ1,243411.700,Проволока (сталь),15780995-1 Приобретение жилья на первичном рынке для социально уязвимым слоям населения по Аральскому району,Квартира,1,16 503 183.33,Закупка жилища,Закупка состоялась
81428012-ЗЖ1,243411.700,Проволока (сталь),15780995-1 Приобретение жилья на первичном рынке для социально уязвимым слоям населения по Аральскому району,Квартира,1,16 503 183.33,Закупка жилища,Закупка состоялась
81428045-ЗЖ1,243411.700,Проволока (сталь),15780995-1 Приобретение жилья на первичном рынке для социально уязвимым слоям населения по Аральскому району,Квартира,1,16 503 183.33,Закупка жилища,Закупка состоялась
81428056-ЗЖ1,243411.700,Проволока (сталь),15780995-1 Приобретение жилья на первичном рынке для социально уязвимым слоям населения по Аральскому району,Квартира,1,16 503 183.33,Закупка жилища,Закупка состоялась
81428069-ЗЖ1,243411.700,Проволока (сталь),15780995-1 Приобретение жилья на первичном рынке для социально уязвимым слоям населения по Аральскому району,Квартира,1,16 503 183.33,Закупка жилища,Закупка состоялась
81428083-ЗЖ1,243411.700,Проволока (сталь),15780995-1 Приобретение жилья на первичном рынке для социально уязвимым слоям населения по Аральскому району,Квартира,1,16 503 183.33,Закупка жилища,Закупка состоялась
81428099-ЗЖ1,243411.700,Проволока (сталь),15780995-1 Приобретение жилья на первичном рынке для социально уязвимым слоям населения по Аральскому району,Квартира,1,16 503 183.33,Закупка жилища,Закупка состоялась
81428118-ЗЖ1,243411.700,Проволока (сталь),15780995-1 Приобретение жилья на первичном рынке для социально уязвимым слоям населения по Аральскому району,Квартира,1,16 503 183.33,Закупка жилища,Закупка состоялась
81428140-ЗЖ1,243411.700,Проволока (сталь),15780995-1 Приобретение жилья на первичном рынке для социально уязвимым слоям населения по Аральскому району,Квартира,1,16 503 183.33,Закупка жилища,Закупка состоялась
81428166-ЗЖ1,243411.700,Проволока (сталь),15780995-1 Приобретение жилья на первичном рынке для социально уязвимым слоям населения по Аральскому району,Квартира,1,16 503 183.33,Закупка жилища,Закупка состоялась
81428170-ЗЖ1,243411.700,Проволока (сталь),15780995-1 Приобретение жилья на первичном рынке для социально уязвимым слоям населения по Аральскому району,Квартира,1,16 503 183.33,Закупка жилища,Закупка состоялась
81428290-ЗЖ1,243411.700,Проволока (сталь),15780995-1 Приобретение жилья на первичном рынке для социально уязвимым слоям населения по Аральскому району,Квартира,1,16 503 183.33,Закупка жилища,Закупка состоялась
81428688-ЗЖ1,243411.700,Проволока (сталь),15780995-1 Приобретение жилья на первичном рынке для социально уязвимым слоям населения по Аральскому району,Квартира,1,16 503 183.33,Закупка жилища,Закупка состоялась
81428699-ЗЖ1,243411.700,Проволока (сталь),15780995-1 Приобретение жилья на первичном рынке для социально уязвимым слоям населения по Аральскому району,Квартира,1,16 503 183.33,Закупка жилища,Закупка состоялась
81428710-ЗЖ1,243411.700,Проволока (сталь),15780995-1 Приобретение жилья на первичном рынке для социально уязвимым слоям населения по Аральскому району,Квартира,1,16 503 183.33,Закупка жилища,Закупка состоялась
81428722-ЗЖ1,243411.700,Проволока (сталь),15780995-1 Приобретение жилья на первичном рынке для социально уязвимым слоям населения по Аральскому району,Квартира,1,16 503 183.33,Закупка жилища,Закупка состоялась
81428730-ЗЖ1,243411.700,Проволока (сталь),15780995-1 Приобретение жилья на первичном рынке для социально уязвимым слоям населения по Аральскому району,Квартира,1,16 503 183.33,Закупка жилища,Закупка состоялась
81428742-ЗЖ1,243411.700,Проволока (сталь),15799440-1 Приобретение жилья на первичном рынке для социально уязвимым слоям населения по Аральскому району,Квартира,1,16 503 183.33,Закупка жилища,Закупка состоялась
81428749-ЗЖ1,243411.700,Проволока (сталь),15799440-1 Приобретение жилья на первичном рынке для социально уязвимым слоям населения по Аральскому району,Квартира,1,16 503 183.33,Закупка жилища,Закупка состоялась
81428774-ЗЖ1,243411.700,Проволока (сталь),15799440-1 Приобретение жилья на первичном рынке для социально уязвимым слоям населения по Аральскому району,Квартира,1,16 503 183.33,Закупка жилища,Закупка состоялась
81428786-ЗЖ1,243411.700,Проволока (сталь),15799440-1 Приобретение жилья на первичном рынке для социально уязвимым слоям населения по Аральскому району,Квартира,1,16 503 183.33,Закупка жилища,Закупка состоялась
81428794-ЗЖ1,243411.700,Проволока (сталь),15799440-1 Приобретение жилья на первичном рынке для социально уязвимым слоям населения по Аральскому району,Квартира,1,16 503 183.33,Закупка жилища,Закупка состоялась
81429414-ЗЖ1,243411.700,Проволока (сталь),15799440-1 Приобретение жилья на первичном рынке для социально уязвимым слоям населения по Аральскому району,Квартира,1,16 503 183.33,Закупка жилища,Закупка состоялась
81429576-ЗЖ1,243411.700,Проволока (сталь),15799440-1 Приобретение жилья на первичном рынке для социально уязвимым слоям населения по Аральскому району,Квартира,1,16 503 183.33,Закупка жилища,Закупка состоялась
81429732-ЗЖ1,243411.700,Проволока (сталь),15799440-1 Приобретение жилья на первичном рынке для социально уязвимым слоям населения по Аральскому району,Квартира,1,16 503 183.33,Закупка жилища,Закупка состоялась
81429750-ЗЖ1,243411.700,Проволока (сталь),15799440-1 Приобретение жилья на первичном рынке для социально уязвимым слоям населения по Аральскому району,Квартира,1,16 503 183.33,Закупка жилища,Закупка состоялась
81429761-ЗЖ1,243411.700,Проволока (сталь),15799440-1 Приобретение жилья на первичном рынке для социально уязвимым слоям населения по Аральскому району,Квартира,1,16 503 183.33,Закупка жилища,Закупка состоялась
81429962-ЗЖ1,243411.700,Проволока (сталь),15799440-1 Приобретение жилья на первичном рынке для социально уязвимым слоям населения по Аральскому району,Квартира,1,16 503 183.33,Закупка жилища,Закупка состоялась
81429970-ЗЖ1,243411.700,Проволока (сталь),15799440-1 Приобретение жилья на первичном рынке для социально уязвимым слоям населения по Аральскому району,Квартира,1,16 503 183.33,Закупка жилища,Закупка состоялась
81430013-ЗЖ1,243411.700,Проволока (сталь),15799440-1 Приобретение жилья на первичном рынке для социально уязвимым слоям населения по Аральскому району,Квартира,1,16 503 183.33,Закупка жилища,Закупка состоялась
81430117-ОК1,243411.700,Проволока (сталь),15780617-1 Покупка квартиры в городе Усть-Каменогорск,Квартира,1,45 100 000.00,Открытый конкурс,Закупка состоялась
81430223-ОК1,243411.700,Проволока (сталь),15780617-1 Покупка квартиры в городе Усть-Каменогорск,Квартира,1,45 450 000.00,Открытый конкурс,Закупка состоялась
81430637-ЗЖ1,243411.700,Проволока (сталь),15787004-1 Приобретение жилого дома в селе Жанибек Жанибекского района ЗКО (18),Здание,1,19 820 000.00,Закупка жилища,Закупка состоялась
81431275-ОИ2,243411.700,Проволока (сталь),15796784-1 Приобретение легкового автомобиля согласно технической спецификации,Автомобиль,2,28 980 000.00,Из одного источника по несостоявшимся закупкам,Закупка состоялась
81431913-КРБС1,243411.700,Проволока (сталь),"15819310-1 Государственная закупка для КГУ ""Аральский районный отдел строительства,архитектуры и градостроительства""",Работы по возведению (сооружению) канализационных систем/водоочистных сооружений/насосных станций,1,468 124 048.00,Конкурс с использованием рейтингово-балльной системы,Закупка состоялась
81434377-КРБС1,243411.700,Проволока (сталь),"15787573-1 Түркістан облысы Сарыағаш ауданы, Сарыағаш қаласында кәріз жүйелерін салу (1, 2, 3, 4-кезең)",Работы по возведению (строительству) инженерных сетей,1,4 820 014 058.00,Конкурс с использованием рейтингово-балльной системы,Закупка состоялась
81434479-КРБС1,243411.700,Проволока (сталь),15808803-1 Государственные закупки согласно конкурсной документации,Услуги по осуществлению технического надзора в сфере строительной деятельности,1,118 944 004.00,Конкурс с использованием рейтингово-балльной системы,Закупка состоялась
81434485-КРБС1,243411.700,Проволока (сталь),15827636-1 «Организация и строительство индустриальной зоны в ЗКО. Корректировка. Внутренние инженерные сети» (Газоснабжение),Работы по строительству (сооружению) сетей/систем/объектов/станций газоснабжения/газораспределения,1,199 670 301.00,Конкурс с использованием рейтингово-балльной системы,Закупка состоялась
81435835-ОИ3,243411.700,Проволока (сталь),"15877149-1 Приобретение здания для ветеринарного пункта в с.Жусандыой Каратобинского района, ЗКО",Здание,1,16 000 000.00,Из одного источника по несостоявшимся закупкам,Закупка состоялась
81436668-ОТ1,243411.700,Проволока (сталь),15779532-1 Закупки дизельного топлива летнего (наливом) на 2025 год,Топливо дизельное,55841.54,15 705 433.13,Тендер,Закупка состоялась
81438745-КРБС1,243411.700,Проволока (сталь),"15787573-1 Түркістан облысы Сарыағаш ауданы, Сарыағаш қаласында кәріз жүйелерін салу (1, 2, 3, 4-кезең)",Работы по возведению (строительству) инженерных сетей,1,2 587 267 774.00,Конкурс с использованием рейтингово-балльной системы,Закупка состоялась
81438846-КРБС1,243411.700,Проволока (сталь),15808803-1 Государственные закупки согласно конкурсной документации,Услуги по осуществлению технического надзора в сфере строительной деятельности,1,76 645 491.00,Конкурс с использованием рейтингово-балльной системы,Закупка состоялась
81439191-ЗЦП1,243411.700,Проволока (сталь),15829061-1 Работы по монтажу и настройке оборудования для диспетчерской,Работы по монтажу/внедрению автоматизированных систем управления/контроля/мониторинга/учета/диспетчеризации,1,17 940 000.00,Запрос ценовых предложений,Закупка состоялась
81439228-ЗЖ1,243411.700,Проволока (сталь),15794303-1 Приобретение жилья малообеспеченным многодетным семьям в Райымбекском районе//,Здание,1,29 400 000.00,Закупка жилища,Закупка состоялась
81439255-ЗЖ1,243411.700,Проволока (сталь),15794303-1 Приобретение жилья малообеспеченным многодетным семьям в Райымбекском районе//,Здание,1,29 400 000.00,Закупка жилища,Закупка состоялась
81439270-ЗЖ1,243411.700,Проволока (сталь),15794303-1 Приобретение жилья малообеспеченным многодетным семьям в Райымбекском районе//,Здание,1,29 400 000.00,Закупка жилища,Закупка состоялась
81439279-ЗЖ1,243411.700,Проволока (сталь),15794303-1 Приобретение жилья малообеспеченным многодетным семьям в Райымбекском районе//,Здание,1,29 400 000.00,Закупка жилища,Закупка состоялась
81441068-КРБС1,243411.700,Проволока (сталь),"15787573-1 Түркістан облысы Сарыағаш ауданы, Сарыағаш қаласында кәріз жүйелерін салу (1, 2, 3, 4-кезең)",Работы по возведению (строительству) инженерных сетей,1,3 086 678 790.00,Конкурс с использованием рейтингово-балльной системы,Закупка состоялась
81441084-ЗЖ1,243411.700,Проволока (сталь),15794303-1 Приобретение жилья малообеспеченным многодетным семьям в Райымбекском районе//,Здание,1,29 400 000.00,Закупка жилища,Закупка состоялась
81441110-ЗЖ1,243411.700,Проволока (сталь),15794303-1 Приобретение жилья малообеспеченным многодетным семьям в Райымбекском районе//,Здание,1,29 400 000.00,Закупка жилища,Закупка состоялась
81441129-ЗЖ1,243411.700,Проволока (сталь),15794303-1 Приобретение жилья малообеспеченным многодетным семьям в Райымбекском районе//,Здание,1,29 400 000.00,Закупка жилища,Закупка состоялась
81441191-КРБС1,243411.700,Проволока (сталь),15808803-1 Государственные закупки согласно конкурсной документации,Услуги по осуществлению технического надзора в сфере строительной деятельности,1,71 856 894.00,Конкурс с использованием рейтингово-балльной системы,Закупка состоялась
81442263-КРБС1,243411.700,Проволока (сталь),"15787573-1 Түркістан облысы Сарыағаш ауданы, Сарыағаш қаласында кәріз жүйелерін салу (1, 2, 3, 4-кезең)",Работы по возведению (строительству) инженерных сетей,1,4 669 488 791.00,Конкурс с использованием рейтингово-балльной системы,Закупка состоялась
81442309-ОК1,243411.700,Проволока (сталь),15799588-1 Текущий ремонт здания городского здания акимата города Жанаозен 1 этаж ЦПГ для аппрата акима города Жанаозен,Работы по текущему ремонту нежилых зданий/сооружений/помещений,1,89 285 714.28,Открытый конкурс,Закупка состоялась
81442377-КРБС1,243411.700,Проволока (сталь),15808803-1 Государственные закупки согласно конкурсной документации,Услуги по осуществлению технического надзора в сфере строительной деятельности,1,99 812 816.00,Конкурс с использованием рейтингово-балльной системы,Закупка состоялась
81443635-ЗЖ1,243411.700,Проволока (сталь),15778388-1 Приобретение жилого дома в селе Кособа Сырымского района ЗКО,Здание,1,17 820 000.00,Закупка жилища,Закупка состоялась
81443666-ЗЖ1,243411.700,Проволока (сталь),15778311-1 Приобретение жилого дома в селе Жымпиты Сырымского района ЗКО,Здание,1,17 820 000.00,Закупка жилища,Закупка состоялась
81443771-ЗЖ1,243411.700,Проволока (сталь),15778730-1 Приобретение жилого дома в селе Кособа Сырымского района ЗКО,Здание,1,17 820 000.00,Закупка жилища,Закупка состоялась
81443788-ЗЖ1,243411.700,Проволока (сталь),15778779-1 Приобретение жилого дома в селе Кособа Сырымского района ЗКО,Здание,1,17 820 000.00,Закупка жилища,Закупка состоялась
81447208-ОИ3,243411.700,Проволока (сталь),15862169-1 Услуги по финансовому лизингу (Подметально-уборочная машина),Услуги по финансовому лизингу,1,762 436 281.25,Из одного источника по несостоявшимся закупкам,Закупка состоялась
81447910-ОИ3,243411.700,Проволока (сталь),15862169-1 Услуги по финансовому лизингу (Подметально-уборочная машина),Услуги по финансовому лизингу,1,595 472 124.41,Из одного источника по несостоявшимся закупкам,Закупка состоялась
81449107-ЗЖ1,243411.700,Проволока (сталь),15778961-1 приобретение квартиры в двухквартирном частном доме в с.Красноармейское района Бәйтерек ЗКО,Здание,1,17 820 000.00,Закупка жилища,Закупка состоялась
81449116-ЗЖ1,243411.700,Проволока (сталь),15778961-1 приобретение квартиры в двухквартирном частном доме в с.Красноармейское района Бәйтерек ЗКО,Здание,1,17 820 000.00,Закупка жилища,Закупка состоялась
81449128-ЗЖ1,243411.700,Проволока (сталь),15778961-1 приобретение квартиры в двухквартирном частном доме в с.Красноармейское района Бәйтерек ЗКО,Здание,1,17 820 000.00,Закупка жилища,Закупка состоялась
81449140-ЗЖ1,243411.700,Проволока (сталь),15778961-1 приобретение квартиры в двухквартирном частном доме в с.Красноармейское района Бәйтерек ЗКО,Здание,1,17 820 000.00,Закупка жилища,Закупка состоялась
81453179-ЗЖ1,243411.700,Проволока (сталь),"15811887-1 Приобретение арендного жилья для нуждающихся граждан без права выкупа для ГУ ""Бейнеуский районный отдел жилищно-коммунального хозяйства, пассажирского транспорта и автомобильных дорог""",Квартира,1,16 000 000.00,Закупка жилища,Закупка состоялась
81453189-ЗЖ1,243411.700,Проволока (сталь),"15811989-1 Приобретение арендного жилья для нуждающихся граждан без права выкупа для ГУ ""Бейнеуский районный отдел жилищно-коммунального хозяйства, пассажирского транспорта и автомобильных дорог""",Квартира,1,16 000 000.00,Закупка жилища,Закупка состоялась
81453195-ЗЖ1,243411.700,Проволока (сталь),"15811734-1 Приобретение арендного жилья для нуждающихся граждан без права выкупа для ГУ ""Бейнеуский районный отдел жилищно-коммунального хозяйства, пассажирского транспорта и автомобильных дорог""",Квартира,1,16 000 000.00,Закупка жилища,Закупка состоялась
81453204-ЗЖ1,243411.700,Проволока (сталь),"15811861-1 Приобретение арендного жилья для нуждающихся граждан без права выкупа для ГУ ""Бейнеуский районный отдел жилищно-коммунального хозяйства, пассажирского транспорта и автомобильных дорог""",Квартира,1,16 000 000.00,Закупка жилища,Закупка состоялась
81453214-ЗЖ1,243411.700,Проволока (сталь),"15811768-1 Приобретение арендного жилья для нуждающихся граждан без права выкупа для ГУ ""Бейнеуский районный отдел жилищно-коммунального хозяйства, пассажирского транспорта и автомобильных дорог""",Квартира,1,16 000 000.00,Закупка жилища,Закупка состоялась
81453219-ЗЖ1,243411.700,Проволока (сталь),"15811821-1 Приобретение арендного жилья для нуждающихся граждан без права выкупа для ГУ ""Бейнеуский районный отдел жилищно-коммунального хозяйства, пассажирского транспорта и автомобильных дорог""",Квартира,1,16 000 000.00,Закупка жилища,Закупка состоялась
81454179-ОИ2,243411.700,Проволока (сталь),15800984-1 Автомобиль согласно технической спецификации/,Автомобиль,1,24 000 000.00,Из одного источника по несостоявшимся закупкам,Закупка состоялась
81454934-ЗЖ1,243411.700,Проволока (сталь),15783954-1 Приобретение квартиры в городе Актобе (40–50 кв.м),Квартира,1,15 875 000.00,Закупка жилища,Закупка состоялась
81455056-ЗЖ1,243411.700,Проволока (сталь),15784509-1 Приобретение квартиры в городе Актобе (40–50 кв.м),Квартира,1,15 875 000.00,Закупка жилища,Закупка состоялась
81455437-ЗЖ1,243411.700,Проволока (сталь),15783896-1 Приобретение в коммунальный жилищный фонд квартиру в селе Мамырсу Аягозского района области Абай,Квартира,1,18 700 000.00,Закупка жилища,Закупка состоялась
81455443-ЗЖ1,243411.700,Проволока (сталь),15784480-1 Приобретение в коммунальный жилищный фонд квартиру в селе Мамырсу Аягозского района области Абай,Квартира,1,18 700 000.00,Закупка жилища,Закупка состоялась
81455454-ЗЖ1,243411.700,Проволока (сталь),15783896-1 Приобретение в коммунальный жилищный фонд квартиру в селе Мамырсу Аягозского района области Абай,Квартира,1,18 700 000.00,Закупка жилища,Закупка состоялась
81455463-ЗЖ1,243411.700,Проволока (сталь),15784480-1 Приобретение в коммунальный жилищный фонд квартиру в селе Мамырсу Аягозского района области Абай,Квартира,1,18 700 000.00,Закупка жилища,Закупка состоялась
81455506-ЗЖ1,243411.700,Проволока (сталь),15814183-1 Приобретение в коммунальный жилищный фонд квартиру/жилой дом в селе МайлинАягозского района области Абай,Квартира,1,18 700 000.00,Закупка жилища,Закупка состоялась
81455508-ЗЖ1,243411.700,Проволока (сталь),15814188-1 Приобретение в коммунальный жилищный фонд квартиру/жилой дом в селе МайлинАягозского района области Абай,Квартира,1,18 700 000.00,Закупка жилища,Закупка состоялась
81455510-ЗЖ1,243411.700,Проволока (сталь),15814183-1 Приобретение в коммунальный жилищный фонд квартиру/жилой дом в селе МайлинАягозского района области Абай,Квартира,1,18 700 000.00,Закупка жилища,Закупка состоялась
81455512-ЗЖ1,243411.700,Проволока (сталь),15814188-1 Приобретение в коммунальный жилищный фонд квартиру/жилой дом в селе МайлинАягозского района области Абай,Квартира,1,18 700 000.00,Закупка жилища,Закупка состоялась
81455520-ЗЖ1,243411.700,Проволока (сталь),15784818-1 Приобретение в коммунальный жилищный фонд квартиру в городе Аягоз Аягозского района области Абай,Квартира,1,18 700 000.00,Закупка жилища,Закупка состоялась
81455521-ЗЖ1,243411.700,Проволока (сталь),15815302-1 Приобретение в коммунальный жилищный фонд квартиру/жилой дом в городе Аягоз Аягозского района области Абай,Квартира,1,18 700 000.00,Закупка жилища,Закупка состоялась
81455523-ЗЖ1,243411.700,Проволока (сталь),15784707-1 Приобретение в коммунальный жилищный фонд квартиру в городе Аягоз Аягозского района области Абай,Квартира,1,18 700 000.00,Закупка жилища,Закупка состоялась
81455525-ЗЖ1,243411.700,Проволока (сталь),15815523-1 Приобретение в коммунальный жилищный фонд квартиру/жилой дом в городе Аягоз Аягозского района области Абай,Квартира,1,18 700 000.00,Закупка жилища,Закупка состоялась
81455540-ЗЖ1,243411.700,Проволока (сталь),15784818-1 Приобретение в коммунальный жилищный фонд квартиру в городе Аягоз Аягозского района области Абай,Квартира,1,18 700 000.00,Закупка жилища,Закупка состоялась
81455543-ЗЖ1,243411.700,Проволока (сталь),15784624-1 Приобретение в коммунальный жилищный фонд квартиру в городе Аягоз Аягозского района области Абай,Квартира,1,18 700 000.00,Закупка жилища,Закупка состоялась
81455549-ЗЖ1,243411.700,Проволока (сталь),15784624-1 Приобретение в коммунальный жилищный фонд квартиру в городе Аягоз Аягозского района области Абай,Квартира,1,18 700 000.00,Закупка жилища,Закупка состоялась
81455551-ЗЖ1,243411.700,Проволока (сталь),15784707-1 Приобретение в коммунальный жилищный фонд квартиру в городе Аягоз Аягозского района области Абай,Квартира,1,18 700 000.00,Закупка жилища,Закупка состоялась
81456486-ОИ2,243411.700,Проволока (сталь),15799992-1 Приобретение коммерческого автомобиля,Автобус,1,22 000 000.00,Из одного источника по несостоявшимся закупкам,Закупка состоялась
81457783-ЗЖ1,243411.700,Проволока (сталь),15780102-1 Приобретение жилья для социально уязвимых слоев населения (СУСН) пос.Жанаарка Улытауской области,Здание,1,20 200 000.00,Закупка жилища,Закупка состоялась
81458291-ЗЖ1,243411.700,Проволока (сталь),15786044-1 Приобретение индивидуальных жилых домов и квартир для социально уязвимых слоев населения в Жамбылском районе Алматинской области,Здание,1,25 600 000.00,Закупка жилища,Закупка состоялась
81458292-ЗЖ1,243411.700,Проволока (сталь),15786044-1 Приобретение индивидуальных жилых домов и квартир для социально уязвимых слоев населения в Жамбылском районе Алматинской области,Здание,1,25 600 000.00,Закупка жилища,Закупка состоялась
81458293-ЗЖ1,243411.700,Проволока (сталь),15786044-1 Приобретение индивидуальных жилых домов и квартир для социально уязвимых слоев населения в Жамбылском районе Алматинской области,Здание,1,25 600 000.00,Закупка жилища,Закупка состоялась
81458295-ЗЖ1,243411.700,Проволока (сталь),15786044-1 Приобретение индивидуальных жилых домов и квартир для социально уязвимых слоев населения в Жамбылском районе Алматинской области,Здание,1,25 600 000.00,Закупка жилища,Закупка состоялась
81458296-ЗЖ1,243411.700,Проволока (сталь),15786044-1 Приобретение индивидуальных жилых домов и квартир для социально уязвимых слоев населения в Жамбылском районе Алматинской области,Здание,1,25 600 000.00,Закупка жилища,Закупка состоялась
81458297-ЗЖ1,243411.700,Проволока (сталь),15786044-1 Приобретение индивидуальных жилых домов и квартир для социально уязвимых слоев населения в Жамбылском районе Алматинской области,Здание,1,25 600 000.00,Закупка жилища,Закупка состоялась
81458299-ЗЖ1,243411.700,Проволока (сталь),15786044-1 Приобретение индивидуальных жилых домов и квартир для социально уязвимых слоев населения в Жамбылском районе Алматинской области,Здание,1,25 600 000.00,Закупка жилища,Закупка состоялась
81458300-ЗЖ1,243411.700,Проволока (сталь),15786044-1 Приобретение индивидуальных жилых домов и квартир для социально уязвимых слоев населения в Жамбылском районе Алматинской области,Здание,1,25 600 000.00,Закупка жилища,Закупка состоялась
81458301-ЗЖ1,243411.700,Проволока (сталь),15786044-1 Приобретение индивидуальных жилых домов и квартир для социально уязвимых слоев населения в Жамбылском районе Алматинской области,Здание,1,25 600 000.00,Закупка жилища,Закупка состоялась
81458302-ЗЖ1,243411.700,Проволока (сталь),15786044-1 Приобретение индивидуальных жилых домов и квартир для социально уязвимых слоев населения в Жамбылском районе Алматинской области,Здание,1,25 600 000.00,Закупка жилища,Закупка состоялась
81458303-ЗЖ1,243411.700,Проволока (сталь),15786044-1 Приобретение индивидуальных жилых домов и квартир для социально уязвимых слоев населения в Жамбылском районе Алматинской области,Здание,1,25 600 000.00,Закупка жилища,Закупка состоялась
81458304-ЗЖ1,243411.700,Проволока (сталь),15786044-1 Приобретение индивидуальных жилых домов и квартир для социально уязвимых слоев населения в Жамбылском районе Алматинской области,Здание,1,25 600 000.00,Закупка жилища,Закупка состоялась
81458305-ЗЖ1,243411.700,Проволока (сталь),15786044-1 Приобретение индивидуальных жилых домов и квартир для социально уязвимых слоев населения в Жамбылском районе Алматинской области,Здание,1,25 600 000.00,Закупка жилища,Закупка состоялась
81458308-ЗЖ1,243411.700,Проволока (сталь),15786044-1 Приобретение индивидуальных жилых домов и квартир для социально уязвимых слоев населения в Жамбылском районе Алматинской области,Здание,1,25 600 000.00,Закупка жилища,Закупка состоялась
81458309-ЗЖ1,243411.700,Проволока (сталь),15786044-1 Приобретение индивидуальных жилых домов и квартир для социально уязвимых слоев населения в Жамбылском районе Алматинской области,Здание,1,25 600 000.00,Закупка жилища,Закупка состоялась
81458310-ЗЖ1,243411.700,Проволока (сталь),15786044-1 Приобретение индивидуальных жилых домов и квартир для социально уязвимых слоев населения в Жамбылском районе Алматинской области,Здание,1,25 600 000.00,Закупка жилища,Закупка состоялась
81458312-ЗЖ1,243411.700,Проволока (сталь),15786044-1 Приобретение индивидуальных жилых домов и квартир для социально уязвимых слоев населения в Жамбылском районе Алматинской области,Здание,1,25 600 000.00,Закупка жилища,Закупка состоялась
81458313-ЗЖ1,243411.700,Проволока (сталь),15786044-1 Приобретение индивидуальных жилых домов и квартир для социально уязвимых слоев населения в Жамбылском районе Алматинской области,Здание,1,25 600 000.00,Закупка жилища,Закупка состоялась
81458314-ЗЖ1,243411.700,Проволока (сталь),15786044-1 Приобретение индивидуальных жилых домов и квартир для социально уязвимых слоев населения в Жамбылском районе Алматинской области,Здание,1,25 600 000.00,Закупка жилища,Закупка состоялась
81458316-ЗЖ1,243411.700,Проволока (сталь),15786044-1 Приобретение индивидуальных жилых домов и квартир для социально уязвимых слоев населения в Жамбылском районе Алматинской области,Здание,1,25 600 000.00,Закупка жилища,Закупка состоялась
81458318-ЗЖ1,243411.700,Проволока (сталь),15786044-1 Приобретение индивидуальных жилых домов и квартир для социально уязвимых слоев населения в Жамбылском районе Алматинской области,Здание,1,25 600 000.00,Закупка жилища,Закупка состоялась
81458319-ЗЖ1,243411.700,Проволока (сталь),15786044-1 Приобретение индивидуальных жилых домов и квартир для социально уязвимых слоев населения в Жамбылском районе Алматинской области,Здание,1,25 600 000.00,Закупка жилища,Закупка состоялась
81458320-ЗЖ1,243411.700,Проволока (сталь),15786044-1 Приобретение индивидуальных жилых домов и квартир для социально уязвимых слоев населения в Жамбылском районе Алматинской области,Здание,1,25 600 000.00,Закупка жилища,Закупка состоялась
81458322-ЗЖ1,243411.700,Проволока (сталь),15786044-1 Приобретение индивидуальных жилых домов и квартир для социально уязвимых слоев населения в Жамбылском районе Алматинской области,Здание,1,25 600 000.00,Закупка жилища,Закупка состоялась
81458324-ЗЖ1,243411.700,Проволока (сталь),15786044-1 Приобретение индивидуальных жилых домов и квартир для социально уязвимых слоев населения в Жамбылском районе Алматинской области,Здание,1,25 600 000.00,Закупка жилища,Закупка состоялась
81458327-ЗЖ1,243411.700,Проволока (сталь),15786044-1 Приобретение индивидуальных жилых домов и квартир для социально уязвимых слоев населения в Жамбылском районе Алматинской области,Здание,1,25 600 000.00,Закупка жилища,Закупка состоялась
81458329-ЗЖ1,243411.700,Проволока (сталь),15786044-1 Приобретение индивидуальных жилых домов и квартир для социально уязвимых слоев населения в Жамбылском районе Алматинской области,Здание,1,25 600 000.00,Закупка жилища,Закупка состоялась
81458330-ЗЖ1,243411.700,Проволока (сталь),15786044-1 Приобретение индивидуальных жилых домов и квартир для социально уязвимых слоев населения в Жамбылском районе Алматинской области,Здание,1,25 600 000.00,Закупка жилища,Закупка состоялась
81458331-ЗЖ1,243411.700,Проволока (сталь),15786044-1 Приобретение индивидуальных жилых домов и квартир для социально уязвимых слоев населения в Жамбылском районе Алматинской области,Здание,1,25 600 000.00,Закупка жилища,Закупка состоялась
81458332-ЗЖ1,243411.700,Проволока (сталь),15786044-1 Приобретение индивидуальных жилых домов и квартир для социально уязвимых слоев населения в Жамбылском районе Алматинской области,Здание,1,25 600 000.00,Закупка жилища,Закупка состоялась
81458334-ЗЖ1,243411.700,Проволока (сталь),15786044-1 Приобретение индивидуальных жилых домов и квартир для социально уязвимых слоев населения в Жамбылском районе Алматинской области,Здание,1,25 600 000.00,Закупка жилища,Закупка состоялась
81458335-ЗЖ1,243411.700,Проволока (сталь),15786044-1 Приобретение индивидуальных жилых домов и квартир для социально уязвимых слоев населения в Жамбылском районе Алматинской области,Здание,1,25 600 000.00,Закупка жилища,Закупка состоялась
81458336-ЗЖ1,243411.700,Проволока (сталь),15786044-1 Приобретение индивидуальных жилых домов и квартир для социально уязвимых слоев населения в Жамбылском районе Алматинской области,Здание,1,25 600 000.00,Закупка жилища,Закупка состоялась
81458337-ЗЖ1,243411.700,Проволока (сталь),15786044-1 Приобретение индивидуальных жилых домов и квартир для социально уязвимых слоев населения в Жамбылском районе Алматинской области,Здание,1,25 600 000.00,Закупка жилища,Закупка состоялась
81458338-ЗЖ1,243411.700,Проволока (сталь),15786044-1 Приобретение индивидуальных жилых домов и квартир для социально уязвимых слоев населения в Жамбылском районе Алматинской области,Здание,1,25 600 000.00,Закупка жилища,Закупка состоялась
81458339-ЗЖ1,243411.700,Проволока (сталь),15786044-1 Приобретение индивидуальных жилых домов и квартир для социально уязвимых слоев населения в Жамбылском районе Алматинской области,Здание,1,25 600 000.00,Закупка жилища,Закупка состоялась
81458340-ЗЖ1,243411.700,Проволока (сталь),15786044-1 Приобретение индивидуальных жилых домов и квартир для социально уязвимых слоев населения в Жамбылском районе Алматинской области,Здание,1,25 600 000.00,Закупка жилища,Закупка состоялась
81458341-ЗЖ1,243411.700,Проволока (сталь),15786044-1 Приобретение индивидуальных жилых домов и квартир для социально уязвимых слоев населения в Жамбылском районе Алматинской области,Здание,1,25 600 000.00,Закупка жилища,Закупка состоялась
81458342-ЗЖ1,243411.700,Проволока (сталь),15786044-1 Приобретение индивидуальных жилых домов и квартир для социально уязвимых слоев населения в Жамбылском районе Алматинской области,Здание,1,25 600 000.00,Закупка жилища,Закупка состоялась
81458344-ЗЖ1,243411.700,Проволока (сталь),15786044-1 Приобретение индивидуальных жилых домов и квартир для социально уязвимых слоев населения в Жамбылском районе Алматинской области,Здание,1,25 600 000.00,Закупка жилища,Закупка состоялась
81458345-ЗЖ1,243411.700,Проволока (сталь),15786044-1 Приобретение индивидуальных жилых домов и квартир для социально уязвимых слоев населения в Жамбылском районе Алматинской области,Здание,1,25 600 000.00,Закупка жилища,Закупка состоялась
81458346-ЗЖ1,243411.700,Проволока (сталь),15786044-1 Приобретение индивидуальных жилых домов и квартир для социально уязвимых слоев населения в Жамбылском районе Алматинской области,Здание,1,25 600 000.00,Закупка жилища,Закупка состоялась
81458347-ЗЖ1,243411.700,Проволока (сталь),15786044-1 Приобретение индивидуальных жилых домов и квартир для социально уязвимых слоев населения в Жамбылском районе Алматинской области,Здание,1,25 600 000.00,Закупка жилища,Закупка состоялась
81458348-ЗЖ1,243411.700,Проволока (сталь),15786044-1 Приобретение индивидуальных жилых домов и квартир для социально уязвимых слоев населения в Жамбылском районе Алматинской области,Здание,1,25 600 000.00,Закупка жилища,Закупка состоялась
81458349-ЗЖ1,243411.700,Проволока (сталь),15786044-1 Приобретение индивидуальных жилых домов и квартир для социально уязвимых слоев населения в Жамбылском районе Алматинской области,Здание,1,25 600 000.00,Закупка жилища,Закупка состоялась
81458351-ЗЖ1,243411.700,Проволока (сталь),15786044-1 Приобретение индивидуальных жилых домов и квартир для социально уязвимых слоев населения в Жамбылском районе Алматинской области,Здание,1,25 600 000.00,Закупка жилища,Закупка состоялась
81458352-ЗЖ1,243411.700,Проволока (сталь),15786044-1 Приобретение индивидуальных жилых домов и квартир для социально уязвимых слоев населения в Жамбылском районе Алматинской области,Здание,1,25 600 000.00,Закупка жилища,Закупка состоялась
81458353-ЗЖ1,243411.700,Проволока (сталь),15786044-1 Приобретение индивидуальных жилых домов и квартир для социально уязвимых слоев населения в Жамбылском районе Алматинской области,Здание,1,25 600 000.00,Закупка жилища,Закупка состоялась
81458354-ЗЖ1,243411.700,Проволока (сталь),15786044-1 Приобретение индивидуальных жилых домов и квартир для социально уязвимых слоев населения в Жамбылском районе Алматинской области,Здание,1,25 600 000.00,Закупка жилища,Закупка состоялась
81458355-ЗЖ1,243411.700,Проволока (сталь),15786044-1 Приобретение индивидуальных жилых домов и квартир для социально уязвимых слоев населения в Жамбылском районе Алматинской области,Здание,1,25 600 000.00,Закупка жилища,Закупка состоялась
81458357-ЗЖ1,243411.700,Проволока (сталь),15786044-1 Приобретение индивидуальных жилых домов и квартир для социально уязвимых слоев населения в Жамбылском районе Алматинской области,Здание,1,25 600 000.00,Закупка жилища,Закупка состоялась
81458359-ЗЖ1,243411.700,Проволока (сталь),15786044-1 Приобретение индивидуальных жилых домов и квартир для социально уязвимых слоев населения в Жамбылском районе Алматинской области,Здание,1,25 600 000.00,Закупка жилища,Закупка состоялась
81458360-ЗЖ1,243411.700,Проволока (сталь),15786044-1 Приобретение индивидуальных жилых домов и квартир для социально уязвимых слоев населения в Жамбылском районе Алматинской области,Здание,1,25 600 000.00,Закупка жилища,Закупка состоялась
81458361-ЗЖ1,243411.700,Проволока (сталь),15786044-1 Приобретение индивидуальных жилых домов и квартир для социально уязвимых слоев населения в Жамбылском районе Алматинской области,Здание,1,25 600 000.00,Закупка жилища,Закупка состоялась
81458362-ЗЖ1,243411.700,Проволока (сталь),15786044-1 Приобретение индивидуальных жилых домов и квартир для социально уязвимых слоев населения в Жамбылском районе Алматинской области,Здание,1,25 600 000.00,Закупка жилища,Закупка состоялась
81458363-ЗЖ1,243411.700,Проволока (сталь),15786044-1 Приобретение индивидуальных жилых домов и квартир для социально уязвимых слоев населения в Жамбылском районе Алматинской области,Здание,1,25 600 000.00,Закупка жилища,Закупка состоялась
81458364-ЗЖ1,243411.700,Проволока (сталь),15786044-1 Приобретение индивидуальных жилых домов и квартир для социально уязвимых слоев населения в Жамбылском районе Алматинской области,Здание,1,25 600 000.00,Закупка жилища,Закупка состоялась
81458365-ЗЖ1,243411.700,Проволока (сталь),15786044-1 Приобретение индивидуальных жилых домов и квартир для социально уязвимых слоев населения в Жамбылском районе Алматинской области,Здание,1,25 600 000.00,Закупка жилища,Закупка состоялась
81458366-ЗЖ1,243411.700,Проволока (сталь),15786044-1 Приобретение индивидуальных жилых домов и квартир для социально уязвимых слоев населения в Жамбылском районе Алматинской области,Здание,1,25 600 000.00,Закупка жилища,Закупка состоялась
81458367-ЗЖ1,243411.700,Проволока (сталь),15786044-1 Приобретение индивидуальных жилых домов и квартир для социально уязвимых слоев населения в Жамбылском районе Алматинской области,Здание,1,25 600 000.00,Закупка жилища,Закупка состоялась
81458368-ЗЖ1,243411.700,Проволока (сталь),15786044-1 Приобретение индивидуальных жилых домов и квартир для социально уязвимых слоев населения в Жамбылском районе Алматинской области,Здание,1,25 600 000.00,Закупка жилища,Закупка состоялась
81458370-ЗЖ1,243411.700,Проволока (сталь),15786044-1 Приобретение индивидуальных жилых домов и квартир для социально уязвимых слоев населения в Жамбылском районе Алматинской области,Здание,1,25 600 000.00,Закупка жилища,Закупка состоялась
81458371-ЗЖ1,243411.700,Проволока (сталь),15786044-1 Приобретение индивидуальных жилых домов и квартир для социально уязвимых слоев населения в Жамбылском районе Алматинской области,Здание,1,25 600 000.00,Закупка жилища,Закупка состоялась
81458372-ЗЖ1,243411.700,Проволока (сталь),15786044-1 Приобретение индивидуальных жилых домов и квартир для социально уязвимых слоев населения в Жамбылском районе Алматинской области,Здание,1,25 600 000.00,Закупка жилища,Закупка состоялась
81458373-ЗЖ1,243411.700,Проволока (сталь),15786044-1 Приобретение индивидуальных жилых домов и квартир для социально уязвимых слоев населения в Жамбылском районе Алматинской области,Здание,1,25 600 000.00,Закупка жилища,Закупка состоялась
81458374-ЗЖ1,243411.700,Проволока (сталь),15786044-1 Приобретение индивидуальных жилых домов и квартир для социально уязвимых слоев населения в Жамбылском районе Алматинской области,Здание,1,25 600 000.00,Закупка жилища,Закупка состоялась
81458375-ЗЖ1,243411.700,Проволока (сталь),15786044-1 Приобретение индивидуальных жилых домов и квартир для социально уязвимых слоев населения в Жамбылском районе Алматинской области,Здание,1,25 600 000.00,Закупка жилища,Закупка состоялась
81458376-ЗЖ1,243411.700,Проволока (сталь),15786044-1 Приобретение индивидуальных жилых домов и квартир для социально уязвимых слоев населения в Жамбылском районе Алматинской области,Здание,1,25 600 000.00,Закупка жилища,Закупка состоялась
81458377-ЗЖ1,243411.700,Проволока (сталь),15786044-1 Приобретение индивидуальных жилых домов и квартир для социально уязвимых слоев населения в Жамбылском районе Алматинской области,Здание,1,25 600 000.00,Закупка жилища,Закупка состоялась
81458378-ЗЖ1,243411.700,Проволока (сталь),15786044-1 Приобретение индивидуальных жилых домов и квартир для социально уязвимых слоев населения в Жамбылском районе Алматинской области,Здание,1,25 600 000.00,Закупка жилища,Закупка состоялась
81458379-ЗЖ1,243411.700,Проволока (сталь),15786044-1 Приобретение индивидуальных жилых домов и квартир для социально уязвимых слоев населения в Жамбылском районе Алматинской области,Здание,1,25 600 000.00,Закупка жилища,Закупка состоялась
81458380-ЗЖ1,243411.700,Проволока (сталь),15786044-1 Приобретение индивидуальных жилых домов и квартир для социально уязвимых слоев населения в Жамбылском районе Алматинской области,Здание,1,25 600 000.00,Закупка жилища,Закупка состоялась
81458381-ЗЖ1,243411.700,Проволока (сталь),15786044-1 Приобретение индивидуальных жилых домов и квартир для социально уязвимых слоев населения в Жамбылском районе Алматинской области,Здание,1,25 600 000.00,Закупка жилища,Закупка состоялась
81458382-ЗЖ1,243411.700,Проволока (сталь),15786044-1 Приобретение индивидуальных жилых домов и квартир для социально уязвимых слоев населения в Жамбылском районе Алматинской области,Здание,1,25 600 000.00,Закупка жилища,Закупка состоялась
81458383-ЗЖ1,243411.700,Проволока (сталь),15786044-1 Приобретение индивидуальных жилых домов и квартир для социально уязвимых слоев населения в Жамбылском районе Алматинской области,Здание,1,25 600 000.00,Закупка жилища,Закупка состоялась
81458384-ЗЖ1,243411.700,Проволока (сталь),15786044-1 Приобретение индивидуальных жилых домов и квартир для социально уязвимых слоев населения в Жамбылском районе Алматинской области,Здание,1,25 600 000.00,Закупка жилища,Закупка состоялась
81458386-ЗЖ1,243411.700,Проволока (сталь),15786044-1 Приобретение индивидуальных жилых домов и квартир для социально уязвимых слоев населения в Жамбылском районе Алматинской области,Здание,1,25 600 000.00,Закупка жилища,Закупка состоялась
81458626-ОК1,243411.700,Проволока (сталь),"15787908-1 Средний ремонт дорог ул.Достык ( 1,28 км), ул. Гагарина ( 0,7 км) в селе Карабас Бескарагайского района области Абай",Работы по среднему ремонту автомобильной дороги,1,99 987 692.86,Открытый конкурс,Закупка состоялась
81458958-ЗЖ1,243411.700,Проволока (сталь),15784560-1 Приобретение квартиры в городе Актобе (40–50 кв.м),Квартира,1,15 875 000.00,Закупка жилища,Закупка состоялась
81458987-ЗЖ1,243411.700,Проволока (сталь),15784661-1 Приобретение квартиры в городе Актобе (40–50 кв.м),Квартира,1,15 875 000.00,Закупка жилища,Закупка состоялась
81458989-ЗЖ1,243411.700,Проволока (сталь),15784750-1 Приобретение квартиры в городе Актобе (40–50 кв.м),Квартира,1,15 875 000.00,Закупка жилища,Закупка состоялась
81458999-ЗЖ1,243411.700,Проволока (сталь),15784835-1 Приобретение квартиры в городе Актобе (40–50 кв.м),Квартира,1,15 875 000.00,Закупка жилища,Закупка состоялась
81459004-ЗЖ1,243411.700,Проволока (сталь),15784858-1 Приобретение квартиры в городе Актобе (40–50 кв.м),Квартира,1,15 875 000.00,Закупка жилища,Закупка состоялась
81459031-ЗЖ1,243411.700,Проволока (сталь),15784914-1 Приобретение квартиры в городе Актобе (40–50 кв.м),Квартира,1,15 875 000.00,Закупка жилища,Закупка состоялась
81459116-ЗЖ1,243411.700,Проволока (сталь),15784983-1 Приобретение квартиры в городе Актобе (40–50 кв.м),Квартира,1,15 875 000.00,Закупка жилища,Закупка состоялась
81459122-ЗЖ1,243411.700,Проволока (сталь),15785019-1 Приобретение квартиры в городе Актобе (40–50 кв.м),Квартира,1,15 875 000.00,Закупка жилища,Закупка состоялась
81459133-ЗЖ1,243411.700,Проволока (сталь),15785036-1 Приобретение квартиры в городе Актобе (40–50 кв.м),Квартира,1,15 875 000.00,Закупка жилища,Закупка состоялась
81459149-ЗЖ1,243411.700,Проволока (сталь),15785074-1 Приобретение квартиры в городе Актобе (40–50 кв.м),Квартира,1,15 875 000.00,Закупка жилища,Закупка состоялась
81459221-ЗЖ1,243411.700,Проволока (сталь),15795647-1 Приобретение квартиры в городе Актобе (60–70 кв.м),Квартира,1,22 225 000.00,Закупка жилища,Закупка состоялась
81459843-ЗЖ1,243411.700,Проволока (сталь),15795480-1 Приобретение квартиры в городе Актобе (60–70 кв.м),Квартира,1,22 225 000.00,Закупка жилища,Закупка состоялась
81459856-ЗЖ1,243411.700,Проволока (сталь),15795356-1 Приобретение квартиры в городе Актобе (60–70 кв.м),Квартира,1,22 225 000.00,Закупка жилища,Закупка состоялась
81459864-ЗЖ1,243411.700,Проволока (сталь),15795230-1 Приобретение квартиры в городе Актобе (60–70 кв.м),Квартира,1,22 225 000.00,Закупка жилища,Закупка состоялась
81459880-ЗЖ1,243411.700,Проволока (сталь),15795174-1 Приобретение квартиры в городе Актобе (60–70 кв.м),Квартира,1,22 225 000.00,Закупка жилища,Закупка состоялась
81459890-ЗЖ1,243411.700,Проволока (сталь),15795094-1 Приобретение квартиры в городе Актобе (60–70 кв.м),Квартира,1,22 225 000.00,Закупка жилища,Закупка состоялась
81459899-ЗЖ1,243411.700,Проволока (сталь),15795027-1 Приобретение квартиры в городе Актобе (60–70 кв.м),Квартира,1,22 225 000.00,Закупка жилища,Закупка состоялась
81460434-ЗЖ1,243411.700,Проволока (сталь),15794951-1 Приобретение квартиры в городе Актобе (60–70 кв.м),Квартира,1,22 225 000.00,Закупка жилища,Закупка состоялась
81460818-ЗЖ1,243411.700,Проволока (сталь),15794724-1 Приобретение квартиры в городе Актобе (60–70 кв.м),Квартира,1,22 225 000.00,Закупка жилища,Закупка состоялась
81465026-ЗЦП1,243411.700,Проволока (сталь),"15781200-1 Замена опор и линий электропередач в с.Петровка, улица Н.Абдирова Бухар-Жырауского района Карагандинской области","Работы по ремонту/реконструкции электрического, электрораспределительного/регулирующего оборудования и аналогичной аппаратуры",1,17 184 315.00,Запрос ценовых предложений,Закупка состоялась
81465149-ЗЖ1,243411.700,Проволока (сталь),15798262-1 Приобретение жилого дома,Квартира,1,20 000 000.00,Закупка жилища,Закупка состоялась
81467377-ЗЦП2,243411.700,Проволока (сталь),15796559-1 Государственные закупки товаров,Погрузчик-экскаватор,1,28 125 000.00,Запрос ценовых предложений,Закупка состоялась
81467664-ЗЖ1,243411.700,Проволока (сталь),15813324-1 Приобретение жилья в с. Уил для коммунального жилищного фонда для социально-уязвимых слоев населения для очереднико,Здание,1,19 050 200.00,Закупка жилища,Закупка состоялась
81467682-ЗЖ1,243411.700,Проволока (сталь),15813324-1 Приобретение жилья в с. Уил для коммунального жилищного фонда для социально-уязвимых слоев населения для очереднико,Здание,1,19 050 200.00,Закупка жилища,Закупка состоялась
81467693-ЗЖ1,243411.700,Проволока (сталь),15813324-1 Приобретение жилья в с. Уил для коммунального жилищного фонда для социально-уязвимых слоев населения для очереднико,Здание,1,19 050 200.00,Закупка жилища,Закупка состоялась
81469988-ЗЖ1,243411.700,Проволока (сталь),15813324-1 Приобретение жилья в с. Уил для коммунального жилищного фонда для социально-уязвимых слоев населения для очереднико,Здание,1,19 050 200.00,Закупка жилища,Закупка состоялась
81470015-ЗЖ1,243411.700,Проволока (сталь),15813324-1 Приобретение жилья в с. Уил для коммунального жилищного фонда для социально-уязвимых слоев населения для очереднико,Здание,1,19 050 200.00,Закупка жилища,Закупка состоялась
81470044-ЗЖ1,243411.700,Проволока (сталь),15813324-1 Приобретение жилья в с. Уил для коммунального жилищного фонда для социально-уязвимых слоев населения для очереднико,Здание,1,19 050 200.00,Закупка жилища,Закупка состоялась
81472086-ЗЖ1,243411.700,Проволока (сталь),15805872-1 Тұрғын үйді сатып алу,Здание,1,16 503 183.34,Закупка жилища,Закупка состоялась
81472353-ЗЖ1,243411.700,Проволока (сталь),15805786-1 Тұрғын үйді сатып алу,Здание,1,16 503 183.34,Закупка жилища,Закупка состоялась
81472372-ЗЖ1,243411.700,Проволока (сталь),15805702-1 Тұрғын үйді сатып алу,Здание,1,16 503 183.34,Закупка жилища,Закупка состоялась
81472384-ЗЖ1,243411.700,Проволока (сталь),15805804-1 Тұрғын үйді сатып алу,Здание,1,16 503 183.34,Закупка жилища,Закупка состоялась
81472395-ЗЖ1,243411.700,Проволока (сталь),15805849-1 Тұрғын үйді сатып алу,Здание,1,16 503 183.34,Закупка жилища,Закупка состоялась
81472409-ЗЖ1,243411.700,Проволока (сталь),15805631-1 Тұрғын үйді сатып алу,Здание,1,16 503 183.34,Закупка жилища,Закупка состоялась
81472423-ЗЖ1,243411.700,Проволока (сталь),15805523-1 Тұрғын үйді сатып алу,Здание,1,16 503 183.34,Закупка жилища,Закупка состоялась
81472436-ЗЖ1,243411.700,Проволока (сталь),15805886-1 Тұрғын үйді сатып алу,Здание,1,16 503 183.34,Закупка жилища,Закупка состоялась
81472441-КРБС1,243411.700,Проволока (сталь),15795156-1 Разработка ПСД Строительство канализационные очистные сооружения в селе Курык Каракиянского района,Работы по разработке/расчету/составлению проектно-сметной документации,1,17 728 560.00,Конкурс с использованием рейтингово-балльной системы,Закупка состоялась
81472467-ЗЖ1,243411.700,Проволока (сталь),15805725-1 Тұрғын үйді сатып алу,Здание,1,16 503 183.34,Закупка жилища,Закупка состоялась
81473292-ЗЖ1,243411.700,Проволока (сталь),15784221-1 Приобретение жилья в Талгарском районе Алматинской области,Здание,1,30 000 000.00,Закупка жилища,Закупка состоялась
81473303-ЗЖ1,243411.700,Проволока (сталь),15784221-1 Приобретение жилья в Талгарском районе Алматинской области,Здание,1,30 000 000.00,Закупка жилища,Закупка состоялась
81473324-ЗЖ1,243411.700,Проволока (сталь),15784221-1 Приобретение жилья в Талгарском районе Алматинской области,Здание,1,30 000 000.00,Закупка жилища,Закупка состоялась
81473353-ЗЖ1,243411.700,Проволока (сталь),15784221-1 Приобретение жилья в Талгарском районе Алматинской области,Здание,1,30 000 000.00,Закупка жилища,Закупка состоялась
81473369-ЗЖ1,243411.700,Проволока (сталь),15784221-1 Приобретение жилья в Талгарском районе Алматинской области,Здание,1,30 000 000.00,Закупка жилища,Закупка состоялась
81473441-ЗЖ1,243411.700,Проволока (сталь),15784221-1 Приобретение жилья в Талгарском районе Алматинской области,Здание,1,30 000 000.00,Закупка жилища,Закупка состоялась
81473753-ЗЖ1,243411.700,Проволока (сталь),15784221-1 Приобретение жилья в Талгарском районе Алматинской области,Здание,1,30 000 000.00,Закупка жилища,Закупка состоялась
81473807-ЗЖ1,243411.700,Проволока (сталь),15784221-1 Приобретение жилья в Талгарском районе Алматинской области,Здание,1,30 000 000.00,Закупка жилища,Закупка состоялась
81473815-ЗЖ1,243411.700,Проволока (сталь),15784221-1 Приобретение жилья в Талгарском районе Алматинской области,Здание,1,30 000 000.00,Закупка жилища,Закупка состоялась
81473853-ЗЖ1,243411.700,Проволока (сталь),15784221-1 Приобретение жилья в Талгарском районе Алматинской области,Здание,1,30 000 000.00,Закупка жилища,Закупка состоялась
81475904-ЗЖ1,243411.700,Проволока (сталь),15787207-1 Приобретение жилого дома в селе Жанибек Жанибекского района ЗКО (19),Здание,1,19 820 000.00,Закупка жилища,Закупка состоялась
81481858-КпОПО1,243411.700,Проволока (сталь),"15827784-1 Государственные закупка для Коммунальное государственное учреждение ""Школа имени Абая со специализированными классами для одаренных детей с обучением на трех языках"" отдела образования по городу Кызылорда управления образования Кызылординской области",Услуги по организации обеспечения питания детей,1,17 372 248.82,Конкурс по приобретению услуг по организации питания воспитанников и обучающихся,Закупка состоялась
81485201-ЗЖ1,243411.700,Проволока (сталь),15784663-1 Приобретение 3-х комнатной квартиры на территории Мунайлинского района.,Квартира,1,16 960 000.00,Закупка жилища,Закупка состоялась
81485210-ЗЖ1,243411.700,Проволока (сталь),15784663-1 Приобретение 3-х комнатной квартиры на территории Мунайлинского района.,Квартира,1,16 960 000.00,Закупка жилища,Закупка состоялась
81485228-ЗЖ1,243411.700,Проволока (сталь),15784663-1 Приобретение 3-х комнатной квартиры на территории Мунайлинского района.,Квартира,1,16 960 000.00,Закупка жилища,Закупка состоялась
81485534-ЗЖ1,243411.700,Проволока (сталь),15784663-1 Приобретение 3-х комнатной квартиры на территории Мунайлинского района.,Квартира,1,16 960 000.00,Закупка жилища,Закупка состоялась
81485540-ЗЖ1,243411.700,Проволока (сталь),15784663-1 Приобретение 3-х комнатной квартиры на территории Мунайлинского района.,Квартира,1,16 960 000.00,Закупка жилища,Закупка состоялась
81485545-ЗЖ1,243411.700,Проволока (сталь),15784663-1 Приобретение 3-х комнатной квартиры на территории Мунайлинского района.,Квартира,1,16 960 000.00,Закупка жилища,Закупка состоялась
81485553-ЗЖ1,243411.700,Проволока (сталь),15784663-1 Приобретение 3-х комнатной квартиры на территории Мунайлинского района.,Квартира,1,16 960 000.00,Закупка жилища,Закупка состоялась
81485569-ЗЖ1,243411.700,Проволока (сталь),15784663-1 Приобретение 3-х комнатной квартиры на территории Мунайлинского района.,Квартира,1,16 960 000.00,Закупка жилища,Закупка состоялась
81487999-КРБС1,243411.700,Проволока (сталь),"15809646-1 Государственные закупки для ГУ «Махамбетский районный отдел строительства, архитектуры и градостроительства»",Работы по строительству линий электропередач,1,241 587 851.00,Конкурс с использованием рейтингово-балльной системы,Закупка состоялась
81491218-ЗЦП1,243411.700,Проволока (сталь),"15789407-1 государственная закупка для КГУ ""Кызылординский городской отдел жилищно-коммунального хозяйства, пассажирского транспорта и автомобильных дорог"" акимата города Кызылорда//",Работы по содержанию автомобильных дорог,1,25 075 300.00,Запрос ценовых предложений,Закупка состоялась
81491316-ЗЦП1,243411.700,Проволока (сталь),"15783379-1 государственная закупка для КГУ ""Кызылординский городской отдел жилищно-коммунального хозяйства, пассажирского транспорта и автомобильных дорог"" акимата города Кызылорда//",Работы по сооружению пешеходной дороги,1,27 277 125.00,Запрос ценовых предложений,Закупка состоялась
81494371-ОИ2,243411.700,Проволока (сталь),"15802700-1 Приобретение новый без пробега микроавтобус салон кожа бежевая, цвет микроавтобуса белый.",Автобус,1,24 000 000.00,Из одного источника по несостоявшимся закупкам,Закупка состоялась
81497509-ОК1,243411.700,Проволока (сталь),15801740-1 Приобретение здания согласно технической спецификации,Здание,1,1 154 798 299.00,Открытый конкурс,Закупка состоялась
81500375-ОК1,243411.700,Проволока (сталь),15784772-3 Приобретение служебного автомобиля 1 шт,Автомобиль,1,25 190 000.00,Открытый конкурс,Закупка состоялась
81500595-ОК1,243411.700,Проволока (сталь),15790878-1 Услуги по организации и проведению спортивного мероприятия - Турнир по рукопашному бою на кубок Председателя Комитета национальной безопасности Республики Казахстан среди мужчин и женщин,Услуги по организации спортивных и аналогичных мероприятий,1,28 757 000.00,Открытый конкурс,Закупка состоялась
81500804-ЗЖ1,243411.700,Проволока (сталь),15818714-1 Приобретение жилья в с.Акжар Уилского района для коммунального жилищного фонда,Здание,1,19 050 200.00,Закупка жилища,Закупка состоялась
81500834-ЗЖ1,243411.700,Проволока (сталь),15818714-1 Приобретение жилья в с.Акжар Уилского района для коммунального жилищного фонда,Здание,1,19 050 200.00,Закупка жилища,Закупка состоялась
81500857-ЗЖ1,243411.700,Проволока (сталь),15818714-1 Приобретение жилья в с.Акжар Уилского района для коммунального жилищного фонда,Здание,1,19 050 200.00,Закупка жилища,Закупка состоялась
81500881-ЗЖ1,243411.700,Проволока (сталь),15818714-1 Приобретение жилья в с.Акжар Уилского района для коммунального жилищного фонда,Здание,1,19 050 200.00,Закупка жилища,Закупка состоялась
81503221-ЗЖ1,243411.700,Проволока (сталь),15785255-1 Приобретение жилья или квартир,Квартира,1,20 000 000.00,Закупка жилища,Закупка состоялась
81503222-ЗЖ1,243411.700,Проволока (сталь),15785255-1 Приобретение жилья или квартир,Квартира,1,20 000 000.00,Закупка жилища,Закупка состоялась
81503229-ЗЖ1,243411.700,Проволока (сталь),15785255-1 Приобретение жилья или квартир,Квартира,1,20 000 000.00,Закупка жилища,Закупка состоялась
81503234-ЗЖ1,243411.700,Проволока (сталь),15785255-1 Приобретение жилья или квартир,Квартира,1,20 000 000.00,Закупка жилища,Закупка состоялась
81505042-ЗЦП1,243411.700,Проволока (сталь),15795182-1 Приобретение служебного автомобиля,Автомобиль,1,19 265 757.14,Запрос ценовых предложений,Закупка состоялась
81506594-ОК1,243411.700,Проволока (сталь),15787647-1 Приобретение однокомнатных квартир для социально уязвимых слоев населения с правом выкупа (№15),Квартира,1,20 055 999.88,Открытый конкурс,Закупка состоялась
81506926-ЗЖ1,243411.700,Проволока (сталь),15790433-1 Приобретение жилого дома площадью не менее 85 кв.м в с.Каскабулак Абайского района области Абай,Здание,1,18 700 000.00,Закупка жилища,Закупка состоялась
81506928-ЗЖ1,243411.700,Проволока (сталь),15790433-1 Приобретение жилого дома площадью не менее 85 кв.м в с.Каскабулак Абайского района области Абай,Здание,1,18 700 000.00,Закупка жилища,Закупка состоялась
81506930-ЗЖ1,243411.700,Проволока (сталь),15790433-1 Приобретение жилого дома площадью не менее 85 кв.м в с.Каскабулак Абайского района области Абай,Здание,1,18 700 000.00,Закупка жилища,Закупка состоялась
81507359-ЗЦП3,243411.700,Проволока (сталь),15829494-1 автомобиль служебный новый,Автомобиль,1,15 000 000.00,Запрос ценовых предложений,Закупка состоялась
81507423-ЗЖ1,243411.700,Проволока (сталь),15785898-1 Приобретение жилого дома (квартиры) в Уйгурском районе Алматинской области,Здание,1,23 732 343.00,Закупка жилища,Закупка состоялась
81507426-ЗЖ1,243411.700,Проволока (сталь),15785898-1 Приобретение жилого дома (квартиры) в Уйгурском районе Алматинской области,Здание,1,23 732 343.00,Закупка жилища,Закупка состоялась
81507428-ЗЖ1,243411.700,Проволока (сталь),15785898-1 Приобретение жилого дома (квартиры) в Уйгурском районе Алматинской области,Здание,1,23 732 343.00,Закупка жилища,Закупка состоялась
81507432-ЗЖ1,243411.700,Проволока (сталь),15785898-1 Приобретение жилого дома (квартиры) в Уйгурском районе Алматинской области,Здание,1,23 732 343.00,Закупка жилища,Закупка состоялась
81508120-ОИ2,243411.700,Проволока (сталь),15828600-1 Приобретение административного здания,Здание,1,28 000 000.00,Из одного источника по несостоявшимся закупкам,Закупка состоялась
81508589-ЗЖ1,243411.700,Проволока (сталь),15795240-1 Приобретение жилища согласно техническим спецификациям,Квартира,1,20 400 000.00,Закупка жилища,Закупка состоялась
81508591-ЗЖ1,243411.700,Проволока (сталь),15795240-1 Приобретение жилища согласно техническим спецификациям,Квартира,1,20 400 000.00,Закупка жилища,Закупка состоялась
81508592-ЗЖ1,243411.700,Проволока (сталь),15795240-1 Приобретение жилища согласно техническим спецификациям,Квартира,1,20 400 000.00,Закупка жилища,Закупка состоялась
81508593-ЗЖ1,243411.700,Проволока (сталь),15795240-1 Приобретение жилища согласно техническим спецификациям,Квартира,1,20 400 000.00,Закупка жилища,Закупка состоялась
81508596-ЗЖ1,243411.700,Проволока (сталь),15795240-1 Приобретение жилища согласно техническим спецификациям,Квартира,1,20 400 000.00,Закупка жилища,Закупка состоялась
81508599-ЗЖ1,243411.700,Проволока (сталь),15795240-1 Приобретение жилища согласно техническим спецификациям,Квартира,1,20 400 000.00,Закупка жилища,Закупка состоялась
81508600-ЗЖ1,243411.700,Проволока (сталь),15795240-1 Приобретение жилища согласно техническим спецификациям,Квартира,1,20 400 000.00,Закупка жилища,Закупка состоялась
81508601-ЗЖ1,243411.700,Проволока (сталь),15795240-1 Приобретение жилища согласно техническим спецификациям,Квартира,1,20 400 000.00,Закупка жилища,Закупка состоялась
81508602-ЗЖ1,243411.700,Проволока (сталь),15795240-1 Приобретение жилища согласно техническим спецификациям,Квартира,1,20 400 000.00,Закупка жилища,Закупка состоялась
81508604-ЗЖ1,243411.700,Проволока (сталь),15795240-1 Приобретение жилища согласно техническим спецификациям,Квартира,1,20 400 000.00,Закупка жилища,Закупка состоялась
81508605-ЗЖ1,243411.700,Проволока (сталь),15795240-1 Приобретение жилища согласно техническим спецификациям,Квартира,1,20 400 000.00,Закупка жилища,Закупка состоялась
81508607-ЗЖ1,243411.700,Проволока (сталь),15795240-1 Приобретение жилища согласно техническим спецификациям,Квартира,1,20 400 000.00,Закупка жилища,Закупка состоялась
81508609-ЗЖ1,243411.700,Проволока (сталь),15795240-1 Приобретение жилища согласно техническим спецификациям,Квартира,1,20 400 000.00,Закупка жилища,Закупка состоялась
81508610-ЗЖ1,243411.700,Проволока (сталь),15795240-1 Приобретение жилища согласно техническим спецификациям,Квартира,1,20 400 000.00,Закупка жилища,Закупка состоялась
81508611-ЗЖ1,243411.700,Проволока (сталь),15795240-1 Приобретение жилища согласно техническим спецификациям,Квартира,1,20 400 000.00,Закупка жилища,Закупка состоялась
81508614-ЗЖ1,243411.700,Проволока (сталь),15795240-1 Приобретение жилища согласно техническим спецификациям,Квартира,1,20 400 000.00,Закупка жилища,Закупка состоялась
81508615-ЗЖ1,243411.700,Проволока (сталь),15795240-1 Приобретение жилища согласно техническим спецификациям,Квартира,1,20 400 000.00,Закупка жилища,Закупка состоялась
81508616-ЗЖ1,243411.700,Проволока (сталь),15795240-1 Приобретение жилища согласно техническим спецификациям,Квартира,1,20 400 000.00,Закупка жилища,Закупка состоялась
81508617-ЗЖ1,243411.700,Проволока (сталь),15795240-1 Приобретение жилища согласно техническим спецификациям,Квартира,1,20 400 000.00,Закупка жилища,Закупка состоялась
81508619-ЗЖ1,243411.700,Проволока (сталь),15795240-1 Приобретение жилища согласно техническим спецификациям,Квартира,1,20 400 000.00,Закупка жилища,Закупка состоялась
81508620-ЗЖ1,243411.700,Проволока (сталь),15795240-1 Приобретение жилища согласно техническим спецификациям,Квартира,1,20 400 000.00,Закупка жилища,Закупка состоялась
81508623-ЗЖ1,243411.700,Проволока (сталь),15795240-1 Приобретение жилища согласно техническим спецификациям,Квартира,1,20 400 000.00,Закупка жилища,Закупка состоялась
81508624-ЗЖ1,243411.700,Проволока (сталь),15795240-1 Приобретение жилища согласно техническим спецификациям,Квартира,1,20 400 000.00,Закупка жилища,Закупка состоялась
81508625-ЗЖ1,243411.700,Проволока (сталь),15795240-1 Приобретение жилища согласно техническим спецификациям,Квартира,1,20 400 000.00,Закупка жилища,Закупка состоялась
81508626-ЗЖ1,243411.700,Проволока (сталь),15795240-1 Приобретение жилища согласно техническим спецификациям,Квартира,1,20 400 000.00,Закупка жилища,Закупка состоялась
81508627-ЗЖ1,243411.700,Проволока (сталь),15795240-1 Приобретение жилища согласно техническим спецификациям,Квартира,1,20 400 000.00,Закупка жилища,Закупка состоялась
81508628-ЗЖ1,243411.700,Проволока (сталь),15795240-1 Приобретение жилища согласно техническим спецификациям,Квартира,1,20 400 000.00,Закупка жилища,Закупка состоялась
81508629-ЗЖ1,243411.700,Проволока (сталь),15795240-1 Приобретение жилища согласно техническим спецификациям,Квартира,1,20 400 000.00,Закупка жилища,Закупка состоялась
81508631-ЗЖ1,243411.700,Проволока (сталь),15795240-1 Приобретение жилища согласно техническим спецификациям,Квартира,1,20 400 000.00,Закупка жилища,Закупка состоялась
81508632-ЗЖ1,243411.700,Проволока (сталь),15795240-1 Приобретение жилища согласно техническим спецификациям,Квартира,1,20 400 000.00,Закупка жилища,Закупка состоялась
81508645-ЗЖ1,243411.700,Проволока (сталь),15795240-1 Приобретение жилища согласно техническим спецификациям,Квартира,1,20 400 000.00,Закупка жилища,Закупка состоялась
81508650-ЗЖ1,243411.700,Проволока (сталь),15795240-1 Приобретение жилища согласно техническим спецификациям,Квартира,1,15 600 000.00,Закупка жилища,Закупка состоялась
81508653-ЗЖ1,243411.700,Проволока (сталь),15795240-1 Приобретение жилища согласно техническим спецификациям,Квартира,1,15 600 000.00,Закупка жилища,Закупка состоялась
81508655-ЗЖ1,243411.700,Проволока (сталь),15795240-1 Приобретение жилища согласно техническим спецификациям,Квартира,1,15 600 000.00,Закупка жилища,Закупка состоялась
81508656-ЗЖ1,243411.700,Проволока (сталь),15795240-1 Приобретение жилища согласно техническим спецификациям,Квартира,1,15 600 000.00,Закупка жилища,Закупка состоялась
81508658-ЗЖ1,243411.700,Проволока (сталь),15795240-1 Приобретение жилища согласно техническим спецификациям,Квартира,1,15 600 000.00,Закупка жилища,Закупка состоялась
81508660-ЗЖ1,243411.700,Проволока (сталь),15795240-1 Приобретение жилища согласно техническим спецификациям,Квартира,1,15 600 000.00,Закупка жилища,Закупка состоялась
81508661-ЗЖ1,243411.700,Проволока (сталь),15795240-1 Приобретение жилища согласно техническим спецификациям,Квартира,1,15 600 000.00,Закупка жилища,Закупка состоялась
81508662-ЗЖ1,243411.700,Проволока (сталь),15795240-1 Приобретение жилища согласно техническим спецификациям,Квартира,1,15 600 000.00,Закупка жилища,Закупка состоялась
81508663-ЗЖ1,243411.700,Проволока (сталь),15795240-1 Приобретение жилища согласно техническим спецификациям,Квартира,1,15 600 000.00,Закупка жилища,Закупка состоялась
81508666-ЗЖ1,243411.700,Проволока (сталь),15795240-1 Приобретение жилища согласно техническим спецификациям,Квартира,1,15 600 000.00,Закупка жилища,Закупка состоялась
81508801-ЗЖ1,243411.700,Проволока (сталь),15795240-1 Приобретение жилища согласно техническим спецификациям,Квартира,1,15 600 000.00,Закупка жилища,Закупка состоялась
81509050-ЗЖ1,243411.700,Проволока (сталь),15795240-1 Приобретение жилища согласно техническим спецификациям,Квартира,1,15 600 000.00,Закупка жилища,Закупка состоялась
81509051-ЗЖ1,243411.700,Проволока (сталь),15795240-1 Приобретение жилища согласно техническим спецификациям,Квартира,1,15 600 000.00,Закупка жилища,Закупка состоялась
81509052-ЗЖ1,243411.700,Проволока (сталь),15795240-1 Приобретение жилища согласно техническим спецификациям,Квартира,1,15 600 000.00,Закупка жилища,Закупка состоялась
81509054-ЗЖ1,243411.700,Проволока (сталь),15795240-1 Приобретение жилища согласно техническим спецификациям,Квартира,1,15 600 000.00,Закупка жилища,Закупка состоялась
81509058-ЗЖ1,243411.700,Проволока (сталь),15795240-1 Приобретение жилища согласно техническим спецификациям,Квартира,1,15 600 000.00,Закупка жилища,Закупка состоялась
81509061-ЗЖ1,243411.700,Проволока (сталь),15795240-1 Приобретение жилища согласно техническим спецификациям,Квартира,1,15 600 000.00,Закупка жилища,Закупка состоялась
81509075-ЗЖ1,243411.700,Проволока (сталь),15795240-1 Приобретение жилища согласно техническим спецификациям,Квартира,1,15 600 000.00,Закупка жилища,Закупка состоялась
81509091-ЗЖ1,243411.700,Проволока (сталь),15795240-1 Приобретение жилища согласно техническим спецификациям,Квартира,1,15 600 000.00,Закупка жилища,Закупка состоялась
81511439-ЗЖ1,243411.700,Проволока (сталь),15789171-1 Приобретение жилья для социально уязвимых слоев населения (СУСН) в Карасайском районе Алматинской области,Здание,1,28 800 000.00,Закупка жилища,Закупка состоялась
81511444-ЗЖ1,243411.700,Проволока (сталь),15789171-1 Приобретение жилья для социально уязвимых слоев населения (СУСН) в Карасайском районе Алматинской области,Здание,1,28 800 000.00,Закупка жилища,Закупка состоялась
81511446-ЗЖ1,243411.700,Проволока (сталь),15789171-1 Приобретение жилья для социально уязвимых слоев населения (СУСН) в Карасайском районе Алматинской области,Здание,1,28 800 000.00,Закупка жилища,Закупка состоялась
81511449-ЗЖ1,243411.700,Проволока (сталь),15789171-1 Приобретение жилья для социально уязвимых слоев населения (СУСН) в Карасайском районе Алматинской области,Здание,1,28 800 000.00,Закупка жилища,Закупка состоялась
81511452-ЗЖ1,243411.700,Проволока (сталь),15789171-1 Приобретение жилья для социально уязвимых слоев населения (СУСН) в Карасайском районе Алматинской области,Здание,1,28 800 000.00,Закупка жилища,Закупка состоялась
81511453-ЗЖ1,243411.700,Проволока (сталь),15789171-1 Приобретение жилья для социально уязвимых слоев населения (СУСН) в Карасайском районе Алматинской области,Здание,1,28 800 000.00,Закупка жилища,Закупка состоялась
81511458-ЗЖ1,243411.700,Проволока (сталь),15789171-1 Приобретение жилья для социально уязвимых слоев населения (СУСН) в Карасайском районе Алматинской области,Здание,1,28 800 000.00,Закупка жилища,Закупка состоялась
81511461-ЗЖ1,243411.700,Проволока (сталь),15789171-1 Приобретение жилья для социально уязвимых слоев населения (СУСН) в Карасайском районе Алматинской области,Здание,1,28 800 000.00,Закупка жилища,Закупка состоялась
81511463-ЗЖ1,243411.700,Проволока (сталь),15789171-1 Приобретение жилья для социально уязвимых слоев населения (СУСН) в Карасайском районе Алматинской области,Здание,1,28 800 000.00,Закупка жилища,Закупка состоялась
81511467-ЗЖ1,243411.700,Проволока (сталь),15789171-1 Приобретение жилья для социально уязвимых слоев населения (СУСН) в Карасайском районе Алматинской области,Здание,1,28 800 000.00,Закупка жилища,Закупка состоялась
81511522-ЗЖ1,243411.700,Проволока (сталь),15789171-1 Приобретение жилья для социально уязвимых слоев населения (СУСН) в Карасайском районе Алматинской области,Здание,1,28 800 000.00,Закупка жилища,Закупка состоялась
81511524-ЗЖ1,243411.700,Проволока (сталь),15789171-1 Приобретение жилья для социально уязвимых слоев населения (СУСН) в Карасайском районе Алматинской области,Здание,1,28 800 000.00,Закупка жилища,Закупка состоялась
81511526-ЗЖ1,243411.700,Проволока (сталь),15789171-1 Приобретение жилья для социально уязвимых слоев населения (СУСН) в Карасайском районе Алматинской области,Здание,1,28 800 000.00,Закупка жилища,Закупка состоялась
81511528-ЗЖ1,243411.700,Проволока (сталь),15789171-1 Приобретение жилья для социально уязвимых слоев населения (СУСН) в Карасайском районе Алматинской области,Здание,1,28 800 000.00,Закупка жилища,Закупка состоялась
81511530-ЗЖ1,243411.700,Проволока (сталь),15789171-1 Приобретение жилья для социально уязвимых слоев населения (СУСН) в Карасайском районе Алматинской области,Здание,1,28 800 000.00,Закупка жилища,Закупка состоялась
81512154-ЗЖ1,243411.700,Проволока (сталь),15800678-1 Приобретение жилого дома в село Айша биби (согласно технической спецификаций),Здание,1,15 686 400.00,Закупка жилища,Закупка состоялась
81512164-ЗЖ1,243411.700,Проволока (сталь),15800678-1 Приобретение жилого дома в село Айша биби (согласно технической спецификаций),Здание,1,15 686 400.00,Закупка жилища,Закупка состоялась
81512200-ЗЖ1,243411.700,Проволока (сталь),15800678-1 Приобретение жилого дома в село Айша биби (согласно технической спецификаций),Здание,1,15 686 400.00,Закупка жилища,Закупка состоялась
81512207-ЗЖ1,243411.700,Проволока (сталь),15800678-1 Приобретение жилого дома в село Айша биби (согласно технической спецификаций),Здание,1,15 686 400.00,Закупка жилища,Закупка состоялась
81512214-ЗЖ1,243411.700,Проволока (сталь),15800678-1 Приобретение жилого дома в село Айша биби (согласно технической спецификаций),Здание,1,15 686 400.00,Закупка жилища,Закупка состоялась
81512224-ЗЖ1,243411.700,Проволока (сталь),15800678-1 Приобретение жилого дома в село Айша биби (согласно технической спецификаций),Здание,1,15 686 400.00,Закупка жилища,Закупка состоялась
81512233-ЗЖ1,243411.700,Проволока (сталь),15800678-1 Приобретение жилого дома в село Айша биби (согласно технической спецификаций),Здание,1,15 686 400.00,Закупка жилища,Закупка состоялась
81512237-ЗЖ1,243411.700,Проволока (сталь),15800678-1 Приобретение жилого дома в село Айша биби (согласно технической спецификаций),Здание,1,15 686 400.00,Закупка жилища,Закупка состоялась
81512241-ЗЖ1,243411.700,Проволока (сталь),15800678-1 Приобретение жилого дома в село Айша биби (согласно технической спецификаций),Здание,1,15 686 400.00,Закупка жилища,Закупка состоялась
81512251-ЗЖ1,243411.700,Проволока (сталь),15800678-1 Приобретение жилого дома в село Айша биби (согласно технической спецификаций),Здание,1,15 686 400.00,Закупка жилища,Закупка состоялась
81513490-ЗЦПнеГЗ1,243411.700,Проволока (сталь),15789877-1 Закуп услуги по технической поддержке лицензионного программного обеспечения,Услуги по технической поддержке лицензионного программного обеспечения,1,31 455 000.00,Запрос ценовых предложений (не ГЗ new),Закупка состоялась
81514607-ЗЦП1,243411.700,Проволока (сталь),15796282-1 Приобретение компьютеров в 2025 году (ВНИМАТЕЛЬНО ОЗНОКОМИТЬСЯ С ТЕХНИЧЕСКОЙ СПЕЦИФИКАЦИЕЙ),Компьютер,78,31 339 285.38,Запрос ценовых предложений,Закупка состоялась
81516166-ЗЖ1,243411.700,Проволока (сталь),"15792184-1 Приобретение арендного квартиры в селе Кайшакудук Казталовского района Западно-Казахстанской области в рамках пилотного проекта ""Қаладан-Ауылға""",Здание,1,17 800 000.00,Закупка жилища,Закупка состоялась
81523813-ЗЖ1,243411.700,Проволока (сталь),"15792186-1 Приобретение арендного квартиры в селе Сарыкудык Казталовского района Западно-Казахстанской области в рамках пилотного проекта ""Қаладан-Ауылға""",Здание,1,17 800 000.00,Закупка жилища,Закупка состоялась
81524070-ЗЖ1,243411.700,Проволока (сталь),"15792187-1 Приобретение арендного квартиры в селе Карасу Казталовского района Западно-Казахстанской области в рамках пилотного проекта ""Қаладан-Ауылға""",Здание,1,17 800 000.00,Закупка жилища,Закупка состоялась
81524248-ЗЖ1,243411.700,Проволока (сталь),"15792188-1 Приобретение арендного квартиры в селе Уразгали Казталовского района Западно-Казахстанской области в рамках пилотного проекта ""Қаладан-Ауылға""",Здание,1,17 800 000.00,Закупка жилища,Закупка состоялась
81524474-ЗЖ1,243411.700,Проволока (сталь),"15792189-1 Приобретение арендного квартиры в селе Копкутир Казталовского района Западно-Казахстанской области в рамках пилотного проекта ""Қаладан-Ауылға""",Здание,1,17 800 000.00,Закупка жилища,Закупка состоялась
81524488-ЗЖ1,243411.700,Проволока (сталь),"15792189-1 Приобретение арендного квартиры в селе Копкутир Казталовского района Западно-Казахстанской области в рамках пилотного проекта ""Қаладан-Ауылға""",Здание,1,17 800 000.00,Закупка жилища,Закупка состоялась
81524632-ЗЖ1,243411.700,Проволока (сталь),"15814267-1 Приобретение арендного квартиры в селе Жалпактал Казталовского района Западно-Казахстанской области в рамках пилотного проекта ""Қаладан-Ауылға""",Здание,1,17 000 000.00,Закупка жилища,Закупка состоялась
81524692-ЗЖ1,243411.700,Проволока (сталь),"15792760-1 Приобретение арендного квартиры в селе Караузен Казталовского района Западно-Казахстанской области в рамках пилотного проекта ""Қаладан-Ауылға""",Здание,1,17 800 000.00,Закупка жилища,Закупка состоялась
81524725-ЗЖ1,243411.700,Проволока (сталь),"15792760-1 Приобретение арендного квартиры в селе Караузен Казталовского района Западно-Казахстанской области в рамках пилотного проекта ""Қаладан-Ауылға""",Здание,1,17 800 000.00,Закупка жилища,Закупка состоялась
81524732-ЗЖ1,243411.700,Проволока (сталь),15788210-1 Приобретение жилья в г.Кульсары,Квартира,1,29 500 000.00,Закупка жилища,Закупка состоялась
81524859-ЗЖ1,243411.700,Проволока (сталь),"15792830-1 Приобретение арендного квартиры в селе Сатыбалды Казталовского района Западно-Казахстанской области в рамках пилотного проекта ""Қаладан-Ауылға""",Здание,1,15 500 000.00,Закупка жилища,Закупка состоялась
81524876-ЗЖ1,243411.700,Проволока (сталь),"15792830-1 Приобретение арендного квартиры в селе Сатыбалды Казталовского района Западно-Казахстанской области в рамках пилотного проекта ""Қаладан-Ауылға""",Здание,1,15 500 000.00,Закупка жилища,Закупка состоялась
81524971-ЗЖ1,243411.700,Проволока (сталь),"15795810-1 Приобретение арендного квартиры в селе Жас Казталовского района Западно-Казахстанской области в рамках пилотного проекта ""Қаладан-Ауылға""",Здание,1,17 800 000.00,Закупка жилища,Закупка состоялась
81525217-ЗЖ1,243411.700,Проволока (сталь),"15793275-1 Приобретение арендного квартиры в селе Караколь Казталовского района Западно-Казахстанской области в рамках пилотного проекта ""Қаладан-Ауылға""",Здание,1,17 800 000.00,Закупка жилища,Закупка состоялась
81525328-ЗЖ1,243411.700,Проволока (сталь),15822889-1 Приобретение жилого дома в Мамлютском районе,Здание,1,16 151 500.00,Закупка жилища,Закупка состоялась
81525351-ЗЖ1,243411.700,Проволока (сталь),15822747-1 Приобретение жилого дома в Мамлютском районе,Здание,1,16 151 500.00,Закупка жилища,Закупка состоялась
81525373-ЗЖ1,243411.700,Проволока (сталь),15822823-1 Приобретение жилого дома в Мамлютском районе,Здание,1,16 151 500.00,Закупка жилища,Закупка состоялась
81525429-ЗЖ1,243411.700,Проволока (сталь),15793425-1 Приобретение арендного служебного жилья для работников здравоохранения в селе Казталов Казталовского района Западно-Казахстанской области,Здание,1,17 800 000.00,Закупка жилища,Закупка состоялась
81525458-ЗЖ1,243411.700,Проволока (сталь),15793425-1 Приобретение арендного служебного жилья для работников здравоохранения в селе Казталов Казталовского района Западно-Казахстанской области,Здание,1,17 800 000.00,Закупка жилища,Закупка состоялась
81525473-ЗЖ1,243411.700,Проволока (сталь),15793425-1 Приобретение арендного служебного жилья для работников здравоохранения в селе Казталов Казталовского района Западно-Казахстанской области,Здание,1,17 800 000.00,Закупка жилища,Закупка состоялась
81528310-ЗЖ1,243411.700,Проволока (сталь),15793425-1 Приобретение арендного служебного жилья для работников здравоохранения в селе Казталов Казталовского района Западно-Казахстанской области,Здание,1,17 800 000.00,Закупка жилища,Закупка состоялась
81528470-ЗЦП1,243411.700,Проволока (сталь),15798315-1 Приобретение Моноблок в 2025 году (ВНИМАТЕЛЬНО ОЗНОКОМИТЬСЯ С ТЕХНИЧЕСКОЙ СПЕЦИФИКАЦИЕЙ),Компьютер,62,31 000 000.00,Запрос ценовых предложений,Закупка состоялась
81529935-ОИ2,243411.700,Проволока (сталь),15801505-1 Приобретение автотранспортного средства,Автомобиль,1,19 587 680.00,Из одного источника по несостоявшимся закупкам,Закупка состоялась
81530326-ОИ3,243411.700,Проволока (сталь),15822696-1 Приобретение автомобиля согласно технической спецификации,Автомобиль,1,16 362 000.00,Из одного источника по несостоявшимся закупкам,Закупка состоялась
81536498-КРБС1,243411.700,Проволока (сталь),"15811381-1 Подрядные работы по строительству объекта «Строительство наружных инженерных сетей (электроснабжение) к промышленной базе в районе Алматы по ул. Қарашығанақ, уч. №14/1» (Наружные инженерные сети со сметной документацией)»",Работы по строительству/монтажу/прокладке сетей электроснабжения,1,237 862 799.11,Конкурс с использованием рейтингово-балльной системы,Закупка состоялась
81538081-ОК1,243411.700,Проволока (сталь),15796071-1 Приобретение здания «Центр принятие граждан» в селе Бостан Каракиянского района,Здание,1,70 745 000.00,Открытый конкурс,Закупка состоялась
81541007-ЗЖ1,243411.700,Проволока (сталь),"15811005-1 Приобретение квартиры в с.Кентубек, состоящей из не менее 3-х жилых комнат, общей площадью не менее 60 кв.м.",Квартира,1,15 863 000.00,Закупка жилища,Закупка состоялась
81541410-ЗЖ1,243411.700,Проволока (сталь),"15810952-1 Приобретение квартиры в с.Кентубек, состоящей из не менее 3-х жилых комнат, общей площадью не менее 60 кв.м.",Квартира,1,15 863 000.00,Закупка жилища,Закупка состоялась
81542072-ЗЖ1,243411.700,Проволока (сталь),"15810846-1 Приобретение квартиры в с.Кентубек, состоящей из не менее 3-х жилых комнат, общей площадью не менее 60 кв.м.",Квартира,1,15 863 000.00,Закупка жилища,Закупка состоялась
81543700-ЗЖ1,243411.700,Проволока (сталь),"15790243-1 Приобретение дома (квартиры), в селе Заря Павлодарского района Павлодарской области",Здание,1,15 863 000.00,Закупка жилища,Закупка состоялась
81543727-ЗЖ1,243411.700,Проволока (сталь),"15790150-1 Приобретение дома (квартиры), в селе Заря Павлодарского района Павлодарской области",Здание,1,15 863 000.00,Закупка жилища,Закупка состоялась
81549425-ЗЖ1,243411.700,Проволока (сталь),15803446-1 Приобретение жилища в г.Экибастузе для СУСН (8 квартир),Квартира,1,30 240 000.00,Закупка жилища,Закупка состоялась
81549451-ЗЖ1,243411.700,Проволока (сталь),15803446-1 Приобретение жилища в г.Экибастузе для СУСН (8 квартир),Квартира,1,30 240 000.00,Закупка жилища,Закупка состоялась
81549481-ЗЖ1,243411.700,Проволока (сталь),15803446-1 Приобретение жилища в г.Экибастузе для СУСН (8 квартир),Квартира,1,30 240 000.00,Закупка жилища,Закупка состоялась
81549513-ЗЖ1,243411.700,Проволока (сталь),15803446-1 Приобретение жилища в г.Экибастузе для СУСН (8 квартир),Квартира,1,30 240 000.00,Закупка жилища,Закупка состоялась
81549578-ОИ2,243411.700,Проволока (сталь),"15830304-1 Приобретение административного здания,",Здание,1,25 000 000.00,Из одного источника по несостоявшимся закупкам,Закупка состоялась
81549830-ЗЖ1,243411.700,Проволока (сталь),15803446-1 Приобретение жилища в г.Экибастузе для СУСН (8 квартир),Квартира,1,30 240 000.00,Закупка жилища,Закупка состоялась
81549885-ЗЖ1,243411.700,Проволока (сталь),15803446-1 Приобретение жилища в г.Экибастузе для СУСН (8 квартир),Квартира,1,30 240 000.00,Закупка жилища,Закупка состоялась
81550589-ЗЦП1,243411.700,Проволока (сталь),15790831-1 Отдел образования Енбекшиказахского района,Услуги по промывке/чистке канализационных сетей/люков,1,26 000 000.00,Запрос ценовых предложений,Закупка состоялась
81551187-ЗЖ1,243411.700,Проволока (сталь),15798215-1 Приобретение жилья малообеспеченным многодетным семьям в Райымбекском районе///,Здание,1,29 400 000.00,Закупка жилища,Закупка состоялась
81551232-ЗЖ1,243411.700,Проволока (сталь),15798215-1 Приобретение жилья малообеспеченным многодетным семьям в Райымбекском районе///,Здание,1,29 400 000.00,Закупка жилища,Закупка состоялась
81551248-ЗЖ1,243411.700,Проволока (сталь),15798215-1 Приобретение жилья малообеспеченным многодетным семьям в Райымбекском районе///,Здание,1,29 400 000.00,Закупка жилища,Закупка состоялась
81551258-ЗЖ1,243411.700,Проволока (сталь),15798215-1 Приобретение жилья малообеспеченным многодетным семьям в Райымбекском районе///,Здание,1,29 400 000.00,Закупка жилища,Закупка состоялась
81551266-ЗЖ1,243411.700,Проволока (сталь),15798215-1 Приобретение жилья малообеспеченным многодетным семьям в Райымбекском районе///,Здание,1,29 400 000.00,Закупка жилища,Закупка состоялась
81551294-ЗЖ1,243411.700,Проволока (сталь),15798215-1 Приобретение жилья малообеспеченным многодетным семьям в Райымбекском районе///,Здание,1,29 400 000.00,Закупка жилища,Закупка состоялась
81551307-ЗЖ1,243411.700,Проволока (сталь),15798215-1 Приобретение жилья малообеспеченным многодетным семьям в Райымбекском районе///,Здание,1,29 400 000.00,Закупка жилища,Закупка состоялась
81551356-ЗЖ1,243411.700,Проволока (сталь),15798215-1 Приобретение жилья малообеспеченным многодетным семьям в Райымбекском районе///,Здание,1,29 400 000.00,Закупка жилища,Закупка состоялась
81551692-ЗЖ1,243411.700,Проволока (сталь),15814129-1 Приобретение квартиры для социально уязвимых слоев населения и многодетных семей. Квартира 2-х комнатная площадью от 53 кв.м и более.,Квартира,1,15 412 010.49,Закупка жилища,Закупка состоялась
81552792-ЗЖ1,243411.700,Проволока (сталь),15814143-1 Приобретение квартиры для социально уязвимых слоев населения и многодетных семей. Квартира 2-х комнатная площадью от 56 кв.м и более.,Квартира,1,16 284 388.44,Закупка жилища,Закупка состоялась
81552907-ЗЖ1,243411.700,Проволока (сталь),15814151-1 Приобретение квартиры для социально уязвимых слоев населения и многодетных семей. Квартира 3-х комнатная площадью от 70 кв.м и более.,Квартира,1,20 355 485.55,Закупка жилища,Закупка состоялась
81553499-ЗЖ1,243411.700,Проволока (сталь),15805301-1 Приобретение арендного квартиры для социально-уязвимых слоев населения в селе Нурсай Казталовского района Западно-Казахстанской области,Здание,1,17 800 000.00,Закупка жилища,Закупка состоялась
81553618-ЗЖ1,243411.700,Проволока (сталь),15806762-1 Приобретение арендного квартиры для социально-уязвимых слоев населения в селе Ажибай Казталовского района Западно-Казахстанской области,Здание,1,17 800 000.00,Закупка жилища,Закупка состоялась
81553743-ЗЖ1,243411.700,Проволока (сталь),15813325-1 Приобретение арендного квартиры для социально-уязвимых слоев населения в селе Жалпактал Казталовского района Западно-Казахстанской области,Здание,1,17 800 000.00,Закупка жилища,Закупка состоялась
81553780-ЗЖ1,243411.700,Проволока (сталь),15813177-1 Приобретение арендного квартиры для социально-уязвимых слоев населения в селе Казталовка Казталовского района Западно-Казахстанской области,Здание,1,17 800 000.00,Закупка жилища,Закупка состоялась
81553818-ЗЖ1,243411.700,Проволока (сталь),15795074-1 Приобретение арендного квартиры для социально-уязвимых слоев населения в селе Жалпактал Казталовского района Западно-Казахстанской области,Здание,1,17 800 000.00,Закупка жилища,Закупка состоялась
81553936-ЗЖ1,243411.700,Проволока (сталь),15813325-1 Приобретение арендного квартиры для социально-уязвимых слоев населения в селе Жалпактал Казталовского района Западно-Казахстанской области,Здание,1,17 800 000.00,Закупка жилища,Закупка состоялась
81554083-ЗЖ1,243411.700,Проволока (сталь),15794690-1 Приобретение арендного квартиры для социально-уязвимых слоев населения в селе Жанатан Казталовского района Западно-Казахстанской области,Здание,1,17 800 000.00,Закупка жилища,Закупка состоялась
81554285-ЗЦП1,243411.700,Проволока (сталь),15791410-1 государственные закупки товаров,Устройство запорно-пусковое,1500,15 750 000.00,Запрос ценовых предложений,Закупка состоялась
81554830-ОК1,243411.700,Проволока (сталь),"15791683-1 Текущий ремонт улицы Е. Өмірзақова в селе Әйет в границах областной дороги 0 км "" Әйет-Варваринка"" и ""Тобол-Красносельское"" района Беимбета Майлина Костанайской области",Работы по текущему ремонту автомобильной дороги,1,145 955 549.78,Открытый конкурс,Закупка состоялась
81555807-ОК1,243411.700,Проволока (сталь),15828592-1 Услуги по развитию массового спорта и национальных видов спорта,Услуги спортивных клубов,1,39 880 000.00,Открытый конкурс,Закупка состоялась
81557812-ОК2,243411.700,Проволока (сталь),"15857590-1 Государственные закупка для Коммунальное государственное учреждение ""Отдел строительства, архитектуры и градостроительства Кармакшинского района""",Квартира,1,16 503 183.33,Открытый конкурс,Закупка состоялась
81557822-ОК2,243411.700,Проволока (сталь),"15857571-1 Государственные закупка для Коммунальное государственное учреждение ""Отдел строительства, архитектуры и градостроительства Кармакшинского района""",Квартира,1,16 503 183.33,Открытый конкурс,Закупка состоялась
81557824-ОК2,243411.700,Проволока (сталь),"15857582-1 Государственные закупка для Коммунальное государственное учреждение ""Отдел строительства, архитектуры и градостроительства Кармакшинского района""",Квартира,1,16 503 183.33,Открытый конкурс,Закупка состоялась
81557826-ОК2,243411.700,Проволока (сталь),"15857602-1 Государственные закупка для Коммунальное государственное учреждение ""Отдел строительства, архитектуры и градостроительства Кармакшинского района""",Квартира,1,16 503 183.33,Открытый конкурс,Закупка состоялась
81557828-ОК2,243411.700,Проволока (сталь),"15857602-1 Государственные закупка для Коммунальное государственное учреждение ""Отдел строительства, архитектуры и градостроительства Кармакшинского района""",Квартира,1,16 503 183.33,Открытый конкурс,Закупка состоялась
81557831-ОК2,243411.700,Проволока (сталь),"15857602-1 Государственные закупка для Коммунальное государственное учреждение ""Отдел строительства, архитектуры и градостроительства Кармакшинского района""",Квартира,1,16 503 183.33,Открытый конкурс,Закупка состоялась
81557833-ОК2,243411.700,Проволока (сталь),"15857590-1 Государственные закупка для Коммунальное государственное учреждение ""Отдел строительства, архитектуры и градостроительства Кармакшинского района""",Квартира,1,16 503 183.33,Открытый конкурс,Закупка состоялась
81557835-ОК2,243411.700,Проволока (сталь),"15857602-1 Государственные закупка для Коммунальное государственное учреждение ""Отдел строительства, архитектуры и градостроительства Кармакшинского района""",Квартира,1,16 503 183.33,Открытый конкурс,Закупка состоялась
81557837-ОК2,243411.700,Проволока (сталь),"15857602-1 Государственные закупка для Коммунальное государственное учреждение ""Отдел строительства, архитектуры и градостроительства Кармакшинского района""",Квартира,1,16 503 183.33,Открытый конкурс,Закупка состоялась
81557838-ОК2,243411.700,Проволока (сталь),"15857556-1 Государственные закупка для Коммунальное государственное учреждение ""Отдел строительства, архитектуры и градостроительства Кармакшинского района""",Квартира,1,16 503 183.33,Открытый конкурс,Закупка состоялась
81557845-ОК2,243411.700,Проволока (сталь),"15857607-1 Государственные закупка для Коммунальное государственное учреждение ""Отдел строительства, архитектуры и градостроительства Кармакшинского района""",Квартира,1,16 503 183.33,Открытый конкурс,Закупка состоялась
81557854-ОК2,243411.700,Проволока (сталь),"15857607-1 Государственные закупка для Коммунальное государственное учреждение ""Отдел строительства, архитектуры и градостроительства Кармакшинского района""",Квартира,1,16 503 183.33,Открытый конкурс,Закупка состоялась
81557856-ОК2,243411.700,Проволока (сталь),"15857607-1 Государственные закупка для Коммунальное государственное учреждение ""Отдел строительства, архитектуры и градостроительства Кармакшинского района""",Квартира,1,16 503 183.33,Открытый конкурс,Закупка состоялась
81557861-ОК2,243411.700,Проволока (сталь),"15857579-1 Государственные закупка для Коммунальное государственное учреждение ""Отдел строительства, архитектуры и градостроительства Кармакшинского района""",Квартира,1,16 503 183.33,Открытый конкурс,Закупка состоялась
81557862-ОК2,243411.700,Проволока (сталь),"15857607-1 Государственные закупка для Коммунальное государственное учреждение ""Отдел строительства, архитектуры и градостроительства Кармакшинского района""",Квартира,1,16 503 183.33,Открытый конкурс,Закупка состоялась
81557865-ОК2,243411.700,Проволока (сталь),"15857582-1 Государственные закупка для Коммунальное государственное учреждение ""Отдел строительства, архитектуры и градостроительства Кармакшинского района""",Квартира,1,16 503 183.33,Открытый конкурс,Закупка состоялась
81557867-ОК2,243411.700,Проволока (сталь),"15857556-1 Государственные закупка для Коммунальное государственное учреждение ""Отдел строительства, архитектуры и градостроительства Кармакшинского района""",Квартира,1,16 503 183.33,Открытый конкурс,Закупка состоялась
81557869-ОК2,243411.700,Проволока (сталь),"15857556-1 Государственные закупка для Коммунальное государственное учреждение ""Отдел строительства, архитектуры и градостроительства Кармакшинского района""",Квартира,1,16 503 183.33,Открытый конкурс,Закупка состоялась
81558424-ОК2,243411.700,Проволока (сталь),"15857556-1 Государственные закупка для Коммунальное государственное учреждение ""Отдел строительства, архитектуры и градостроительства Кармакшинского района""",Квартира,1,16 503 183.33,Открытый конкурс,Закупка состоялась
81558425-ОК2,243411.700,Проволока (сталь),"15857579-1 Государственные закупка для Коммунальное государственное учреждение ""Отдел строительства, архитектуры и градостроительства Кармакшинского района""",Квартира,1,16 503 183.33,Открытый конкурс,Закупка состоялась
81558427-ОК2,243411.700,Проволока (сталь),"15857579-1 Государственные закупка для Коммунальное государственное учреждение ""Отдел строительства, архитектуры и градостроительства Кармакшинского района""",Квартира,1,16 503 183.33,Открытый конкурс,Закупка состоялась
81558430-ОК2,243411.700,Проволока (сталь),"15857579-1 Государственные закупка для Коммунальное государственное учреждение ""Отдел строительства, архитектуры и градостроительства Кармакшинского района""",Квартира,1,16 503 183.33,Открытый конкурс,Закупка состоялась
81558432-ОК2,243411.700,Проволока (сталь),"15857579-1 Государственные закупка для Коммунальное государственное учреждение ""Отдел строительства, архитектуры и градостроительства Кармакшинского района""",Квартира,1,16 503 183.33,Открытый конкурс,Закупка состоялась
81558434-ОК2,243411.700,Проволока (сталь),"15857582-1 Государственные закупка для Коммунальное государственное учреждение ""Отдел строительства, архитектуры и градостроительства Кармакшинского района""",Квартира,1,16 503 183.33,Открытый конкурс,Закупка состоялась
81558436-ОК2,243411.700,Проволока (сталь),"15857582-1 Государственные закупка для Коммунальное государственное учреждение ""Отдел строительства, архитектуры и градостроительства Кармакшинского района""",Квартира,1,16 503 183.33,Открытый конкурс,Закупка состоялась
81558437-ОК2,243411.700,Проволока (сталь),"15857582-1 Государственные закупка для Коммунальное государственное учреждение ""Отдел строительства, архитектуры и градостроительства Кармакшинского района""",Квартира,1,16 503 183.33,Открытый конкурс,Закупка состоялась
81558440-ОК2,243411.700,Проволока (сталь),"15857571-1 Государственные закупка для Коммунальное государственное учреждение ""Отдел строительства, архитектуры и градостроительства Кармакшинского района""",Квартира,1,16 503 183.33,Открытый конкурс,Закупка состоялась
81558443-ОК2,243411.700,Проволока (сталь),"15857571-1 Государственные закупка для Коммунальное государственное учреждение ""Отдел строительства, архитектуры и градостроительства Кармакшинского района""",Квартира,1,16 503 183.33,Открытый конкурс,Закупка состоялась
81558447-ОК2,243411.700,Проволока (сталь),"15857571-1 Государственные закупка для Коммунальное государственное учреждение ""Отдел строительства, архитектуры и градостроительства Кармакшинского района""",Квартира,1,16 503 183.33,Открытый конкурс,Закупка состоялась
81558453-ОК2,243411.700,Проволока (сталь),"15857590-1 Государственные закупка для Коммунальное государственное учреждение ""Отдел строительства, архитектуры и градостроительства Кармакшинского района""",Квартира,1,16 503 183.33,Открытый конкурс,Закупка состоялась
81558454-ОК2,243411.700,Проволока (сталь),"15857590-1 Государственные закупка для Коммунальное государственное учреждение ""Отдел строительства, архитектуры и градостроительства Кармакшинского района""",Квартира,1,16 503 183.33,Открытый конкурс,Закупка состоялась
81558456-ОК2,243411.700,Проволока (сталь),"15857590-1 Государственные закупка для Коммунальное государственное учреждение ""Отдел строительства, архитектуры и градостроительства Кармакшинского района""",Квартира,1,16 503 183.33,Открытый конкурс,Закупка состоялась
81558457-ОК2,243411.700,Проволока (сталь),"15857597-1 Государственные закупка для Коммунальное государственное учреждение ""Отдел строительства, архитектуры и градостроительства Кармакшинского района""",Квартира,1,16 503 183.33,Открытый конкурс,Закупка состоялась
81558460-ОК2,243411.700,Проволока (сталь),"15857597-1 Государственные закупка для Коммунальное государственное учреждение ""Отдел строительства, архитектуры и градостроительства Кармакшинского района""",Квартира,1,16 503 183.33,Открытый конкурс,Закупка состоялась
81558464-ОК2,243411.700,Проволока (сталь),"15857597-1 Государственные закупка для Коммунальное государственное учреждение ""Отдел строительства, архитектуры и градостроительства Кармакшинского района""",Квартира,1,16 503 183.33,Открытый конкурс,Закупка состоялась
81558465-ОК2,243411.700,Проволока (сталь),"15857597-1 Государственные закупка для Коммунальное государственное учреждение ""Отдел строительства, архитектуры и градостроительства Кармакшинского района""",Квартира,1,16 503 183.33,Открытый конкурс,Закупка состоялась
81558467-ОК2,243411.700,Проволока (сталь),"15857597-1 Государственные закупка для Коммунальное государственное учреждение ""Отдел строительства, архитектуры и градостроительства Кармакшинского района""",Квартира,1,16 503 183.33,Открытый конкурс,Закупка состоялась
81558468-ОК2,243411.700,Проволока (сталь),"15857584-1 Государственные закупка для Коммунальное государственное учреждение ""Отдел строительства, архитектуры и градостроительства Кармакшинского района""",Квартира,1,16 503 183.33,Открытый конкурс,Закупка состоялась
81558470-ОК2,243411.700,Проволока (сталь),"15857584-1 Государственные закупка для Коммунальное государственное учреждение ""Отдел строительства, архитектуры и градостроительства Кармакшинского района""",Квартира,1,16 503 183.33,Открытый конкурс,Закупка состоялась
81558476-ОК2,243411.700,Проволока (сталь),"15857584-1 Государственные закупка для Коммунальное государственное учреждение ""Отдел строительства, архитектуры и градостроительства Кармакшинского района""",Квартира,1,16 503 183.33,Открытый конкурс,Закупка состоялась
81558478-ОК2,243411.700,Проволока (сталь),"15857584-1 Государственные закупка для Коммунальное государственное учреждение ""Отдел строительства, архитектуры и градостроительства Кармакшинского района""",Квартира,1,16 503 183.33,Открытый конкурс,Закупка состоялась
81558481-ОК2,243411.700,Проволока (сталь),"15857584-1 Государственные закупка для Коммунальное государственное учреждение ""Отдел строительства, архитектуры и градостроительства Кармакшинского района""",Квартира,1,16 503 183.33,Открытый конкурс,Закупка состоялась
81558485-ОК2,243411.700,Проволока (сталь),"15857565-1 Государственные закупка для Коммунальное государственное учреждение ""Отдел строительства, архитектуры и градостроительства Кармакшинского района""",Квартира,1,16 503 183.33,Открытый конкурс,Закупка состоялась
81558492-ОК2,243411.700,Проволока (сталь),"15857565-1 Государственные закупка для Коммунальное государственное учреждение ""Отдел строительства, архитектуры и градостроительства Кармакшинского района""",Квартира,1,16 503 183.33,Открытый конкурс,Закупка состоялась
81561866-ЗЖ1,243411.700,Проволока (сталь),15798215-1 Приобретение жилья малообеспеченным многодетным семьям в Райымбекском районе///,Здание,1,29 400 000.00,Закупка жилища,Закупка состоялась
81562376-ЗЖ1,243411.700,Проволока (сталь),15793538-1 Покупка жилья для социально уязвимых слоев населения в п. Жайрем,Здание,1,23 800 000.00,Закупка жилища,Закупка состоялась
81562389-ЗЖ1,243411.700,Проволока (сталь),15793544-1 Покупка жилья для социально уязвимых слоев населения в п. Жайрем,Здание,1,23 800 000.00,Закупка жилища,Закупка состоялась
81562410-ЗЖ1,243411.700,Проволока (сталь),15793542-1 Покупка жилья для социально уязвимых слоев населения в п. Жайрем,Здание,1,23 800 000.00,Закупка жилища,Закупка состоялась
81562427-ЗЖ1,243411.700,Проволока (сталь),15793541-1 Покупка жилья для социально уязвимых слоев населения в п. Жайрем,Здание,1,23 800 000.00,Закупка жилища,Закупка состоялась
81562440-ЗЖ1,243411.700,Проволока (сталь),15793546-1 Покупка жилья для социально уязвимых слоев населения в п. Жайрем,Здание,1,23 800 000.00,Закупка жилища,Закупка состоялась
81562457-ЗЖ1,243411.700,Проволока (сталь),15793549-1 Покупка жилья для социально уязвимых слоев населения в п. Жайрем,Здание,1,23 800 000.00,Закупка жилища,Закупка состоялась
81562469-ЗЖ1,243411.700,Проволока (сталь),15793545-1 Покупка жилья для социально уязвимых слоев населения в п. Жайрем,Здание,1,23 800 000.00,Закупка жилища,Закупка состоялась
81562484-ЗЖ1,243411.700,Проволока (сталь),15793543-1 Покупка жилья для социально уязвимых слоев населения в п. Жайрем,Здание,1,23 800 000.00,Закупка жилища,Закупка состоялась
81563302-ОК1,243411.700,Проволока (сталь),"15795362-1 Приобретение не жилого помещения в селе Федоровка площадью не менее 553,7 кв.м",Помещение,1,30 277 208.00,Открытый конкурс,Закупка состоялась
81568155-ЗЦП1,243411.700,Проволока (сталь),15829123-1 Коммутатор ядро сети,Комплекс программно-аппаратный,2,26 756 826.78,Запрос ценовых предложений,Закупка состоялась
81568841-ОИ2,243411.700,Проволока (сталь),15825649-1 Приобретение межсетевой экран,Экран специальный,2,25 303 821.42,Из одного источника по несостоявшимся закупкам,Закупка состоялась
81575318-ЗЖ1,243411.700,Проволока (сталь),15796398-1 Приобретение трехкомнатной жилой дом в селе Курчум Курчумского района,Квартира,1,22 100 000.00,Закупка жилища,Закупка состоялась
81575330-ЗЖ1,243411.700,Проволока (сталь),15796364-1 Приобретение трехкомнатной жилой дом в селе Курчум Курчумского района,Квартира,1,22 100 000.00,Закупка жилища,Закупка состоялась
81575339-ЗЖ1,243411.700,Проволока (сталь),15796244-1 Приобретение трехкомнатной жилой дом в селе Курчум Курчумского района,Квартира,1,22 100 000.00,Закупка жилища,Закупка состоялась
81575352-ЗЖ1,243411.700,Проволока (сталь),15796308-1 Приобретение трехкомнатной жилой дом в селе Курчум Курчумского района,Квартира,1,22 100 000.00,Закупка жилища,Закупка состоялась
81575415-ЗЖ1,243411.700,Проволока (сталь),15795809-1 Приобретение трехкомнатной жилой дом в селе Курчум Курчумского района,Квартира,1,18 200 000.00,Закупка жилища,Закупка состоялась
81575500-ЗЖ1,243411.700,Проволока (сталь),15795891-1 Приобретение трехкомнатной жилой дом в селе Курчум Курчумского района,Квартира,1,18 200 000.00,Закупка жилища,Закупка состоялась
81575547-ЗЖ1,243411.700,Проволока (сталь),15795993-1 Приобретение трехкомнатной жилой дом в селе Курчум Курчумского района,Квартира,1,18 200 000.00,Закупка жилища,Закупка состоялась
81575555-ЗЖ1,243411.700,Проволока (сталь),15795732-1 Приобретение трехкомнатной жилой дом в селе Курчум Курчумского района,Квартира,1,18 200 000.00,Закупка жилища,Закупка состоялась
81575676-ЗЖ1,243411.700,Проволока (сталь),15796126-1 Приобретение трехкомнатной жилой дом в селе Курчум Курчумского района,Квартира,1,18 200 000.00,Закупка жилища,Закупка состоялась
81575709-ЗЖ1,243411.700,Проволока (сталь),15795624-1 Приобретение жилья Приобретение жилья,Здание,1,16 800 000.00,Закупка жилища,Закупка состоялась
81575966-ЗЖ1,243411.700,Проволока (сталь),15801802-1 Приобретение жилья (Дом),Здание,1,16 800 000.00,Закупка жилища,Закупка состоялась
81576031-ЗЖ1,243411.700,Проволока (сталь),15795946-1 Приобретение трехкомнатной жилой дом в селе Курчум Курчумского района,Квартира,1,18 200 000.00,Закупка жилища,Закупка состоялась
81576044-ЗЖ1,243411.700,Проволока (сталь),15801802-1 Приобретение жилья (Дом),Здание,1,16 800 000.00,Закупка жилища,Закупка состоялась
81576101-ЗЖ1,243411.700,Проволока (сталь),15795360-1 Приобретение трехкомнатной жилой дом в селе Курчум Курчумского района,Квартира,1,18 200 000.00,Закупка жилища,Закупка состоялась
81576624-ЗЖ1,243411.700,Проволока (сталь),15796426-1 Приобретение нежилого помещения/,Здание,1,400 000 000.00,Закупка жилища,Закупка состоялась
81577918-ЗЖ1,243411.700,Проволока (сталь),"15800976-1 Приобретение жилья из коммунального жилищного фонда для социально-уязвимым слоям населения Казалинского района, Кызылординской области",Квартира,1,16 503 187.50,Закупка жилища,Закупка состоялась
81578051-ЗЖ1,243411.700,Проволока (сталь),"15800976-1 Приобретение жилья из коммунального жилищного фонда для социально-уязвимым слоям населения Казалинского района, Кызылординской области",Квартира,1,16 503 187.50,Закупка жилища,Закупка состоялась
81578077-ЗЖ1,243411.700,Проволока (сталь),"15800976-1 Приобретение жилья из коммунального жилищного фонда для социально-уязвимым слоям населения Казалинского района, Кызылординской области",Квартира,1,16 503 187.50,Закупка жилища,Закупка состоялась
81578099-ЗЖ1,243411.700,Проволока (сталь),"15800976-1 Приобретение жилья из коммунального жилищного фонда для социально-уязвимым слоям населения Казалинского района, Кызылординской области",Квартира,1,16 503 187.50,Закупка жилища,Закупка состоялась
81578127-ЗЖ1,243411.700,Проволока (сталь),"15800976-1 Приобретение жилья из коммунального жилищного фонда для социально-уязвимым слоям населения Казалинского района, Кызылординской области",Квартира,1,16 503 187.50,Закупка жилища,Закупка состоялась
81578151-ЗЖ1,243411.700,Проволока (сталь),"15800976-1 Приобретение жилья из коммунального жилищного фонда для социально-уязвимым слоям населения Казалинского района, Кызылординской области",Квартира,1,16 503 187.50,Закупка жилища,Закупка состоялась
81578305-ЗЖ1,243411.700,Проволока (сталь),"15800976-1 Приобретение жилья из коммунального жилищного фонда для социально-уязвимым слоям населения Казалинского района, Кызылординской области",Квартира,1,16 503 187.50,Закупка жилища,Закупка состоялась
81578373-ЗЖ1,243411.700,Проволока (сталь),"15800976-1 Приобретение жилья из коммунального жилищного фонда для социально-уязвимым слоям населения Казалинского района, Кызылординской области",Квартира,1,16 503 187.50,Закупка жилища,Закупка состоялась
81578397-ЗЖ1,243411.700,Проволока (сталь),"15800976-1 Приобретение жилья из коммунального жилищного фонда для социально-уязвимым слоям населения Казалинского района, Кызылординской области",Квартира,1,16 503 187.50,Закупка жилища,Закупка состоялась
81578414-ЗЖ1,243411.700,Проволока (сталь),"15800976-1 Приобретение жилья из коммунального жилищного фонда для социально-уязвимым слоям населения Казалинского района, Кызылординской области",Квартира,1,16 503 187.50,Закупка жилища,Закупка состоялась
81578460-ЗЖ1,243411.700,Проволока (сталь),"15800976-1 Приобретение жилья из коммунального жилищного фонда для социально-уязвимым слоям населения Казалинского района, Кызылординской области",Квартира,1,16 503 187.50,Закупка жилища,Закупка состоялась
81578485-ЗЦП2,243411.700,Проволока (сталь),15830650-1 Смесь на основе гидролизованного белка молочной сыворотки для диетического лечебного питания,Продукт,6120,15 348 960.00,Запрос ценовых предложений,Закупка состоялась
81578492-ЗЖ1,243411.700,Проволока (сталь),"15800976-1 Приобретение жилья из коммунального жилищного фонда для социально-уязвимым слоям населения Казалинского района, Кызылординской области",Квартира,1,16 503 187.50,Закупка жилища,Закупка состоялась
81578524-ЗЖ1,243411.700,Проволока (сталь),"15800976-1 Приобретение жилья из коммунального жилищного фонда для социально-уязвимым слоям населения Казалинского района, Кызылординской области",Квартира,1,16 503 187.50,Закупка жилища,Закупка состоялась
81578684-ЗЖ1,243411.700,Проволока (сталь),"15800976-1 Приобретение жилья из коммунального жилищного фонда для социально-уязвимым слоям населения Казалинского района, Кызылординской области",Квартира,1,16 503 187.50,Закупка жилища,Закупка состоялась
81578761-ЗЖ1,243411.700,Проволока (сталь),"15800976-1 Приобретение жилья из коммунального жилищного фонда для социально-уязвимым слоям населения Казалинского района, Кызылординской области",Квартира,1,16 503 187.50,Закупка жилища,Закупка состоялась
81578826-ЗЖ1,243411.700,Проволока (сталь),"15800976-1 Приобретение жилья из коммунального жилищного фонда для социально-уязвимым слоям населения Казалинского района, Кызылординской области",Квартира,1,16 503 187.50,Закупка жилища,Закупка состоялась
81578870-ЗЖ1,243411.700,Проволока (сталь),"15800976-1 Приобретение жилья из коммунального жилищного фонда для социально-уязвимым слоям населения Казалинского района, Кызылординской области",Квартира,1,16 503 187.50,Закупка жилища,Закупка состоялась
81578904-ЗЖ1,243411.700,Проволока (сталь),"15800976-1 Приобретение жилья из коммунального жилищного фонда для социально-уязвимым слоям населения Казалинского района, Кызылординской области",Квартира,1,16 503 187.50,Закупка жилища,Закупка состоялась
81578930-ЗЖ1,243411.700,Проволока (сталь),"15800976-1 Приобретение жилья из коммунального жилищного фонда для социально-уязвимым слоям населения Казалинского района, Кызылординской области",Квартира,1,16 503 187.50,Закупка жилища,Закупка состоялась
81578956-ЗЖ1,243411.700,Проволока (сталь),"15800976-1 Приобретение жилья из коммунального жилищного фонда для социально-уязвимым слоям населения Казалинского района, Кызылординской области",Квартира,1,16 503 187.50,Закупка жилища,Закупка состоялась
81579114-ЗЖ1,243411.700,Проволока (сталь),"15800976-1 Приобретение жилья из коммунального жилищного фонда для социально-уязвимым слоям населения Казалинского района, Кызылординской области",Квартира,1,16 503 187.50,Закупка жилища,Закупка состоялась
81579517-ЗЖ1,243411.700,Проволока (сталь),15813186-1 Приобретение квартир для социально уязвимых слоев населения Узункольского района Костанайской области,Квартира,1,21 190 000.00,Закупка жилища,Закупка состоялась
81579633-ЗЖ1,243411.700,Проволока (сталь),15813186-1 Приобретение квартир для социально уязвимых слоев населения Узункольского района Костанайской области,Квартира,1,21 190 000.00,Закупка жилища,Закупка состоялась
81580989-ЗЦП1,243411.700,Проволока (сталь),15799007-1 Приобретение нежилого здания в с.Болашак Переметнинского с/о района Бәйтерек ЗКО,Здание,1,23 000 000.00,Запрос ценовых предложений,Закупка состоялась
81580989-ОИ3,243411.700,Проволока (сталь),15852268-1 Приобретение нежилого здания в с.Болашак Переметнинского с/о района Бәйтерек ЗКО/,Здание,1,23 000 000.00,Из одного источника по несостоявшимся закупкам,Закупка состоялась
81583106-ЗЖ1,243411.700,Проволока (сталь),15799240-1 Приобретение 2-х квартирного жилого дома в с. Каратобе Жарминского района области Абай,Здание,1,37 400 000.00,Закупка жилища,Закупка состоялась
81583383-ЗЖ1,243411.700,Проволока (сталь),15799571-1 Приобретение 2-х квартирного жилого дома в п. Жарма Жарминского района области Абай,Здание,1,37 400 000.00,Закупка жилища,Закупка состоялась
81583656-КРБС1,243411.700,Проволока (сталь),"15809839-1 Строительно-монтажные работы объекта ""Строительство административного здания сервис-ориентировочного участкового пункта полиции №6 в г.Конаев Алматинской области""",Работы по возведению (строительству) нежилых зданий/сооружений,1,420 308 671.00,Конкурс с использованием рейтингово-балльной системы,Закупка состоялась
81586394-ЗЖ1,243411.700,Проволока (сталь),"15796765-1 Приобретение квартиры в двухквартирном жилом доме в 3 жилом районе Ботаника, города Риддера, Восточно-Казахстанской области",Квартира,1,22 100 000.00,Закупка жилища,Закупка состоялась
81586586-ЗЖ1,243411.700,Проволока (сталь),"15796765-1 Приобретение квартиры в двухквартирном жилом доме в 3 жилом районе Ботаника, города Риддера, Восточно-Казахстанской области",Квартира,1,22 100 000.00,Закупка жилища,Закупка состоялась
81586607-ЗЖ1,243411.700,Проволока (сталь),"15796765-1 Приобретение квартиры в двухквартирном жилом доме в 3 жилом районе Ботаника, города Риддера, Восточно-Казахстанской области",Квартира,1,22 100 000.00,Закупка жилища,Закупка состоялась
81586627-ЗЖ1,243411.700,Проволока (сталь),"15796765-1 Приобретение квартиры в двухквартирном жилом доме в 3 жилом районе Ботаника, города Риддера, Восточно-Казахстанской области",Квартира,1,22 100 000.00,Закупка жилища,Закупка состоялась
81586973-ЗЖ1,243411.700,Проволока (сталь),"15796765-1 Приобретение квартиры в двухквартирном жилом доме в 3 жилом районе Ботаника, города Риддера, Восточно-Казахстанской области",Квартира,1,22 669 000.00,Закупка жилища,Закупка состоялась
81587954-ЗЖ1,243411.700,Проволока (сталь),15814151-1 Приобретение квартиры для социально уязвимых слоев населения и многодетных семей. Квартира 3-х комнатная площадью от 70 кв.м и более.,Квартира,1,20 355 485.55,Закупка жилища,Закупка состоялась
81587970-ЗЖ1,243411.700,Проволока (сталь),15814151-1 Приобретение квартиры для социально уязвимых слоев населения и многодетных семей. Квартира 3-х комнатная площадью от 70 кв.м и более.,Квартира,1,20 355 485.55,Закупка жилища,Закупка состоялась
81587986-ЗЖ1,243411.700,Проволока (сталь),15814151-1 Приобретение квартиры для социально уязвимых слоев населения и многодетных семей. Квартира 3-х комнатная площадью от 70 кв.м и более.,Квартира,1,20 355 485.55,Закупка жилища,Закупка состоялась
81587993-ЗЖ1,243411.700,Проволока (сталь),15814151-1 Приобретение квартиры для социально уязвимых слоев населения и многодетных семей. Квартира 3-х комнатная площадью от 70 кв.м и более.,Квартира,1,20 355 485.55,Закупка жилища,Закупка состоялась
81588037-ЗЖ1,243411.700,Проволока (сталь),15797024-1 Выкуп тринадцати квартир в многоквартирном жилом доме с. Самарское района Самар ВКО,Здание,1,182 112 000.00,Закупка жилища,Закупка состоялась
81588121-ЗЖ1,243411.700,Проволока (сталь),15814143-1 Приобретение квартиры для социально уязвимых слоев населения и многодетных семей. Квартира 2-х комнатная площадью от 56 кв.м и более.,Квартира,1,16 284 388.44,Закупка жилища,Закупка состоялась
81588128-ЗЖ1,243411.700,Проволока (сталь),15814143-1 Приобретение квартиры для социально уязвимых слоев населения и многодетных семей. Квартира 2-х комнатная площадью от 56 кв.м и более.,Квартира,1,16 284 388.44,Закупка жилища,Закупка состоялась
81588138-ЗЖ1,243411.700,Проволока (сталь),15814143-1 Приобретение квартиры для социально уязвимых слоев населения и многодетных семей. Квартира 2-х комнатная площадью от 56 кв.м и более.,Квартира,1,16 284 388.44,Закупка жилища,Закупка состоялась
81588155-ЗЖ1,243411.700,Проволока (сталь),15814143-1 Приобретение квартиры для социально уязвимых слоев населения и многодетных семей. Квартира 2-х комнатная площадью от 56 кв.м и более.,Квартира,1,16 284 388.44,Закупка жилища,Закупка состоялась
81588328-ЗЖ1,243411.700,Проволока (сталь),15814143-1 Приобретение квартиры для социально уязвимых слоев населения и многодетных семей. Квартира 2-х комнатная площадью от 56 кв.м и более.,Квартира,1,16 284 388.44,Закупка жилища,Закупка состоялась
81590151-КРБС1,243411.700,Проволока (сталь),15804762-1 Строительство скотомогильника в Аккольском районе Акмолинской области. Привязка,Работы по возведению (строительству) нежилых зданий/сооружений,1,23 035 509.00,Конкурс с использованием рейтингово-балльной системы,Закупка состоялась
81595964-КРБС1,243411.700,Проволока (сталь),"15801480-2 Услуги по осуществлению технического надзора по объекту «Капитальный ремонт здания КГУ «Общеобразовательная школа № 6» Отдела образования по городу Жанаозен Управления образования Мангистауской области, расположенного по адресу: Мангистауская область, г. Жанаозен, микрорайон Самал» для КГУ",Услуги по осуществлению технического надзора в сфере строительной деятельности,1,33 073 870.00,Конкурс с использованием рейтингово-балльной системы,Закупка состоялась
81596068-ОИ3,243411.700,Проволока (сталь),15858473-1 услуги по страхованию жизни сотрудников от несчастного случая,Услуги по страхованию от несчастных случаев,1,18 286 481.00,Из одного источника по несостоявшимся закупкам,Закупка состоялась
81596088-ОК1,243411.700,Проволока (сталь),15797795-2 Мемлекеттік сатып алу,Комплексные работы в сфере информационных технологий «под ключ»,1,148 670 720.00,Открытый конкурс,Закупка состоялась
81597503-ЗЖ1,243411.700,Проволока (сталь),15826369-1 Приобретение квартиры (дома) по Енбекшиказахскому району,Здание,1,21 000 000.00,Закупка жилища,Закупка состоялась
81597652-ЗЖ1,243411.700,Проволока (сталь),15826369-1 Приобретение квартиры (дома) по Енбекшиказахскому району,Здание,1,21 000 000.00,Закупка жилища,Закупка состоялась
81597755-ЗЖ1,243411.700,Проволока (сталь),15826369-1 Приобретение квартиры (дома) по Енбекшиказахскому району,Здание,1,21 000 000.00,Закупка жилища,Закупка состоялась
81597765-ЗЖ1,243411.700,Проволока (сталь),15826369-1 Приобретение квартиры (дома) по Енбекшиказахскому району,Здание,1,21 000 000.00,Закупка жилища,Закупка состоялась
81597768-ЗЖ1,243411.700,Проволока (сталь),15814129-1 Приобретение квартиры для социально уязвимых слоев населения и многодетных семей. Квартира 2-х комнатная площадью от 53 кв.м и более.,Квартира,1,15 412 010.49,Закупка жилища,Закупка состоялась
81597772-ЗЖ1,243411.700,Проволока (сталь),15826369-1 Приобретение квартиры (дома) по Енбекшиказахскому району,Здание,1,21 000 000.00,Закупка жилища,Закупка состоялась
81597810-ЗЖ1,243411.700,Проволока (сталь),15826369-1 Приобретение квартиры (дома) по Енбекшиказахскому району,Здание,1,21 000 000.00,Закупка жилища,Закупка состоялась
81597837-ЗЖ1,243411.700,Проволока (сталь),15814129-1 Приобретение квартиры для социально уязвимых слоев населения и многодетных семей. Квартира 2-х комнатная площадью от 53 кв.м и более.,Квартира,1,15 412 010.49,Закупка жилища,Закупка состоялась
81597854-ЗЖ1,243411.700,Проволока (сталь),15814129-1 Приобретение квартиры для социально уязвимых слоев населения и многодетных семей. Квартира 2-х комнатная площадью от 53 кв.м и более.,Квартира,1,15 412 010.49,Закупка жилища,Закупка состоялась
81597874-ЗЖ1,243411.700,Проволока (сталь),15814129-1 Приобретение квартиры для социально уязвимых слоев населения и многодетных семей. Квартира 2-х комнатная площадью от 53 кв.м и более.,Квартира,1,15 412 010.49,Закупка жилища,Закупка состоялась
81597968-ЗЖ1,243411.700,Проволока (сталь),15826369-1 Приобретение квартиры (дома) по Енбекшиказахскому району,Здание,1,21 000 000.00,Закупка жилища,Закупка состоялась
81598040-ЗЖ1,243411.700,Проволока (сталь),15826369-1 Приобретение квартиры (дома) по Енбекшиказахскому району,Здание,1,21 000 000.00,Закупка жилища,Закупка состоялась
81598049-ЗЖ1,243411.700,Проволока (сталь),15826369-1 Приобретение квартиры (дома) по Енбекшиказахскому району,Здание,1,21 000 000.00,Закупка жилища,Закупка состоялась
81598054-ЗЖ1,243411.700,Проволока (сталь),15826369-1 Приобретение квартиры (дома) по Енбекшиказахскому району,Здание,1,21 000 000.00,Закупка жилища,Закупка состоялась
81598067-ЗЖ1,243411.700,Проволока (сталь),15826369-1 Приобретение квартиры (дома) по Енбекшиказахскому району,Здание,1,21 000 000.00,Закупка жилища,Закупка состоялась
81598086-ЗЖ1,243411.700,Проволока (сталь),15826369-1 Приобретение квартиры (дома) по Енбекшиказахскому району,Здание,1,21 000 000.00,Закупка жилища,Закупка состоялась
81598095-ЗЖ1,243411.700,Проволока (сталь),15826369-1 Приобретение квартиры (дома) по Енбекшиказахскому району,Здание,1,21 000 000.00,Закупка жилища,Закупка состоялась
81598104-ЗЖ1,243411.700,Проволока (сталь),15826369-1 Приобретение квартиры (дома) по Енбекшиказахскому району,Здание,1,21 000 000.00,Закупка жилища,Закупка состоялась
81598113-ЗЖ1,243411.700,Проволока (сталь),15826369-1 Приобретение квартиры (дома) по Енбекшиказахскому району,Здание,1,21 000 000.00,Закупка жилища,Закупка состоялась
81598185-ЗЖ1,243411.700,Проволока (сталь),15826369-1 Приобретение квартиры (дома) по Енбекшиказахскому району,Здание,1,21 000 000.00,Закупка жилища,Закупка состоялась
81598190-ЗЖ1,243411.700,Проволока (сталь),15826369-1 Приобретение квартиры (дома) по Енбекшиказахскому району,Здание,1,21 000 000.00,Закупка жилища,Закупка состоялась
81598203-ЗЖ1,243411.700,Проволока (сталь),15826369-1 Приобретение квартиры (дома) по Енбекшиказахскому району,Здание,1,21 000 000.00,Закупка жилища,Закупка состоялась
81598213-ЗЖ1,243411.700,Проволока (сталь),15826369-1 Приобретение квартиры (дома) по Енбекшиказахскому району,Здание,1,21 000 000.00,Закупка жилища,Закупка состоялась
81598286-ЗЖ1,243411.700,Проволока (сталь),15826369-1 Приобретение квартиры (дома) по Енбекшиказахскому району,Здание,1,21 000 000.00,Закупка жилища,Закупка состоялась
81598293-ЗЖ1,243411.700,Проволока (сталь),15826369-1 Приобретение квартиры (дома) по Енбекшиказахскому району,Здание,1,21 000 000.00,Закупка жилища,Закупка состоялась
81598309-ЗЖ1,243411.700,Проволока (сталь),15826369-1 Приобретение квартиры (дома) по Енбекшиказахскому району,Здание,1,21 000 000.00,Закупка жилища,Закупка состоялась
81598321-ЗЖ1,243411.700,Проволока (сталь),15826369-1 Приобретение квартиры (дома) по Енбекшиказахскому району,Здание,1,21 000 000.00,Закупка жилища,Закупка состоялась
81598350-ЗЖ1,243411.700,Проволока (сталь),15826369-1 Приобретение квартиры (дома) по Енбекшиказахскому району,Здание,1,21 000 000.00,Закупка жилища,Закупка состоялась
81598371-ЗЖ1,243411.700,Проволока (сталь),15826369-1 Приобретение квартиры (дома) по Енбекшиказахскому району,Здание,1,21 000 000.00,Закупка жилища,Закупка состоялась
81598382-ЗЖ1,243411.700,Проволока (сталь),15826369-1 Приобретение квартиры (дома) по Енбекшиказахскому району,Здание,1,21 000 000.00,Закупка жилища,Закупка состоялась
81598406-ЗЖ1,243411.700,Проволока (сталь),15826369-1 Приобретение квартиры (дома) по Енбекшиказахскому району,Здание,1,21 000 000.00,Закупка жилища,Закупка состоялась
81598429-ЗЖ1,243411.700,Проволока (сталь),15826369-1 Приобретение квартиры (дома) по Енбекшиказахскому району,Здание,1,21 000 000.00,Закупка жилища,Закупка состоялась
81598447-ЗЖ1,243411.700,Проволока (сталь),15826369-1 Приобретение квартиры (дома) по Енбекшиказахскому району,Здание,1,21 000 000.00,Закупка жилища,Закупка состоялась
81598459-ЗЖ1,243411.700,Проволока (сталь),15826369-1 Приобретение квартиры (дома) по Енбекшиказахскому району,Здание,1,21 000 000.00,Закупка жилища,Закупка состоялась
81598674-ЗЖ1,243411.700,Проволока (сталь),15826369-1 Приобретение квартиры (дома) по Енбекшиказахскому району,Здание,1,21 000 000.00,Закупка жилища,Закупка состоялась
81598841-ЗЖ1,243411.700,Проволока (сталь),15826369-1 Приобретение квартиры (дома) по Енбекшиказахскому району,Здание,1,21 000 000.00,Закупка жилища,Закупка состоялась
81598856-ЗЖ1,243411.700,Проволока (сталь),15826369-1 Приобретение квартиры (дома) по Енбекшиказахскому району,Здание,1,21 000 000.00,Закупка жилища,Закупка состоялась
81599444-ЗЖ1,243411.700,Проволока (сталь),15826369-1 Приобретение квартиры (дома) по Енбекшиказахскому району,Здание,1,21 000 000.00,Закупка жилища,Закупка состоялась
81599614-ЗЖ1,243411.700,Проволока (сталь),15826369-1 Приобретение квартиры (дома) по Енбекшиказахскому району,Здание,1,21 000 000.00,Закупка жилища,Закупка состоялась
81599635-ЗЖ1,243411.700,Проволока (сталь),15826369-1 Приобретение квартиры (дома) по Енбекшиказахскому району,Здание,1,21 000 000.00,Закупка жилища,Закупка состоялась
81599651-ЗЖ1,243411.700,Проволока (сталь),15826369-1 Приобретение квартиры (дома) по Енбекшиказахскому району,Здание,1,21 000 000.00,Закупка жилища,Закупка состоялась
81599659-ЗЖ1,243411.700,Проволока (сталь),15826369-1 Приобретение квартиры (дома) по Енбекшиказахскому району,Здание,1,21 000 000.00,Закупка жилища,Закупка состоялась
81599729-КРБС1,243411.700,Проволока (сталь),"15805197-1 ПСД на капитальный ремонт здания школы КГУ ""Общеобразовательная школа № 27"" по адресу: область Ұлытау, г.Сатпаев, Наурыз, 7",Работы по разработке/расчету/составлению проектно-сметной документации,1,27 683 722.00,Конкурс с использованием рейтингово-балльной системы,Закупка состоялась
81599751-ОК1,243411.700,Проволока (сталь),15798796-3 автогрейдер шнекоротор цетка для мини погрузчик,Снегоочиститель,4,25 357 142.84,Открытый конкурс,Закупка состоялась
81599891-ЗЖ1,243411.700,Проволока (сталь),15826939-1 Приобретение квартиры (дома) по Енбекшиказахскому району,Здание,1,28 000 000.00,Закупка жилища,Закупка состоялась
81599926-ЗЖ1,243411.700,Проволока (сталь),15826939-1 Приобретение квартиры (дома) по Енбекшиказахскому району,Здание,1,28 000 000.00,Закупка жилища,Закупка состоялась
81599943-ЗЖ1,243411.700,Проволока (сталь),15826939-1 Приобретение квартиры (дома) по Енбекшиказахскому району,Здание,1,28 000 000.00,Закупка жилища,Закупка состоялась
81599953-ЗЖ1,243411.700,Проволока (сталь),15826939-1 Приобретение квартиры (дома) по Енбекшиказахскому району,Здание,1,28 000 000.00,Закупка жилища,Закупка состоялась
81599994-ЗЖ1,243411.700,Проволока (сталь),15826939-1 Приобретение квартиры (дома) по Енбекшиказахскому району,Здание,1,28 000 000.00,Закупка жилища,Закупка состоялась
81600005-ЗЖ1,243411.700,Проволока (сталь),15826939-1 Приобретение квартиры (дома) по Енбекшиказахскому району,Здание,1,28 000 000.00,Закупка жилища,Закупка состоялась
81600015-ЗЖ1,243411.700,Проволока (сталь),15826939-1 Приобретение квартиры (дома) по Енбекшиказахскому району,Здание,1,28 000 000.00,Закупка жилища,Закупка состоялась
81600030-ЗЖ1,243411.700,Проволока (сталь),15826939-1 Приобретение квартиры (дома) по Енбекшиказахскому району,Здание,1,28 000 000.00,Закупка жилища,Закупка состоялась
81600049-ЗЖ1,243411.700,Проволока (сталь),15826939-1 Приобретение квартиры (дома) по Енбекшиказахскому району,Здание,1,28 000 000.00,Закупка жилища,Закупка состоялась
81600181-ЗЖ1,243411.700,Проволока (сталь),15826939-1 Приобретение квартиры (дома) по Енбекшиказахскому району,Здание,1,28 000 000.00,Закупка жилища,Закупка состоялась
81600288-ЗЖ1,243411.700,Проволока (сталь),15826939-1 Приобретение квартиры (дома) по Енбекшиказахскому району,Здание,1,28 000 000.00,Закупка жилища,Закупка состоялась
81600415-ЗЖ1,243411.700,Проволока (сталь),15826939-1 Приобретение квартиры (дома) по Енбекшиказахскому району,Здание,1,28 000 000.00,Закупка жилища,Закупка состоялась
81600457-ЗЖ1,243411.700,Проволока (сталь),15826939-1 Приобретение квартиры (дома) по Енбекшиказахскому району,Здание,1,28 000 000.00,Закупка жилища,Закупка состоялась
81600475-ЗЖ1,243411.700,Проволока (сталь),15826939-1 Приобретение квартиры (дома) по Енбекшиказахскому району,Здание,1,28 000 000.00,Закупка жилища,Закупка состоялась
81600492-ЗЖ1,243411.700,Проволока (сталь),15826939-1 Приобретение квартиры (дома) по Енбекшиказахскому району,Здание,1,28 000 000.00,Закупка жилища,Закупка состоялась
81600586-ЗЖ1,243411.700,Проволока (сталь),15826939-1 Приобретение квартиры (дома) по Енбекшиказахскому району,Здание,1,28 000 000.00,Закупка жилища,Закупка состоялась
81601533-ЗЖ1,243411.700,Проволока (сталь),15826939-1 Приобретение квартиры (дома) по Енбекшиказахскому району,Здание,1,28 000 000.00,Закупка жилища,Закупка состоялась
81602048-ЗЖ1,243411.700,Проволока (сталь),15826939-1 Приобретение квартиры (дома) по Енбекшиказахскому району,Здание,1,28 000 000.00,Закупка жилища,Закупка состоялась
81602071-ЗЖ1,243411.700,Проволока (сталь),15826939-1 Приобретение квартиры (дома) по Енбекшиказахскому району,Здание,1,28 000 000.00,Закупка жилища,Закупка состоялась
81602079-ЗЖ1,243411.700,Проволока (сталь),15826939-1 Приобретение квартиры (дома) по Енбекшиказахскому району,Здание,1,28 000 000.00,Закупка жилища,Закупка состоялась
81602093-ЗЖ1,243411.700,Проволока (сталь),15826939-1 Приобретение квартиры (дома) по Енбекшиказахскому району,Здание,1,28 000 000.00,Закупка жилища,Закупка состоялась
81602110-ЗЖ1,243411.700,Проволока (сталь),15826939-1 Приобретение квартиры (дома) по Енбекшиказахскому району,Здание,1,28 000 000.00,Закупка жилища,Закупка состоялась
81602130-ЗЖ1,243411.700,Проволока (сталь),15826939-1 Приобретение квартиры (дома) по Енбекшиказахскому району,Здание,1,28 000 000.00,Закупка жилища,Закупка состоялась
81602189-ЗЖ1,243411.700,Проволока (сталь),15826939-1 Приобретение квартиры (дома) по Енбекшиказахскому району,Здание,1,28 000 000.00,Закупка жилища,Закупка состоялась
81602250-ЗЖ1,243411.700,Проволока (сталь),15826939-1 Приобретение квартиры (дома) по Енбекшиказахскому району,Здание,1,28 000 000.00,Закупка жилища,Закупка состоялась
81602772-ЗЖ1,243411.700,Проволока (сталь),15826939-1 Приобретение квартиры (дома) по Енбекшиказахскому району,Здание,1,28 000 000.00,Закупка жилища,Закупка состоялась
81602851-ЗЖ1,243411.700,Проволока (сталь),15826939-1 Приобретение квартиры (дома) по Енбекшиказахскому району,Здание,1,28 000 000.00,Закупка жилища,Закупка состоялась
81603003-ЗЖ1,243411.700,Проволока (сталь),15826939-1 Приобретение квартиры (дома) по Енбекшиказахскому району,Здание,1,28 000 000.00,Закупка жилища,Закупка состоялась
81603029-ЗЖ1,243411.700,Проволока (сталь),15826939-1 Приобретение квартиры (дома) по Енбекшиказахскому району,Здание,1,28 000 000.00,Закупка жилища,Закупка состоялась
81603057-ЗЖ1,243411.700,Проволока (сталь),15826939-1 Приобретение квартиры (дома) по Енбекшиказахскому району,Здание,1,28 000 000.00,Закупка жилища,Закупка состоялась
81603069-ЗЖ1,243411.700,Проволока (сталь),15826939-1 Приобретение квартиры (дома) по Енбекшиказахскому району,Здание,1,28 000 000.00,Закупка жилища,Закупка состоялась
81603088-ЗЖ1,243411.700,Проволока (сталь),15826939-1 Приобретение квартиры (дома) по Енбекшиказахскому району,Здание,1,28 000 000.00,Закупка жилища,Закупка состоялась
81603104-ЗЖ1,243411.700,Проволока (сталь),15826939-1 Приобретение квартиры (дома) по Енбекшиказахскому району,Здание,1,28 000 000.00,Закупка жилища,Закупка состоялась
81603376-ЗЖ1,243411.700,Проволока (сталь),15826939-1 Приобретение квартиры (дома) по Енбекшиказахскому району,Здание,1,28 000 000.00,Закупка жилища,Закупка состоялась
81603396-ЗЖ1,243411.700,Проволока (сталь),15826939-1 Приобретение квартиры (дома) по Енбекшиказахскому району,Здание,1,28 000 000.00,Закупка жилища,Закупка состоялась
81603423-ЗЖ1,243411.700,Проволока (сталь),15826939-1 Приобретение квартиры (дома) по Енбекшиказахскому району,Здание,1,28 000 000.00,Закупка жилища,Закупка состоялась
81603437-ЗЖ1,243411.700,Проволока (сталь),15826939-1 Приобретение квартиры (дома) по Енбекшиказахскому району,Здание,1,28 000 000.00,Закупка жилища,Закупка состоялась
81603451-ЗЖ1,243411.700,Проволока (сталь),15826939-1 Приобретение квартиры (дома) по Енбекшиказахскому району,Здание,1,28 000 000.00,Закупка жилища,Закупка состоялась
81603481-ЗЖ1,243411.700,Проволока (сталь),15826939-1 Приобретение квартиры (дома) по Енбекшиказахскому району,Здание,1,28 000 000.00,Закупка жилища,Закупка состоялась
81603494-ЗЖ1,243411.700,Проволока (сталь),15826939-1 Приобретение квартиры (дома) по Енбекшиказахскому району,Здание,1,28 000 000.00,Закупка жилища,Закупка состоялась
81603739-ЗЖ1,243411.700,Проволока (сталь),15826939-1 Приобретение квартиры (дома) по Енбекшиказахскому району,Здание,1,28 000 000.00,Закупка жилища,Закупка состоялась
81603758-ЗЖ1,243411.700,Проволока (сталь),15826939-1 Приобретение квартиры (дома) по Енбекшиказахскому району,Здание,1,28 000 000.00,Закупка жилища,Закупка состоялась
81603803-ЗЖ1,243411.700,Проволока (сталь),15826939-1 Приобретение квартиры (дома) по Енбекшиказахскому району,Здание,1,28 000 000.00,Закупка жилища,Закупка состоялась
81605387-ЗЦП2,243411.700,Проволока (сталь),15818810-1 Согласно технической характеристики,Автомобиль,3,25 500 000.00,Запрос ценовых предложений,Закупка состоялась
81606063-ЗЦП1,243411.700,Проволока (сталь),15807533-1 Текущий ремонт внутренней отделки на 1 этаже по адресу улица Алимжанова 9,Работы по текущему ремонту жилых зданий/сооружений/помещений,1,23 104 380.00,Запрос ценовых предложений,Закупка состоялась
81609052-ЗЖ1,243411.700,Проволока (сталь),15814026-1 Приобретение 2-х квартирного жилого дома в с.Жанаозен Жарминского района области Абай,Здание,1,37 400 000.00,Закупка жилища,Закупка состоялась
81609090-ЗЖ1,243411.700,Проволока (сталь),15814026-1 Приобретение 2-х квартирного жилого дома в с.Жанаозен Жарминского района области Абай,Здание,1,37 400 000.00,Закупка жилища,Закупка состоялась
81609176-ЗЖ1,243411.700,Проволока (сталь),15799407-1 Приобретение 2-х квартирного жилого дома в городе Шар Жарминского района области Абай,Здание,1,37 400 000.00,Закупка жилища,Закупка состоялась
81609562-ЗЖ1,243411.700,Проволока (сталь),15799407-1 Приобретение 2-х квартирного жилого дома в городе Шар Жарминского района области Абай,Здание,1,37 400 000.00,Закупка жилища,Закупка состоялась
81610666-ЗЖ1,243411.700,Проволока (сталь),15800453-1 Приобретение двухквартирного жилого дома в с. Михайличенково Бородулихинского района области Абай,Здание,1,37 400 000.00,Закупка жилища,Закупка состоялась
81610678-ЗЖ1,243411.700,Проволока (сталь),15800504-1 Приобретение двухквартирного жилого дома в с. Михайличенково Бородулихинского района области Абай,Здание,1,37 400 000.00,Закупка жилища,Закупка состоялась
81612962-КРБС1,243411.700,Проволока (сталь),15812194-1 Инжиниринговые услуги (технический надзор) по объекту «Строительство 30 многоквартирных жилых домов в жилом массиве в конце улицы Аскарова»,Услуги по осуществлению технического надзора в сфере строительной деятельности,1,24 885 354.00,Конкурс с использованием рейтингово-балльной системы,Закупка состоялась
81620156-ЗЖ1,243411.700,Проволока (сталь),15802152-1 Приобретение жилья в с.Мартук Мартукского района Актюбинской области,Здание,1,19 050 000.00,Закупка жилища,Закупка состоялась
81622417-ЗЖ1,243411.700,Проволока (сталь),15826177-1 Приобретение квартиры (дома) по Енбекшиказахскому району,Здание,1,15 050 000.00,Закупка жилища,Закупка состоялась
81622449-ЗЖ1,243411.700,Проволока (сталь),15802124-1 Приобретение жилья в с.Мартук Мартукского района Актюбинской области,Здание,1,19 050 000.00,Закупка жилища,Закупка состоялась
81622456-ЗЖ1,243411.700,Проволока (сталь),15826177-1 Приобретение квартиры (дома) по Енбекшиказахскому району,Здание,1,15 050 000.00,Закупка жилища,Закупка состоялась
81622536-ЗЖ1,243411.700,Проволока (сталь),15802255-1 Приобретение жилья в с.Мартук Мартукского района Актюбинской области,Здание,1,19 050 000.00,Закупка жилища,Закупка состоялась
81622758-ОИ2,243411.700,Проволока (сталь),15834462-1 Приобретение автомобиля для учреждения в соответствии с техническим описанием/,Автомобиль,1,15 888 392.86,Из одного источника по несостоявшимся закупкам,Закупка состоялась
81622883-ЗЖ1,243411.700,Проволока (сталь),15800754-1 Приобретение жилья в Талгарском районе Алматинской области,Здание,1,30 000 000.00,Закупка жилища,Закупка состоялась
81622894-ЗЖ1,243411.700,Проволока (сталь),15800754-1 Приобретение жилья в Талгарском районе Алматинской области,Здание,1,30 000 000.00,Закупка жилища,Закупка состоялась
81622910-ЗЖ1,243411.700,Проволока (сталь),15800754-1 Приобретение жилья в Талгарском районе Алматинской области,Здание,1,30 000 000.00,Закупка жилища,Закупка состоялась
81622921-ЗЖ1,243411.700,Проволока (сталь),15800754-1 Приобретение жилья в Талгарском районе Алматинской области,Здание,1,30 000 000.00,Закупка жилища,Закупка состоялась
81622934-ЗЖ1,243411.700,Проволока (сталь),15800754-1 Приобретение жилья в Талгарском районе Алматинской области,Здание,1,30 000 000.00,Закупка жилища,Закупка состоялась
81622972-ЗЖ1,243411.700,Проволока (сталь),15800754-1 Приобретение жилья в Талгарском районе Алматинской области,Здание,1,30 000 000.00,Закупка жилища,Закупка состоялась
81622987-ЗЖ1,243411.700,Проволока (сталь),15800754-1 Приобретение жилья в Талгарском районе Алматинской области,Здание,1,30 000 000.00,Закупка жилища,Закупка состоялась
81623005-ЗЖ1,243411.700,Проволока (сталь),15800754-1 Приобретение жилья в Талгарском районе Алматинской области,Здание,1,30 000 000.00,Закупка жилища,Закупка состоялась
81623026-ЗЖ1,243411.700,Проволока (сталь),15800754-1 Приобретение жилья в Талгарском районе Алматинской области,Здание,1,30 000 000.00,Закупка жилища,Закупка состоялась
81623039-ЗЖ1,243411.700,Проволока (сталь),15800754-1 Приобретение жилья в Талгарском районе Алматинской области,Здание,1,30 000 000.00,Закупка жилища,Закупка состоялась
81623066-ЗЖ1,243411.700,Проволока (сталь),15800754-1 Приобретение жилья в Талгарском районе Алматинской области,Здание,1,30 000 000.00,Закупка жилища,Закупка состоялась
81623344-ЗЖ1,243411.700,Проволока (сталь),15800754-1 Приобретение жилья в Талгарском районе Алматинской области,Здание,1,30 000 000.00,Закупка жилища,Закупка состоялась
81623355-ЗЖ1,243411.700,Проволока (сталь),15800754-1 Приобретение жилья в Талгарском районе Алматинской области,Здание,1,30 000 000.00,Закупка жилища,Закупка состоялась
81623376-КРБС1,243411.700,Проволока (сталь),"15801752-2 ПСД на капитальный ремонт здания школы КГУ ""Общеобразовательная школа №22"" по адресу: Область Ұлытау, г.Жезказган, ул. Ю.Гагарина, 38",Работы по разработке/расчету/составлению проектно-сметной документации,1,21 492 352.00,Конкурс с использованием рейтингово-балльной системы,Закупка состоялась
81623405-ЗЖ1,243411.700,Проволока (сталь),"15801861-1 Приобретение нового жилья для социально-уязвимых слоев населения в п.Нура Нуринского района, с гарантией в течении 3 лет",Квартира,1,19 957 400.00,Закупка жилища,Закупка состоялась
81623436-ЗЖ1,243411.700,Проволока (сталь),"15801861-1 Приобретение нового жилья для социально-уязвимых слоев населения в п.Нура Нуринского района, с гарантией в течении 3 лет",Квартира,1,19 957 400.00,Закупка жилища,Закупка состоялась
81623491-ЗЖ1,243411.700,Проволока (сталь),"15801861-1 Приобретение нового жилья для социально-уязвимых слоев населения в п.Нура Нуринского района, с гарантией в течении 3 лет",Квартира,1,19 957 400.00,Закупка жилища,Закупка состоялась
81623555-ЗЖ1,243411.700,Проволока (сталь),"15801861-1 Приобретение нового жилья для социально-уязвимых слоев населения в п.Нура Нуринского района, с гарантией в течении 3 лет",Квартира,1,19 957 400.00,Закупка жилища,Закупка состоялась
81625186-ЗЦП1,243411.700,Проволока (сталь),15802231-1 Текущий ремонт (за гравирование) улиц в с/о Иассы Сауранского района,Работы по текущему ремонту автомобильной дороги,1,30 287 384.00,Запрос ценовых предложений,Закупка состоялась
81625276-ЗЖ1,243411.700,Проволока (сталь),15816114-1 Приобретение коммунального жилья для сдачи в аренду социально уязвимым слоям населения в селе Темирбека Жургенова Айтекебийского района Актюбинской области,Здание,1,19 050 000.00,Закупка жилища,Закупка состоялась
81625400-ЗЖ1,243411.700,Проволока (сталь),15816326-1 Приобретение коммунального жилья для сдачи в аренду социально уязвимым слоям населения в селе Карабутак Айтекебийского района Актюбинской области,Здание,1,19 050 000.00,Закупка жилища,Закупка состоялась
81625426-ЗЖ1,243411.700,Проволока (сталь),15816264-1 Приобретение коммунального жилья для сдачи в аренду социально уязвимым слоям населения в селе Карабутак Айтекебийского района Актюбинской области,Здание,1,19 050 000.00,Закупка жилища,Закупка состоялась
81625439-ЗЖ1,243411.700,Проволока (сталь),15816375-1 Приобретение коммунального жилья для сдачи в аренду социально уязвимым слоям населения в селе Карабутак Айтекебийского района Актюбинской области,Здание,1,19 050 000.00,Закупка жилища,Закупка состоялась
81625455-ЗЖ1,243411.700,Проволока (сталь),15816445-1 Приобретение коммунального жилья для сдачи в аренду социально уязвимым слоям населения в селе Карабутак Айтекебийского района Актюбинской области,Здание,1,19 050 000.00,Закупка жилища,Закупка состоялась
81625471-ЗЖ1,243411.700,Проволока (сталь),15816536-1 Приобретение коммунального жилья для сдачи в аренду социально уязвимым слоям населения в селе Карабутак Айтекебийского района Актюбинской области,Здание,1,19 050 000.00,Закупка жилища,Закупка состоялась
81625558-ЗЖ1,243411.700,Проволока (сталь),15816586-1 Приобретение коммунального жилья для сдачи в аренду социально уязвимым слоям населения в селе Карабутак Айтекебийского района Актюбинской области,Здание,1,19 050 000.00,Закупка жилища,Закупка состоялась
81628234-ОК1,243411.700,Проволока (сталь),"15802672-1 Приобретение ""Здания"" в селе Аралтогай Айтекебийского района Актюбинской области",Здание,1,42 000 000.00,Открытый конкурс,Закупка состоялась
81628426-ЗЦП1,243411.700,Проволока (сталь),15801675-1 Работы по проведению работ по получению десорбата из колонн сорбции и реэкстракта из канальных экстракторов и осаждению металлов с получением твердых концентратов.,"Работы по исследованиям и углубленным разработкам в области естественных наук и инженерии, кроме биотехнологий",1,23 000 000.00,Запрос ценовых предложений,Закупка состоялась
81628501-ОК1,243411.700,Проволока (сталь),"15802699-1 Приобретение ""Здания"" в селе Акколь Айтекебийского района Актюбинской области",Здание,1,42 000 000.00,Открытый конкурс,Закупка состоялась
81629642-ЗЦП1,243411.700,Проволока (сталь),15805328-1 Согласно технической характеристики,Услуги по изданию печатных книг,1,18 000 000.00,Запрос ценовых предложений,Закупка состоялась
81630058-ЗЖ1,243411.700,Проволока (сталь),15802894-1 Приобретение квартиры в г.Кульсары,Квартира,1,25 000 000.00,Закупка жилища,Закупка состоялась
81630404-ЗЖ1,243411.700,Проволока (сталь),15806029-1 Приобретение жилого дома (таунхаус) на первичном рынке в п.Агадырь Шетского района Карагандинской области,Здание,1,21 600 000.00,Закупка жилища,Закупка состоялась
81630417-ЗЖ1,243411.700,Проволока (сталь),15806320-1 Приобретение жилого дома (таунхаус) на первичном рынке в п.Агадырь Шетского района Карагандинской области,Здание,1,21 600 000.00,Закупка жилища,Закупка состоялась
81630420-ЗЖ1,243411.700,Проволока (сталь),15806665-1 Приобретение жилого дома (таунхаус) на первичном рынке в п.Агадырь Шетского района Карагандинской области,Здание,1,21 600 000.00,Закупка жилища,Закупка состоялась
81630434-ЗЖ1,243411.700,Проволока (сталь),15807279-1 Приобретение жилого дома (таунхаус) на первичном рынке в п.Агадырь Шетского района Карагандинской области,Здание,1,21 600 000.00,Закупка жилища,Закупка состоялась
81630517-ЗЖ1,243411.700,Проволока (сталь),15807356-1 Приобретение жилого дома (таунхаус) на первичном рынке в п.Агадырь Шетского района Карагандинской области,Здание,1,21 600 000.00,Закупка жилища,Закупка состоялась
81630520-ЗЖ1,243411.700,Проволока (сталь),15806912-1 Приобретение жилого дома (таунхаус) на первичном рынке в п.Агадырь Шетского района Карагандинской области,Здание,1,21 600 000.00,Закупка жилища,Закупка состоялась
81630530-ЗЖ1,243411.700,Проволока (сталь),15806744-1 Приобретение жилого дома (таунхаус) на первичном рынке в п.Агадырь Шетского района Карагандинской области,Здание,1,21 600 000.00,Закупка жилища,Закупка состоялась
81630534-ЗЖ1,243411.700,Проволока (сталь),15806578-1 Приобретение жилого дома (таунхаус) на первичном рынке в п.Агадырь Шетского района Карагандинской области,Здание,1,21 600 000.00,Закупка жилища,Закупка состоялась
81630544-ЗЖ1,243411.700,Проволока (сталь),15806634-1 Приобретение жилого дома (таунхаус) на первичном рынке в п.Агадырь Шетского района Карагандинской области,Здание,1,21 600 000.00,Закупка жилища,Закупка состоялась
81630556-ЗЖ1,243411.700,Проволока (сталь),15806016-1 Приобретение жилого дома (таунхаус) на первичном рынке в п.Агадырь Шетского района Карагандинской области,Здание,1,21 600 000.00,Закупка жилища,Закупка состоялась
81630584-ЗЖ1,243411.700,Проволока (сталь),15806423-1 Приобретение жилого дома (таунхаус) на первичном рынке в п.Агадырь Шетского района Карагандинской области,Здание,1,21 600 000.00,Закупка жилища,Закупка состоялась
81630594-ЗЖ1,243411.700,Проволока (сталь),15806875-1 Приобретение жилого дома (таунхаус) на первичном рынке в п.Агадырь Шетского района Карагандинской области,Здание,1,21 600 000.00,Закупка жилища,Закупка состоялась
81630603-ЗЖ1,243411.700,Проволока (сталь),15806559-1 Приобретение жилого дома (таунхаус) на первичном рынке в п.Агадырь Шетского района Карагандинской области,Здание,1,21 600 000.00,Закупка жилища,Закупка состоялась
81630632-ЗЖ1,243411.700,Проволока (сталь),15806363-1 Приобретение жилого дома (таунхаус) на первичном рынке в п.Агадырь Шетского района Карагандинской области,Здание,1,21 600 000.00,Закупка жилища,Закупка состоялась
81630641-ЗЖ1,243411.700,Проволока (сталь),15806469-1 Приобретение жилого дома (таунхаус) на первичном рынке в п.Агадырь Шетского района Карагандинской области,Здание,1,21 600 000.00,Закупка жилища,Закупка состоялась
81630671-ЗЖ1,243411.700,Проволока (сталь),15806499-1 Приобретение жилого дома (таунхаус) на первичном рынке в п.Агадырь Шетского района Карагандинской области,Здание,1,21 600 000.00,Закупка жилища,Закупка состоялась
81630678-ЗЖ1,243411.700,Проволока (сталь),15806386-1 Приобретение жилого дома (таунхаус) на первичном рынке в п.Агадырь Шетского района Карагандинской области,Здание,1,21 600 000.00,Закупка жилища,Закупка состоялась
81630696-ЗЖ1,243411.700,Проволока (сталь),15807391-1 Приобретение жилого дома (таунхаус) на первичном рынке в п.Агадырь Шетского района Карагандинской области,Здание,1,21 600 000.00,Закупка жилища,Закупка состоялась
81630725-ЗЖ1,243411.700,Проволока (сталь),15807226-1 Приобретение жилого дома (таунхаус) на первичном рынке в п.Агадырь Шетского района Карагандинской области,Здание,1,21 600 000.00,Закупка жилища,Закупка состоялась
81630730-ЗЖ1,243411.700,Проволока (сталь),15806527-1 Приобретение жилого дома (таунхаус) на первичном рынке в п.Агадырь Шетского района Карагандинской области,Здание,1,21 600 000.00,Закупка жилища,Закупка состоялась
81630954-ЗЖ1,243411.700,Проволока (сталь),15806005-1 Приобретение жилого дома (таунхаус) на первичном рынке в п.Агадырь Шетского района Карагандинской области,Здание,1,21 600 000.00,Закупка жилища,Закупка состоялась
81631242-ЗЖ1,243411.700,Проволока (сталь),15805997-1 Приобретение жилого дома (таунхаус) на первичном рынке в п.Агадырь Шетского района Карагандинской области,Здание,1,21 600 000.00,Закупка жилища,Закупка состоялась
81631388-ЗЖ1,243411.700,Проволока (сталь),15807092-1 Приобретение жилого дома (таунхаус) на первичном рынке в п.Агадырь Шетского района Карагандинской области,Здание,1,21 600 000.00,Закупка жилища,Закупка состоялась
81631398-ЗЖ1,243411.700,Проволока (сталь),15807328-1 Приобретение жилого дома (таунхаус) на первичном рынке в п.Агадырь Шетского района Карагандинской области,Здание,1,21 600 000.00,Закупка жилища,Закупка состоялась
81631401-ЗЖ1,243411.700,Проволока (сталь),15806338-1 Приобретение жилого дома (таунхаус) на первичном рынке в п.Агадырь Шетского района Карагандинской области,Здание,1,21 600 000.00,Закупка жилища,Закупка состоялась
81631409-ЗЖ1,243411.700,Проволока (сталь),15806024-1 Приобретение жилого дома (таунхаус) на первичном рынке в п.Агадырь Шетского района Карагандинской области,Здание,1,21 600 000.00,Закупка жилища,Закупка состоялась
81631418-ЗЖ1,243411.700,Проволока (сталь),15806601-1 Приобретение жилого дома (таунхаус) на первичном рынке в п.Агадырь Шетского района Карагандинской области,Здание,1,21 600 000.00,Закупка жилища,Закупка состоялась
81631431-ЗЖ1,243411.700,Проволока (сталь),15806963-1 Приобретение жилого дома (таунхаус) на первичном рынке в п.Агадырь Шетского района Карагандинской области,Здание,1,21 600 000.00,Закупка жилища,Закупка состоялась
81631433-ЗЖ1,243411.700,Проволока (сталь),15807011-1 Приобретение жилого дома (таунхаус) на первичном рынке в п.Агадырь Шетского района Карагандинской области,Здание,1,21 600 000.00,Закупка жилища,Закупка состоялась
81631442-ЗЖ1,243411.700,Проволока (сталь),15807058-1 Приобретение жилого дома (таунхаус) на первичном рынке в п.Агадырь Шетского района Карагандинской области,Здание,1,21 600 000.00,Закупка жилища,Закупка состоялась
81631452-ЗЖ1,243411.700,Проволока (сталь),15806445-1 Приобретение жилого дома (таунхаус) на первичном рынке в п.Агадырь Шетского района Карагандинской области,Здание,1,21 600 000.00,Закупка жилища,Закупка состоялась
81631459-ЗЖ1,243411.700,Проволока (сталь),15806710-1 Приобретение жилого дома (таунхаус) на первичном рынке в п.Агадырь Шетского района Карагандинской области,Здание,1,21 600 000.00,Закупка жилища,Закупка состоялась
81631561-ЗЖ1,243411.700,Проволока (сталь),15819879-1 Приобретение жилого дома на первичном рынке в п.Акжал Шетского района Карагандинской области,Здание,1,18 400 000.00,Закупка жилища,Закупка состоялась
81631607-ЗЖ1,243411.700,Проволока (сталь),15819878-1 Приобретение жилого дома на первичном рынке в п.Акжал Шетского района Карагандинской области,Здание,1,18 400 000.00,Закупка жилища,Закупка состоялась
81631615-ЗЖ1,243411.700,Проволока (сталь),15819860-1 Приобретение жилого дома на первичном рынке в п.Акжал Шетского района Карагандинской области,Здание,1,18 400 000.00,Закупка жилища,Закупка состоялась
81634721-ОК1,243411.700,Проволока (сталь),15802623-1 Приобретение арендного жилья для социально-уязвимых слоев населения в районе Магжана Жумабаева,Здание,1,16 151 500.00,Открытый конкурс,Закупка состоялась
81634725-ОК1,243411.700,Проволока (сталь),15802623-1 Приобретение арендного жилья для социально-уязвимых слоев населения в районе Магжана Жумабаева,Здание,1,16 151 500.00,Открытый конкурс,Закупка состоялась
81634732-ОК1,243411.700,Проволока (сталь),15802623-1 Приобретение арендного жилья для социально-уязвимых слоев населения в районе Магжана Жумабаева,Здание,1,16 151 500.00,Открытый конкурс,Закупка состоялась
81634733-ОК1,243411.700,Проволока (сталь),15802623-1 Приобретение арендного жилья для социально-уязвимых слоев населения в районе Магжана Жумабаева,Здание,1,16 151 500.00,Открытый конкурс,Закупка состоялась
81634980-ЗЖ1,243411.700,Проволока (сталь),15802624-1 Приобретение 2-х квартирного жилого дома в с.Калбатау Жарминского района области Абай,Здание,1,37 400 000.00,Закупка жилища,Закупка состоялась
81635765-ЗЖ1,243411.700,Проволока (сталь),15803546-1 Приобретение 3- комнатную квартиру г. Талдыкорган,Здание,1,24 674 000.00,Закупка жилища,Закупка состоялась
81635781-ЗЖ1,243411.700,Проволока (сталь),15803546-1 Приобретение 3- комнатную квартиру г. Талдыкорган,Здание,1,25 012 000.00,Закупка жилища,Закупка состоялась
81635784-ЗЖ1,243411.700,Проволока (сталь),15803546-1 Приобретение 3- комнатную квартиру г. Талдыкорган,Здание,1,25 012 000.00,Закупка жилища,Закупка состоялась
81635788-ЗЖ1,243411.700,Проволока (сталь),15803546-1 Приобретение 3- комнатную квартиру г. Талдыкорган,Здание,1,25 012 000.00,Закупка жилища,Закупка состоялась
81635792-ЗЖ1,243411.700,Проволока (сталь),15803546-1 Приобретение 3- комнатную квартиру г. Талдыкорган,Здание,1,25 012 000.00,Закупка жилища,Закупка состоялась
81635793-ЗЖ1,243411.700,Проволока (сталь),15803546-1 Приобретение 3- комнатную квартиру г. Талдыкорган,Здание,1,25 012 000.00,Закупка жилища,Закупка состоялась
81635811-ЗЖ1,243411.700,Проволока (сталь),15803546-1 Приобретение 3- комнатную квартиру г. Талдыкорган,Здание,1,25 350 000.00,Закупка жилища,Закупка состоялась
81635813-ЗЖ1,243411.700,Проволока (сталь),15803546-1 Приобретение 3- комнатную квартиру г. Талдыкорган,Здание,1,25 350 000.00,Закупка жилища,Закупка состоялась
81635822-ЗЖ1,243411.700,Проволока (сталь),15803567-1 Приобретение 3- комнатную квартиру г. Талдыкорган,Здание,1,25 688 000.00,Закупка жилища,Закупка состоялась
81635827-ЗЖ1,243411.700,Проволока (сталь),15803567-1 Приобретение 3- комнатную квартиру г. Талдыкорган,Здание,1,25 688 000.00,Закупка жилища,Закупка состоялась
81635829-ЗЖ1,243411.700,Проволока (сталь),15803567-1 Приобретение 3- комнатную квартиру г. Талдыкорган,Здание,1,25 688 000.00,Закупка жилища,Закупка состоялась
81635832-ЗЖ1,243411.700,Проволока (сталь),15803567-1 Приобретение 3- комнатную квартиру г. Талдыкорган,Здание,1,25 688 000.00,Закупка жилища,Закупка состоялась
81635834-ЗЖ1,243411.700,Проволока (сталь),15803567-1 Приобретение 3- комнатную квартиру г. Талдыкорган,Здание,1,25 688 000.00,Закупка жилища,Закупка состоялась
81635837-ЗЖ1,243411.700,Проволока (сталь),15803567-1 Приобретение 3- комнатную квартиру г. Талдыкорган,Здание,1,25 688 000.00,Закупка жилища,Закупка состоялась
81635841-ЗЖ1,243411.700,Проволока (сталь),15803567-1 Приобретение 3- комнатную квартиру г. Талдыкорган,Здание,1,25 688 000.00,Закупка жилища,Закупка состоялась
81635844-ЗЖ1,243411.700,Проволока (сталь),15803567-1 Приобретение 3- комнатную квартиру г. Талдыкорган,Здание,1,25 688 000.00,Закупка жилища,Закупка состоялась
81635853-ЗЖ1,243411.700,Проволока (сталь),15803567-1 Приобретение 3- комнатную квартиру г. Талдыкорган,Здание,1,26 026 000.00,Закупка жилища,Закупка состоялась
81635856-ЗЖ1,243411.700,Проволока (сталь),15803567-1 Приобретение 3- комнатную квартиру г. Талдыкорган,Здание,1,26 026 000.00,Закупка жилища,Закупка состоялась
81635857-ЗЖ1,243411.700,Проволока (сталь),15803567-1 Приобретение 3- комнатную квартиру г. Талдыкорган,Здание,1,26 026 000.00,Закупка жилища,Закупка состоялась
81635864-ЗЖ1,243411.700,Проволока (сталь),15803595-1 Приобретение 2- комнатную квартиру г. Талдыкорган,Квартира,1,17 238 000.00,Закупка жилища,Закупка состоялась
81635865-ЗЖ1,243411.700,Проволока (сталь),15803595-1 Приобретение 2- комнатную квартиру г. Талдыкорган,Квартира,1,17 238 000.00,Закупка жилища,Закупка состоялась
81635866-ЗЖ1,243411.700,Проволока (сталь),15803595-1 Приобретение 2- комнатную квартиру г. Талдыкорган,Квартира,1,17 238 000.00,Закупка жилища,Закупка состоялась
81635868-ЗЖ1,243411.700,Проволока (сталь),15803595-1 Приобретение 2- комнатную квартиру г. Талдыкорган,Квартира,1,17 238 000.00,Закупка жилища,Закупка состоялась
81635870-ЗЖ1,243411.700,Проволока (сталь),15803595-1 Приобретение 2- комнатную квартиру г. Талдыкорган,Квартира,1,17 238 000.00,Закупка жилища,Закупка состоялась
81635873-ЗЖ1,243411.700,Проволока (сталь),15803595-1 Приобретение 2- комнатную квартиру г. Талдыкорган,Квартира,1,17 238 000.00,Закупка жилища,Закупка состоялась
81635875-ЗЖ1,243411.700,Проволока (сталь),15803595-1 Приобретение 2- комнатную квартиру г. Талдыкорган,Квартира,1,17 238 000.00,Закупка жилища,Закупка состоялась
81635878-ЗЖ1,243411.700,Проволока (сталь),15803595-1 Приобретение 2- комнатную квартиру г. Талдыкорган,Квартира,1,17 238 000.00,Закупка жилища,Закупка состоялась
81635881-ЗЖ1,243411.700,Проволока (сталь),15803595-1 Приобретение 2- комнатную квартиру г. Талдыкорган,Квартира,1,17 238 000.00,Закупка жилища,Закупка состоялась
81635882-ЗЖ1,243411.700,Проволока (сталь),15803595-1 Приобретение 2- комнатную квартиру г. Талдыкорган,Квартира,1,17 238 000.00,Закупка жилища,Закупка состоялась
81635883-ЗЖ1,243411.700,Проволока (сталь),15803595-1 Приобретение 2- комнатную квартиру г. Талдыкорган,Квартира,1,17 238 000.00,Закупка жилища,Закупка состоялась
81635885-ЗЖ1,243411.700,Проволока (сталь),15803595-1 Приобретение 2- комнатную квартиру г. Талдыкорган,Квартира,1,17 238 000.00,Закупка жилища,Закупка состоялась
81635962-ЗЖ1,243411.700,Проволока (сталь),15803618-1 Талдықорған қ. 3-бөлмелі үй сатып алу,Здание,1,23 560 000.00,Закупка жилища,Закупка состоялась
81635964-ЗЖ1,243411.700,Проволока (сталь),15803618-1 Талдықорған қ. 3-бөлмелі үй сатып алу,Здание,1,23 560 000.00,Закупка жилища,Закупка состоялась
81635965-ЗЖ1,243411.700,Проволока (сталь),15803618-1 Талдықорған қ. 3-бөлмелі үй сатып алу,Здание,1,23 560 000.00,Закупка жилища,Закупка состоялась
81635968-ЗЖ1,243411.700,Проволока (сталь),15803618-1 Талдықорған қ. 3-бөлмелі үй сатып алу,Здание,1,23 560 000.00,Закупка жилища,Закупка состоялась
81635969-ЗЖ1,243411.700,Проволока (сталь),15803618-1 Талдықорған қ. 3-бөлмелі үй сатып алу,Здание,1,23 560 000.00,Закупка жилища,Закупка состоялась
81635976-ЗЖ1,243411.700,Проволока (сталь),15803623-1 Приобретение 2- комнатную квартиру г. Талдыкорган,Квартира,1,17 914 000.00,Закупка жилища,Закупка состоялась
81638915-ЗЖ1,243411.700,Проволока (сталь),"15803144-1 Приобретение жилого дома или квартиры, 3-х и более комнат, общая площадь от 80 и более в г. Каркаралинск",Квартира,1,26 435 760.00,Закупка жилища,Закупка состоялась
81638933-ЗЖ1,243411.700,Проволока (сталь),"15803157-1 Приобретение жилого дома или квартиры, 3-х и более комнат, общая площадь от 80 и более в г. Каркаралинск",Квартира,1,26 435 760.00,Закупка жилища,Закупка состоялась
81638943-ЗЖ1,243411.700,Проволока (сталь),"15803146-1 Приобретение жилого дома или квартиры, 3-х и более комнат, общая площадь от 80 и более в г. Каркаралинск",Квартира,1,26 435 760.00,Закупка жилища,Закупка состоялась
81638951-ЗЖ1,243411.700,Проволока (сталь),"15803160-1 Приобретение жилого дома или квартиры, 3-х и более комнат, общая площадь от 80 и более в г. Каркаралинск",Квартира,1,26 435 760.00,Закупка жилища,Закупка состоялась
81638964-ЗЖ1,243411.700,Проволока (сталь),"15803125-1 Приобретение жилого дома или квартиры, 3-х и более комнат, общая площадь от 80 и более в г. Каркаралинск",Квартира,1,26 435 760.00,Закупка жилища,Закупка состоялась
81639084-ЗЖ1,243411.700,Проволока (сталь),"15803162-1 Приобретение жилого дома или квартиры, 2-х комнатная, общая площадь от 71,5 кв.м. и более в г. Каркаралинск",Квартира,1,23 626 960.50,Закупка жилища,Закупка состоялась
81639103-ЗЖ2,243411.700,Проволока (сталь),"15848379-1 Приобретение жилого дома или квартиры 1 комнатная, общая площадь от 45,8 и более в г. Каркаралинск",Квартира,1,15 134 472.60,Закупка жилища,Закупка состоялась
81639107-ЗЖ2,243411.700,Проволока (сталь),"15848374-1 Приобретение жилого дома или квартиры 1 комнатная, общая площадь от 45,8 и более в г. Каркаралинск",Квартира,1,15 134 472.60,Закупка жилища,Закупка состоялась
81639111-ЗЖ2,243411.700,Проволока (сталь),"15848380-1 Приобретение жилого дома или квартиры 1 комнатная, общая площадь от 45,8 и более в г. Каркаралинск",Квартира,1,15 134 472.60,Закупка жилища,Закупка состоялась
81639113-ЗЖ2,243411.700,Проволока (сталь),"15848387-1 Приобретение жилого дома или квартиры 1 комнатная, общая площадь от 45,8 и более в г. Каркаралинск",Квартира,1,15 134 472.60,Закупка жилища,Закупка состоялась
81639115-ЗЖ2,243411.700,Проволока (сталь),"15848389-1 Приобретение жилого дома или квартиры 1 комнатная, общая площадь от 45,8 и более в г. Каркаралинск",Квартира,1,15 134 472.60,Закупка жилища,Закупка состоялась
81639119-ЗЖ2,243411.700,Проволока (сталь),"15848377-1 Приобретение жилого дома или квартиры 1 комнатная, общая площадь от 45,8 и более в г. Каркаралинск",Квартира,1,15 134 472.60,Закупка жилища,Закупка состоялась
81639123-ЗЖ2,243411.700,Проволока (сталь),"15848384-1 Приобретение жилого дома или квартиры 1 комнатная, общая площадь от 45,8 и более в г. Каркаралинск",Квартира,1,15 134 472.60,Закупка жилища,Закупка состоялась
81641731-ОК1,243411.700,Проволока (сталь),"15803419-1 Текущий ремонт трансформаторных подстанций, расположенных по улицам Н.Карацупа, Тауелсиздик 20 жыл, Ы.Алтынсарина и Аблайхана в п.Степной, Атбасарского района, Акмолинской области",Работы по текущему ремонту нежилых зданий/сооружений/помещений,1,48 633 048.21,Открытый конкурс,Закупка состоялась
81646674-ЗЦП1,243411.700,Проволока (сталь),15803779-1 государственные закупки работ,Работы по текущему ремонту линий электропередач,1,29 001 192.00,Запрос ценовых предложений,Закупка состоялась
81647613-ЗЖ1,243411.700,Проволока (сталь),15804650-1 Приобретение жилья в селе Кобда Кобдинского района Актюбинской области согласно технической спецификации,Здание,1,26 000 000.00,Закупка жилища,Закупка состоялась
81651785-ЗЖ1,243411.700,Проволока (сталь),15804364-1 Приобретение жилья (приобретение жильяҚ,Здание,1,16 800 000.00,Закупка жилища,Закупка состоялась
81661032-ЗЖ1,243411.700,Проволока (сталь),15805784-1 Приобретение жилого дома,Квартира,1,20 000 000.00,Закупка жилища,Закупка состоялась
81661058-ЗЖ1,243411.700,Проволока (сталь),15805792-1 Приобретение жилого дома,Квартира,1,20 000 000.00,Закупка жилища,Закупка состоялась
81663419-ЗЖ1,243411.700,Проволока (сталь),15839105-1 Приобретение жилого дома в Таскалинском районе п Атамекен ЗКО,Здание,1,15 000 000.00,Закупка жилища,Закупка состоялась
81663790-ЗЖ1,243411.700,Проволока (сталь),15809989-1 Приобретение квартиры не менее 85 кв м в селе Приречное Приречного сельского округа района Жанасемей области Абай,Квартира,1,18 700 000.00,Закупка жилища,Закупка состоялась
81663943-ЗЖ1,243411.700,Проволока (сталь),15809989-1 Приобретение квартиры не менее 85 кв м в селе Приречное Приречного сельского округа района Жанасемей области Абай,Квартира,1,18 700 000.00,Закупка жилища,Закупка состоялась
81663961-ЗЖ1,243411.700,Проволока (сталь),15809989-1 Приобретение квартиры не менее 85 кв м в селе Приречное Приречного сельского округа района Жанасемей области Абай,Квартира,1,18 700 000.00,Закупка жилища,Закупка состоялась
81663983-ЗЖ1,243411.700,Проволока (сталь),15809989-1 Приобретение квартиры не менее 85 кв м в селе Приречное Приречного сельского округа района Жанасемей области Абай,Квартира,1,18 700 000.00,Закупка жилища,Закупка состоялась
81665104-ЗЖ1,243411.700,Проволока (сталь),15806286-1 Приобретение квартиры не менее 85 кв м в селе Новобаженово Новобаженовского сельского округа района Жанасемей области Абай,Квартира,1,18 700 000.00,Закупка жилища,Закупка состоялась
81665141-ЗЖ1,243411.700,Проволока (сталь),15806286-1 Приобретение квартиры не менее 85 кв м в селе Новобаженово Новобаженовского сельского округа района Жанасемей области Абай,Квартира,1,18 700 000.00,Закупка жилища,Закупка состоялась
81665151-ЗЖ1,243411.700,Проволока (сталь),15806286-1 Приобретение квартиры не менее 85 кв м в селе Новобаженово Новобаженовского сельского округа района Жанасемей области Абай,Квартира,1,18 700 000.00,Закупка жилища,Закупка состоялась
81665162-ЗЖ1,243411.700,Проволока (сталь),15806286-1 Приобретение квартиры не менее 85 кв м в селе Новобаженово Новобаженовского сельского округа района Жанасемей области Абай,Квартира,1,18 700 000.00,Закупка жилища,Закупка состоялась
81665227-ЗЖ1,243411.700,Проволока (сталь),15810118-1 Приобретение квартиры не менее 85 кв м в селе Чекоман Достыкского сельского округа района Жанасемей области Абай,Квартира,1,18 700 000.00,Закупка жилища,Закупка состоялась
81665235-ЗЖ1,243411.700,Проволока (сталь),15810118-1 Приобретение квартиры не менее 85 кв м в селе Чекоман Достыкского сельского округа района Жанасемей области Абай,Квартира,1,18 700 000.00,Закупка жилища,Закупка состоялась
81665249-ЗЖ1,243411.700,Проволока (сталь),15810074-1 Приобретение квартиры не менее 85 кв м в селе Чекоман Достыкского сельского округа района Жанасемей области Абай,Квартира,1,18 700 000.00,Закупка жилища,Закупка состоялась
81665257-ЗЖ1,243411.700,Проволока (сталь),15810074-1 Приобретение квартиры не менее 85 кв м в селе Чекоман Достыкского сельского округа района Жанасемей области Абай,Квартира,1,18 700 000.00,Закупка жилища,Закупка состоялась
81665266-ЗЖ1,243411.700,Проволока (сталь),15810074-1 Приобретение квартиры не менее 85 кв м в селе Чекоман Достыкского сельского округа района Жанасемей области Абай,Квартира,1,18 700 000.00,Закупка жилища,Закупка состоялась
81665279-ЗЖ1,243411.700,Проволока (сталь),15810074-1 Приобретение квартиры не менее 85 кв м в селе Чекоман Достыкского сельского округа района Жанасемей области Абай,Квартира,1,18 700 000.00,Закупка жилища,Закупка состоялась
81666558-ЗЖ1,243411.700,Проволока (сталь),15810828-1 Приобретение квартиры для Жанасемейского района области Абай,Квартира,1,20 000 000.00,Закупка жилища,Закупка состоялась
81666577-ЗЖ1,243411.700,Проволока (сталь),15810828-1 Приобретение квартиры для Жанасемейского района области Абай,Квартира,1,25 000 000.00,Закупка жилища,Закупка состоялась
81666597-ЗЖ1,243411.700,Проволока (сталь),15810828-1 Приобретение квартиры для Жанасемейского района области Абай,Квартира,1,25 000 000.00,Закупка жилища,Закупка состоялась
81666614-ЗЖ1,243411.700,Проволока (сталь),15817490-1 Приобретение квартиры для Жанасемейского района области Абай,Квартира,1,57 000 000.00,Закупка жилища,Закупка состоялась
81679478-ОК1,243411.700,Проволока (сталь),"15807549-3 Комбинированная иммуноферментная тест-система для одновременного выявления антигена ВИЧ и выявления сероконверсии к вирусу иммунодефицита человека 1 типа (ВИЧ-1, ВИЧ-1 группы O) и к ВИЧ 2 типа в сыворотке и плазме крови человека методом иммуноферментного анализа",Набор реагентов,100,30 000 000.00,Открытый конкурс,Закупка состоялась
81682536-ЗЖ1,243411.700,Проволока (сталь),15807725-1 Приобретение дома (квартиры) для социально -уязвимым слоям населения в Сарканском районе области Жетісу.,Здание,1,21 676 000.00,Закупка жилища,Закупка состоялась
81682557-ЗЖ1,243411.700,Проволока (сталь),15807725-1 Приобретение дома (квартиры) для социально -уязвимым слоям населения в Сарканском районе области Жетісу.,Здание,1,21 676 000.00,Закупка жилища,Закупка состоялась
81683414-ЗЦП2,243411.700,Проволока (сталь),15835805-1 Приобретение нового служебного автомобиля класса С,Автомобиль,1,16 690 000.00,Запрос ценовых предложений,Закупка состоялась
81683537-ЗЖ1,243411.700,Проволока (сталь),15830712-1 Приобретение жилья в с.Родниковка Мартукского района Актюбинской области,Здание,1,19 050 000.00,Закупка жилища,Закупка состоялась
81683569-ЗЖ1,243411.700,Проволока (сталь),15830782-1 Приобретение жилья в с.Родниковка Мартукского района Актюбинской области,Здание,1,19 050 000.00,Закупка жилища,Закупка состоялась
81683593-ЗЖ1,243411.700,Проволока (сталь),15830723-1 Приобретение жилья в с.Родниковка Мартукского района Актюбинской области,Здание,1,19 050 000.00,Закупка жилища,Закупка состоялась
81683618-ЗЖ1,243411.700,Проволока (сталь),15830669-1 Приобретение жилья в с.Родниковка Мартукского района Актюбинской области,Здание,1,19 050 000.00,Закупка жилища,Закупка состоялась
81683629-ЗЖ1,243411.700,Проволока (сталь),15830751-1 Приобретение жилья в с.Родниковка Мартукского района Актюбинской области,Здание,1,19 050 000.00,Закупка жилища,Закупка состоялась
81683664-ЗЖ1,243411.700,Проволока (сталь),15830795-1 Приобретение жилья в с.Родниковка Мартукского района Актюбинской области,Здание,1,19 050 000.00,Закупка жилища,Закупка состоялась
81683678-ЗЖ1,243411.700,Проволока (сталь),15830771-1 Приобретение жилья в с.Родниковка Мартукского района Актюбинской области,Здание,1,19 050 000.00,Закупка жилища,Закупка состоялась
81683695-ЗЖ1,243411.700,Проволока (сталь),15830730-1 Приобретение жилья в с.Родниковка Мартукского района Актюбинской области,Здание,1,19 050 000.00,Закупка жилища,Закупка состоялась
81685933-ЗЖ1,243411.700,Проволока (сталь),15818334-1 Приобретение жилья в с.Родниковка Мартукского района Актюбинской области,Здание,1,19 050 000.00,Закупка жилища,Закупка состоялась
81686158-ЗЖ1,243411.700,Проволока (сталь),15818448-1 Приобретение жилья в с.Родниковка Мартукского района Актюбинской области,Здание,1,19 050 000.00,Закупка жилища,Закупка состоялась
81687402-ЗЖ1,243411.700,Проволока (сталь),15818382-1 Приобретение жилья в с.Родниковка Мартукского района Актюбинской области,Здание,1,19 050 000.00,Закупка жилища,Закупка состоялась
81687894-ЗЖ1,243411.700,Проволока (сталь),15818629-1 Приобретение жилья в с.Родниковка Мартукского района Актюбинской области,Здание,1,19 050 000.00,Закупка жилища,Закупка состоялась
81690967-ЗЖ1,243411.700,Проволока (сталь),15807854-1 приобретение квартиры в двухквартирном частном доме в с.Рубежинское района Бәйтерек ЗКО,Здание,1,19 820 599.00,Закупка жилища,Закупка состоялась
81691177-ЗЖ1,243411.700,Проволока (сталь),15807854-1 приобретение квартиры в двухквартирном частном доме в с.Рубежинское района Бәйтерек ЗКО,Здание,1,19 820 599.00,Закупка жилища,Закупка состоялась
81691283-ЗЖ1,243411.700,Проволока (сталь),15807854-1 приобретение квартиры в двухквартирном частном доме в с.Рубежинское района Бәйтерек ЗКО,Здание,1,19 820 599.00,Закупка жилища,Закупка состоялась
81691474-ЗЖ1,243411.700,Проволока (сталь),15807854-1 приобретение квартиры в двухквартирном частном доме в с.Рубежинское района Бәйтерек ЗКО,Здание,1,19 820 599.00,Закупка жилища,Закупка состоялась
81692080-ЗЖ1,243411.700,Проволока (сталь),15807984-1 Приобретение жилья коммунального жилищного фонда для социально уязвимых слоев населения,Здание,1,16 151 000.00,Закупка жилища,Закупка состоялась
81692214-ЗЖ1,243411.700,Проволока (сталь),15807984-1 Приобретение жилья коммунального жилищного фонда для социально уязвимых слоев населения,Здание,1,32 302 000.00,Закупка жилища,Закупка состоялась
81695699-ЗЖ1,243411.700,Проволока (сталь),15808092-1 приобретение квартиры в двухквартирном частном доме в с.Рубежинское района Бәйтерек ЗКО,Здание,1,19 820 599.00,Закупка жилища,Закупка состоялась
81695714-ЗЖ1,243411.700,Проволока (сталь),15808092-1 приобретение квартиры в двухквартирном частном доме в с.Рубежинское района Бәйтерек ЗКО,Здание,1,19 820 599.00,Закупка жилища,Закупка состоялась
81698262-ЗЖ1,243411.700,Проволока (сталь),15810865-1 Приобретение жилого дома площадью не менее 85 кв.м в селе Саржал Абайского района области Абай,Здание,1,18 700 000.00,Закупка жилища,Закупка состоялась
81698281-ЗЖ1,243411.700,Проволока (сталь),15810865-1 Приобретение жилого дома площадью не менее 85 кв.м в селе Саржал Абайского района области Абай,Здание,1,18 700 000.00,Закупка жилища,Закупка состоялась
81698286-ЗЖ1,243411.700,Проволока (сталь),15810865-1 Приобретение жилого дома площадью не менее 85 кв.м в селе Саржал Абайского района области Абай,Здание,1,18 700 000.00,Закупка жилища,Закупка состоялась
81698290-ЗЖ1,243411.700,Проволока (сталь),15810865-1 Приобретение жилого дома площадью не менее 85 кв.м в селе Саржал Абайского района области Абай,Здание,1,18 700 000.00,Закупка жилища,Закупка состоялась
81709364-ОК1,243411.700,Проволока (сталь),"15809728-1 Приобретение арендного жилья для нуждающихся граждан без права выкупа для ГУ ""Бейнеуский районный отдел жилищно-коммунального хозяйства, пассажирского транспорта и автомобильных дорог""",Квартира,1,16 000 000.00,Открытый конкурс,Закупка состоялась
81709369-ОК1,243411.700,Проволока (сталь),"15810058-1 Приобретение арендного жилья для нуждающихся граждан без права выкупа для ГУ ""Бейнеуский районный отдел жилищно-коммунального хозяйства, пассажирского транспорта и автомобильных дорог""",Квартира,1,16 000 000.00,Открытый конкурс,Закупка состоялась
81709373-ОК1,243411.700,Проволока (сталь),"15809933-1 Приобретение арендного жилья для нуждающихся граждан без права выкупа для ГУ ""Бейнеуский районный отдел жилищно-коммунального хозяйства, пассажирского транспорта и автомобильных дорог""",Квартира,1,16 000 000.00,Открытый конкурс,Закупка состоялась
81709380-ОК1,243411.700,Проволока (сталь),"15810480-1 Приобретение арендного жилья для нуждающихся граждан без права выкупа для ГУ ""Бейнеуский районный отдел жилищно-коммунального хозяйства, пассажирского транспорта и автомобильных дорог""",Квартира,1,16 000 000.00,Открытый конкурс,Закупка состоялась
81709388-ОК1,243411.700,Проволока (сталь),"15810464-1 Приобретение арендного жилья для нуждающихся граждан без права выкупа для ГУ ""Бейнеуский районный отдел жилищно-коммунального хозяйства, пассажирского транспорта и автомобильных дорог""",Квартира,1,16 000 000.00,Открытый конкурс,Закупка состоялась
81709396-ОК1,243411.700,Проволока (сталь),"15810314-1 Приобретение арендного жилья для нуждающихся граждан без права выкупа для ГУ ""Бейнеуский районный отдел жилищно-коммунального хозяйства, пассажирского транспорта и автомобильных дорог""",Квартира,1,16 000 000.00,Открытый конкурс,Закупка состоялась
81713229-ЗЦП3,243411.700,Проволока (сталь),15842736-1 Закуп легкового автомобиля,Автомобиль,1,17 000 000.00,Запрос ценовых предложений,Закупка состоялась
81713449-ЗЖ1,243411.700,Проволока (сталь),15810830-1 Приобретение жилья в селе Кобда Кобдинского района Актюбинской области согласно технической спецификации,Здание,1,19 050 200.00,Закупка жилища,Закупка состоялась
81713456-ЗЖ1,243411.700,Проволока (сталь),15810830-1 Приобретение жилья в селе Кобда Кобдинского района Актюбинской области согласно технической спецификации,Здание,1,19 050 200.00,Закупка жилища,Закупка состоялась
81713464-ЗЖ1,243411.700,Проволока (сталь),15810830-1 Приобретение жилья в селе Кобда Кобдинского района Актюбинской области согласно технической спецификации,Здание,1,19 050 200.00,Закупка жилища,Закупка состоялась
81713473-ЗЖ1,243411.700,Проволока (сталь),15810830-1 Приобретение жилья в селе Кобда Кобдинского района Актюбинской области согласно технической спецификации,Здание,1,19 050 200.00,Закупка жилища,Закупка состоялась
81714499-ЗЖ1,243411.700,Проволока (сталь),15809636-1 Приобретение жилья в Талгарском районе Алматинской области,Здание,1,29 000 000.00,Закупка жилища,Закупка состоялась
81714520-ЗЖ1,243411.700,Проволока (сталь),15809636-1 Приобретение жилья в Талгарском районе Алматинской области,Здание,1,29 000 000.00,Закупка жилища,Закупка состоялась
81714645-ЗЖ1,243411.700,Проволока (сталь),15809636-1 Приобретение жилья в Талгарском районе Алматинской области,Здание,1,29 000 000.00,Закупка жилища,Закупка состоялась
81714662-ЗЖ1,243411.700,Проволока (сталь),15809636-1 Приобретение жилья в Талгарском районе Алматинской области,Здание,1,29 000 000.00,Закупка жилища,Закупка состоялась
81714853-ЗЖ1,243411.700,Проволока (сталь),15812130-1 Приобретение недвижимости для социально уязвимых слоев населения (СУСН) в Карабалыкском районе Костанайской области,Здание,1,21 035 000.00,Закупка жилища,Закупка состоялась
81714925-ЗЖ1,243411.700,Проволока (сталь),15809636-1 Приобретение жилья в Талгарском районе Алматинской области,Здание,1,29 000 000.00,Закупка жилища,Закупка состоялась
81714936-ЗЖ1,243411.700,Проволока (сталь),15809636-1 Приобретение жилья в Талгарском районе Алматинской области,Здание,1,29 000 000.00,Закупка жилища,Закупка состоялась
81714951-ЗЖ1,243411.700,Проволока (сталь),15809636-1 Приобретение жилья в Талгарском районе Алматинской области,Здание,1,29 000 000.00,Закупка жилища,Закупка состоялась
81714958-ЗЖ1,243411.700,Проволока (сталь),15809636-1 Приобретение жилья в Талгарском районе Алматинской области,Здание,1,29 000 000.00,Закупка жилища,Закупка состоялась
81714968-ЗЖ1,243411.700,Проволока (сталь),15809636-1 Приобретение жилья в Талгарском районе Алматинской области,Здание,1,29 000 000.00,Закупка жилища,Закупка состоялась
81715009-ЗЖ1,243411.700,Проволока (сталь),15809636-1 Приобретение жилья в Талгарском районе Алматинской области,Здание,1,29 000 000.00,Закупка жилища,Закупка состоялась
81715021-ЗЖ1,243411.700,Проволока (сталь),15809636-1 Приобретение жилья в Талгарском районе Алматинской области,Здание,1,29 000 000.00,Закупка жилища,Закупка состоялась
81715035-ЗЖ1,243411.700,Проволока (сталь),15809636-1 Приобретение жилья в Талгарском районе Алматинской области,Здание,1,29 000 000.00,Закупка жилища,Закупка состоялась
81715333-ЗЖ1,243411.700,Проволока (сталь),15809636-1 Приобретение жилья в Талгарском районе Алматинской области,Здание,1,29 000 000.00,Закупка жилища,Закупка состоялась
81715340-ЗЖ1,243411.700,Проволока (сталь),15809636-1 Приобретение жилья в Талгарском районе Алматинской области,Здание,1,29 000 000.00,Закупка жилища,Закупка состоялась
81715352-ЗЖ1,243411.700,Проволока (сталь),15809636-1 Приобретение жилья в Талгарском районе Алматинской области,Здание,1,29 000 000.00,Закупка жилища,Закупка состоялась
81715509-ЗЖ1,243411.700,Проволока (сталь),15809636-1 Приобретение жилья в Талгарском районе Алматинской области,Здание,1,29 000 000.00,Закупка жилища,Закупка состоялась
81715529-ЗЖ1,243411.700,Проволока (сталь),15809636-1 Приобретение жилья в Талгарском районе Алматинской области,Здание,1,29 000 000.00,Закупка жилища,Закупка состоялась
81715547-ЗЖ1,243411.700,Проволока (сталь),15809636-1 Приобретение жилья в Талгарском районе Алматинской области,Здание,1,29 000 000.00,Закупка жилища,Закупка состоялась
81715560-ЗЖ1,243411.700,Проволока (сталь),15809636-1 Приобретение жилья в Талгарском районе Алматинской области,Здание,1,29 000 000.00,Закупка жилища,Закупка состоялась
81715570-ЗЖ1,243411.700,Проволока (сталь),15809636-1 Приобретение жилья в Талгарском районе Алматинской области,Здание,1,29 000 000.00,Закупка жилища,Закупка состоялась
81715593-ЗЖ1,243411.700,Проволока (сталь),15809636-1 Приобретение жилья в Талгарском районе Алматинской области,Здание,1,29 000 000.00,Закупка жилища,Закупка состоялась
81715605-ЗЖ1,243411.700,Проволока (сталь),15809636-1 Приобретение жилья в Талгарском районе Алматинской области,Здание,1,29 000 000.00,Закупка жилища,Закупка состоялась
81715622-ЗЖ1,243411.700,Проволока (сталь),15809636-1 Приобретение жилья в Талгарском районе Алматинской области,Здание,1,29 000 000.00,Закупка жилища,Закупка состоялась
81715634-ЗЖ1,243411.700,Проволока (сталь),15809636-1 Приобретение жилья в Талгарском районе Алматинской области,Здание,1,29 000 000.00,Закупка жилища,Закупка состоялась
81717139-ЗЖ1,243411.700,Проволока (сталь),15810492-1 Приобретение квартир в селе Теренколь,Квартира,1,15 863 000.00,Закупка жилища,Закупка состоялась
81717155-ЗЖ1,243411.700,Проволока (сталь),15810492-1 Приобретение квартир в селе Теренколь,Квартира,1,15 863 000.00,Закупка жилища,Закупка состоялась
81720536-ЗЖ1,243411.700,Проволока (сталь),15814156-1 Приобретение в коммунальный жилищный фонд квартиру/жилой дом в селе Мамырсу Аягозского района области Абай,Квартира,1,18 700 000.00,Закупка жилища,Закупка состоялась
81720578-ЗЖ1,243411.700,Проволока (сталь),15814137-1 Приобретение в коммунальный жилищный фонд квартиру/жилой дом в селе Мамырсу Аягозского района области Абай,Квартира,1,18 700 000.00,Закупка жилища,Закупка состоялась
81720655-ЗЖ1,243411.700,Проволока (сталь),15814162-1 Приобретение в коммунальный жилищный фонд квартиру/жилой дом в селе Мамырсу Аягозского района области Абай,Квартира,1,18 700 000.00,Закупка жилища,Закупка состоялась
81720670-ЗЖ1,243411.700,Проволока (сталь),15814169-1 Приобретение в коммунальный жилищный фонд квартиру/жилой дом в селе Мамырсу Аягозского района области Абай,Квартира,1,18 700 000.00,Закупка жилища,Закупка состоялась
81720692-ЗЖ1,243411.700,Проволока (сталь),15814179-1 Приобретение в коммунальный жилищный фонд квартиру/жилой дом в селе Мамырсу Аягозского района области Абай,Квартира,1,18 700 000.00,Закупка жилища,Закупка состоялась
81720700-ЗЖ1,243411.700,Проволока (сталь),15814109-1 Приобретение в коммунальный жилищный фонд квартиру/жилой дом в селе Мамырсу Аягозского района области Абай,Квартира,1,18 700 000.00,Закупка жилища,Закупка состоялась
81720713-ЗЖ1,243411.700,Проволока (сталь),15814156-1 Приобретение в коммунальный жилищный фонд квартиру/жилой дом в селе Мамырсу Аягозского района области Абай,Квартира,1,18 700 000.00,Закупка жилища,Закупка состоялась
81720724-ЗЖ1,243411.700,Проволока (сталь),15814137-1 Приобретение в коммунальный жилищный фонд квартиру/жилой дом в селе Мамырсу Аягозского района области Абай,Квартира,1,18 700 000.00,Закупка жилища,Закупка состоялась
81720755-ЗЖ1,243411.700,Проволока (сталь),15814109-1 Приобретение в коммунальный жилищный фонд квартиру/жилой дом в селе Мамырсу Аягозского района области Абай,Квартира,1,18 700 000.00,Закупка жилища,Закупка состоялась
81720770-ЗЖ1,243411.700,Проволока (сталь),15814162-1 Приобретение в коммунальный жилищный фонд квартиру/жилой дом в селе Мамырсу Аягозского района области Абай,Квартира,1,18 700 000.00,Закупка жилища,Закупка состоялась
81720781-ЗЖ1,243411.700,Проволока (сталь),15814172-1 Приобретение в коммунальный жилищный фонд квартиру/жилой дом в селе Мамырсу Аягозского района области Абай,Квартира,1,18 700 000.00,Закупка жилища,Закупка состоялась
81720808-ЗЖ1,243411.700,Проволока (сталь),15814172-1 Приобретение в коммунальный жилищный фонд квартиру/жилой дом в селе Мамырсу Аягозского района области Абай,Квартира,1,18 700 000.00,Закупка жилища,Закупка состоялась
81720850-ЗЖ1,243411.700,Проволока (сталь),15814132-1 Приобретение в коммунальный жилищный фонд квартиру/жилой дом в селе Мамырсу Аягозского района области Абай,Квартира,1,18 700 000.00,Закупка жилища,Закупка состоялась
81720867-ЗЖ1,243411.700,Проволока (сталь),15814169-1 Приобретение в коммунальный жилищный фонд квартиру/жилой дом в селе Мамырсу Аягозского района области Абай,Квартира,1,18 700 000.00,Закупка жилища,Закупка состоялась
81720877-ЗЖ1,243411.700,Проволока (сталь),15814159-1 Приобретение в коммунальный жилищный фонд квартиру/жилой дом в селе Мамырсу Аягозского района области Абай,Квартира,1,18 700 000.00,Закупка жилища,Закупка состоялась
81721024-ЗЖ1,243411.700,Проволока (сталь),15814149-1 Приобретение в коммунальный жилищный фонд квартиру/жилой дом в селе Мамырсу Аягозского района области Абай,Квартира,1,18 700 000.00,Закупка жилища,Закупка состоялась
81721040-ЗЖ1,243411.700,Проволока (сталь),15814132-1 Приобретение в коммунальный жилищный фонд квартиру/жилой дом в селе Мамырсу Аягозского района области Абай,Квартира,1,18 700 000.00,Закупка жилища,Закупка состоялась
81721173-ЗЖ1,243411.700,Проволока (сталь),15814159-1 Приобретение в коммунальный жилищный фонд квартиру/жилой дом в селе Мамырсу Аягозского района области Абай,Квартира,1,18 700 000.00,Закупка жилища,Закупка состоялась
81721202-ЗЖ1,243411.700,Проволока (сталь),15814149-1 Приобретение в коммунальный жилищный фонд квартиру/жилой дом в селе Мамырсу Аягозского района области Абай,Квартира,1,18 700 000.00,Закупка жилища,Закупка состоялась
81721247-ЗЖ1,243411.700,Проволока (сталь),15814179-1 Приобретение в коммунальный жилищный фонд квартиру/жилой дом в селе Мамырсу Аягозского района области Абай,Квартира,1,18 700 000.00,Закупка жилища,Закупка состоялась
81722106-ЗЖ1,243411.700,Проволока (сталь),15816347-1 Приобретение в коммунальный жилищный фонд квартиру/жилой дом в городе Аягоз Аягозского района области Абай,Квартира,1,18 700 000.00,Закупка жилища,Закупка состоялась
81722153-ЗЖ1,243411.700,Проволока (сталь),15816028-1 Приобретение в коммунальный жилищный фонд квартиру/жилой дом в городе Аягоз Аягозского района области Абай,Квартира,1,18 700 000.00,Закупка жилища,Закупка состоялась
81722168-ЗЖ1,243411.700,Проволока (сталь),15816460-1 Приобретение в коммунальный жилищный фонд квартиру/жилой дом в городе Аягоз Аягозского района области Абай,Квартира,1,18 700 000.00,Закупка жилища,Закупка состоялась
81722241-ЗЖ1,243411.700,Проволока (сталь),15815775-1 Приобретение в коммунальный жилищный фонд квартиру/жилой дом в городе Аягоз Аягозского района области Абай,Квартира,1,18 700 000.00,Закупка жилища,Закупка состоялась
81722281-ЗЖ1,243411.700,Проволока (сталь),15816520-1 Приобретение в коммунальный жилищный фонд квартиру/жилой дом в городе Аягоз Аягозского района области Абай,Квартира,1,18 700 000.00,Закупка жилища,Закупка состоялась
81722318-ЗЖ1,243411.700,Проволока (сталь),15816520-1 Приобретение в коммунальный жилищный фонд квартиру/жилой дом в городе Аягоз Аягозского района области Абай,Квартира,1,18 700 000.00,Закупка жилища,Закупка состоялась
81722664-ЗЖ1,243411.700,Проволока (сталь),15816174-1 Приобретение в коммунальный жилищный фонд квартиру/жилой дом в городе Аягоз Аягозского района области Абай,Квартира,1,18 700 000.00,Закупка жилища,Закупка состоялась
81722811-ЗЖ1,243411.700,Проволока (сталь),15816271-1 Приобретение в коммунальный жилищный фонд квартиру/жилой дом в городе Аягоз Аягозского района области Абай,Квартира,1,18 700 000.00,Закупка жилища,Закупка состоялась
81722826-ЗЖ1,243411.700,Проволока (сталь),15816460-1 Приобретение в коммунальный жилищный фонд квартиру/жилой дом в городе Аягоз Аягозского района области Абай,Квартира,1,18 700 000.00,Закупка жилища,Закупка состоялась
81722847-ЗЖ1,243411.700,Проволока (сталь),15816614-1 Приобретение в коммунальный жилищный фонд квартиру/жилой дом в городе Аягоз Аягозского района области Абай,Квартира,1,18 700 000.00,Закупка жилища,Закупка состоялась
81722865-ЗЖ1,243411.700,Проволока (сталь),15816028-1 Приобретение в коммунальный жилищный фонд квартиру/жилой дом в городе Аягоз Аягозского района области Абай,Квартира,1,18 700 000.00,Закупка жилища,Закупка состоялась
81722882-ЗЖ1,243411.700,Проволока (сталь),15816673-1 Приобретение в коммунальный жилищный фонд квартиру/жилой дом в городе Аягоз Аягозского района области Абай,Квартира,1,18 700 000.00,Закупка жилища,Закупка состоялась
81722921-ЗЖ1,243411.700,Проволока (сталь),15815737-1 Приобретение в коммунальный жилищный фонд квартиру/жилой дом в городе Аягоз Аягозского района области Абай,Квартира,1,18 700 000.00,Закупка жилища,Закупка состоялась
81722942-ЗЖ1,243411.700,Проволока (сталь),15816698-1 Приобретение в коммунальный жилищный фонд квартиру/жилой дом в городе Аягоз Аягозского района области Абай,Квартира,1,18 700 000.00,Закупка жилища,Закупка состоялась
81723125-ЗЖ1,243411.700,Проволока (сталь),15816614-1 Приобретение в коммунальный жилищный фонд квартиру/жилой дом в городе Аягоз Аягозского района области Абай,Квартира,1,18 700 000.00,Закупка жилища,Закупка состоялась
81723553-ЗЖ1,243411.700,Проволока (сталь),15816271-1 Приобретение в коммунальный жилищный фонд квартиру/жилой дом в городе Аягоз Аягозского района области Абай,Квартира,1,18 700 000.00,Закупка жилища,Закупка состоялась
81723870-ЗЖ1,243411.700,Проволока (сталь),15816574-1 Приобретение в коммунальный жилищный фонд квартиру/жилой дом в городе Аягоз Аягозского района области Абай,Квартира,1,18 700 000.00,Закупка жилища,Закупка состоялась
81724341-ЗЖ1,243411.700,Проволока (сталь),15822934-1 Приобретение жилья в с.Каратогай Мартукского района Актюбинской области,Здание,1,19 050 000.00,Закупка жилища,Закупка состоялась
81724354-ЗЖ1,243411.700,Проволока (сталь),15822828-1 Приобретение жилья в с.Каратогай Мартукского района Актюбинской области,Здание,1,19 050 000.00,Закупка жилища,Закупка состоялась
81724372-ЗЖ1,243411.700,Проволока (сталь),15822742-1 Приобретение жилья в с.Каратогай Мартукского района Актюбинской области,Здание,1,19 050 000.00,Закупка жилища,Закупка состоялась
81724386-ЗЖ1,243411.700,Проволока (сталь),15822712-1 Приобретение жилья в с.Каратогай Мартукского района Актюбинской области,Здание,1,19 050 000.00,Закупка жилища,Закупка состоялась
81724403-ЗЖ1,243411.700,Проволока (сталь),15822665-1 Приобретение жилья в с.Каратогай Мартукского района Актюбинской области,Здание,1,19 050 000.00,Закупка жилища,Закупка состоялась
81724413-ЗЖ1,243411.700,Проволока (сталь),15822551-1 Приобретение жилья в с.Каратогай Мартукского района Актюбинской области,Здание,1,19 050 000.00,Закупка жилища,Закупка состоялась
81724424-ЗЖ1,243411.700,Проволока (сталь),15822893-1 Приобретение жилья в с.Каратогай Мартукского района Актюбинской области,Здание,1,19 050 000.00,Закупка жилища,Закупка состоялась
81724436-ЗЖ1,243411.700,Проволока (сталь),15822791-1 Приобретение жилья в с.Каратогай Мартукского района Актюбинской области,Здание,1,19 050 000.00,Закупка жилища,Закупка состоялась
81724451-ЗЖ1,243411.700,Проволока (сталь),15818149-1 Приобретение жилья в с.Каратогай Мартукского района Актюбинской области,Здание,1,19 050 000.00,Закупка жилища,Закупка состоялась
81724457-ЗЖ1,243411.700,Проволока (сталь),15818045-1 Приобретение жилья в с.Каратогай Мартукского района Актюбинской области,Здание,1,19 050 000.00,Закупка жилища,Закупка состоялась
81724478-ЗЖ1,243411.700,Проволока (сталь),15817206-1 Приобретение жилья в с.Каратогай Мартукского района Актюбинской области,Здание,1,19 050 000.00,Закупка жилища,Закупка состоялась
81724495-ЗЖ1,243411.700,Проволока (сталь),15817513-1 Приобретение жилья в с.Каратогай Мартукского района Актюбинской области,Здание,1,19 050 000.00,Закупка жилища,Закупка состоялась
81724518-ЗЖ1,243411.700,Проволока (сталь),15817143-1 Приобретение жилья в с.Каратогай Мартукского района Актюбинской области,Здание,1,19 050 000.00,Закупка жилища,Закупка состоялась
81724534-ЗЖ1,243411.700,Проволока (сталь),15817219-1 Приобретение жилья в с.Каратогай Мартукского района Актюбинской области,Здание,1,19 050 000.00,Закупка жилища,Закупка состоялась
81724559-ЗЖ1,243411.700,Проволока (сталь),15817132-1 Приобретение жилья в с.Каратогай Мартукского района Актюбинской области,Здание,1,19 050 000.00,Закупка жилища,Закупка состоялась
81724568-ЗЖ1,243411.700,Проволока (сталь),15817681-1 Приобретение жилья в с.Каратогай Мартукского района Актюбинской области,Здание,1,19 050 000.00,Закупка жилища,Закупка состоялась
81724668-ЗЖ1,243411.700,Проволока (сталь),15816649-1 Приобретение в коммунальный жилищный фонд квартиру/жилой дом в городе Аягоз Аягозского района области Абай,Квартира,1,18 700 000.00,Закупка жилища,Закупка состоялась
81724683-ЗЖ1,243411.700,Проволока (сталь),15816673-1 Приобретение в коммунальный жилищный фонд квартиру/жилой дом в городе Аягоз Аягозского района области Абай,Квартира,1,18 700 000.00,Закупка жилища,Закупка состоялась
81724695-ЗЖ1,243411.700,Проволока (сталь),15816574-1 Приобретение в коммунальный жилищный фонд квартиру/жилой дом в городе Аягоз Аягозского района области Абай,Квартира,1,18 700 000.00,Закупка жилища,Закупка состоялась
81724708-ЗЖ1,243411.700,Проволока (сталь),15816096-1 Приобретение в коммунальный жилищный фонд квартиру/жилой дом в городе Аягоз Аягозского района области Абай,Квартира,1,18 700 000.00,Закупка жилища,Закупка состоялась
81724722-ЗЖ1,243411.700,Проволока (сталь),15816423-1 Приобретение в коммунальный жилищный фонд квартиру/жилой дом в городе Аягоз Аягозского района области Абай,Квартира,1,18 700 000.00,Закупка жилища,Закупка состоялась
81724737-ЗЖ1,243411.700,Проволока (сталь),15816096-1 Приобретение в коммунальный жилищный фонд квартиру/жилой дом в городе Аягоз Аягозского района области Абай,Квартира,1,18 700 000.00,Закупка жилища,Закупка состоялась
81724752-ЗЖ1,243411.700,Проволока (сталь),15816698-1 Приобретение в коммунальный жилищный фонд квартиру/жилой дом в городе Аягоз Аягозского района области Абай,Квартира,1,18 700 000.00,Закупка жилища,Закупка состоялась
81724771-ЗЖ1,243411.700,Проволока (сталь),15816649-1 Приобретение в коммунальный жилищный фонд квартиру/жилой дом в городе Аягоз Аягозского района области Абай,Квартира,1,18 700 000.00,Закупка жилища,Закупка состоялась
81724794-ЗЖ1,243411.700,Проволока (сталь),15816423-1 Приобретение в коммунальный жилищный фонд квартиру/жилой дом в городе Аягоз Аягозского района области Абай,Квартира,1,18 700 000.00,Закупка жилища,Закупка состоялась
81724809-ЗЖ1,243411.700,Проволока (сталь),15816590-1 Приобретение в коммунальный жилищный фонд квартиру/жилой дом в городе Аягоз Аягозского района области Абай,Квартира,1,18 700 000.00,Закупка жилища,Закупка состоялась
81724842-ЗЖ1,243411.700,Проволока (сталь),15816590-1 Приобретение в коммунальный жилищный фонд квартиру/жилой дом в городе Аягоз Аягозского района области Абай,Квартира,1,18 700 000.00,Закупка жилища,Закупка состоялась
81724853-ЗЖ1,243411.700,Проволока (сталь),15815775-1 Приобретение в коммунальный жилищный фонд квартиру/жилой дом в городе Аягоз Аягозского района области Абай,Квартира,1,18 700 000.00,Закупка жилища,Закупка состоялась
81724886-ЗЖ1,243411.700,Проволока (сталь),15816347-1 Приобретение в коммунальный жилищный фонд квартиру/жилой дом в городе Аягоз Аягозского района области Абай,Квартира,1,18 700 000.00,Закупка жилища,Закупка состоялась
81725196-ЗЖ1,243411.700,Проволока (сталь),15815737-1 Приобретение в коммунальный жилищный фонд квартиру/жилой дом в городе Аягоз Аягозского района области Абай,Квартира,1,18 700 000.00,Закупка жилища,Закупка состоялась
81725322-ЗЖ1,243411.700,Проволока (сталь),15814195-1 Приобретение в коммунальный жилищный фонд квартиру/жилой дом в селе Мынбулак Аягозского района области Абай,Квартира,1,18 700 000.00,Закупка жилища,Закупка состоялась
81725341-ЗЖ1,243411.700,Проволока (сталь),15814195-1 Приобретение в коммунальный жилищный фонд квартиру/жилой дом в селе Мынбулак Аягозского района области Абай,Квартира,1,18 700 000.00,Закупка жилища,Закупка состоялась
81733664-ЗЖ1,243411.700,Проволока (сталь),15813458-1 Приобретение жилья в селе Кобда Кобдинского района Актюбинской области согласно технической спецификации,Здание,1,19 050 200.00,Закупка жилища,Закупка состоялась
81733678-ЗЖ1,243411.700,Проволока (сталь),15813458-1 Приобретение жилья в селе Кобда Кобдинского района Актюбинской области согласно технической спецификации,Здание,1,19 050 200.00,Закупка жилища,Закупка состоялась
81733688-ЗЖ1,243411.700,Проволока (сталь),15813458-1 Приобретение жилья в селе Кобда Кобдинского района Актюбинской области согласно технической спецификации,Здание,1,19 050 200.00,Закупка жилища,Закупка состоялась
81733704-ЗЖ1,243411.700,Проволока (сталь),15813458-1 Приобретение жилья в селе Кобда Кобдинского района Актюбинской области согласно технической спецификации,Здание,1,19 050 200.00,Закупка жилища,Закупка состоялась
81734586-ЗЖ1,243411.700,Проволока (сталь),15815400-1 Приобретение квартир для ГУ «Отдел строительства города Караганды»,Квартира,1,20 289 445.80,Закупка жилища,Закупка состоялась
81735483-ЗЖ1,243411.700,Проволока (сталь),15815400-1 Приобретение квартир для ГУ «Отдел строительства города Караганды»,Квартира,1,20 190 311.70,Закупка жилища,Закупка состоялась
81739707-ЗЖ1,243411.700,Проволока (сталь),15815500-1 Приобретение квартир для ГУ «Отдел строительства города Караганды»,Квартира,1,20 256 401.10,Закупка жилища,Закупка состоялась
81739927-ЗЖ1,243411.700,Проволока (сталь),15815500-1 Приобретение квартир для ГУ «Отдел строительства города Караганды»,Квартира,1,20 256 401.10,Закупка жилища,Закупка состоялась
81740209-ЗЖ1,243411.700,Проволока (сталь),15815493-1 Приобретение квартир для ГУ «Отдел строительства города Караганды»,Квартира,1,20 289 445.80,Закупка жилища,Закупка состоялась
81740755-ЗЖ1,243411.700,Проволока (сталь),15815515-1 Приобретение квартир для ГУ «Отдел строительства города Караганды»,Квартира,1,20 421 624.60,Закупка жилища,Закупка состоялась
81741989-ЗЖ1,243411.700,Проволока (сталь),15815500-1 Приобретение квартир для ГУ «Отдел строительства города Караганды»,Квартира,1,20 289 445.80,Закупка жилища,Закупка состоялась
81742361-ОИ2,243411.700,Проволока (сталь),15824026-1 Услуги по аренде 16 3-х комнатных жилых квартир в городе Жетысай,Услуги по аренде жилых помещений,1,17 256 000.00,Из одного источника по несостоявшимся закупкам,Закупка состоялась
81742836-ЗЖ1,243411.700,Проволока (сталь),15815431-1 Приобретение квартир для ГУ «Отдел строительства города Караганды»,Квартира,1,20 388 579.90,Закупка жилища,Закупка состоялась
81743024-ЗЖ1,243411.700,Проволока (сталь),15815431-1 Приобретение квартир для ГУ «Отдел строительства города Караганды»,Квартира,1,20 289 445.80,Закупка жилища,Закупка состоялась
81744087-ЗЖ1,243411.700,Проволока (сталь),15812834-1 Приобретение жилья в Талгарском районе Алматинской области 1,Здание,1,29 500 000.00,Закупка жилища,Закупка состоялась
81744121-ЗЖ1,243411.700,Проволока (сталь),15812834-1 Приобретение жилья в Талгарском районе Алматинской области 1,Здание,1,29 500 000.00,Закупка жилища,Закупка состоялась
81744138-ЗЖ1,243411.700,Проволока (сталь),15812834-1 Приобретение жилья в Талгарском районе Алматинской области 1,Здание,1,29 500 000.00,Закупка жилища,Закупка состоялась
81744152-ЗЖ1,243411.700,Проволока (сталь),15812834-1 Приобретение жилья в Талгарском районе Алматинской области 1,Здание,1,29 500 000.00,Закупка жилища,Закупка состоялась
81744175-ЗЖ1,243411.700,Проволока (сталь),15812834-1 Приобретение жилья в Талгарском районе Алматинской области 1,Здание,1,29 500 000.00,Закупка жилища,Закупка состоялась
81744195-ЗЖ1,243411.700,Проволока (сталь),15812834-1 Приобретение жилья в Талгарском районе Алматинской области 1,Здание,1,29 500 000.00,Закупка жилища,Закупка состоялась
81744220-ЗЖ1,243411.700,Проволока (сталь),15812834-1 Приобретение жилья в Талгарском районе Алматинской области 1,Здание,1,29 500 000.00,Закупка жилища,Закупка состоялась
81744457-ЗЖ1,243411.700,Проволока (сталь),15812834-1 Приобретение жилья в Талгарском районе Алматинской области 1,Здание,1,29 500 000.00,Закупка жилища,Закупка состоялась
81744484-ЗЖ1,243411.700,Проволока (сталь),15812834-1 Приобретение жилья в Талгарском районе Алматинской области 1,Здание,1,29 500 000.00,Закупка жилища,Закупка состоялась
81744579-ЗЖ1,243411.700,Проволока (сталь),15815785-1 Приобретение арендной квартиры в селе Жалпактал Казталовского района Западно-Казахстанской области,Здание,1,17 000 000.00,Закупка жилища,Закупка состоялась
81744899-ЗЖ1,243411.700,Проволока (сталь),"15813146-1 Приобретение жилья для социально уязвимых слоев населения в с.Булакты, Алакольского района области Жетісу",Здание,1,21 676 000.00,Закупка жилища,Закупка состоялась
81752803-ЗЖ1,243411.700,Проволока (сталь),15814699-1 Приобретение арендной жилой квартиры на праве приватизации для социально уязвимых слоев населения,Квартира,1,19 950 000.00,Закупка жилища,Закупка состоялась
81752812-ЗЖ1,243411.700,Проволока (сталь),15814699-1 Приобретение арендной жилой квартиры на праве приватизации для социально уязвимых слоев населения,Квартира,1,19 950 000.00,Закупка жилища,Закупка состоялась
81752816-ЗЖ1,243411.700,Проволока (сталь),15814699-1 Приобретение арендной жилой квартиры на праве приватизации для социально уязвимых слоев населения,Квартира,1,19 950 000.00,Закупка жилища,Закупка состоялась
81752819-ЗЖ1,243411.700,Проволока (сталь),15814699-1 Приобретение арендной жилой квартиры на праве приватизации для социально уязвимых слоев населения,Квартира,1,19 950 000.00,Закупка жилища,Закупка состоялась
81752834-ЗЖ1,243411.700,Проволока (сталь),15814699-1 Приобретение арендной жилой квартиры на праве приватизации для социально уязвимых слоев населения,Квартира,1,19 950 000.00,Закупка жилища,Закупка состоялась
81752846-ЗЖ1,243411.700,Проволока (сталь),15814699-1 Приобретение арендной жилой квартиры на праве приватизации для социально уязвимых слоев населения,Квартира,1,19 950 000.00,Закупка жилища,Закупка состоялась
81752855-ЗЖ1,243411.700,Проволока (сталь),15814699-1 Приобретение арендной жилой квартиры на праве приватизации для социально уязвимых слоев населения,Квартира,1,19 950 000.00,Закупка жилища,Закупка состоялась
81754458-ЗЖ1,243411.700,Проволока (сталь),15815558-1 Приобретение жилого дома в селе Талдыколь Махамбетского района Атырауской области,Квартира,1,20 000 000.00,Закупка жилища,Закупка состоялась
81754770-ЗЦП1,243411.700,Проволока (сталь),15814029-1 государственные закупки работ,Работы по ремонту/модернизации телекоммуникационного оборудования,1,17 857 264.00,Запрос ценовых предложений,Закупка состоялась
81754938-ЗЖ1,243411.700,Проволока (сталь),15815432-1 Приобретение 2-х квартирного жилого дома в городе Шар Жарминского района области Абай,Здание,1,37 400 000.00,Закупка жилища,Закупка состоялась
81754942-ЗЖ1,243411.700,Проволока (сталь),15815432-1 Приобретение 2-х квартирного жилого дома в городе Шар Жарминского района области Абай,Здание,1,37 400 000.00,Закупка жилища,Закупка состоялась
81754947-ЗЖ1,243411.700,Проволока (сталь),15815432-1 Приобретение 2-х квартирного жилого дома в городе Шар Жарминского района области Абай,Здание,1,37 400 000.00,Закупка жилища,Закупка состоялась
81754949-ЗЖ1,243411.700,Проволока (сталь),15815432-1 Приобретение 2-х квартирного жилого дома в городе Шар Жарминского района области Абай,Здание,1,37 400 000.00,Закупка жилища,Закупка состоялась
81755140-ЗЖ1,243411.700,Проволока (сталь),15814181-1 Приобретение квартиры с общей площадью от 70-84 кв.м.,Квартира,1,21 960 960.00,Закупка жилища,Закупка состоялась
81755143-ЗЖ1,243411.700,Проволока (сталь),15814181-1 Приобретение квартиры с общей площадью от 70-84 кв.м.,Квартира,1,21 960 960.00,Закупка жилища,Закупка состоялась
81755151-ЗЖ1,243411.700,Проволока (сталь),15814181-1 Приобретение квартиры с общей площадью от 70-84 кв.м.,Квартира,1,21 960 960.00,Закупка жилища,Закупка состоялась
81755168-ЗЖ1,243411.700,Проволока (сталь),15814155-1 Приобретение квартиры с общей площадью от 55-65 кв.м.,Квартира,1,16 993 600.00,Закупка жилища,Закупка состоялась
81755172-ЗЖ1,243411.700,Проволока (сталь),15814155-1 Приобретение квартиры с общей площадью от 55-65 кв.м.,Квартира,1,16 993 600.00,Закупка жилища,Закупка состоялась
81755174-ЗЖ1,243411.700,Проволока (сталь),15814155-1 Приобретение квартиры с общей площадью от 55-65 кв.м.,Квартира,1,16 993 600.00,Закупка жилища,Закупка состоялась
81755179-ЗЖ1,243411.700,Проволока (сталь),15814155-1 Приобретение квартиры с общей площадью от 55-65 кв.м.,Квартира,1,16 993 600.00,Закупка жилища,Закупка состоялась
81755183-ЗЖ1,243411.700,Проволока (сталь),15814155-1 Приобретение квартиры с общей площадью от 55-65 кв.м.,Квартира,1,16 993 600.00,Закупка жилища,Закупка состоялась
81755185-ЗЖ1,243411.700,Проволока (сталь),15814155-1 Приобретение квартиры с общей площадью от 55-65 кв.м.,Квартира,1,16 993 600.00,Закупка жилища,Закупка состоялась
81755193-ЗЖ1,243411.700,Проволока (сталь),15814155-1 Приобретение квартиры с общей площадью от 55-65 кв.м.,Квартира,1,16 993 600.00,Закупка жилища,Закупка состоялась
81755232-ЗЖ1,243411.700,Проволока (сталь),15814155-1 Приобретение квартиры с общей площадью от 55-65 кв.м.,Квартира,1,15 686 400.00,Закупка жилища,Закупка состоялась
81755469-ЗЖ1,243411.700,Проволока (сталь),15814181-1 Приобретение квартиры с общей площадью от 70-84 кв.м.,Квартира,1,20 915 200.00,Закупка жилища,Закупка состоялась
81755473-ЗЖ1,243411.700,Проволока (сталь),15814181-1 Приобретение квартиры с общей площадью от 70-84 кв.м.,Квартира,1,20 915 200.00,Закупка жилища,Закупка состоялась
81755476-ЗЖ1,243411.700,Проволока (сталь),15814181-1 Приобретение квартиры с общей площадью от 70-84 кв.м.,Квартира,1,20 915 200.00,Закупка жилища,Закупка состоялась
81755479-ЗЖ1,243411.700,Проволока (сталь),15814181-1 Приобретение квартиры с общей площадью от 70-84 кв.м.,Квартира,1,20 915 200.00,Закупка жилища,Закупка состоялась
81755481-ЗЖ1,243411.700,Проволока (сталь),15814181-1 Приобретение квартиры с общей площадью от 70-84 кв.м.,Квартира,1,20 915 200.00,Закупка жилища,Закупка состоялась
81755483-ЗЖ1,243411.700,Проволока (сталь),15814181-1 Приобретение квартиры с общей площадью от 70-84 кв.м.,Квартира,1,20 915 200.00,Закупка жилища,Закупка состоялась
81755485-ЗЖ1,243411.700,Проволока (сталь),15814181-1 Приобретение квартиры с общей площадью от 70-84 кв.м.,Квартира,1,20 915 200.00,Закупка жилища,Закупка состоялась
81755487-ЗЖ1,243411.700,Проволока (сталь),15814181-1 Приобретение квартиры с общей площадью от 70-84 кв.м.,Квартира,1,20 915 200.00,Закупка жилища,Закупка состоялась
81755488-ЗЖ1,243411.700,Проволока (сталь),15814181-1 Приобретение квартиры с общей площадью от 70-84 кв.м.,Квартира,1,20 915 200.00,Закупка жилища,Закупка состоялась
81755492-ЗЖ1,243411.700,Проволока (сталь),15814181-1 Приобретение квартиры с общей площадью от 70-84 кв.м.,Квартира,1,20 915 200.00,Закупка жилища,Закупка состоялась
81757907-ЗЖ1,243411.700,Проволока (сталь),15815621-1 Приобретение жилых домов в с.Кордай Кордайского района Жамбылской области,Здание,1,17 055 900.00,Закупка жилища,Закупка состоялась
81757914-ЗЖ1,243411.700,Проволока (сталь),15815621-1 Приобретение жилых домов в с.Кордай Кордайского района Жамбылской области,Здание,1,17 055 900.00,Закупка жилища,Закупка состоялась
81757926-ЗЖ1,243411.700,Проволока (сталь),15815621-1 Приобретение жилых домов в с.Кордай Кордайского района Жамбылской области,Здание,1,17 055 900.00,Закупка жилища,Закупка состоялась
81757933-ЗЖ1,243411.700,Проволока (сталь),15815621-1 Приобретение жилых домов в с.Кордай Кордайского района Жамбылской области,Здание,1,17 055 900.00,Закупка жилища,Закупка состоялась
81757938-ЗЖ1,243411.700,Проволока (сталь),15815621-1 Приобретение жилых домов в с.Кордай Кордайского района Жамбылской области,Здание,1,17 055 900.00,Закупка жилища,Закупка состоялась
81757945-ЗЖ1,243411.700,Проволока (сталь),15815621-1 Приобретение жилых домов в с.Кордай Кордайского района Жамбылской области,Здание,1,17 055 900.00,Закупка жилища,Закупка состоялась
81757951-ЗЖ1,243411.700,Проволока (сталь),15815621-1 Приобретение жилых домов в с.Кордай Кордайского района Жамбылской области,Здание,1,17 055 900.00,Закупка жилища,Закупка состоялась
81757960-ЗЖ1,243411.700,Проволока (сталь),15815621-1 Приобретение жилых домов в с.Кордай Кордайского района Жамбылской области,Здание,1,17 055 900.00,Закупка жилища,Закупка состоялась
81757971-ЗЖ1,243411.700,Проволока (сталь),15815621-1 Приобретение жилых домов в с.Кордай Кордайского района Жамбылской области,Здание,1,17 055 900.00,Закупка жилища,Закупка состоялась
81757975-ЗЖ1,243411.700,Проволока (сталь),15815621-1 Приобретение жилых домов в с.Кордай Кордайского района Жамбылской области,Здание,1,17 055 900.00,Закупка жилища,Закупка состоялась
81757978-ЗЖ1,243411.700,Проволока (сталь),15815621-1 Приобретение жилых домов в с.Кордай Кордайского района Жамбылской области,Здание,1,17 055 900.00,Закупка жилища,Закупка состоялась
81757987-ЗЖ1,243411.700,Проволока (сталь),15815621-1 Приобретение жилых домов в с.Кордай Кордайского района Жамбылской области,Здание,1,17 055 900.00,Закупка жилища,Закупка состоялась
81757993-ЗЖ1,243411.700,Проволока (сталь),15815621-1 Приобретение жилых домов в с.Кордай Кордайского района Жамбылской области,Здание,1,17 055 900.00,Закупка жилища,Закупка состоялась
81757995-ЗЖ1,243411.700,Проволока (сталь),15815621-1 Приобретение жилых домов в с.Кордай Кордайского района Жамбылской области,Здание,1,17 055 900.00,Закупка жилища,Закупка состоялась
81757998-ЗЖ1,243411.700,Проволока (сталь),15815621-1 Приобретение жилых домов в с.Кордай Кордайского района Жамбылской области,Здание,1,17 055 900.00,Закупка жилища,Закупка состоялась
81758002-ЗЖ1,243411.700,Проволока (сталь),15815621-1 Приобретение жилых домов в с.Кордай Кордайского района Жамбылской области,Здание,1,17 055 900.00,Закупка жилища,Закупка состоялась
81758004-ЗЖ1,243411.700,Проволока (сталь),15815621-1 Приобретение жилых домов в с.Кордай Кордайского района Жамбылской области,Здание,1,17 055 900.00,Закупка жилища,Закупка состоялась
81758007-ЗЖ1,243411.700,Проволока (сталь),15815621-1 Приобретение жилых домов в с.Кордай Кордайского района Жамбылской области,Здание,1,17 055 900.00,Закупка жилища,Закупка состоялась
81758116-ЗЖ1,243411.700,Проволока (сталь),15815621-1 Приобретение жилых домов в с.Кордай Кордайского района Жамбылской области,Здание,1,17 055 900.00,Закупка жилища,Закупка состоялась
81758120-ЗЖ1,243411.700,Проволока (сталь),15815621-1 Приобретение жилых домов в с.Кордай Кордайского района Жамбылской области,Здание,1,17 055 900.00,Закупка жилища,Закупка состоялась
81758123-ЗЖ1,243411.700,Проволока (сталь),15815621-1 Приобретение жилых домов в с.Кордай Кордайского района Жамбылской области,Здание,1,17 055 900.00,Закупка жилища,Закупка состоялась
81758126-ЗЖ1,243411.700,Проволока (сталь),15815621-1 Приобретение жилых домов в с.Кордай Кордайского района Жамбылской области,Здание,1,17 055 900.00,Закупка жилища,Закупка состоялась
81758131-ЗЖ1,243411.700,Проволока (сталь),15815621-1 Приобретение жилых домов в с.Кордай Кордайского района Жамбылской области,Здание,1,17 055 900.00,Закупка жилища,Закупка состоялась
81758134-ЗЖ1,243411.700,Проволока (сталь),15815621-1 Приобретение жилых домов в с.Кордай Кордайского района Жамбылской области,Здание,1,17 055 900.00,Закупка жилища,Закупка состоялась
81758140-ЗЖ1,243411.700,Проволока (сталь),15815621-1 Приобретение жилых домов в с.Кордай Кордайского района Жамбылской области,Здание,1,17 055 900.00,Закупка жилища,Закупка состоялась
81758151-ЗЖ1,243411.700,Проволока (сталь),15815621-1 Приобретение жилых домов в с.Кордай Кордайского района Жамбылской области,Здание,1,17 055 900.00,Закупка жилища,Закупка состоялась
81758157-ЗЖ1,243411.700,Проволока (сталь),15815621-1 Приобретение жилых домов в с.Кордай Кордайского района Жамбылской области,Здание,1,17 055 900.00,Закупка жилища,Закупка состоялась
81758160-ЗЖ1,243411.700,Проволока (сталь),15815621-1 Приобретение жилых домов в с.Кордай Кордайского района Жамбылской области,Здание,1,17 055 900.00,Закупка жилища,Закупка состоялась
81758170-ЗЖ1,243411.700,Проволока (сталь),15815621-1 Приобретение жилых домов в с.Кордай Кордайского района Жамбылской области,Здание,1,17 055 900.00,Закупка жилища,Закупка состоялась
81758173-ЗЖ1,243411.700,Проволока (сталь),15815621-1 Приобретение жилых домов в с.Кордай Кордайского района Жамбылской области,Здание,1,17 055 900.00,Закупка жилища,Закупка состоялась
81758176-ЗЖ1,243411.700,Проволока (сталь),15815621-1 Приобретение жилых домов в с.Кордай Кордайского района Жамбылской области,Здание,1,17 055 900.00,Закупка жилища,Закупка состоялась
81758180-ЗЖ1,243411.700,Проволока (сталь),15815621-1 Приобретение жилых домов в с.Кордай Кордайского района Жамбылской области,Здание,1,17 055 900.00,Закупка жилища,Закупка состоялась
81758185-ЗЖ1,243411.700,Проволока (сталь),15815621-1 Приобретение жилых домов в с.Кордай Кордайского района Жамбылской области,Здание,1,17 055 900.00,Закупка жилища,Закупка состоялась
81758189-ЗЖ1,243411.700,Проволока (сталь),15815621-1 Приобретение жилых домов в с.Кордай Кордайского района Жамбылской области,Здание,1,17 055 900.00,Закупка жилища,Закупка состоялась
81758194-ЗЖ1,243411.700,Проволока (сталь),15815621-1 Приобретение жилых домов в с.Кордай Кордайского района Жамбылской области,Здание,1,17 055 900.00,Закупка жилища,Закупка состоялась
81758201-ЗЖ1,243411.700,Проволока (сталь),15815621-1 Приобретение жилых домов в с.Кордай Кордайского района Жамбылской области,Здание,1,17 055 900.00,Закупка жилища,Закупка состоялась
81758203-ЗЖ1,243411.700,Проволока (сталь),15815621-1 Приобретение жилых домов в с.Кордай Кордайского района Жамбылской области,Здание,1,17 055 900.00,Закупка жилища,Закупка состоялась
81758207-ЗЖ1,243411.700,Проволока (сталь),15815621-1 Приобретение жилых домов в с.Кордай Кордайского района Жамбылской области,Здание,1,17 055 900.00,Закупка жилища,Закупка состоялась
81758211-ЗЖ1,243411.700,Проволока (сталь),15815621-1 Приобретение жилых домов в с.Кордай Кордайского района Жамбылской области,Здание,1,17 055 900.00,Закупка жилища,Закупка состоялась
81758215-ЗЖ1,243411.700,Проволока (сталь),15815621-1 Приобретение жилых домов в с.Кордай Кордайского района Жамбылской области,Здание,1,17 055 900.00,Закупка жилища,Закупка состоялась
81758231-ЗЖ1,243411.700,Проволока (сталь),15815621-1 Приобретение жилых домов в с.Кордай Кордайского района Жамбылской области,Здание,1,17 055 900.00,Закупка жилища,Закупка состоялась
81758237-ЗЖ1,243411.700,Проволока (сталь),15815621-1 Приобретение жилых домов в с.Кордай Кордайского района Жамбылской области,Здание,1,17 055 900.00,Закупка жилища,Закупка состоялась
81758242-ЗЖ1,243411.700,Проволока (сталь),15815621-1 Приобретение жилых домов в с.Кордай Кордайского района Жамбылской области,Здание,1,17 055 900.00,Закупка жилища,Закупка состоялась
81758245-ЗЖ1,243411.700,Проволока (сталь),15815621-1 Приобретение жилых домов в с.Кордай Кордайского района Жамбылской области,Здание,1,17 055 900.00,Закупка жилища,Закупка состоялась
81758248-ЗЖ1,243411.700,Проволока (сталь),15815621-1 Приобретение жилых домов в с.Кордай Кордайского района Жамбылской области,Здание,1,17 055 900.00,Закупка жилища,Закупка состоялась
81758253-ЗЖ1,243411.700,Проволока (сталь),15815621-1 Приобретение жилых домов в с.Кордай Кордайского района Жамбылской области,Здание,1,17 055 900.00,Закупка жилища,Закупка состоялась
81758261-ЗЖ1,243411.700,Проволока (сталь),15815621-1 Приобретение жилых домов в с.Кордай Кордайского района Жамбылской области,Здание,1,17 055 900.00,Закупка жилища,Закупка состоялась
81758266-ЗЖ1,243411.700,Проволока (сталь),15815621-1 Приобретение жилых домов в с.Кордай Кордайского района Жамбылской области,Здание,1,17 055 900.00,Закупка жилища,Закупка состоялась
81758276-ЗЖ1,243411.700,Проволока (сталь),15815621-1 Приобретение жилых домов в с.Кордай Кордайского района Жамбылской области,Здание,1,17 055 900.00,Закупка жилища,Закупка состоялась
81758281-ЗЖ1,243411.700,Проволока (сталь),15815621-1 Приобретение жилых домов в с.Кордай Кордайского района Жамбылской области,Здание,1,17 055 900.00,Закупка жилища,Закупка состоялась
81758285-ЗЖ1,243411.700,Проволока (сталь),15815621-1 Приобретение жилых домов в с.Кордай Кордайского района Жамбылской области,Здание,1,17 055 900.00,Закупка жилища,Закупка состоялась
81758292-ЗЖ1,243411.700,Проволока (сталь),15815621-1 Приобретение жилых домов в с.Кордай Кордайского района Жамбылской области,Здание,1,17 055 900.00,Закупка жилища,Закупка состоялась
81758295-ЗЖ1,243411.700,Проволока (сталь),15815621-1 Приобретение жилых домов в с.Кордай Кордайского района Жамбылской области,Здание,1,17 055 900.00,Закупка жилища,Закупка состоялась
81758301-ЗЖ1,243411.700,Проволока (сталь),15815621-1 Приобретение жилых домов в с.Кордай Кордайского района Жамбылской области,Здание,1,17 055 900.00,Закупка жилища,Закупка состоялась
81758305-ЗЖ1,243411.700,Проволока (сталь),15815621-1 Приобретение жилых домов в с.Кордай Кордайского района Жамбылской области,Здание,1,17 055 900.00,Закупка жилища,Закупка состоялась
81758307-ЗЖ1,243411.700,Проволока (сталь),15815621-1 Приобретение жилых домов в с.Кордай Кордайского района Жамбылской области,Здание,1,17 055 900.00,Закупка жилища,Закупка состоялась
81758309-ЗЖ1,243411.700,Проволока (сталь),15815621-1 Приобретение жилых домов в с.Кордай Кордайского района Жамбылской области,Здание,1,17 055 900.00,Закупка жилища,Закупка состоялась
81758313-ЗЖ1,243411.700,Проволока (сталь),15815621-1 Приобретение жилых домов в с.Кордай Кордайского района Жамбылской области,Здание,1,17 055 900.00,Закупка жилища,Закупка состоялась
81758316-ЗЖ1,243411.700,Проволока (сталь),15815621-1 Приобретение жилых домов в с.Кордай Кордайского района Жамбылской области,Здание,1,17 055 900.00,Закупка жилища,Закупка состоялась
81758317-ЗЖ1,243411.700,Проволока (сталь),15815621-1 Приобретение жилых домов в с.Кордай Кордайского района Жамбылской области,Здание,1,17 055 900.00,Закупка жилища,Закупка состоялась
81758318-ЗЖ1,243411.700,Проволока (сталь),15815621-1 Приобретение жилых домов в с.Кордай Кордайского района Жамбылской области,Здание,1,17 055 900.00,Закупка жилища,Закупка состоялась
81758321-ЗЖ1,243411.700,Проволока (сталь),15815621-1 Приобретение жилых домов в с.Кордай Кордайского района Жамбылской области,Здание,1,17 055 900.00,Закупка жилища,Закупка состоялась
81758331-ЗЖ1,243411.700,Проволока (сталь),15815621-1 Приобретение жилых домов в с.Кордай Кордайского района Жамбылской области,Здание,1,17 055 900.00,Закупка жилища,Закупка состоялась
81758333-ЗЖ1,243411.700,Проволока (сталь),15815621-1 Приобретение жилых домов в с.Кордай Кордайского района Жамбылской области,Здание,1,17 055 900.00,Закупка жилища,Закупка состоялась
81758337-ЗЖ1,243411.700,Проволока (сталь),15815621-1 Приобретение жилых домов в с.Кордай Кордайского района Жамбылской области,Здание,1,17 055 900.00,Закупка жилища,Закупка состоялась
81758339-ЗЖ1,243411.700,Проволока (сталь),15815621-1 Приобретение жилых домов в с.Кордай Кордайского района Жамбылской области,Здание,1,17 055 900.00,Закупка жилища,Закупка состоялась
81758341-ЗЖ1,243411.700,Проволока (сталь),15815621-1 Приобретение жилых домов в с.Кордай Кордайского района Жамбылской области,Здание,1,17 055 900.00,Закупка жилища,Закупка состоялась
81758345-ЗЖ1,243411.700,Проволока (сталь),15815621-1 Приобретение жилых домов в с.Кордай Кордайского района Жамбылской области,Здание,1,17 055 900.00,Закупка жилища,Закупка состоялась
81758347-ЗЖ1,243411.700,Проволока (сталь),15815621-1 Приобретение жилых домов в с.Кордай Кордайского района Жамбылской области,Здание,1,17 055 900.00,Закупка жилища,Закупка состоялась
81758349-ЗЖ1,243411.700,Проволока (сталь),15815621-1 Приобретение жилых домов в с.Кордай Кордайского района Жамбылской области,Здание,1,17 055 900.00,Закупка жилища,Закупка состоялась
81758350-ЗЖ1,243411.700,Проволока (сталь),15815621-1 Приобретение жилых домов в с.Кордай Кордайского района Жамбылской области,Здание,1,17 055 900.00,Закупка жилища,Закупка состоялась
81758353-ЗЖ1,243411.700,Проволока (сталь),15815621-1 Приобретение жилых домов в с.Кордай Кордайского района Жамбылской области,Здание,1,17 055 900.00,Закупка жилища,Закупка состоялась
81758417-ЗЦП1,243411.700,Проволока (сталь),15820400-1 Устройство грунтовых дорог в мкр. Самал 6 квартал в г. Кандыагаш Мугалжарского района Актюбинская область,Работы по текущему ремонту автомобильной дороги,1,27 925 087.50,Запрос ценовых предложений,Закупка состоялась
81758581-ЗЖ1,243411.700,Проволока (сталь),15814480-1 Приобретение квартиры (дома) для социально уязвимых слоев населения в селе Акдала Балхашского района,Здание,1,28 000 000.00,Закупка жилища,Закупка состоялась
81758583-ЗЖ1,243411.700,Проволока (сталь),15814480-1 Приобретение квартиры (дома) для социально уязвимых слоев населения в селе Акдала Балхашского района,Здание,1,28 000 000.00,Закупка жилища,Закупка состоялась
81758584-ЗЖ1,243411.700,Проволока (сталь),15814480-1 Приобретение квартиры (дома) для социально уязвимых слоев населения в селе Акдала Балхашского района,Здание,1,28 000 000.00,Закупка жилища,Закупка состоялась
81758586-ЗЖ1,243411.700,Проволока (сталь),15814480-1 Приобретение квартиры (дома) для социально уязвимых слоев населения в селе Акдала Балхашского района,Здание,1,28 000 000.00,Закупка жилища,Закупка состоялась
81758588-ЗЖ1,243411.700,Проволока (сталь),15814480-1 Приобретение квартиры (дома) для социально уязвимых слоев населения в селе Акдала Балхашского района,Здание,1,28 000 000.00,Закупка жилища,Закупка состоялась
81758594-ЗЖ1,243411.700,Проволока (сталь),15814480-1 Приобретение квартиры (дома) для социально уязвимых слоев населения в селе Акдала Балхашского района,Здание,1,28 000 000.00,Закупка жилища,Закупка состоялась
81759485-ЗЖ1,243411.700,Проволока (сталь),15814485-1 Приобретение квартиры (дома) для социально уязвимых слоев населения в селе Баканас Балхашского района,Здание,1,28 000 000.00,Закупка жилища,Закупка состоялась
81759486-ЗЖ1,243411.700,Проволока (сталь),15814485-1 Приобретение квартиры (дома) для социально уязвимых слоев населения в селе Баканас Балхашского района,Здание,1,28 000 000.00,Закупка жилища,Закупка состоялась
81759487-ЗЖ1,243411.700,Проволока (сталь),15814485-1 Приобретение квартиры (дома) для социально уязвимых слоев населения в селе Баканас Балхашского района,Здание,1,28 000 000.00,Закупка жилища,Закупка состоялась
81759489-ЗЖ1,243411.700,Проволока (сталь),15814485-1 Приобретение квартиры (дома) для социально уязвимых слоев населения в селе Баканас Балхашского района,Здание,1,28 000 000.00,Закупка жилища,Закупка состоялась
81759492-ЗЖ1,243411.700,Проволока (сталь),15814485-1 Приобретение квартиры (дома) для социально уязвимых слоев населения в селе Баканас Балхашского района,Здание,1,28 000 000.00,Закупка жилища,Закупка состоялась
81759495-ЗЖ1,243411.700,Проволока (сталь),15814485-1 Приобретение квартиры (дома) для социально уязвимых слоев населения в селе Баканас Балхашского района,Здание,1,28 000 000.00,Закупка жилища,Закупка состоялась
81759498-ЗЖ1,243411.700,Проволока (сталь),15814485-1 Приобретение квартиры (дома) для социально уязвимых слоев населения в селе Баканас Балхашского района,Здание,1,28 000 000.00,Закупка жилища,Закупка состоялась
81759501-ЗЖ1,243411.700,Проволока (сталь),15814485-1 Приобретение квартиры (дома) для социально уязвимых слоев населения в селе Баканас Балхашского района,Здание,1,28 000 000.00,Закупка жилища,Закупка состоялась
81759504-ЗЖ1,243411.700,Проволока (сталь),15814485-1 Приобретение квартиры (дома) для социально уязвимых слоев населения в селе Баканас Балхашского района,Здание,1,28 000 000.00,Закупка жилища,Закупка состоялась
81759505-ЗЖ1,243411.700,Проволока (сталь),15814485-1 Приобретение квартиры (дома) для социально уязвимых слоев населения в селе Баканас Балхашского района,Здание,1,28 000 000.00,Закупка жилища,Закупка состоялась
81759506-ЗЖ1,243411.700,Проволока (сталь),15814485-1 Приобретение квартиры (дома) для социально уязвимых слоев населения в селе Баканас Балхашского района,Здание,1,28 000 000.00,Закупка жилища,Закупка состоялась
81759507-ЗЖ1,243411.700,Проволока (сталь),15814485-1 Приобретение квартиры (дома) для социально уязвимых слоев населения в селе Баканас Балхашского района,Здание,1,28 000 000.00,Закупка жилища,Закупка состоялась
81759508-ЗЖ1,243411.700,Проволока (сталь),15814485-1 Приобретение квартиры (дома) для социально уязвимых слоев населения в селе Баканас Балхашского района,Здание,1,28 000 000.00,Закупка жилища,Закупка состоялась
81759509-ЗЖ1,243411.700,Проволока (сталь),15814485-1 Приобретение квартиры (дома) для социально уязвимых слоев населения в селе Баканас Балхашского района,Здание,1,28 000 000.00,Закупка жилища,Закупка состоялась
81759510-ЗЖ1,243411.700,Проволока (сталь),15814485-1 Приобретение квартиры (дома) для социально уязвимых слоев населения в селе Баканас Балхашского района,Здание,1,28 000 000.00,Закупка жилища,Закупка состоялась
81759512-ЗЖ1,243411.700,Проволока (сталь),15814485-1 Приобретение квартиры (дома) для социально уязвимых слоев населения в селе Баканас Балхашского района,Здание,1,28 000 000.00,Закупка жилища,Закупка состоялась
81759517-ЗЖ1,243411.700,Проволока (сталь),15814485-1 Приобретение квартиры (дома) для социально уязвимых слоев населения в селе Баканас Балхашского района,Здание,1,28 000 000.00,Закупка жилища,Закупка состоялась
81759520-ЗЖ1,243411.700,Проволока (сталь),15814485-1 Приобретение квартиры (дома) для социально уязвимых слоев населения в селе Баканас Балхашского района,Здание,1,28 000 000.00,Закупка жилища,Закупка состоялась
81760456-ОИ2,243411.700,Проволока (сталь),15825440-1 Закуп медицинской техники,Система факоэмульсификационная,1,19 990 000.00,Из одного источника по несостоявшимся закупкам,Закупка состоялась
81760743-ОИ2,243411.700,Проволока (сталь),15825440-1 Закуп медицинской техники,Микроскоп,1,19 990 000.00,Из одного источника по несостоявшимся закупкам,Закупка состоялась
81760843-ОИ2,243411.700,Проволока (сталь),15825440-1 Закуп медицинской техники,Система мультифункциональная ультразвуковая,1,16 500 000.00,Из одного источника по несостоявшимся закупкам,Закупка состоялась
81762559-ЗЖ1,243411.700,Проволока (сталь),15815540-1 Приобретение 2-х квартирного жилого дома в с.Каратобе Жарминского района области Абай,Здание,1,37 400 000.00,Закупка жилища,Закупка состоялась
81765610-ЗЦП2,243411.700,Проволока (сталь),"15837366-1 Блочно-модульный ""Ветеринарный пункт""",Здание мобильное,1,29 000 000.00,Запрос ценовых предложений,Закупка состоялась
81780830-КРБС1,243411.700,Проволока (сталь),"15828042-2 «Строительство 5-ти этажных жилых домов, расположенных в 23 квартале микрорайона ""Туран"" в городе Шымкент. 9 очередь №17, 18, 19, 20, 21, 22, 23, 24, 25 (без наружных инженерных сетей)»",Работы по возведению (строительству) жилых зданий/сооружений,1,5 367 939 117.00,Конкурс с использованием рейтингово-балльной системы,Закупка состоялась
81781143-ЗЖ1,243411.700,Проволока (сталь),15817654-1 Приобретение квартиры (жилой дом) в Илийском районе Алматинской области,Квартира,1,28 800 000.00,Закупка жилища,Закупка состоялась
81781170-ЗЖ1,243411.700,Проволока (сталь),15817654-1 Приобретение квартиры (жилой дом) в Илийском районе Алматинской области,Квартира,1,28 800 000.00,Закупка жилища,Закупка состоялась
81781266-ЗЖ1,243411.700,Проволока (сталь),15817654-1 Приобретение квартиры (жилой дом) в Илийском районе Алматинской области,Квартира,1,28 800 000.00,Закупка жилища,Закупка состоялась
81781915-ЗЖ1,243411.700,Проволока (сталь),15817654-1 Приобретение квартиры (жилой дом) в Илийском районе Алматинской области,Квартира,1,28 800 000.00,Закупка жилища,Закупка состоялась
81782402-ЗЖ1,243411.700,Проволока (сталь),15817654-1 Приобретение квартиры (жилой дом) в Илийском районе Алматинской области,Квартира,1,28 800 000.00,Закупка жилища,Закупка состоялась
81782417-ЗЖ1,243411.700,Проволока (сталь),15817654-1 Приобретение квартиры (жилой дом) в Илийском районе Алматинской области,Квартира,1,28 800 000.00,Закупка жилища,Закупка состоялась
81782441-ЗЖ1,243411.700,Проволока (сталь),15817654-1 Приобретение квартиры (жилой дом) в Илийском районе Алматинской области,Квартира,1,28 800 000.00,Закупка жилища,Закупка состоялась
81782471-ЗЖ1,243411.700,Проволока (сталь),15817807-1 Приобретение квартиры (жилой дом) в Илийском районе Алматинской области,Квартира,1,28 800 000.00,Закупка жилища,Закупка состоялась
81782658-ЗЖ1,243411.700,Проволока (сталь),15817807-1 Приобретение квартиры (жилой дом) в Илийском районе Алматинской области,Квартира,1,28 800 000.00,Закупка жилища,Закупка состоялась
81782683-ЗЖ1,243411.700,Проволока (сталь),15817807-1 Приобретение квартиры (жилой дом) в Илийском районе Алматинской области,Квартира,1,28 800 000.00,Закупка жилища,Закупка состоялась
81782700-ЗЖ1,243411.700,Проволока (сталь),15817807-1 Приобретение квартиры (жилой дом) в Илийском районе Алматинской области,Квартира,1,28 800 000.00,Закупка жилища,Закупка состоялась
81783400-КРБС1,243411.700,Проволока (сталь),"15828195-1 Услуги по осуществлению технического надзора на «Строительство 5-ти этажных жилых домов, расположенных в 23 квартале микрорайона ""Туран"" в городе Шымкент. 9 очередь №17, 18, 19, 20, 21, 22, 23, 24, 25 (без наружных инженерных сетей)»",Услуги по осуществлению технического надзора в сфере строительной деятельности,1,81 592 675.00,Конкурс с использованием рейтингово-балльной системы,Закупка состоялась
81785071-КРБС1,243411.700,Проволока (сталь),"15829309-1 Государственная закупка для КГУ ""Кармакшинский районный отдел жилищно-коммунального хозяйства, пассажирского транспорта и автомобильных дорог""",Работы по строительству (сооружению) сетей/систем/объектов/станций газоснабжения/газораспределения,1,308 343 912.00,Конкурс с использованием рейтингово-балльной системы,Закупка состоялась
81785600-ЗЖ1,243411.700,Проволока (сталь),15817927-1 Приобретение квартиры (жилой дом) в Илийском районе Алматинской области,Квартира,1,28 800 000.00,Закупка жилища,Закупка состоялась
81785611-ЗЖ1,243411.700,Проволока (сталь),15817927-1 Приобретение квартиры (жилой дом) в Илийском районе Алматинской области,Квартира,1,28 800 000.00,Закупка жилища,Закупка состоялась
81785616-ЗЖ1,243411.700,Проволока (сталь),15817927-1 Приобретение квартиры (жилой дом) в Илийском районе Алматинской области,Квартира,1,28 800 000.00,Закупка жилища,Закупка состоялась
81785621-ЗЖ1,243411.700,Проволока (сталь),15817927-1 Приобретение квартиры (жилой дом) в Илийском районе Алматинской области,Квартира,1,28 800 000.00,Закупка жилища,Закупка состоялась
81785628-ЗЖ1,243411.700,Проволока (сталь),15817927-1 Приобретение квартиры (жилой дом) в Илийском районе Алматинской области,Квартира,1,28 800 000.00,Закупка жилища,Закупка состоялась
81785631-ЗЖ1,243411.700,Проволока (сталь),15817927-1 Приобретение квартиры (жилой дом) в Илийском районе Алматинской области,Квартира,1,28 800 000.00,Закупка жилища,Закупка состоялась
81785646-ЗЖ1,243411.700,Проволока (сталь),15817927-1 Приобретение квартиры (жилой дом) в Илийском районе Алматинской области,Квартира,1,28 800 000.00,Закупка жилища,Закупка состоялась
81785650-ЗЖ1,243411.700,Проволока (сталь),15817927-1 Приобретение квартиры (жилой дом) в Илийском районе Алматинской области,Квартира,1,28 800 000.00,Закупка жилища,Закупка состоялась
81785657-ЗЖ1,243411.700,Проволока (сталь),15817927-1 Приобретение квартиры (жилой дом) в Илийском районе Алматинской области,Квартира,1,28 800 000.00,Закупка жилища,Закупка состоялась
81785663-ЗЖ1,243411.700,Проволока (сталь),15817927-1 Приобретение квартиры (жилой дом) в Илийском районе Алматинской области,Квартира,1,28 800 000.00,Закупка жилища,Закупка состоялась
81785671-ЗЖ1,243411.700,Проволока (сталь),15817927-1 Приобретение квартиры (жилой дом) в Илийском районе Алматинской области,Квартира,1,28 800 000.00,Закупка жилища,Закупка состоялась
81785690-ЗЖ1,243411.700,Проволока (сталь),15817927-1 Приобретение квартиры (жилой дом) в Илийском районе Алматинской области,Квартира,1,28 800 000.00,Закупка жилища,Закупка состоялась
81785696-ЗЖ1,243411.700,Проволока (сталь),15817927-1 Приобретение квартиры (жилой дом) в Илийском районе Алматинской области,Квартира,1,28 800 000.00,Закупка жилища,Закупка состоялась
81785713-ЗЖ1,243411.700,Проволока (сталь),15817927-1 Приобретение квартиры (жилой дом) в Илийском районе Алматинской области,Квартира,1,28 800 000.00,Закупка жилища,Закупка состоялась
81785726-ЗЖ1,243411.700,Проволока (сталь),15817927-1 Приобретение квартиры (жилой дом) в Илийском районе Алматинской области,Квартира,1,28 800 000.00,Закупка жилища,Закупка состоялась
81785730-ЗЖ1,243411.700,Проволока (сталь),15817927-1 Приобретение квартиры (жилой дом) в Илийском районе Алматинской области,Квартира,1,28 800 000.00,Закупка жилища,Закупка состоялась
81785736-ЗЖ1,243411.700,Проволока (сталь),15817927-1 Приобретение квартиры (жилой дом) в Илийском районе Алматинской области,Квартира,1,28 800 000.00,Закупка жилища,Закупка состоялась
81785743-ЗЖ1,243411.700,Проволока (сталь),15817927-1 Приобретение квартиры (жилой дом) в Илийском районе Алматинской области,Квартира,1,28 800 000.00,Закупка жилища,Закупка состоялась
81785747-ЗЖ1,243411.700,Проволока (сталь),15817927-1 Приобретение квартиры (жилой дом) в Илийском районе Алматинской области,Квартира,1,28 800 000.00,Закупка жилища,Закупка состоялась
81785753-ЗЖ1,243411.700,Проволока (сталь),15817927-1 Приобретение квартиры (жилой дом) в Илийском районе Алматинской области,Квартира,1,28 800 000.00,Закупка жилища,Закупка состоялась
81785759-ЗЖ1,243411.700,Проволока (сталь),15817927-1 Приобретение квартиры (жилой дом) в Илийском районе Алматинской области,Квартира,1,28 800 000.00,Закупка жилища,Закупка состоялась
81785767-ЗЖ1,243411.700,Проволока (сталь),15817927-1 Приобретение квартиры (жилой дом) в Илийском районе Алматинской области,Квартира,1,28 800 000.00,Закупка жилища,Закупка состоялась
81785775-ЗЖ1,243411.700,Проволока (сталь),15817927-1 Приобретение квартиры (жилой дом) в Илийском районе Алматинской области,Квартира,1,28 800 000.00,Закупка жилища,Закупка состоялась
81785784-ЗЖ1,243411.700,Проволока (сталь),15817927-1 Приобретение квартиры (жилой дом) в Илийском районе Алматинской области,Квартира,1,28 800 000.00,Закупка жилища,Закупка состоялась
81786615-ЗЖ1,243411.700,Проволока (сталь),15817726-1 Приобретение четырех двухквартирных жилых домов в с.Самарское района Самар ВКО,Здание,1,36 400 000.00,Закупка жилища,Закупка состоялась
81786856-ЗЖ1,243411.700,Проволока (сталь),15817726-1 Приобретение четырех двухквартирных жилых домов в с.Самарское района Самар ВКО,Здание,1,36 400 000.00,Закупка жилища,Закупка состоялась
81786863-ЗЖ1,243411.700,Проволока (сталь),15817726-1 Приобретение четырех двухквартирных жилых домов в с.Самарское района Самар ВКО,Здание,1,36 400 000.00,Закупка жилища,Закупка состоялась
81786872-ЗЖ1,243411.700,Проволока (сталь),15817726-1 Приобретение четырех двухквартирных жилых домов в с.Самарское района Самар ВКО,Здание,1,36 400 000.00,Закупка жилища,Закупка состоялась
81786881-ЗЖ1,243411.700,Проволока (сталь),15822033-1 Приобретение четырех двухквартирных жилых домов в с.Самарское района Самар ВКО,Здание,1,36 400 000.00,Закупка жилища,Закупка состоялась
81786885-ЗЖ1,243411.700,Проволока (сталь),15822033-1 Приобретение четырех двухквартирных жилых домов в с.Самарское района Самар ВКО,Здание,1,36 400 000.00,Закупка жилища,Закупка состоялась
81786893-ЗЖ1,243411.700,Проволока (сталь),15822108-1 Приобретение четырех двухквартирных жилых домов в с.Самарское района Самар ВКО,Здание,1,36 400 000.00,Закупка жилища,Закупка состоялась
81786902-ЗЖ1,243411.700,Проволока (сталь),15822033-1 Приобретение четырех двухквартирных жилых домов в с.Самарское района Самар ВКО,Здание,1,36 400 000.00,Закупка жилища,Закупка состоялась
81786913-ЗЖ1,243411.700,Проволока (сталь),15822108-1 Приобретение четырех двухквартирных жилых домов в с.Самарское района Самар ВКО,Здание,1,36 400 000.00,Закупка жилища,Закупка состоялась
81786919-ЗЖ1,243411.700,Проволока (сталь),15822108-1 Приобретение четырех двухквартирных жилых домов в с.Самарское района Самар ВКО,Здание,1,36 400 000.00,Закупка жилища,Закупка состоялась
81786928-ЗЖ1,243411.700,Проволока (сталь),15822033-1 Приобретение четырех двухквартирных жилых домов в с.Самарское района Самар ВКО,Здание,1,36 400 000.00,Закупка жилища,Закупка состоялась
81786934-ЗЖ1,243411.700,Проволока (сталь),15822108-1 Приобретение четырех двухквартирных жилых домов в с.Самарское района Самар ВКО,Здание,1,36 400 000.00,Закупка жилища,Закупка состоялась
81786991-ЗЖ1,243411.700,Проволока (сталь),15817523-1 Приобретение жилья в селе Кобда Кобдинского района Актюбинской области согласно технической спецификации,Здание,1,19 050 200.00,Закупка жилища,Закупка состоялась
81786996-ЗЖ1,243411.700,Проволока (сталь),15817523-1 Приобретение жилья в селе Кобда Кобдинского района Актюбинской области согласно технической спецификации,Здание,1,19 050 200.00,Закупка жилища,Закупка состоялась
81787007-ЗЖ1,243411.700,Проволока (сталь),15817523-1 Приобретение жилья в селе Кобда Кобдинского района Актюбинской области согласно технической спецификации,Здание,1,19 050 200.00,Закупка жилища,Закупка состоялась
81787020-ЗЖ1,243411.700,Проволока (сталь),15817523-1 Приобретение жилья в селе Кобда Кобдинского района Актюбинской области согласно технической спецификации,Здание,1,19 050 200.00,Закупка жилища,Закупка состоялась
81787034-ЗЖ1,243411.700,Проволока (сталь),15817633-1 Приобретение жилья в селе Кобда Кобдинского района Актюбинской области согласно технической спецификации,Здание,1,19 050 200.00,Закупка жилища,Закупка состоялась
81787086-ЗЖ1,243411.700,Проволока (сталь),"15819871-1 Приобретение квартиры в селе Кызылсу, Хромтауского района, Актюбинской области",Квартира,1,19 050 000.00,Закупка жилища,Закупка состоялась
81787124-ЗЖ1,243411.700,Проволока (сталь),"15819871-1 Приобретение квартиры в селе Кызылсу, Хромтауского района, Актюбинской области",Квартира,1,19 050 000.00,Закупка жилища,Закупка состоялась
81787135-ЗЖ1,243411.700,Проволока (сталь),"15819871-1 Приобретение квартиры в селе Кызылсу, Хромтауского района, Актюбинской области",Квартира,1,19 050 000.00,Закупка жилища,Закупка состоялась
81787139-ЗЖ1,243411.700,Проволока (сталь),15817633-1 Приобретение жилья в селе Кобда Кобдинского района Актюбинской области согласно технической спецификации,Здание,1,19 050 200.00,Закупка жилища,Закупка состоялась
81787143-ЗЖ1,243411.700,Проволока (сталь),"15819871-1 Приобретение квартиры в селе Кызылсу, Хромтауского района, Актюбинской области",Квартира,1,19 050 000.00,Закупка жилища,Закупка состоялась
81787149-ЗЖ1,243411.700,Проволока (сталь),15817523-1 Приобретение жилья в селе Кобда Кобдинского района Актюбинской области согласно технической спецификации,Здание,1,19 050 200.00,Закупка жилища,Закупка состоялась
81787162-ЗЖ1,243411.700,Проволока (сталь),15817633-1 Приобретение жилья в селе Кобда Кобдинского района Актюбинской области согласно технической спецификации,Здание,1,19 050 200.00,Закупка жилища,Закупка состоялась
81787172-ЗЖ1,243411.700,Проволока (сталь),15817633-1 Приобретение жилья в селе Кобда Кобдинского района Актюбинской области согласно технической спецификации,Здание,1,19 050 200.00,Закупка жилища,Закупка состоялась
81787190-ЗЖ1,243411.700,Проволока (сталь),15817633-1 Приобретение жилья в селе Кобда Кобдинского района Актюбинской области согласно технической спецификации,Здание,1,19 050 200.00,Закупка жилища,Закупка состоялась
81787197-ЗЖ1,243411.700,Проволока (сталь),15817633-1 Приобретение жилья в селе Кобда Кобдинского района Актюбинской области согласно технической спецификации,Здание,1,19 050 200.00,Закупка жилища,Закупка состоялась
81787201-ЗЖ1,243411.700,Проволока (сталь),15817523-1 Приобретение жилья в селе Кобда Кобдинского района Актюбинской области согласно технической спецификации,Здание,1,19 050 200.00,Закупка жилища,Закупка состоялась
81787236-ЗЖ1,243411.700,Проволока (сталь),"15819861-1 Приобретение квартиры в селе Никельтау, Хромтауского района, Актюбинской области",Квартира,1,19 050 000.00,Закупка жилища,Закупка состоялась
81787264-ЗЖ1,243411.700,Проволока (сталь),"15819861-1 Приобретение квартиры в селе Никельтау, Хромтауского района, Актюбинской области",Квартира,1,19 050 000.00,Закупка жилища,Закупка состоялась
81787276-ЗЖ1,243411.700,Проволока (сталь),"15819861-1 Приобретение квартиры в селе Никельтау, Хромтауского района, Актюбинской области",Квартира,1,19 050 000.00,Закупка жилища,Закупка состоялась
81787286-ЗЖ1,243411.700,Проволока (сталь),"15819861-1 Приобретение квартиры в селе Никельтау, Хромтауского района, Актюбинской области",Квартира,1,19 050 000.00,Закупка жилища,Закупка состоялась
81787314-ЗЖ1,243411.700,Проволока (сталь),"15819861-1 Приобретение квартиры в селе Никельтау, Хромтауского района, Актюбинской области",Квартира,1,19 050 000.00,Закупка жилища,Закупка состоялась
81787323-ЗЖ1,243411.700,Проволока (сталь),"15819861-1 Приобретение квартиры в селе Никельтау, Хромтауского района, Актюбинской области",Квартира,1,19 050 000.00,Закупка жилища,Закупка состоялась
81787343-ЗЖ1,243411.700,Проволока (сталь),"15819861-1 Приобретение квартиры в селе Никельтау, Хромтауского района, Актюбинской области",Квартира,1,19 050 000.00,Закупка жилища,Закупка состоялась
81787433-ЗЖ1,243411.700,Проволока (сталь),15817270-1 Приобретение квартир в п.Белоусовка Глубоковского района ВКО,Здание,1,22 100 000.00,Закупка жилища,Закупка состоялась
81787503-ЗЖ1,243411.700,Проволока (сталь),15824906-1 Приобретение жилья в г. Алга Алгинского района Актюбинской области (согласно технической спецификации),Квартира,1,19 050 000.00,Закупка жилища,Закупка состоялась
81789371-ЗЖ1,243411.700,Проволока (сталь),15819747-1 Приобретение арендного жилья для социально уязвимых слоев населения в п. Жайрем (квартира),Здание,1,22 680 000.00,Закупка жилища,Закупка состоялась
81791785-ЗЖ1,243411.700,Проволока (сталь),15819502-1 Приобретение жилья малообеспеченным многодетным семьям в Кегенском районе Алматинской области/,Здание,1,23 800 000.00,Закупка жилища,Закупка состоялась
81792526-ЗЖ1,243411.700,Проволока (сталь),15819502-1 Приобретение жилья малообеспеченным многодетным семьям в Кегенском районе Алматинской области/,Здание,1,23 800 000.00,Закупка жилища,Закупка состоялась
81792632-ЗЖ1,243411.700,Проволока (сталь),15819502-1 Приобретение жилья малообеспеченным многодетным семьям в Кегенском районе Алматинской области/,Здание,1,23 800 000.00,Закупка жилища,Закупка состоялась
81792929-ЗЖ1,243411.700,Проволока (сталь),15819502-1 Приобретение жилья малообеспеченным многодетным семьям в Кегенском районе Алматинской области/,Здание,1,23 800 000.00,Закупка жилища,Закупка состоялась
81793128-ЗЖ1,243411.700,Проволока (сталь),15819502-1 Приобретение жилья малообеспеченным многодетным семьям в Кегенском районе Алматинской области/,Здание,1,23 800 000.00,Закупка жилища,Закупка состоялась
81793155-ЗЖ1,243411.700,Проволока (сталь),15819502-1 Приобретение жилья малообеспеченным многодетным семьям в Кегенском районе Алматинской области/,Здание,1,23 800 000.00,Закупка жилища,Закупка состоялась
81793173-ЗЖ1,243411.700,Проволока (сталь),15819502-1 Приобретение жилья малообеспеченным многодетным семьям в Кегенском районе Алматинской области/,Здание,1,23 800 000.00,Закупка жилища,Закупка состоялась
81793184-ЗЖ1,243411.700,Проволока (сталь),15819502-1 Приобретение жилья малообеспеченным многодетным семьям в Кегенском районе Алматинской области/,Здание,1,23 800 000.00,Закупка жилища,Закупка состоялась
81793575-ЗЖ1,243411.700,Проволока (сталь),15819502-1 Приобретение жилья малообеспеченным многодетным семьям в Кегенском районе Алматинской области/,Здание,1,23 800 000.00,Закупка жилища,Закупка состоялась
81793600-ЗЖ1,243411.700,Проволока (сталь),15819502-1 Приобретение жилья малообеспеченным многодетным семьям в Кегенском районе Алматинской области/,Здание,1,23 800 000.00,Закупка жилища,Закупка состоялась
81793608-ЗЖ1,243411.700,Проволока (сталь),15819502-1 Приобретение жилья малообеспеченным многодетным семьям в Кегенском районе Алматинской области/,Здание,1,23 800 000.00,Закупка жилища,Закупка состоялась
81793624-ЗЖ1,243411.700,Проволока (сталь),15819502-1 Приобретение жилья малообеспеченным многодетным семьям в Кегенском районе Алматинской области/,Здание,1,23 800 000.00,Закупка жилища,Закупка состоялась
81793635-ЗЖ1,243411.700,Проволока (сталь),15819502-1 Приобретение жилья малообеспеченным многодетным семьям в Кегенском районе Алматинской области/,Здание,1,23 800 000.00,Закупка жилища,Закупка состоялась
81793650-ЗЖ1,243411.700,Проволока (сталь),15819502-1 Приобретение жилья малообеспеченным многодетным семьям в Кегенском районе Алматинской области/,Здание,1,23 800 000.00,Закупка жилища,Закупка состоялась
81793659-ЗЖ1,243411.700,Проволока (сталь),15819502-1 Приобретение жилья малообеспеченным многодетным семьям в Кегенском районе Алматинской области/,Здание,1,23 800 000.00,Закупка жилища,Закупка состоялась
81793669-ЗЖ1,243411.700,Проволока (сталь),15819502-1 Приобретение жилья малообеспеченным многодетным семьям в Кегенском районе Алматинской области/,Здание,1,23 800 000.00,Закупка жилища,Закупка состоялась
81793685-ЗЖ1,243411.700,Проволока (сталь),15819502-1 Приобретение жилья малообеспеченным многодетным семьям в Кегенском районе Алматинской области/,Здание,1,23 800 000.00,Закупка жилища,Закупка состоялась
81793705-ЗЖ1,243411.700,Проволока (сталь),15819502-1 Приобретение жилья малообеспеченным многодетным семьям в Кегенском районе Алматинской области/,Здание,1,23 800 000.00,Закупка жилища,Закупка состоялась
81793718-ЗЖ1,243411.700,Проволока (сталь),15819502-1 Приобретение жилья малообеспеченным многодетным семьям в Кегенском районе Алматинской области/,Здание,1,23 800 000.00,Закупка жилища,Закупка состоялась
81793740-ЗЖ1,243411.700,Проволока (сталь),15819502-1 Приобретение жилья малообеспеченным многодетным семьям в Кегенском районе Алматинской области/,Здание,1,23 800 000.00,Закупка жилища,Закупка состоялась
81793755-ЗЖ1,243411.700,Проволока (сталь),15819502-1 Приобретение жилья малообеспеченным многодетным семьям в Кегенском районе Алматинской области/,Здание,1,23 800 000.00,Закупка жилища,Закупка состоялась
81793769-ЗЖ1,243411.700,Проволока (сталь),15819502-1 Приобретение жилья малообеспеченным многодетным семьям в Кегенском районе Алматинской области/,Здание,1,23 800 000.00,Закупка жилища,Закупка состоялась
81793775-ЗЖ1,243411.700,Проволока (сталь),15819502-1 Приобретение жилья малообеспеченным многодетным семьям в Кегенском районе Алматинской области/,Здание,1,23 800 000.00,Закупка жилища,Закупка состоялась
81793787-ЗЖ1,243411.700,Проволока (сталь),15819502-1 Приобретение жилья малообеспеченным многодетным семьям в Кегенском районе Алматинской области/,Здание,1,23 800 000.00,Закупка жилища,Закупка состоялась
81794393-ЗЖ1,243411.700,Проволока (сталь),15819881-1 Приобретение жилого дома на первичном рынке в п.Акжал Шетского района Карагандинской области,Здание,1,21 600 000.00,Закупка жилища,Закупка состоялась
81794404-ЗЖ1,243411.700,Проволока (сталь),15819856-1 Приобретение жилого дома на первичном рынке в п.Акжал Шетского района Карагандинской области,Здание,1,21 600 000.00,Закупка жилища,Закупка состоялась
81795818-ЗЖ1,243411.700,Проволока (сталь),15819502-1 Приобретение жилья малообеспеченным многодетным семьям в Кегенском районе Алматинской области/,Здание,1,23 800 000.00,Закупка жилища,Закупка состоялась
81796064-ЗЖ1,243411.700,Проволока (сталь),15819502-1 Приобретение жилья малообеспеченным многодетным семьям в Кегенском районе Алматинской области/,Здание,1,23 800 000.00,Закупка жилища,Закупка состоялась
81796081-ЗЖ1,243411.700,Проволока (сталь),15819502-1 Приобретение жилья малообеспеченным многодетным семьям в Кегенском районе Алматинской области/,Здание,1,23 800 000.00,Закупка жилища,Закупка состоялась
81796095-ЗЖ1,243411.700,Проволока (сталь),15819502-1 Приобретение жилья малообеспеченным многодетным семьям в Кегенском районе Алматинской области/,Здание,1,23 800 000.00,Закупка жилища,Закупка состоялась
81796100-ЗЖ1,243411.700,Проволока (сталь),15819502-1 Приобретение жилья малообеспеченным многодетным семьям в Кегенском районе Алматинской области/,Здание,1,23 800 000.00,Закупка жилища,Закупка состоялась
81796108-ЗЖ1,243411.700,Проволока (сталь),15819502-1 Приобретение жилья малообеспеченным многодетным семьям в Кегенском районе Алматинской области/,Здание,1,23 800 000.00,Закупка жилища,Закупка состоялась
81796125-ЗЖ1,243411.700,Проволока (сталь),15819502-1 Приобретение жилья малообеспеченным многодетным семьям в Кегенском районе Алматинской области/,Здание,1,23 800 000.00,Закупка жилища,Закупка состоялась
81796136-ЗЖ1,243411.700,Проволока (сталь),15819502-1 Приобретение жилья малообеспеченным многодетным семьям в Кегенском районе Алматинской области/,Здание,1,23 800 000.00,Закупка жилища,Закупка состоялась
81796157-ЗЖ1,243411.700,Проволока (сталь),15819502-1 Приобретение жилья малообеспеченным многодетным семьям в Кегенском районе Алматинской области/,Здание,1,23 800 000.00,Закупка жилища,Закупка состоялась
81796179-ЗЖ1,243411.700,Проволока (сталь),15819502-1 Приобретение жилья малообеспеченным многодетным семьям в Кегенском районе Алматинской области/,Здание,1,23 800 000.00,Закупка жилища,Закупка состоялась
81796188-ЗЖ1,243411.700,Проволока (сталь),15819502-1 Приобретение жилья малообеспеченным многодетным семьям в Кегенском районе Алматинской области/,Здание,1,23 800 000.00,Закупка жилища,Закупка состоялась
81796208-ЗЖ1,243411.700,Проволока (сталь),15819502-1 Приобретение жилья малообеспеченным многодетным семьям в Кегенском районе Алматинской области/,Здание,1,23 800 000.00,Закупка жилища,Закупка состоялась
81797478-ЗЖ1,243411.700,Проволока (сталь),15819502-1 Приобретение жилья малообеспеченным многодетным семьям в Кегенском районе Алматинской области/,Здание,1,23 800 000.00,Закупка жилища,Закупка состоялась
81797594-ЗЖ1,243411.700,Проволока (сталь),15819502-1 Приобретение жилья малообеспеченным многодетным семьям в Кегенском районе Алматинской области/,Здание,1,23 800 000.00,Закупка жилища,Закупка состоялась
81797601-ЗЖ1,243411.700,Проволока (сталь),15819502-1 Приобретение жилья малообеспеченным многодетным семьям в Кегенском районе Алматинской области/,Здание,1,23 800 000.00,Закупка жилища,Закупка состоялась
81797614-ЗЖ1,243411.700,Проволока (сталь),15819502-1 Приобретение жилья малообеспеченным многодетным семьям в Кегенском районе Алматинской области/,Здание,1,23 800 000.00,Закупка жилища,Закупка состоялась
81797629-ЗЖ1,243411.700,Проволока (сталь),15819502-1 Приобретение жилья малообеспеченным многодетным семьям в Кегенском районе Алматинской области/,Здание,1,23 800 000.00,Закупка жилища,Закупка состоялась
81797639-ЗЖ1,243411.700,Проволока (сталь),15819502-1 Приобретение жилья малообеспеченным многодетным семьям в Кегенском районе Алматинской области/,Здание,1,23 800 000.00,Закупка жилища,Закупка состоялась
81797654-ЗЖ1,243411.700,Проволока (сталь),15819502-1 Приобретение жилья малообеспеченным многодетным семьям в Кегенском районе Алматинской области/,Здание,1,23 800 000.00,Закупка жилища,Закупка состоялась
81797691-ЗЖ1,243411.700,Проволока (сталь),15819502-1 Приобретение жилья малообеспеченным многодетным семьям в Кегенском районе Алматинской области/,Здание,1,23 800 000.00,Закупка жилища,Закупка состоялась
81797702-ЗЖ1,243411.700,Проволока (сталь),15819502-1 Приобретение жилья малообеспеченным многодетным семьям в Кегенском районе Алматинской области/,Здание,1,23 800 000.00,Закупка жилища,Закупка состоялась
81797713-ЗЖ1,243411.700,Проволока (сталь),15819502-1 Приобретение жилья малообеспеченным многодетным семьям в Кегенском районе Алматинской области/,Здание,1,23 800 000.00,Закупка жилища,Закупка состоялась
81797726-ЗЖ1,243411.700,Проволока (сталь),15819502-1 Приобретение жилья малообеспеченным многодетным семьям в Кегенском районе Алматинской области/,Здание,1,23 800 000.00,Закупка жилища,Закупка состоялась
81797736-ЗЖ1,243411.700,Проволока (сталь),15819502-1 Приобретение жилья малообеспеченным многодетным семьям в Кегенском районе Алматинской области/,Здание,1,23 800 000.00,Закупка жилища,Закупка состоялась
81798120-ЗЖ1,243411.700,Проволока (сталь),15819502-1 Приобретение жилья малообеспеченным многодетным семьям в Кегенском районе Алматинской области/,Здание,1,23 800 000.00,Закупка жилища,Закупка состоялась
81798129-ЗЖ1,243411.700,Проволока (сталь),15819502-1 Приобретение жилья малообеспеченным многодетным семьям в Кегенском районе Алматинской области/,Здание,1,23 800 000.00,Закупка жилища,Закупка состоялась
81798154-ЗЖ1,243411.700,Проволока (сталь),15819502-1 Приобретение жилья малообеспеченным многодетным семьям в Кегенском районе Алматинской области/,Здание,1,23 800 000.00,Закупка жилища,Закупка состоялась
81798167-ЗЖ1,243411.700,Проволока (сталь),15819502-1 Приобретение жилья малообеспеченным многодетным семьям в Кегенском районе Алматинской области/,Здание,1,23 800 000.00,Закупка жилища,Закупка состоялась
81798716-ЗЖ1,243411.700,Проволока (сталь),15819502-1 Приобретение жилья малообеспеченным многодетным семьям в Кегенском районе Алматинской области/,Здание,1,23 800 000.00,Закупка жилища,Закупка состоялась
81798880-ЗЖ1,243411.700,Проволока (сталь),15819502-1 Приобретение жилья малообеспеченным многодетным семьям в Кегенском районе Алматинской области/,Здание,1,23 800 000.00,Закупка жилища,Закупка состоялась
81799288-ЗЖ1,243411.700,Проволока (сталь),15819502-1 Приобретение жилья малообеспеченным многодетным семьям в Кегенском районе Алматинской области/,Здание,1,23 800 000.00,Закупка жилища,Закупка состоялась
81799298-ЗЖ1,243411.700,Проволока (сталь),15819502-1 Приобретение жилья малообеспеченным многодетным семьям в Кегенском районе Алматинской области/,Здание,1,23 800 000.00,Закупка жилища,Закупка состоялась
81800427-КРБС1,243411.700,Проволока (сталь),"15829309-1 Государственная закупка для КГУ ""Кармакшинский районный отдел жилищно-коммунального хозяйства, пассажирского транспорта и автомобильных дорог""",Работы по строительству (сооружению) сетей/систем/объектов/станций газоснабжения/газораспределения,1,414 262 268.00,Конкурс с использованием рейтингово-балльной системы,Закупка состоялась
81804304-ОИ2,243411.700,Проволока (сталь),15838825-1 Модернизация АИС Платонус,Услуги по пользованию программными продуктами,1,20 350 000.00,Из одного источника по несостоявшимся закупкам,Закупка состоялась
81805252-ЗЖ1,243411.700,Проволока (сталь),15818856-1 Приобретение жилья в с.Саржансай Мартукского района Актюбинской области,Здание,1,19 050 000.00,Закупка жилища,Закупка состоялась
81805283-ЗЖ1,243411.700,Проволока (сталь),15818937-1 Приобретение жилья в с.Саржансай Мартукского района Актюбинской области,Здание,1,19 050 000.00,Закупка жилища,Закупка состоялась
81808662-ЗЖ1,243411.700,Проволока (сталь),15820699-1 Приобретение жилья в селе Шамши Калдаякова Каргалинского района Актюбинской области (согласно технической спецификации),Квартира,1,19 050 000.00,Закупка жилища,Закупка состоялась
81809103-ЗЖ1,243411.700,Проволока (сталь),15819502-1 Приобретение жилья малообеспеченным многодетным семьям в Кегенском районе Алматинской области/,Здание,1,23 800 000.00,Закупка жилища,Закупка состоялась
81810007-ЗЖ1,243411.700,Проволока (сталь),15819502-1 Приобретение жилья малообеспеченным многодетным семьям в Кегенском районе Алматинской области/,Здание,1,23 800 000.00,Закупка жилища,Закупка состоялась
81810010-ЗЦП1,243411.700,Проволока (сталь),15819344-1 Услуга по приобретению и установки интерактивной панели,Услуги по установке и настройке периферийного оборудования,1,28 085 000.00,Запрос ценовых предложений,Закупка состоялась
81810018-ЗЖ1,243411.700,Проволока (сталь),15819502-1 Приобретение жилья малообеспеченным многодетным семьям в Кегенском районе Алматинской области/,Здание,1,23 800 000.00,Закупка жилища,Закупка состоялась
81810025-ЗЖ1,243411.700,Проволока (сталь),15819502-1 Приобретение жилья малообеспеченным многодетным семьям в Кегенском районе Алматинской области/,Здание,1,23 800 000.00,Закупка жилища,Закупка состоялась
81810056-ЗЖ1,243411.700,Проволока (сталь),15828785-1 Государственные закупки согласно технической спецификации,Квартира,1,18 183 000.00,Закупка жилища,Закупка состоялась
81810060-ЗЖ1,243411.700,Проволока (сталь),15828785-1 Государственные закупки согласно технической спецификации,Квартира,1,22 185 000.00,Закупка жилища,Закупка состоялась
81810065-ЗЖ1,243411.700,Проволока (сталь),15819502-1 Приобретение жилья малообеспеченным многодетным семьям в Кегенском районе Алматинской области/,Здание,1,23 800 000.00,Закупка жилища,Закупка состоялась
81810070-ЗЖ1,243411.700,Проволока (сталь),15819502-1 Приобретение жилья малообеспеченным многодетным семьям в Кегенском районе Алматинской области/,Здание,1,23 800 000.00,Закупка жилища,Закупка состоялась
81810269-ЗЖ1,243411.700,Проволока (сталь),15828785-1 Государственные закупки согласно технической спецификации,Квартира,1,18 183 000.00,Закупка жилища,Закупка состоялась
81810275-ЗЖ1,243411.700,Проволока (сталь),15828785-1 Государственные закупки согласно технической спецификации,Квартира,1,22 185 000.00,Закупка жилища,Закупка состоялась
81810276-ЗЖ1,243411.700,Проволока (сталь),15819502-1 Приобретение жилья малообеспеченным многодетным семьям в Кегенском районе Алматинской области/,Здание,1,23 800 000.00,Закупка жилища,Закупка состоялась
81810280-ЗЖ1,243411.700,Проволока (сталь),15819502-1 Приобретение жилья малообеспеченным многодетным семьям в Кегенском районе Алматинской области/,Здание,1,23 800 000.00,Закупка жилища,Закупка состоялась
81810283-ЗЖ1,243411.700,Проволока (сталь),15819502-1 Приобретение жилья малообеспеченным многодетным семьям в Кегенском районе Алматинской области/,Здание,1,23 800 000.00,Закупка жилища,Закупка состоялась
81810285-ЗЖ1,243411.700,Проволока (сталь),15828785-1 Государственные закупки согласно технической спецификации,Квартира,1,18 183 000.00,Закупка жилища,Закупка состоялась
81810289-ЗЖ1,243411.700,Проволока (сталь),15819502-1 Приобретение жилья малообеспеченным многодетным семьям в Кегенском районе Алматинской области/,Здание,1,23 800 000.00,Закупка жилища,Закупка состоялась
81810293-ЗЖ1,243411.700,Проволока (сталь),15828785-1 Государственные закупки согласно технической спецификации,Квартира,1,22 185 000.00,Закупка жилища,Закупка состоялась
81810296-ЗЖ1,243411.700,Проволока (сталь),15819502-1 Приобретение жилья малообеспеченным многодетным семьям в Кегенском районе Алматинской области/,Здание,1,23 800 000.00,Закупка жилища,Закупка состоялась
81810306-ЗЖ1,243411.700,Проволока (сталь),15828785-1 Государственные закупки согласно технической спецификации,Квартира,1,18 183 000.00,Закупка жилища,Закупка состоялась
81810313-ЗЖ1,243411.700,Проволока (сталь),15828785-1 Государственные закупки согласно технической спецификации,Квартира,1,22 185 000.00,Закупка жилища,Закупка состоялась
81810329-ЗЖ1,243411.700,Проволока (сталь),15828785-1 Государственные закупки согласно технической спецификации,Квартира,1,18 183 000.00,Закупка жилища,Закупка состоялась
81810334-ЗЖ1,243411.700,Проволока (сталь),15828785-1 Государственные закупки согласно технической спецификации,Квартира,1,22 185 000.00,Закупка жилища,Закупка состоялась
81810342-ЗЖ1,243411.700,Проволока (сталь),15828785-1 Государственные закупки согласно технической спецификации,Квартира,1,18 183 000.00,Закупка жилища,Закупка состоялась
81810345-ЗЖ1,243411.700,Проволока (сталь),15828785-1 Государственные закупки согласно технической спецификации,Квартира,1,22 185 000.00,Закупка жилища,Закупка состоялась
81810356-ЗЖ1,243411.700,Проволока (сталь),15828785-1 Государственные закупки согласно технической спецификации,Квартира,1,18 183 000.00,Закупка жилища,Закупка состоялась
81810362-ЗЖ1,243411.700,Проволока (сталь),15828785-1 Государственные закупки согласно технической спецификации,Квартира,1,22 185 000.00,Закупка жилища,Закупка состоялась
81810372-ЗЖ1,243411.700,Проволока (сталь),15828785-1 Государственные закупки согласно технической спецификации,Квартира,1,18 183 000.00,Закупка жилища,Закупка состоялась
81810378-ЗЖ1,243411.700,Проволока (сталь),15828785-1 Государственные закупки согласно технической спецификации,Квартира,1,22 185 000.00,Закупка жилища,Закупка состоялась
81810390-ЗЖ1,243411.700,Проволока (сталь),15828785-1 Государственные закупки согласно технической спецификации,Квартира,1,18 183 000.00,Закупка жилища,Закупка состоялась
81810397-ЗЖ1,243411.700,Проволока (сталь),15828785-1 Государственные закупки согласно технической спецификации,Квартира,1,22 185 000.00,Закупка жилища,Закупка состоялась
81810412-ЗЖ1,243411.700,Проволока (сталь),15828785-1 Государственные закупки согласно технической спецификации,Квартира,1,18 183 000.00,Закупка жилища,Закупка состоялась
81810416-ЗЖ1,243411.700,Проволока (сталь),15828785-1 Государственные закупки согласно технической спецификации,Квартира,1,22 185 000.00,Закупка жилища,Закупка состоялась
81810426-ЗЖ1,243411.700,Проволока (сталь),15828785-1 Государственные закупки согласно технической спецификации,Квартира,1,18 183 000.00,Закупка жилища,Закупка состоялась
81810434-ЗЖ1,243411.700,Проволока (сталь),15828785-1 Государственные закупки согласно технической спецификации,Квартира,1,22 185 000.00,Закупка жилища,Закупка состоялась
81810448-ЗЖ1,243411.700,Проволока (сталь),15828785-1 Государственные закупки согласно технической спецификации,Квартира,1,18 183 000.00,Закупка жилища,Закупка состоялась
81810454-ЗЖ1,243411.700,Проволока (сталь),15828785-1 Государственные закупки согласно технической спецификации,Квартира,1,22 185 000.00,Закупка жилища,Закупка состоялась
81810459-ЗЖ1,243411.700,Проволока (сталь),15828785-1 Государственные закупки согласно технической спецификации,Квартира,1,18 183 000.00,Закупка жилища,Закупка состоялась
81810464-ЗЖ1,243411.700,Проволока (сталь),15828785-1 Государственные закупки согласно технической спецификации,Квартира,1,22 185 000.00,Закупка жилища,Закупка состоялась
81810472-ЗЖ1,243411.700,Проволока (сталь),15828785-1 Государственные закупки согласно технической спецификации,Квартира,1,18 183 000.00,Закупка жилища,Закупка состоялась
81810476-ЗЖ1,243411.700,Проволока (сталь),15828785-1 Государственные закупки согласно технической спецификации,Квартира,1,22 185 000.00,Закупка жилища,Закупка состоялась
81810489-ЗЖ1,243411.700,Проволока (сталь),15828785-1 Государственные закупки согласно технической спецификации,Квартира,1,18 183 000.00,Закупка жилища,Закупка состоялась
81810491-ЗЖ1,243411.700,Проволока (сталь),15828785-1 Государственные закупки согласно технической спецификации,Квартира,1,22 185 000.00,Закупка жилища,Закупка состоялась
81810503-ЗЖ1,243411.700,Проволока (сталь),15828785-1 Государственные закупки согласно технической спецификации,Квартира,1,18 183 000.00,Закупка жилища,Закупка состоялась
81810508-ЗЖ1,243411.700,Проволока (сталь),15828785-1 Государственные закупки согласно технической спецификации,Квартира,1,22 185 000.00,Закупка жилища,Закупка состоялась
81810516-ЗЖ1,243411.700,Проволока (сталь),15828785-1 Государственные закупки согласно технической спецификации,Квартира,1,18 183 000.00,Закупка жилища,Закупка состоялась
81810519-ЗЖ1,243411.700,Проволока (сталь),15828785-1 Государственные закупки согласно технической спецификации,Квартира,1,22 185 000.00,Закупка жилища,Закупка состоялась
81810525-ЗЖ1,243411.700,Проволока (сталь),15828785-1 Государственные закупки согласно технической спецификации,Квартира,1,18 183 000.00,Закупка жилища,Закупка состоялась
81810527-ЗЖ1,243411.700,Проволока (сталь),15828785-1 Государственные закупки согласно технической спецификации,Квартира,1,22 185 000.00,Закупка жилища,Закупка состоялась
81810537-ЗЖ1,243411.700,Проволока (сталь),15828785-1 Государственные закупки согласно технической спецификации,Квартира,1,18 183 000.00,Закупка жилища,Закупка состоялась
81810539-ЗЖ1,243411.700,Проволока (сталь),15828785-1 Государственные закупки согласно технической спецификации,Квартира,1,22 185 000.00,Закупка жилища,Закупка состоялась
81810544-ЗЖ1,243411.700,Проволока (сталь),15828785-1 Государственные закупки согласно технической спецификации,Квартира,1,18 183 000.00,Закупка жилища,Закупка состоялась
81810546-ЗЖ1,243411.700,Проволока (сталь),15828785-1 Государственные закупки согласно технической спецификации,Квартира,1,22 185 000.00,Закупка жилища,Закупка состоялась
81810548-ЗЖ1,243411.700,Проволока (сталь),15819502-1 Приобретение жилья малообеспеченным многодетным семьям в Кегенском районе Алматинской области/,Здание,1,23 734 600.00,Закупка жилища,Закупка состоялась
81810559-ЗЖ1,243411.700,Проволока (сталь),15828785-1 Государственные закупки согласно технической спецификации,Квартира,1,18 183 000.00,Закупка жилища,Закупка состоялась
81810562-ЗЖ1,243411.700,Проволока (сталь),15828785-1 Государственные закупки согласно технической спецификации,Квартира,1,22 185 000.00,Закупка жилища,Закупка состоялась
81810575-ЗЖ1,243411.700,Проволока (сталь),15828785-1 Государственные закупки согласно технической спецификации,Квартира,1,18 183 000.00,Закупка жилища,Закупка состоялась
81810577-ЗЖ1,243411.700,Проволока (сталь),15828785-1 Государственные закупки согласно технической спецификации,Квартира,1,22 185 000.00,Закупка жилища,Закупка состоялась
81810582-ЗЖ1,243411.700,Проволока (сталь),15828785-1 Государственные закупки согласно технической спецификации,Квартира,1,18 183 000.00,Закупка жилища,Закупка состоялась
81810590-ЗЖ1,243411.700,Проволока (сталь),15828785-1 Государственные закупки согласно технической спецификации,Квартира,1,22 185 000.00,Закупка жилища,Закупка состоялась
81810688-ЗЖ1,243411.700,Проволока (сталь),15828785-1 Государственные закупки согласно технической спецификации,Квартира,1,18 183 000.00,Закупка жилища,Закупка состоялась
81810691-ЗЖ1,243411.700,Проволока (сталь),15828785-1 Государственные закупки согласно технической спецификации,Квартира,1,22 185 000.00,Закупка жилища,Закупка состоялась
81810708-ЗЖ1,243411.700,Проволока (сталь),15828785-1 Государственные закупки согласно технической спецификации,Квартира,1,18 183 000.00,Закупка жилища,Закупка состоялась
81810712-ЗЖ1,243411.700,Проволока (сталь),15828785-1 Государственные закупки согласно технической спецификации,Квартира,1,22 185 000.00,Закупка жилища,Закупка состоялась
81810721-ЗЖ1,243411.700,Проволока (сталь),15828785-1 Государственные закупки согласно технической спецификации,Квартира,1,18 183 000.00,Закупка жилища,Закупка состоялась
81810741-ЗЖ1,243411.700,Проволока (сталь),15828785-1 Государственные закупки согласно технической спецификации,Квартира,1,18 183 000.00,Закупка жилища,Закупка состоялась
81810743-ЗЖ1,243411.700,Проволока (сталь),15828785-1 Государственные закупки согласно технической спецификации,Квартира,1,22 185 000.00,Закупка жилища,Закупка состоялась
81810761-ЗЖ1,243411.700,Проволока (сталь),15828785-1 Государственные закупки согласно технической спецификации,Квартира,1,18 183 000.00,Закупка жилища,Закупка состоялась
81810771-ЗЖ1,243411.700,Проволока (сталь),15828785-1 Государственные закупки согласно технической спецификации,Квартира,1,22 185 000.00,Закупка жилища,Закупка состоялась
81812847-ЗЦП1,243411.700,Проволока (сталь),15819629-1 Панель интерактивная 86 дюйм с компьютером,Панель интерактивная,21,18 438 257.04,Запрос ценовых предложений,Закупка состоялась
81813007-ЗЖ1,243411.700,Проволока (сталь),15819708-1 Приобретение квартиры в городе Кандыагаш Мугалжарского района Актюбинской области,Квартира,1,19 050 000.00,Закупка жилища,Закупка состоялась
81813009-ЗЖ1,243411.700,Проволока (сталь),15819708-1 Приобретение квартиры в городе Кандыагаш Мугалжарского района Актюбинской области,Квартира,1,19 050 000.00,Закупка жилища,Закупка состоялась
81813014-ЗЖ1,243411.700,Проволока (сталь),15819708-1 Приобретение квартиры в городе Кандыагаш Мугалжарского района Актюбинской области,Квартира,1,19 050 000.00,Закупка жилища,Закупка состоялась
81813015-ЗЖ1,243411.700,Проволока (сталь),15819708-1 Приобретение квартиры в городе Кандыагаш Мугалжарского района Актюбинской области,Квартира,1,19 050 000.00,Закупка жилища,Закупка состоялась
81813017-ЗЖ1,243411.700,Проволока (сталь),15819708-1 Приобретение квартиры в городе Кандыагаш Мугалжарского района Актюбинской области,Квартира,1,19 050 000.00,Закупка жилища,Закупка состоялась
81813021-ЗЖ1,243411.700,Проволока (сталь),15819708-1 Приобретение квартиры в городе Кандыагаш Мугалжарского района Актюбинской области,Квартира,1,19 050 000.00,Закупка жилища,Закупка состоялась
81813030-ЗЖ1,243411.700,Проволока (сталь),15819708-1 Приобретение квартиры в городе Кандыагаш Мугалжарского района Актюбинской области,Квартира,1,19 050 000.00,Закупка жилища,Закупка состоялась
81813033-ЗЖ1,243411.700,Проволока (сталь),15819708-1 Приобретение квартиры в городе Кандыагаш Мугалжарского района Актюбинской области,Квартира,1,19 050 000.00,Закупка жилища,Закупка состоялась
81813034-ЗЖ1,243411.700,Проволока (сталь),15819708-1 Приобретение квартиры в городе Кандыагаш Мугалжарского района Актюбинской области,Квартира,1,19 050 000.00,Закупка жилища,Закупка состоялась
81813036-ЗЖ1,243411.700,Проволока (сталь),15819708-1 Приобретение квартиры в городе Кандыагаш Мугалжарского района Актюбинской области,Квартира,1,19 050 000.00,Закупка жилища,Закупка состоялась
81813037-ЗЖ1,243411.700,Проволока (сталь),15819708-1 Приобретение квартиры в городе Кандыагаш Мугалжарского района Актюбинской области,Квартира,1,19 050 000.00,Закупка жилища,Закупка состоялась
81813040-ЗЖ1,243411.700,Проволока (сталь),15819708-1 Приобретение квартиры в городе Кандыагаш Мугалжарского района Актюбинской области,Квартира,1,19 050 000.00,Закупка жилища,Закупка состоялась
81813045-ЗЖ1,243411.700,Проволока (сталь),15819708-1 Приобретение квартиры в городе Кандыагаш Мугалжарского района Актюбинской области,Квартира,1,19 050 000.00,Закупка жилища,Закупка состоялась
81813052-ЗЖ1,243411.700,Проволока (сталь),15819708-1 Приобретение квартиры в городе Кандыагаш Мугалжарского района Актюбинской области,Квартира,1,19 050 000.00,Закупка жилища,Закупка состоялась
81813056-ЗЖ1,243411.700,Проволока (сталь),15819708-1 Приобретение квартиры в городе Кандыагаш Мугалжарского района Актюбинской области,Квартира,1,19 050 000.00,Закупка жилища,Закупка состоялась
81813058-ЗЖ1,243411.700,Проволока (сталь),15819708-1 Приобретение квартиры в городе Кандыагаш Мугалжарского района Актюбинской области,Квартира,1,19 050 000.00,Закупка жилища,Закупка состоялась
81813063-ЗЖ1,243411.700,Проволока (сталь),15819708-1 Приобретение квартиры в городе Кандыагаш Мугалжарского района Актюбинской области,Квартира,1,19 050 000.00,Закупка жилища,Закупка состоялась
81813066-ЗЖ1,243411.700,Проволока (сталь),15819708-1 Приобретение квартиры в городе Кандыагаш Мугалжарского района Актюбинской области,Квартира,1,19 050 000.00,Закупка жилища,Закупка состоялась
81813067-ЗЖ1,243411.700,Проволока (сталь),15819708-1 Приобретение квартиры в городе Кандыагаш Мугалжарского района Актюбинской области,Квартира,1,19 050 000.00,Закупка жилища,Закупка состоялась
81813073-ЗЖ1,243411.700,Проволока (сталь),15819708-1 Приобретение квартиры в городе Кандыагаш Мугалжарского района Актюбинской области,Квартира,1,19 050 000.00,Закупка жилища,Закупка состоялась
81813078-ЗЖ1,243411.700,Проволока (сталь),15819708-1 Приобретение квартиры в городе Кандыагаш Мугалжарского района Актюбинской области,Квартира,1,19 050 000.00,Закупка жилища,Закупка состоялась
81813080-ЗЖ1,243411.700,Проволока (сталь),15819708-1 Приобретение квартиры в городе Кандыагаш Мугалжарского района Актюбинской области,Квартира,1,19 050 000.00,Закупка жилища,Закупка состоялась
81813082-ЗЖ1,243411.700,Проволока (сталь),15819708-1 Приобретение квартиры в городе Кандыагаш Мугалжарского района Актюбинской области,Квартира,1,19 050 000.00,Закупка жилища,Закупка состоялась
81813087-ЗЖ1,243411.700,Проволока (сталь),15819708-1 Приобретение квартиры в городе Кандыагаш Мугалжарского района Актюбинской области,Квартира,1,19 050 000.00,Закупка жилища,Закупка состоялась
81813089-ЗЖ1,243411.700,Проволока (сталь),15819708-1 Приобретение квартиры в городе Кандыагаш Мугалжарского района Актюбинской области,Квартира,1,19 050 000.00,Закупка жилища,Закупка состоялась
81813104-ЗЖ1,243411.700,Проволока (сталь),15819708-1 Приобретение квартиры в городе Кандыагаш Мугалжарского района Актюбинской области,Квартира,1,19 050 000.00,Закупка жилища,Закупка состоялась
81813108-ЗЖ1,243411.700,Проволока (сталь),15819708-1 Приобретение квартиры в городе Кандыагаш Мугалжарского района Актюбинской области,Квартира,1,19 050 000.00,Закупка жилища,Закупка состоялась
81813110-ЗЖ1,243411.700,Проволока (сталь),15819708-1 Приобретение квартиры в городе Кандыагаш Мугалжарского района Актюбинской области,Квартира,1,19 050 000.00,Закупка жилища,Закупка состоялась
81813115-ЗЖ1,243411.700,Проволока (сталь),15819708-1 Приобретение квартиры в городе Кандыагаш Мугалжарского района Актюбинской области,Квартира,1,19 050 000.00,Закупка жилища,Закупка состоялась
81813119-ЗЖ1,243411.700,Проволока (сталь),15819708-1 Приобретение квартиры в городе Кандыагаш Мугалжарского района Актюбинской области,Квартира,1,19 050 000.00,Закупка жилища,Закупка состоялась
81813120-ЗЖ1,243411.700,Проволока (сталь),15819708-1 Приобретение квартиры в городе Кандыагаш Мугалжарского района Актюбинской области,Квартира,1,19 050 000.00,Закупка жилища,Закупка состоялась
81813123-ЗЖ1,243411.700,Проволока (сталь),15819708-1 Приобретение квартиры в городе Кандыагаш Мугалжарского района Актюбинской области,Квартира,1,19 050 000.00,Закупка жилища,Закупка состоялась
81813124-ЗЖ1,243411.700,Проволока (сталь),15819685-1 Приобретение квартиры в городе Кандыагаш Мугалжарского района Актюбинской области,Квартира,1,19 050 000.00,Закупка жилища,Закупка состоялась
81813138-ЗЖ1,243411.700,Проволока (сталь),15819697-1 Приобретение квартиры в городе Хромтау,Квартира,1,15 090 000.00,Закупка жилища,Закупка состоялась
81813141-ЗЖ1,243411.700,Проволока (сталь),15819697-1 Приобретение квартиры в городе Хромтау,Квартира,1,15 000 000.00,Закупка жилища,Закупка состоялась
81813165-ЗЖ1,243411.700,Проволока (сталь),15819721-1 Приобретение частного дома с земельным участком,Квартира,1,23 032 800.00,Закупка жилища,Закупка состоялась
81813167-ЗЖ1,243411.700,Проволока (сталь),15819713-1 Приобретение частного дома с земельным участком,Квартира,1,23 032 800.00,Закупка жилища,Закупка состоялась
81813172-ЗЖ1,243411.700,Проволока (сталь),15819697-1 Приобретение квартиры в городе Хромтау,Квартира,1,15 060 000.00,Закупка жилища,Закупка состоялась
81813176-ЗЖ1,243411.700,Проволока (сталь),15819684-1 Приобретение частного дома с земельным участком,Квартира,1,23 032 800.00,Закупка жилища,Закупка состоялась
81813186-ЗЖ1,243411.700,Проволока (сталь),15819697-1 Приобретение квартиры в городе Хромтау,Квартира,1,30 960 000.00,Закупка жилища,Закупка состоялась
81813187-ЗЖ1,243411.700,Проволока (сталь),15819697-1 Приобретение квартиры в городе Хромтау,Квартира,1,31 020 000.00,Закупка жилища,Закупка состоялась
81813195-ЗЖ1,243411.700,Проволока (сталь),15819697-1 Приобретение квартиры в городе Хромтау,Квартира,1,31 110 000.00,Закупка жилища,Закупка состоялась
81813205-ЗЖ1,243411.700,Проволока (сталь),15819697-1 Приобретение квартиры в городе Хромтау,Квартира,1,30 930 000.00,Закупка жилища,Закупка состоялась
81813210-ЗЖ1,243411.700,Проволока (сталь),15819701-1 Приобретение частного дома с земельным участком,Квартира,1,23 032 800.00,Закупка жилища,Закупка состоялась
81813305-ЗЖ1,243411.700,Проволока (сталь),15819697-1 Приобретение квартиры в городе Хромтау,Квартира,1,30 990 000.00,Закупка жилища,Закупка состоялась
81813316-ЗЖ1,243411.700,Проволока (сталь),15819692-1 Приобретение жилого дома в городе Шалкар Актюбинской области,Квартира,1,19 050 000.00,Закупка жилища,Закупка состоялась
81815468-ЗЦП1,243411.700,Проволока (сталь),15840639-1 Приобретение парового стерилизатора высокого давления,Стерилизатор,1,20 000 000.00,Запрос ценовых предложений,Закупка состоялась
81816185-ЗЖ1,243411.700,Проволока (сталь),"15819884-1 Приобретение квартиры в г. Хромтау, Хромтауского района, Актюбинской области",Квартира,1,18 000 000.00,Закупка жилища,Закупка состоялась
81817748-ЗЖ1,243411.700,Проволока (сталь),15826939-1 Приобретение квартиры (дома) по Енбекшиказахскому району,Здание,1,28 000 000.00,Закупка жилища,Закупка состоялась
81817752-ЗЖ1,243411.700,Проволока (сталь),15826939-1 Приобретение квартиры (дома) по Енбекшиказахскому району,Здание,1,28 000 000.00,Закупка жилища,Закупка состоялась
81817754-ЗЖ1,243411.700,Проволока (сталь),15826939-1 Приобретение квартиры (дома) по Енбекшиказахскому району,Здание,1,28 000 000.00,Закупка жилища,Закупка состоялась
81817756-ЗЖ1,243411.700,Проволока (сталь),15826939-1 Приобретение квартиры (дома) по Енбекшиказахскому району,Здание,1,28 000 000.00,Закупка жилища,Закупка состоялась
81817757-ЗЖ1,243411.700,Проволока (сталь),15826939-1 Приобретение квартиры (дома) по Енбекшиказахскому району,Здание,1,28 000 000.00,Закупка жилища,Закупка состоялась
81817759-ЗЖ1,243411.700,Проволока (сталь),15826939-1 Приобретение квартиры (дома) по Енбекшиказахскому району,Здание,1,28 000 000.00,Закупка жилища,Закупка состоялась
81817761-ЗЖ1,243411.700,Проволока (сталь),15826939-1 Приобретение квартиры (дома) по Енбекшиказахскому району,Здание,1,28 000 000.00,Закупка жилища,Закупка состоялась
81817763-ЗЖ1,243411.700,Проволока (сталь),15826939-1 Приобретение квартиры (дома) по Енбекшиказахскому району,Здание,1,28 000 000.00,Закупка жилища,Закупка состоялась
81817764-ЗЖ1,243411.700,Проволока (сталь),15826939-1 Приобретение квартиры (дома) по Енбекшиказахскому району,Здание,1,28 000 000.00,Закупка жилища,Закупка состоялась
81817765-ЗЖ1,243411.700,Проволока (сталь),15826939-1 Приобретение квартиры (дома) по Енбекшиказахскому району,Здание,1,28 000 000.00,Закупка жилища,Закупка состоялась
81817769-ЗЖ1,243411.700,Проволока (сталь),15826939-1 Приобретение квартиры (дома) по Енбекшиказахскому району,Здание,1,28 000 000.00,Закупка жилища,Закупка состоялась
81817770-ЗЖ1,243411.700,Проволока (сталь),15826939-1 Приобретение квартиры (дома) по Енбекшиказахскому району,Здание,1,28 000 000.00,Закупка жилища,Закупка состоялась
81817771-ЗЖ1,243411.700,Проволока (сталь),15826939-1 Приобретение квартиры (дома) по Енбекшиказахскому району,Здание,1,28 000 000.00,Закупка жилища,Закупка состоялась
81817775-ЗЖ1,243411.700,Проволока (сталь),15826939-1 Приобретение квартиры (дома) по Енбекшиказахскому району,Здание,1,28 000 000.00,Закупка жилища,Закупка состоялась
81817778-ЗЖ1,243411.700,Проволока (сталь),15826939-1 Приобретение квартиры (дома) по Енбекшиказахскому району,Здание,1,28 000 000.00,Закупка жилища,Закупка состоялась
81817780-ЗЖ1,243411.700,Проволока (сталь),15826939-1 Приобретение квартиры (дома) по Енбекшиказахскому району,Здание,1,28 000 000.00,Закупка жилища,Закупка состоялась
81817781-ЗЖ1,243411.700,Проволока (сталь),15826939-1 Приобретение квартиры (дома) по Енбекшиказахскому району,Здание,1,28 000 000.00,Закупка жилища,Закупка состоялась
81817786-ЗЖ1,243411.700,Проволока (сталь),15826939-1 Приобретение квартиры (дома) по Енбекшиказахскому району,Здание,1,28 000 000.00,Закупка жилища,Закупка состоялась
81817789-ЗЖ1,243411.700,Проволока (сталь),15826939-1 Приобретение квартиры (дома) по Енбекшиказахскому району,Здание,1,28 000 000.00,Закупка жилища,Закупка состоялась
81817791-ЗЖ1,243411.700,Проволока (сталь),"15824369-1 Приобретение 3-х комнатных квартир для социально уязвимых слоев населения Каракиянского района, не менее 85 квадратных метров (село Курык)",Квартира,1,17 136 000.00,Закупка жилища,Закупка состоялась
81817795-ЗЖ1,243411.700,Проволока (сталь),15826939-1 Приобретение квартиры (дома) по Енбекшиказахскому району,Здание,1,28 000 000.00,Закупка жилища,Закупка состоялась
81817799-ЗЖ1,243411.700,Проволока (сталь),15826939-1 Приобретение квартиры (дома) по Енбекшиказахскому району,Здание,1,28 000 000.00,Закупка жилища,Закупка состоялась
81817800-ЗЖ1,243411.700,Проволока (сталь),"15824329-1 Приобретение 3-х комнатных квартир для социально уязвимых слоев населения Каракиянского района, не менее 85 квадратных метров (село Мунайшы)",Квартира,1,17 136 000.00,Закупка жилища,Закупка состоялась
81817820-ЗЖ1,243411.700,Проволока (сталь),"15824345-1 Приобретение 3-х комнатных квартир для социально уязвимых слоев населения Каракиянского района, не менее 85 квадратных метров (село Мунайшы)",Квартира,1,17 136 000.00,Закупка жилища,Закупка состоялась
81817827-ЗЖ1,243411.700,Проволока (сталь),"15824222-1 Приобретение 3-х комнатных квартир для социально уязвимых слоев населения Каракиянского района, не менее 85 квадратных метров (село Мунайшы)",Квартира,1,17 136 000.00,Закупка жилища,Закупка состоялась
81817829-ЗЖ1,243411.700,Проволока (сталь),"15824254-1 Приобретение 3-х комнатных квартир для социально уязвимых слоев населения Каракиянского района, не менее 85 квадратных метров (село Мунайшы)",Квартира,1,17 136 000.00,Закупка жилища,Закупка состоялась
81817836-ЗЖ1,243411.700,Проволока (сталь),"15824272-1 Приобретение 3-х комнатных квартир для социально уязвимых слоев населения Каракиянского района, не менее 85 квадратных метров (село Мунайшы)",Квартира,1,17 136 000.00,Закупка жилища,Закупка состоялась
81817844-ЗЖ1,243411.700,Проволока (сталь),"15824042-1 Приобретение 3-х комнатных квартир для социально уязвимых слоев населения Каракиянского района, не менее 85 квадратных метров (село Жетыбай)",Квартира,1,17 136 000.00,Закупка жилища,Закупка состоялась
81817849-ЗЖ1,243411.700,Проволока (сталь),"15824149-1 Приобретение 3-х комнатных квартир для социально уязвимых слоев населения Каракиянского района, не менее 85 квадратных метров (село Жетыбай)",Квартира,1,17 136 000.00,Закупка жилища,Закупка состоялась
81817850-ЗЖ2,243411.700,Проволока (сталь),"15838897-1 Приобретение 3-х комнатных квартир для социально уязвимых слоев населения Каракиянского района, не менее 85 квадратных метров (село Жетыбай)",Квартира,1,17 136 000.00,Закупка жилища,Закупка состоялась
81817893-ЗЖ1,243411.700,Проволока (сталь),"15824091-1 Приобретение 3-х комнатных квартир для социально уязвимых слоев населения Каракиянского района, не менее 85 квадратных метров (село Жетыбай)",Квартира,1,17 136 000.00,Закупка жилища,Закупка состоялась
81817894-ЗЖ1,243411.700,Проволока (сталь),"15824124-1 Приобретение 3-х комнатных квартир для социально уязвимых слоев населения Каракиянского района, не менее 85 квадратных метров (село Жетыбай)",Квартира,1,17 136 000.00,Закупка жилища,Закупка состоялась
81817895-ЗЖ1,243411.700,Проволока (сталь),"15824062-1 Приобретение 3-х комнатных квартир для социально уязвимых слоев населения Каракиянского района, не менее 85 квадратных метров (село Жетыбай)",Квартира,1,17 136 000.00,Закупка жилища,Закупка состоялась
81817898-ЗЖ1,243411.700,Проволока (сталь),"15823941-1 Приобретение 3-х комнатных квартир для социально уязвимых слоев населения Каракиянского района, не менее 85 квадратных метров (село Жетыбай)",Квартира,1,17 136 000.00,Закупка жилища,Закупка состоялась
81817901-ЗЖ1,243411.700,Проволока (сталь),"15823989-1 Приобретение 3-х комнатных квартир для социально уязвимых слоев населения Каракиянского района, не менее 85 квадратных метров (село Жетыбай)",Квартира,1,17 136 000.00,Закупка жилища,Закупка состоялась
81831518-ОИ2,243411.700,Проволока (сталь),15838760-1 Приобретение служебных автомобилей,Автомобиль,1,15 000 000.00,Из одного источника по несостоявшимся закупкам,Закупка состоялась
81831777-ОИ2,243411.700,Проволока (сталь),15831715-1 Приобретение здания ветеринарной пункт в Алгабасском сельском округе,Здание,1,17 000 000.00,Из одного источника по несостоявшимся закупкам,Закупка состоялась
81835044-ЗЖ1,243411.700,Проволока (сталь),15821354-1 Приобретение жилого дома в селе Булдырты Сырымского района ЗКО,Здание,1,17 820 000.00,Закупка жилища,Закупка состоялась
81835064-ЗЖ1,243411.700,Проволока (сталь),15821406-1 Приобретение жилого дома в селе Булдырты Сырымского района ЗКО,Здание,1,17 820 000.00,Закупка жилища,Закупка состоялась
81837356-ЗЖ1,243411.700,Проволока (сталь),15826925-1 Приобретение квартир для ГУ «Отдел строительства города Караганды»,Квартира,1,33 660 000.00,Закупка жилища,Закупка состоялась
81837654-ЗЖ1,243411.700,Проволока (сталь),15826925-1 Приобретение квартир для ГУ «Отдел строительства города Караганды»,Квартира,1,24 408 000.00,Закупка жилища,Закупка состоялась
81837727-ЗЖ1,243411.700,Проволока (сталь),15826925-1 Приобретение квартир для ГУ «Отдел строительства города Караганды»,Квартира,1,24 120 000.00,Закупка жилища,Закупка состоялась
81837784-ЗЖ1,243411.700,Проволока (сталь),15826925-1 Приобретение квартир для ГУ «Отдел строительства города Караганды»,Квартира,1,34 236 000.00,Закупка жилища,Закупка состоялась
81837831-ЗЖ1,243411.700,Проволока (сталь),15826925-1 Приобретение квартир для ГУ «Отдел строительства города Караганды»,Квартира,1,33 588 000.00,Закупка жилища,Закупка состоялась
81838572-ЗЖ1,243411.700,Проволока (сталь),15826925-1 Приобретение квартир для ГУ «Отдел строительства города Караганды»,Квартира,1,33 624 000.00,Закупка жилища,Закупка состоялась
81839002-ЗЖ1,243411.700,Проволока (сталь),15826925-1 Приобретение квартир для ГУ «Отдел строительства города Караганды»,Квартира,1,34 200 000.00,Закупка жилища,Закупка состоялась
81839078-ЗЖ1,243411.700,Проволока (сталь),15826925-1 Приобретение квартир для ГУ «Отдел строительства города Караганды»,Квартира,1,17 712 000.00,Закупка жилища,Закупка состоялась
81839127-ЗЖ1,243411.700,Проволока (сталь),15826925-1 Приобретение квартир для ГУ «Отдел строительства города Караганды»,Квартира,1,24 444 000.00,Закупка жилища,Закупка состоялась
81839464-ЗЖ1,243411.700,Проволока (сталь),15826925-1 Приобретение квартир для ГУ «Отдел строительства города Караганды»,Квартира,1,16 596 000.00,Закупка жилища,Закупка состоялась
81839919-ЗЖ1,243411.700,Проволока (сталь),15826925-1 Приобретение квартир для ГУ «Отдел строительства города Караганды»,Квартира,1,42 948 000.00,Закупка жилища,Закупка состоялась
81840215-ЗЖ1,243411.700,Проволока (сталь),15826925-1 Приобретение квартир для ГУ «Отдел строительства города Караганды»,Квартира,1,17 676 000.00,Закупка жилища,Закупка состоялась
81841275-ЗЖ1,243411.700,Проволока (сталь),15826925-1 Приобретение квартир для ГУ «Отдел строительства города Караганды»,Квартира,1,24 408 000.00,Закупка жилища,Закупка состоялась
81841314-ЗЖ1,243411.700,Проволока (сталь),15826925-1 Приобретение квартир для ГУ «Отдел строительства города Караганды»,Квартира,1,24 120 000.00,Закупка жилища,Закупка состоялась
81841334-ЗЖ1,243411.700,Проволока (сталь),15826925-1 Приобретение квартир для ГУ «Отдел строительства города Караганды»,Квартира,1,34 200 000.00,Закупка жилища,Закупка состоялась
81841371-ЗЖ1,243411.700,Проволока (сталь),15826925-1 Приобретение квартир для ГУ «Отдел строительства города Караганды»,Квартира,1,17 964 000.00,Закупка жилища,Закупка состоялась
81841575-ЗЖ1,243411.700,Проволока (сталь),15826925-1 Приобретение квартир для ГУ «Отдел строительства города Караганды»,Квартира,1,34 452 000.00,Закупка жилища,Закупка состоялась
81842222-ЗЖ1,243411.700,Проволока (сталь),15826925-1 Приобретение квартир для ГУ «Отдел строительства города Караганды»,Квартира,1,17 964 000.00,Закупка жилища,Закупка состоялась
81842263-ЗЖ1,243411.700,Проволока (сталь),15826925-1 Приобретение квартир для ГУ «Отдел строительства города Караганды»,Квартира,1,16 668 000.00,Закупка жилища,Закупка состоялась
81842312-ЗЖ1,243411.700,Проволока (сталь),15826925-1 Приобретение квартир для ГУ «Отдел строительства города Караганды»,Квартира,1,34 488 000.00,Закупка жилища,Закупка состоялась
81842347-ЗЖ1,243411.700,Проволока (сталь),15826925-1 Приобретение квартир для ГУ «Отдел строительства города Караганды»,Квартира,1,17 964 000.00,Закупка жилища,Закупка состоялась
81842387-ЗЖ1,243411.700,Проволока (сталь),15826925-1 Приобретение квартир для ГУ «Отдел строительства города Караганды»,Квартира,1,33 804 000.00,Закупка жилища,Закупка состоялась
81842429-ЗЖ1,243411.700,Проволока (сталь),15826925-1 Приобретение квартир для ГУ «Отдел строительства города Караганды»,Квартира,1,34 380 000.00,Закупка жилища,Закупка состоялась
81842453-ЗЖ1,243411.700,Проволока (сталь),15826925-1 Приобретение квартир для ГУ «Отдел строительства города Караганды»,Квартира,1,33 804 000.00,Закупка жилища,Закупка состоялась
81842478-ЗЖ1,243411.700,Проволока (сталь),15826925-1 Приобретение квартир для ГУ «Отдел строительства города Караганды»,Квартира,1,17 964 000.00,Закупка жилища,Закупка состоялась
81842524-ЗЖ1,243411.700,Проволока (сталь),15826925-1 Приобретение квартир для ГУ «Отдел строительства города Караганды»,Квартира,1,42 300 000.00,Закупка жилища,Закупка состоялась
81842671-ЗЖ1,243411.700,Проволока (сталь),15826925-1 Приобретение квартир для ГУ «Отдел строительства города Караганды»,Квартира,1,15 912 000.00,Закупка жилища,Закупка состоялась
81842775-ЗЖ1,243411.700,Проволока (сталь),15826925-1 Приобретение квартир для ГУ «Отдел строительства города Караганды»,Квартира,1,34 452 000.00,Закупка жилища,Закупка состоялась
81842800-ЗЖ1,243411.700,Проволока (сталь),15826925-1 Приобретение квартир для ГУ «Отдел строительства города Караганды»,Квартира,1,17 964 000.00,Закупка жилища,Закупка состоялась
81843392-ЗЖ1,243411.700,Проволока (сталь),15822251-1 Приобретение жилья для социально уязвимых слоев населения (СУСН),Здание,1,21 025 000.00,Закупка жилища,Закупка состоялась
81843402-ЗЖ1,243411.700,Проволока (сталь),15822251-1 Приобретение жилья для социально уязвимых слоев населения (СУСН),Здание,1,21 025 000.00,Закупка жилища,Закупка состоялась
81843414-ЗЖ1,243411.700,Проволока (сталь),15822251-1 Приобретение жилья для социально уязвимых слоев населения (СУСН),Здание,1,21 025 000.00,Закупка жилища,Закупка состоялась
81843427-ЗЖ1,243411.700,Проволока (сталь),15822251-1 Приобретение жилья для социально уязвимых слоев населения (СУСН),Здание,1,21 025 000.00,Закупка жилища,Закупка состоялась
81843568-ЗЖ1,243411.700,Проволока (сталь),15822251-1 Приобретение жилья для социально уязвимых слоев населения (СУСН),Здание,1,20 850 000.00,Закупка жилища,Закупка состоялась
81843577-ЗЖ1,243411.700,Проволока (сталь),15822251-1 Приобретение жилья для социально уязвимых слоев населения (СУСН),Здание,1,20 850 000.00,Закупка жилища,Закупка состоялась
81843588-ЗЖ1,243411.700,Проволока (сталь),15822251-1 Приобретение жилья для социально уязвимых слоев населения (СУСН),Здание,1,20 850 000.00,Закупка жилища,Закупка состоялась
81843603-ЗЖ1,243411.700,Проволока (сталь),15822251-1 Приобретение жилья для социально уязвимых слоев населения (СУСН),Здание,1,20 850 000.00,Закупка жилища,Закупка состоялась
81843664-ЗЖ1,243411.700,Проволока (сталь),15822251-1 Приобретение жилья для социально уязвимых слоев населения (СУСН),Здание,1,20 850 000.00,Закупка жилища,Закупка состоялась
81843722-ЗЖ1,243411.700,Проволока (сталь),15822251-1 Приобретение жилья для социально уязвимых слоев населения (СУСН),Здание,1,20 200 000.00,Закупка жилища,Закупка состоялась
81843731-ЗЖ1,243411.700,Проволока (сталь),15822251-1 Приобретение жилья для социально уязвимых слоев населения (СУСН),Здание,1,20 200 000.00,Закупка жилища,Закупка состоялась
81843741-ЗЖ1,243411.700,Проволока (сталь),15822251-1 Приобретение жилья для социально уязвимых слоев населения (СУСН),Здание,1,20 200 000.00,Закупка жилища,Закупка состоялась
81843753-ЗЖ1,243411.700,Проволока (сталь),15822251-1 Приобретение жилья для социально уязвимых слоев населения (СУСН),Здание,1,20 200 000.00,Закупка жилища,Закупка состоялась
81844180-ОК1,243411.700,Проволока (сталь),"15844333-2 Приобретение квартир для ГУ ""Отдел строительства города Караганды""",Квартира,1,20 376 000.00,Открытый конкурс,Закупка состоялась
81844206-ОК1,243411.700,Проволока (сталь),"15844326-2 Приобретение квартир для ГУ ""Отдел строительства города Караганды""",Квартира,1,24 228 000.00,Открытый конкурс,Закупка состоялась
81854627-ОИ2,243411.700,Проволока (сталь),15841296-1 Приобретение легкового автомобиля,Автомобиль,1,15 000 000.00,Из одного источника по несостоявшимся закупкам,Закупка состоялась
81856994-ЗЦП1,243411.700,Проволока (сталь),"15823283-1 Работы по облицовке фасада здания ГУ ""Абайский сельский округ""",Работы по текущему ремонту отдельных элементов нежилых зданий/сооружений/помещений,1,19 292 593.00,Запрос ценовых предложений,Закупка состоялась
81862770-ОК1,243411.700,Проволока (сталь),15827604-2 Приобретени е квартир,Квартира,432.5,142 918 327.50,Открытый конкурс,Закупка состоялась
81863506-ОК1,243411.700,Проволока (сталь),15827675-2 Приобретени е квартир,Квартира,474,156 631 878.00,Открытый конкурс,Закупка состоялась
81866898-ЗЖ1,243411.700,Проволока (сталь),15824012-1 Жилой дом с площадью не менее 85 кв. метр,Здание,1,31 920 000.00,Закупка жилища,Закупка состоялась
81866948-ЗЖ1,243411.700,Проволока (сталь),15824012-1 Жилой дом с площадью не менее 85 кв. метр,Здание,1,31 920 000.00,Закупка жилища,Закупка состоялась
81867116-ЗЖ1,243411.700,Проволока (сталь),15824012-1 Жилой дом с площадью не менее 85 кв. метр,Здание,1,31 920 000.00,Закупка жилища,Закупка состоялась
81867235-ЗЖ1,243411.700,Проволока (сталь),"15823890-1 1 (одна) комнатная квартира, площадью 43 - 48 кв. метров",Квартира,1,23 520 000.00,Закупка жилища,Закупка состоялась
81874242-ЗЖ1,243411.700,Проволока (сталь),15829044-1 Приобретение квартиры на территории Мунайлинского района.,Квартира,1,16 960 000.00,Закупка жилища,Закупка состоялась
81874252-ЗЖ1,243411.700,Проволока (сталь),15829044-1 Приобретение квартиры на территории Мунайлинского района.,Квартира,1,16 960 000.00,Закупка жилища,Закупка состоялась
81874264-ЗЖ1,243411.700,Проволока (сталь),15829044-1 Приобретение квартиры на территории Мунайлинского района.,Квартира,1,16 960 000.00,Закупка жилища,Закупка состоялась
81874271-ЗЖ1,243411.700,Проволока (сталь),15829044-1 Приобретение квартиры на территории Мунайлинского района.,Квартира,1,16 960 000.00,Закупка жилища,Закупка состоялась
81874276-ЗЖ1,243411.700,Проволока (сталь),15829044-1 Приобретение квартиры на территории Мунайлинского района.,Квартира,1,16 960 000.00,Закупка жилища,Закупка состоялась
81874279-ЗЖ1,243411.700,Проволока (сталь),15829044-1 Приобретение квартиры на территории Мунайлинского района.,Квартира,1,16 960 000.00,Закупка жилища,Закупка состоялась
81874283-ЗЖ1,243411.700,Проволока (сталь),15829044-1 Приобретение квартиры на территории Мунайлинского района.,Квартира,1,16 960 000.00,Закупка жилища,Закупка состоялась
81874289-ЗЖ1,243411.700,Проволока (сталь),15829044-1 Приобретение квартиры на территории Мунайлинского района.,Квартира,1,16 960 000.00,Закупка жилища,Закупка состоялась
81874297-ЗЖ1,243411.700,Проволока (сталь),15829044-1 Приобретение квартиры на территории Мунайлинского района.,Квартира,1,16 960 000.00,Закупка жилища,Закупка состоялась
81874300-ЗЖ1,243411.700,Проволока (сталь),15829044-1 Приобретение квартиры на территории Мунайлинского района.,Квартира,1,16 960 000.00,Закупка жилища,Закупка состоялась
81874305-ЗЖ1,243411.700,Проволока (сталь),15829044-1 Приобретение квартиры на территории Мунайлинского района.,Квартира,1,16 960 000.00,Закупка жилища,Закупка состоялась
81874309-ЗЖ1,243411.700,Проволока (сталь),15829044-1 Приобретение квартиры на территории Мунайлинского района.,Квартира,1,16 960 000.00,Закупка жилища,Закупка состоялась
81874314-ЗЖ1,243411.700,Проволока (сталь),15829044-1 Приобретение квартиры на территории Мунайлинского района.,Квартира,1,16 960 000.00,Закупка жилища,Закупка состоялась
81874854-ЗЖ1,243411.700,Проволока (сталь),15829000-1 Приобретение квартиры на территории Мунайлинского района.,Квартира,1,19 197 000.00,Закупка жилища,Закупка состоялась
81874871-ЗЖ1,243411.700,Проволока (сталь),15829000-1 Приобретение квартиры на территории Мунайлинского района.,Квартира,1,19 197 000.00,Закупка жилища,Закупка состоялась
81874877-ЗЖ1,243411.700,Проволока (сталь),15829000-1 Приобретение квартиры на территории Мунайлинского района.,Квартира,1,19 197 000.00,Закупка жилища,Закупка состоялась
81874984-ЗЖ1,243411.700,Проволока (сталь),15829000-1 Приобретение квартиры на территории Мунайлинского района.,Квартира,1,19 197 000.00,Закупка жилища,Закупка состоялась
81874993-ЗЖ1,243411.700,Проволока (сталь),15829000-1 Приобретение квартиры на территории Мунайлинского района.,Квартира,1,19 197 000.00,Закупка жилища,Закупка состоялась
81874999-ЗЖ1,243411.700,Проволока (сталь),15829000-1 Приобретение квартиры на территории Мунайлинского района.,Квартира,1,19 197 000.00,Закупка жилища,Закупка состоялась
81875006-ЗЖ1,243411.700,Проволока (сталь),15829000-1 Приобретение квартиры на территории Мунайлинского района.,Квартира,1,19 197 000.00,Закупка жилища,Закупка состоялась
81875013-ЗЖ1,243411.700,Проволока (сталь),15829000-1 Приобретение квартиры на территории Мунайлинского района.,Квартира,1,19 197 000.00,Закупка жилища,Закупка состоялась
81875022-ЗЖ1,243411.700,Проволока (сталь),15829000-1 Приобретение квартиры на территории Мунайлинского района.,Квартира,1,19 197 000.00,Закупка жилища,Закупка состоялась
81875030-ЗЖ1,243411.700,Проволока (сталь),15829000-1 Приобретение квартиры на территории Мунайлинского района.,Квартира,1,19 197 000.00,Закупка жилища,Закупка состоялась
81875033-ЗЖ1,243411.700,Проволока (сталь),15829000-1 Приобретение квартиры на территории Мунайлинского района.,Квартира,1,19 197 000.00,Закупка жилища,Закупка состоялась
81875043-ЗЖ1,243411.700,Проволока (сталь),15829000-1 Приобретение квартиры на территории Мунайлинского района.,Квартира,1,19 197 000.00,Закупка жилища,Закупка состоялась
81875052-ЗЖ1,243411.700,Проволока (сталь),15829000-1 Приобретение квартиры на территории Мунайлинского района.,Квартира,1,19 197 000.00,Закупка жилища,Закупка состоялась
81875335-ЗЖ1,243411.700,Проволока (сталь),15829000-1 Приобретение квартиры на территории Мунайлинского района.,Квартира,1,19 197 000.00,Закупка жилища,Закупка состоялась
81875803-ЗЖ1,243411.700,Проволока (сталь),15829029-1 Приобретение квартиры на территории Мунайлинского района.,Квартира,1,23 544 000.00,Закупка жилища,Закупка состоялась
81875807-ЗЖ1,243411.700,Проволока (сталь),15829029-1 Приобретение квартиры на территории Мунайлинского района.,Квартира,1,23 544 000.00,Закупка жилища,Закупка состоялась
81875810-ЗЖ1,243411.700,Проволока (сталь),15829029-1 Приобретение квартиры на территории Мунайлинского района.,Квартира,1,23 544 000.00,Закупка жилища,Закупка состоялась
81875819-ЗЖ1,243411.700,Проволока (сталь),15829029-1 Приобретение квартиры на территории Мунайлинского района.,Квартира,1,23 544 000.00,Закупка жилища,Закупка состоялась
81875824-ЗЖ1,243411.700,Проволока (сталь),15829029-1 Приобретение квартиры на территории Мунайлинского района.,Квартира,1,23 544 000.00,Закупка жилища,Закупка состоялась
81875830-ЗЖ1,243411.700,Проволока (сталь),15829029-1 Приобретение квартиры на территории Мунайлинского района.,Квартира,1,23 544 000.00,Закупка жилища,Закупка состоялась
81875839-ЗЖ1,243411.700,Проволока (сталь),15829029-1 Приобретение квартиры на территории Мунайлинского района.,Квартира,1,23 544 000.00,Закупка жилища,Закупка состоялась
81875875-ЗЖ1,243411.700,Проволока (сталь),15829029-1 Приобретение квартиры на территории Мунайлинского района.,Квартира,1,23 409 000.00,Закупка жилища,Закупка состоялась
81875881-ЗЖ1,243411.700,Проволока (сталь),15829029-1 Приобретение квартиры на территории Мунайлинского района.,Квартира,1,23 409 000.00,Закупка жилища,Закупка состоялась
81875887-ЗЖ1,243411.700,Проволока (сталь),15829029-1 Приобретение квартиры на территории Мунайлинского района.,Квартира,1,23 409 000.00,Закупка жилища,Закупка состоялась
81875893-ЗЖ1,243411.700,Проволока (сталь),15829029-1 Приобретение квартиры на территории Мунайлинского района.,Квартира,1,23 409 000.00,Закупка жилища,Закупка состоялась
81875904-ЗЖ1,243411.700,Проволока (сталь),15829029-1 Приобретение квартиры на территории Мунайлинского района.,Квартира,1,23 409 000.00,Закупка жилища,Закупка состоялась
81875911-ЗЖ1,243411.700,Проволока (сталь),15829029-1 Приобретение квартиры на территории Мунайлинского района.,Квартира,1,23 409 000.00,Закупка жилища,Закупка состоялась
81875919-ЗЖ1,243411.700,Проволока (сталь),15829029-1 Приобретение квартиры на территории Мунайлинского района.,Квартира,1,23 409 000.00,Закупка жилища,Закупка состоялась
81876006-ЗЖ1,243411.700,Проволока (сталь),15829029-1 Приобретение квартиры на территории Мунайлинского района.,Квартира,1,25 839 000.00,Закупка жилища,Закупка состоялась
81876015-ЗЖ1,243411.700,Проволока (сталь),15829029-1 Приобретение квартиры на территории Мунайлинского района.,Квартира,1,25 839 000.00,Закупка жилища,Закупка состоялась
81876252-ЗЖ1,243411.700,Проволока (сталь),15829029-1 Приобретение квартиры на территории Мунайлинского района.,Квартира,1,26 865 000.00,Закупка жилища,Закупка состоялась
81877267-ОК1,243411.700,Проволока (сталь),15826665-1 Приобретение двухкомнатных квартир для Социально уязвимых слоев населения в городе Шымкент,Квартира,10,227 500 000.00,Открытый конкурс,Закупка состоялась
81877308-ОК1,243411.700,Проволока (сталь),15826665-1 Приобретение двухкомнатных квартир для Социально уязвимых слоев населения в городе Шымкент,Квартира,10,227 500 000.00,Открытый конкурс,Закупка состоялась
81877331-ОК1,243411.700,Проволока (сталь),15826665-1 Приобретение двухкомнатных квартир для Социально уязвимых слоев населения в городе Шымкент,Квартира,10,227 500 000.00,Открытый конкурс,Закупка состоялась
81877365-ОК1,243411.700,Проволока (сталь),15826665-1 Приобретение двухкомнатных квартир для Социально уязвимых слоев населения в городе Шымкент,Квартира,10,227 500 000.00,Открытый конкурс,Закупка состоялась
81877411-ОК1,243411.700,Проволока (сталь),15826665-1 Приобретение двухкомнатных квартир для Социально уязвимых слоев населения в городе Шымкент,Квартира,10,227 500 000.00,Открытый конкурс,Закупка состоялась
81877451-ОК1,243411.700,Проволока (сталь),15826665-1 Приобретение двухкомнатных квартир для Социально уязвимых слоев населения в городе Шымкент,Квартира,10,227 500 000.00,Открытый конкурс,Закупка состоялась
81877497-ОК1,243411.700,Проволока (сталь),15826665-1 Приобретение двухкомнатных квартир для Социально уязвимых слоев населения в городе Шымкент,Квартира,10,227 500 000.00,Открытый конкурс,Закупка состоялась
81877537-ОК1,243411.700,Проволока (сталь),15826696-1 Приобретение двухкомнатных квартир для Социально уязвимых слоев населения в городе Шымкент,Квартира,1,22 750 000.00,Открытый конкурс,Закупка состоялась
81877577-ОК1,243411.700,Проволока (сталь),15826648-1 Приобретение однокомнатных квартир для Социально уязвимых слоев населения в городе Шымкент,Квартира,10,157 500 000.00,Открытый конкурс,Закупка состоялась
81877598-ОК1,243411.700,Проволока (сталь),15826648-1 Приобретение однокомнатных квартир для Социально уязвимых слоев населения в городе Шымкент,Квартира,10,157 500 000.00,Открытый конкурс,Закупка состоялась
81877718-ОК1,243411.700,Проволока (сталь),15826648-1 Приобретение однокомнатных квартир для Социально уязвимых слоев населения в городе Шымкент,Квартира,10,157 500 000.00,Открытый конкурс,Закупка состоялась
81877742-ОК1,243411.700,Проволока (сталь),15826648-1 Приобретение однокомнатных квартир для Социально уязвимых слоев населения в городе Шымкент,Квартира,10,157 500 000.00,Открытый конкурс,Закупка состоялась
81877761-ОК1,243411.700,Проволока (сталь),15826648-1 Приобретение однокомнатных квартир для Социально уязвимых слоев населения в городе Шымкент,Квартира,10,157 500 000.00,Открытый конкурс,Закупка состоялась
81877784-ОК1,243411.700,Проволока (сталь),15826659-1 Приобретение однокомнатных квартир для Социально уязвимых слоев населения в городе Шымкент,Квартира,4,63 000 000.00,Открытый конкурс,Закупка состоялась
81877818-ОК1,243411.700,Проволока (сталь),15826686-1 Приобретение трехкомнатных квартир для Социально уязвимых слоев населения в городе Шымкент,Квартира,10,280 000 000.00,Открытый конкурс,Закупка состоялась
81877960-ОК1,243411.700,Проволока (сталь),15826686-1 Приобретение трехкомнатных квартир для Социально уязвимых слоев населения в городе Шымкент,Квартира,10,280 000 000.00,Открытый конкурс,Закупка состоялась
81877980-ОК1,243411.700,Проволока (сталь),15826686-1 Приобретение трехкомнатных квартир для Социально уязвимых слоев населения в городе Шымкент,Квартира,10,280 000 000.00,Открытый конкурс,Закупка состоялась
81879715-ЗЖ1,243411.700,Проволока (сталь),15824896-1 Приобретение жилья в г. Алга Алгинского района Актюбинской области (согласно технической спецификации),Квартира,1,19 050 000.00,Закупка жилища,Закупка состоялась
81879726-ЗЖ1,243411.700,Проволока (сталь),15824896-1 Приобретение жилья в г. Алга Алгинского района Актюбинской области (согласно технической спецификации),Квартира,1,19 050 000.00,Закупка жилища,Закупка состоялась
81879739-ЗЖ1,243411.700,Проволока (сталь),15824896-1 Приобретение жилья в г. Алга Алгинского района Актюбинской области (согласно технической спецификации),Квартира,1,19 050 000.00,Закупка жилища,Закупка состоялась
81879740-ЗЖ1,243411.700,Проволока (сталь),15824904-1 Приобретение жилья в г. Алга Алгинского района Актюбинской области (согласно технической спецификации),Квартира,1,19 050 000.00,Закупка жилища,Закупка состоялась
81879741-ЗЖ1,243411.700,Проволока (сталь),15824904-1 Приобретение жилья в г. Алга Алгинского района Актюбинской области (согласно технической спецификации),Квартира,1,19 050 000.00,Закупка жилища,Закупка состоялась
81879745-ЗЖ1,243411.700,Проволока (сталь),15824896-1 Приобретение жилья в г. Алга Алгинского района Актюбинской области (согласно технической спецификации),Квартира,1,19 050 000.00,Закупка жилища,Закупка состоялась
81879746-ЗЖ1,243411.700,Проволока (сталь),15824893-1 Приобретение жилья в г. Алга Алгинского района Актюбинской области (согласно технической спецификации),Квартира,1,19 050 000.00,Закупка жилища,Закупка состоялась
81879748-ЗЖ1,243411.700,Проволока (сталь),15824893-1 Приобретение жилья в г. Алга Алгинского района Актюбинской области (согласно технической спецификации),Квартира,1,19 050 000.00,Закупка жилища,Закупка состоялась
81879749-ЗЖ1,243411.700,Проволока (сталь),15824893-1 Приобретение жилья в г. Алга Алгинского района Актюбинской области (согласно технической спецификации),Квартира,1,19 050 000.00,Закупка жилища,Закупка состоялась
81879750-ЗЖ1,243411.700,Проволока (сталь),15824893-1 Приобретение жилья в г. Алга Алгинского района Актюбинской области (согласно технической спецификации),Квартира,1,19 050 000.00,Закупка жилища,Закупка состоялась
81879751-ЗЖ1,243411.700,Проволока (сталь),15824893-1 Приобретение жилья в г. Алга Алгинского района Актюбинской области (согласно технической спецификации),Квартира,1,19 050 000.00,Закупка жилища,Закупка состоялась
81879752-ЗЖ1,243411.700,Проволока (сталь),15824883-1 Приобретение жилья в г. Алга Алгинского района Актюбинской области (согласно технической спецификации),Квартира,1,19 050 000.00,Закупка жилища,Закупка состоялась
81879753-ЗЖ1,243411.700,Проволока (сталь),15824883-1 Приобретение жилья в г. Алга Алгинского района Актюбинской области (согласно технической спецификации),Квартира,1,19 050 000.00,Закупка жилища,Закупка состоялась
81879755-ЗЖ1,243411.700,Проволока (сталь),15824883-1 Приобретение жилья в г. Алга Алгинского района Актюбинской области (согласно технической спецификации),Квартира,1,19 050 000.00,Закупка жилища,Закупка состоялась
81879759-ЗЖ1,243411.700,Проволока (сталь),15824883-1 Приобретение жилья в г. Алга Алгинского района Актюбинской области (согласно технической спецификации),Квартира,1,19 050 000.00,Закупка жилища,Закупка состоялась
81879761-ЗЖ1,243411.700,Проволока (сталь),15824883-1 Приобретение жилья в г. Алга Алгинского района Актюбинской области (согласно технической спецификации),Квартира,1,19 050 000.00,Закупка жилища,Закупка состоялась
81879768-ЗЖ1,243411.700,Проволока (сталь),15824878-1 Приобретение жилья в г. Алга Алгинского района Актюбинской области (согласно технической спецификации),Квартира,1,19 050 000.00,Закупка жилища,Закупка состоялась
81879777-ЗЖ1,243411.700,Проволока (сталь),15824878-1 Приобретение жилья в г. Алга Алгинского района Актюбинской области (согласно технической спецификации),Квартира,1,19 050 000.00,Закупка жилища,Закупка состоялась
81879797-ЗЖ1,243411.700,Проволока (сталь),15824863-1 Ақтөбе облысы Алға қаласында тұрғын үй сатып алу (техникалық ерекшелікке сәйкес),Квартира,1,19 050 000.00,Закупка жилища,Закупка состоялась
81879800-ЗЖ1,243411.700,Проволока (сталь),15824863-1 Ақтөбе облысы Алға қаласында тұрғын үй сатып алу (техникалық ерекшелікке сәйкес),Квартира,1,19 050 000.00,Закупка жилища,Закупка состоялась
81879801-ЗЖ1,243411.700,Проволока (сталь),15824840-1 Ақтөбе облысы Алға қаласында тұрғын үй сатып алу (техникалық ерекшелікке сәйкес,Квартира,1,19 050 000.00,Закупка жилища,Закупка состоялась
81879806-ЗЖ1,243411.700,Проволока (сталь),15824840-1 Ақтөбе облысы Алға қаласында тұрғын үй сатып алу (техникалық ерекшелікке сәйкес,Квартира,1,19 050 000.00,Закупка жилища,Закупка состоялась
81879808-ЗЖ1,243411.700,Проволока (сталь),15824840-1 Ақтөбе облысы Алға қаласында тұрғын үй сатып алу (техникалық ерекшелікке сәйкес,Квартира,1,19 050 000.00,Закупка жилища,Закупка состоялась
81879810-ЗЖ1,243411.700,Проволока (сталь),15824840-1 Ақтөбе облысы Алға қаласында тұрғын үй сатып алу (техникалық ерекшелікке сәйкес,Квартира,1,19 050 000.00,Закупка жилища,Закупка состоялась
81882786-ЗЖ1,243411.700,Проволока (сталь),15825346-1 Приобретение квартиры/домов в Талгарском районе Алматинской области,Здание,1,29 500 000.00,Закупка жилища,Закупка состоялась
81882813-ЗЖ1,243411.700,Проволока (сталь),15825346-1 Приобретение квартиры/домов в Талгарском районе Алматинской области,Здание,1,29 500 000.00,Закупка жилища,Закупка состоялась
81883112-ЗЖ1,243411.700,Проволока (сталь),15825346-1 Приобретение квартиры/домов в Талгарском районе Алматинской области,Здание,1,29 500 000.00,Закупка жилища,Закупка состоялась
81883120-ЗЖ1,243411.700,Проволока (сталь),15825346-1 Приобретение квартиры/домов в Талгарском районе Алматинской области,Здание,1,29 500 000.00,Закупка жилища,Закупка состоялась
81883362-ЗЖ1,243411.700,Проволока (сталь),15825346-1 Приобретение квартиры/домов в Талгарском районе Алматинской области,Здание,1,29 500 000.00,Закупка жилища,Закупка состоялась
81883427-ЗЖ1,243411.700,Проволока (сталь),15825346-1 Приобретение квартиры/домов в Талгарском районе Алматинской области,Здание,1,29 500 000.00,Закупка жилища,Закупка состоялась
81892846-ОК1,243411.700,Проволока (сталь),15827545-2 Приобретени е квартир,Квартира,472.8,156 235 341.60,Открытый конкурс,Закупка состоялась
81892929-ОК1,243411.700,Проволока (сталь),15826703-2 Приобретение кварти р,Квартира,426.6,140 968 690.20,Открытый конкурс,Закупка состоялась
81893258-ЗЖ1,243411.700,Проволока (сталь),"15843413-1 Приобретение квартир в городе Хромтау, Хромтауского района, Актюбинской области",Квартира,1,28 620 000.00,Закупка жилища,Закупка состоялась
81893861-ЗЖ1,243411.700,Проволока (сталь),"15843409-1 Приобретение квартир города Хромтау, Хромтауского района, Актюбинской области",Квартира,1,28 800 000.00,Закупка жилища,Закупка состоялась
81893990-ЗЖ1,243411.700,Проволока (сталь),"15843428-1 Приобретение квартир г. Хромтау, Хромтауского района, Актюбинской области",Квартира,1,30 780 000.00,Закупка жилища,Закупка состоялась
81896473-ЗЦП1,243411.700,Проволока (сталь),"15827405-1 Комплекс работ по проектированию и монтажу системы видео конференц-связи между корпусами учреждения, включая монтаж волоконно-оптических линий связи между четырьмя объектами (ЧИТАТЬ ВНИМАТЕЛЬНО)",Работы по ремонту/модернизации телекоммуникационного оборудования,1,30 842 900.00,Запрос ценовых предложений,Закупка состоялась
81896583-ЗЖ1,243411.700,Проволока (сталь),"15843418-1 Приобретение квартиры в г. Хромтау, Хромтауского района, Актюбинской области",Квартира,1,31 020 000.00,Закупка жилища,Закупка состоялась
81896700-ЗЖ1,243411.700,Проволока (сталь),"15847526-1 Приобретение квартир города Хромтау, Хромтауского района, Актюбинской области",Квартира,1,19 410 000.00,Закупка жилища,Закупка состоялась
81896885-ЗЖ1,243411.700,Проволока (сталь),"15847210-1 Приобретение квартир города Хромтау, Хромтауского района, Актюбинской области",Квартира,1,24 060 000.00,Закупка жилища,Закупка состоялась
81897079-ЗЖ1,243411.700,Проволока (сталь),"15847171-1 Приобретение квартир города Хромтау, Хромтауского района, Актюбинской области",Квартира,1,19 290 000.00,Закупка жилища,Закупка состоялась
81897155-ЗЖ1,243411.700,Проволока (сталь),"15847503-1 Приобретение квартир города Хромтау, Хромтауского района, Актюбинской области",Квартира,1,23 910 000.00,Закупка жилища,Закупка состоялась
81897216-ЗЖ1,243411.700,Проволока (сталь),"15847171-1 Приобретение квартир города Хромтау, Хромтауского района, Актюбинской области",Квартира,1,19 290 000.00,Закупка жилища,Закупка состоялась
81897889-ЗЖ1,243411.700,Проволока (сталь),"15847210-1 Приобретение квартир города Хромтау, Хромтауского района, Актюбинской области",Квартира,1,24 060 000.00,Закупка жилища,Закупка состоялась
81897969-ЗЖ1,243411.700,Проволока (сталь),"15847171-1 Приобретение квартир города Хромтау, Хромтауского района, Актюбинской области",Квартира,1,19 290 000.00,Закупка жилища,Закупка состоялась
81898288-ЗЖ1,243411.700,Проволока (сталь),"15847020-1 Приобретение квартир города Хромтау, Хромтауского района, Актюбинской области",Квартира,1,23 970 000.00,Закупка жилища,Закупка состоялась
81898365-ЗЖ1,243411.700,Проволока (сталь),"15843424-1 Приобретение квартир г. Хромтау, Хромтауского района, Актюбинской области",Квартира,1,30 810 000.00,Закупка жилища,Закупка состоялась
81898733-ЗЖ1,243411.700,Проволока (сталь),"15847544-1 Приобретение квартир города Хромтау, Хромтауского района, Актюбинской области",Квартира,1,19 110 000.00,Закупка жилища,Закупка состоялась
81898766-ЗЖ1,243411.700,Проволока (сталь),"15847551-1 Приобретение квартир города Хромтау, Хромтауского района, Актюбинской области",Квартира,1,23 850 000.00,Закупка жилища,Закупка состоялась
81898830-ЗЖ1,243411.700,Проволока (сталь),"15847563-1 Приобретение квартир города Хромтау, Хромтауского района, Актюбинской области",Квартира,1,19 560 000.00,Закупка жилища,Закупка состоялась
81899116-ЗЖ1,243411.700,Проволока (сталь),"15847092-1 Приобретение квартир города Хромтау, Хромтауского района, Актюбинской области",Квартира,1,24 030 000.00,Закупка жилища,Закупка состоялась
81899183-ЗЖ1,243411.700,Проволока (сталь),"15847517-1 Приобретение квартир города Хромтау, Хромтауского района, Актюбинской области",Квартира,1,19 350 000.00,Закупка жилища,Закупка состоялась
81899196-ЗЖ1,243411.700,Проволока (сталь),"15847535-1 Приобретение квартир города Хромтау, Хромтауского района, Актюбинской области",Квартира,1,23 910 000.00,Закупка жилища,Закупка состоялась
81901295-ЗЖ1,243411.700,Проволока (сталь),"15847062-1 Приобретение квартир города Хромтау, Хромтауского района, Актюбинской области",Квартира,1,24 000 000.00,Закупка жилища,Закупка состоялась
81901363-ЗЖ1,243411.700,Проволока (сталь),"15847133-1 Приобретение квартир города Хромтау, Хромтауского района, Актюбинской области",Квартира,1,19 500 000.00,Закупка жилища,Закупка состоялась
81901372-ЗЖ1,243411.700,Проволока (сталь),"15847133-1 Приобретение квартир города Хромтау, Хромтауского района, Актюбинской области",Квартира,1,19 500 000.00,Закупка жилища,Закупка состоялась
81901405-ЗЖ1,243411.700,Проволока (сталь),"15847092-1 Приобретение квартир города Хромтау, Хромтауского района, Актюбинской области",Квартира,1,24 030 000.00,Закупка жилища,Закупка состоялась
81905790-ЗЖ1,243411.700,Проволока (сталь),15826967-1 Приобретение жилища согласно техническим спецификациям,Квартира,1,15 600 000.00,Закупка жилища,Закупка состоялась
81917163-ОК1,243411.700,Проволока (сталь),15828905-2 Приобретени е квартир,Квартира,395.4,142 344 000.00,Открытый конкурс,Закупка состоялась
81917272-ОК1,243411.700,Проволока (сталь),15828963-2 Приобретени е квартир,Квартира,429,154 440 000.00,Открытый конкурс,Закупка состоялась
81920662-ОК1,243411.700,Проволока (сталь),15828970-3 Приобретени е квартир,Квартира,425.6,153 216 000.00,Открытый конкурс,Закупка состоялась
81920812-ОК1,243411.700,Проволока (сталь),15829051-2 Приобретени е квартир,Квартира,151,54 360 000.00,Открытый конкурс,Закупка состоялась
81921128-ЗЦП1,243411.700,Проволока (сталь),15828286-1 Оформление общественных пространств при проведении Новогодних мероприятий (дополнительные локации) в городе Усть-Каменогорске,"Работы по ремонту/реконструкции электрического, электрораспределительного/регулирующего оборудования и аналогичной аппаратуры",1,22 321 428.57,Запрос ценовых предложений,Закупка состоялась
81926983-ЗЖ1,243411.700,Проволока (сталь),15829248-1 Закупка первичного жилья 3- комнатной квартиры в г. Балхаш,Квартира,1,25 984 000.00,Закупка жилища,Закупка состоялась
81927108-ЗЖ1,243411.700,Проволока (сталь),15829248-1 Закупка первичного жилья 3- комнатной квартиры в г. Балхаш,Квартира,1,25 984 000.00,Закупка жилища,Закупка состоялась
81927121-ЗЖ1,243411.700,Проволока (сталь),15829248-1 Закупка первичного жилья 3- комнатной квартиры в г. Балхаш,Квартира,1,25 984 000.00,Закупка жилища,Закупка состоялась
81927240-ЗЖ1,243411.700,Проволока (сталь),15829248-1 Закупка первичного жилья 3- комнатной квартиры в г. Балхаш,Квартира,1,25 984 000.00,Закупка жилища,Закупка состоялась
81927256-ЗЖ1,243411.700,Проволока (сталь),15829248-1 Закупка первичного жилья 3- комнатной квартиры в г. Балхаш,Квартира,1,25 984 000.00,Закупка жилища,Закупка состоялась
81927260-ЗЖ1,243411.700,Проволока (сталь),"15843386-1 Приобретение квартиры в селе Ақжар, Хромтауского района, Актюбинской области",Квартира,1,19 050 000.00,Закупка жилища,Закупка состоялась
81927348-ЗЖ1,243411.700,Проволока (сталь),"15843386-1 Приобретение квартиры в селе Ақжар, Хромтауского района, Актюбинской области",Квартира,1,19 050 000.00,Закупка жилища,Закупка состоялась
81927371-ЗЖ1,243411.700,Проволока (сталь),"15843386-1 Приобретение квартиры в селе Ақжар, Хромтауского района, Актюбинской области",Квартира,1,19 050 000.00,Закупка жилища,Закупка состоялась
81927506-ЗЖ1,243411.700,Проволока (сталь),15829248-1 Закупка первичного жилья 3- комнатной квартиры в г. Балхаш,Квартира,1,25 984 000.00,Закупка жилища,Закупка состоялась
81927508-ЗЖ1,243411.700,Проволока (сталь),"15843386-1 Приобретение квартиры в селе Ақжар, Хромтауского района, Актюбинской области",Квартира,1,19 050 000.00,Закупка жилища,Закупка состоялась
81927657-ЗЖ1,243411.700,Проволока (сталь),"15843386-1 Приобретение квартиры в селе Ақжар, Хромтауского района, Актюбинской области",Квартира,1,19 050 000.00,Закупка жилища,Закупка состоялась
81927663-ЗЖ1,243411.700,Проволока (сталь),"15843386-1 Приобретение квартиры в селе Ақжар, Хромтауского района, Актюбинской области",Квартира,1,19 050 000.00,Закупка жилища,Закупка состоялась
81927679-ЗЖ1,243411.700,Проволока (сталь),"15843386-1 Приобретение квартиры в селе Ақжар, Хромтауского района, Актюбинской области",Квартира,1,19 050 000.00,Закупка жилища,Закупка состоялась
81927688-ЗЖ1,243411.700,Проволока (сталь),"15843386-1 Приобретение квартиры в селе Ақжар, Хромтауского района, Актюбинской области",Квартира,1,19 050 000.00,Закупка жилища,Закупка состоялась
81927702-ЗЖ1,243411.700,Проволока (сталь),"15843386-1 Приобретение квартиры в селе Ақжар, Хромтауского района, Актюбинской области",Квартира,1,19 050 000.00,Закупка жилища,Закупка состоялась
81927708-ЗЖ1,243411.700,Проволока (сталь),"15843386-1 Приобретение квартиры в селе Ақжар, Хромтауского района, Актюбинской области",Квартира,1,19 050 000.00,Закупка жилища,Закупка состоялась
81927717-ЗЖ1,243411.700,Проволока (сталь),15829248-1 Закупка первичного жилья 3- комнатной квартиры в г. Балхаш,Квартира,1,25 984 000.00,Закупка жилища,Закупка состоялась
81927739-ЗЖ1,243411.700,Проволока (сталь),15829248-1 Закупка первичного жилья 3- комнатной квартиры в г. Балхаш,Квартира,1,25 984 000.00,Закупка жилища,Закупка состоялась
81928107-ЗЖ1,243411.700,Проволока (сталь),15829392-1 Закупка первичного жилья 2- комнатной квартиры в г. Балхаш,Квартира,1,18 432 000.00,Закупка жилища,Закупка состоялась
81928141-ЗЖ1,243411.700,Проволока (сталь),15829392-1 Закупка первичного жилья 2- комнатной квартиры в г. Балхаш,Квартира,1,18 432 000.00,Закупка жилища,Закупка состоялась
81928210-ЗЖ1,243411.700,Проволока (сталь),15829392-1 Закупка первичного жилья 2- комнатной квартиры в г. Балхаш,Квартира,1,18 432 000.00,Закупка жилища,Закупка состоялась
81928241-ЗЖ1,243411.700,Проволока (сталь),15829392-1 Закупка первичного жилья 2- комнатной квартиры в г. Балхаш,Квартира,1,18 432 000.00,Закупка жилища,Закупка состоялась
81928248-ЗЖ1,243411.700,Проволока (сталь),15829248-1 Закупка первичного жилья 3- комнатной квартиры в г. Балхаш,Квартира,1,26 016 000.00,Закупка жилища,Закупка состоялась
81928266-ЗЖ1,243411.700,Проволока (сталь),15829392-1 Закупка первичного жилья 2- комнатной квартиры в г. Балхаш,Квартира,1,18 432 000.00,Закупка жилища,Закупка состоялась
81928267-ЗЖ1,243411.700,Проволока (сталь),15829248-1 Закупка первичного жилья 3- комнатной квартиры в г. Балхаш,Квартира,1,26 016 000.00,Закупка жилища,Закупка состоялась
81928322-ЗЖ1,243411.700,Проволока (сталь),15829248-1 Закупка первичного жилья 3- комнатной квартиры в г. Балхаш,Квартира,1,26 016 000.00,Закупка жилища,Закупка состоялась
81928350-ЗЖ1,243411.700,Проволока (сталь),15829248-1 Закупка первичного жилья 3- комнатной квартиры в г. Балхаш,Квартира,1,26 016 000.00,Закупка жилища,Закупка состоялась
81928355-ЗЖ1,243411.700,Проволока (сталь),15829392-1 Закупка первичного жилья 2- комнатной квартиры в г. Балхаш,Квартира,1,18 432 000.00,Закупка жилища,Закупка состоялась
81928364-ЗЖ1,243411.700,Проволока (сталь),15829248-1 Закупка первичного жилья 3- комнатной квартиры в г. Балхаш,Квартира,1,26 016 000.00,Закупка жилища,Закупка состоялась
81928369-ЗЖ1,243411.700,Проволока (сталь),15829392-1 Закупка первичного жилья 2- комнатной квартиры в г. Балхаш,Квартира,1,18 432 000.00,Закупка жилища,Закупка состоялась
81928393-ЗЖ1,243411.700,Проволока (сталь),15829392-1 Закупка первичного жилья 2- комнатной квартиры в г. Балхаш,Квартира,1,18 432 000.00,Закупка жилища,Закупка состоялась
81928396-ЗЖ1,243411.700,Проволока (сталь),15829248-1 Закупка первичного жилья 3- комнатной квартиры в г. Балхаш,Квартира,1,26 016 000.00,Закупка жилища,Закупка состоялась
81928418-ЗЖ1,243411.700,Проволока (сталь),15829248-1 Закупка первичного жилья 3- комнатной квартиры в г. Балхаш,Квартира,1,26 016 000.00,Закупка жилища,Закупка состоялась
81928485-ЗЖ1,243411.700,Проволока (сталь),15829392-1 Закупка первичного жилья 2- комнатной квартиры в г. Балхаш,Квартира,1,18 432 000.00,Закупка жилища,Закупка состоялась
81928554-ЗЖ1,243411.700,Проволока (сталь),15829248-1 Закупка первичного жилья 3- комнатной квартиры в г. Балхаш,Квартира,1,26 016 000.00,Закупка жилища,Закупка состоялась
81928569-ЗЖ1,243411.700,Проволока (сталь),15829248-1 Закупка первичного жилья 3- комнатной квартиры в г. Балхаш,Квартира,1,26 016 000.00,Закупка жилища,Закупка состоялась
81928578-ЗЖ1,243411.700,Проволока (сталь),15829392-1 Закупка первичного жилья 2- комнатной квартиры в г. Балхаш,Квартира,1,18 432 000.00,Закупка жилища,Закупка состоялась
81928601-ЗЖ1,243411.700,Проволока (сталь),15829392-1 Закупка первичного жилья 2- комнатной квартиры в г. Балхаш,Квартира,1,18 432 000.00,Закупка жилища,Закупка состоялась
81928623-ЗЖ1,243411.700,Проволока (сталь),15829392-1 Закупка первичного жилья 2- комнатной квартиры в г. Балхаш,Квартира,1,18 432 000.00,Закупка жилища,Закупка состоялась
81928636-ЗЖ1,243411.700,Проволока (сталь),15829392-1 Закупка первичного жилья 2- комнатной квартиры в г. Балхаш,Квартира,1,18 432 000.00,Закупка жилища,Закупка состоялась
81928677-ЗЖ1,243411.700,Проволока (сталь),15829392-1 Закупка первичного жилья 2- комнатной квартиры в г. Балхаш,Квартира,1,18 432 000.00,Закупка жилища,Закупка состоялась
81928743-ЗЖ1,243411.700,Проволока (сталь),15829392-1 Закупка первичного жилья 2- комнатной квартиры в г. Балхаш,Квартира,1,18 432 000.00,Закупка жилища,Закупка состоялась
81929016-ЗЖ1,243411.700,Проволока (сталь),15829392-1 Закупка первичного жилья 2- комнатной квартиры в г. Балхаш,Квартира,1,18 432 000.00,Закупка жилища,Закупка состоялась
81932247-ЗЖ1,243411.700,Проволока (сталь),15829379-1 Закупка первичного жилья 2- комнатной квартиры в г. Балхаш,Квартира,1,18 432 000.00,Закупка жилища,Закупка состоялась
81932253-ЗЖ1,243411.700,Проволока (сталь),15829379-1 Закупка первичного жилья 2- комнатной квартиры в г. Балхаш,Квартира,1,18 432 000.00,Закупка жилища,Закупка состоялась
81932264-ЗЖ1,243411.700,Проволока (сталь),15829379-1 Закупка первичного жилья 2- комнатной квартиры в г. Балхаш,Квартира,1,18 432 000.00,Закупка жилища,Закупка состоялась
81932274-ЗЖ1,243411.700,Проволока (сталь),15829379-1 Закупка первичного жилья 2- комнатной квартиры в г. Балхаш,Квартира,1,18 432 000.00,Закупка жилища,Закупка состоялась
81932801-ЗЖ1,243411.700,Проволока (сталь),15829379-1 Закупка первичного жилья 2- комнатной квартиры в г. Балхаш,Квартира,1,18 432 000.00,Закупка жилища,Закупка состоялась
81932814-ЗЖ1,243411.700,Проволока (сталь),15829379-1 Закупка первичного жилья 2- комнатной квартиры в г. Балхаш,Квартира,1,18 432 000.00,Закупка жилища,Закупка состоялась
81932933-ЗЖ1,243411.700,Проволока (сталь),15829379-1 Закупка первичного жилья 2- комнатной квартиры в г. Балхаш,Квартира,1,18 432 000.00,Закупка жилища,Закупка состоялась
81932946-ЗЖ1,243411.700,Проволока (сталь),15829379-1 Закупка первичного жилья 2- комнатной квартиры в г. Балхаш,Квартира,1,18 432 000.00,Закупка жилища,Закупка состоялась
81932950-ЗЖ1,243411.700,Проволока (сталь),15829379-1 Закупка первичного жилья 2- комнатной квартиры в г. Балхаш,Квартира,1,18 432 000.00,Закупка жилища,Закупка состоялась
81932952-ЗЖ1,243411.700,Проволока (сталь),15829248-1 Закупка первичного жилья 3- комнатной квартиры в г. Балхаш,Квартира,1,26 016 000.00,Закупка жилища,Закупка состоялась
81932958-ЗЖ1,243411.700,Проволока (сталь),15829248-1 Закупка первичного жилья 3- комнатной квартиры в г. Балхаш,Квартира,1,26 016 000.00,Закупка жилища,Закупка состоялась
81932963-ЗЖ1,243411.700,Проволока (сталь),15829248-1 Закупка первичного жилья 3- комнатной квартиры в г. Балхаш,Квартира,1,26 016 000.00,Закупка жилища,Закупка состоялась
81933207-ЗЖ1,243411.700,Проволока (сталь),15829248-1 Закупка первичного жилья 3- комнатной квартиры в г. Балхаш,Квартира,1,26 016 000.00,Закупка жилища,Закупка состоялась
81933393-ЗЖ1,243411.700,Проволока (сталь),15829248-1 Закупка первичного жилья 3- комнатной квартиры в г. Балхаш,Квартира,1,26 016 000.00,Закупка жилища,Закупка состоялась
81933397-ЗЖ1,243411.700,Проволока (сталь),15829248-1 Закупка первичного жилья 3- комнатной квартиры в г. Балхаш,Квартира,1,26 016 000.00,Закупка жилища,Закупка состоялась
81933401-ЗЖ1,243411.700,Проволока (сталь),15829248-1 Закупка первичного жилья 3- комнатной квартиры в г. Балхаш,Квартира,1,26 016 000.00,Закупка жилища,Закупка состоялась
81933521-ЗЖ1,243411.700,Проволока (сталь),15829248-1 Закупка первичного жилья 3- комнатной квартиры в г. Балхаш,Квартира,1,26 016 000.00,Закупка жилища,Закупка состоялась
81933540-ЗЖ1,243411.700,Проволока (сталь),15829248-1 Закупка первичного жилья 3- комнатной квартиры в г. Балхаш,Квартира,1,25 984 000.00,Закупка жилища,Закупка состоялась
81933543-ЗЖ1,243411.700,Проволока (сталь),15829248-1 Закупка первичного жилья 3- комнатной квартиры в г. Балхаш,Квартира,1,25 984 000.00,Закупка жилища,Закупка состоялась
81933569-ЗЖ1,243411.700,Проволока (сталь),15829248-1 Закупка первичного жилья 3- комнатной квартиры в г. Балхаш,Квартира,1,25 984 000.00,Закупка жилища,Закупка состоялась
81933581-ЗЖ1,243411.700,Проволока (сталь),15829248-1 Закупка первичного жилья 3- комнатной квартиры в г. Балхаш,Квартира,1,25 984 000.00,Закупка жилища,Закупка состоялась
81933631-ЗЖ1,243411.700,Проволока (сталь),15829248-1 Закупка первичного жилья 3- комнатной квартиры в г. Балхаш,Квартира,1,25 984 000.00,Закупка жилища,Закупка состоялась
81933636-ЗЖ1,243411.700,Проволока (сталь),15829248-1 Закупка первичного жилья 3- комнатной квартиры в г. Балхаш,Квартира,1,25 984 000.00,Закупка жилища,Закупка состоялась
81933641-ЗЖ1,243411.700,Проволока (сталь),15829248-1 Закупка первичного жилья 3- комнатной квартиры в г. Балхаш,Квартира,1,25 984 000.00,Закупка жилища,Закупка состоялась
81933647-ЗЖ1,243411.700,Проволока (сталь),15829248-1 Закупка первичного жилья 3- комнатной квартиры в г. Балхаш,Квартира,1,25 984 000.00,Закупка жилища,Закупка состоялась
81933651-ЗЖ1,243411.700,Проволока (сталь),15829248-1 Закупка первичного жилья 3- комнатной квартиры в г. Балхаш,Квартира,1,25 984 000.00,Закупка жилища,Закупка состоялась
81934668-ЗЖ1,243411.700,Проволока (сталь),15829209-1 Приобретение арендного жилья для социально уязвимых слоев населения в Мактааральском районе,Здание,1,15 600 000.00,Закупка жилища,Закупка состоялась
81934746-ЗЖ1,243411.700,Проволока (сталь),15829209-1 Приобретение арендного жилья для социально уязвимых слоев населения в Мактааральском районе,Здание,1,15 600 000.00,Закупка жилища,Закупка состоялась
81934751-ЗЖ1,243411.700,Проволока (сталь),15829209-1 Приобретение арендного жилья для социально уязвимых слоев населения в Мактааральском районе,Здание,1,15 600 000.00,Закупка жилища,Закупка состоялась
81934754-ЗЖ1,243411.700,Проволока (сталь),15829209-1 Приобретение арендного жилья для социально уязвимых слоев населения в Мактааральском районе,Здание,1,15 600 000.00,Закупка жилища,Закупка состоялась
81934779-ЗЖ1,243411.700,Проволока (сталь),15829209-1 Приобретение арендного жилья для социально уязвимых слоев населения в Мактааральском районе,Здание,1,15 600 000.00,Закупка жилища,Закупка состоялась
81934781-ЗЖ1,243411.700,Проволока (сталь),15829209-1 Приобретение арендного жилья для социально уязвимых слоев населения в Мактааральском районе,Здание,1,15 600 000.00,Закупка жилища,Закупка состоялась
81934785-ЗЖ1,243411.700,Проволока (сталь),15829209-1 Приобретение арендного жилья для социально уязвимых слоев населения в Мактааральском районе,Здание,1,15 600 000.00,Закупка жилища,Закупка состоялась
81934789-ЗЖ1,243411.700,Проволока (сталь),15829209-1 Приобретение арендного жилья для социально уязвимых слоев населения в Мактааральском районе,Здание,1,15 600 000.00,Закупка жилища,Закупка состоялась
81934791-ЗЖ1,243411.700,Проволока (сталь),15829209-1 Приобретение арендного жилья для социально уязвимых слоев населения в Мактааральском районе,Здание,1,15 600 000.00,Закупка жилища,Закупка состоялась
81934794-ЗЖ1,243411.700,Проволока (сталь),15829209-1 Приобретение арендного жилья для социально уязвимых слоев населения в Мактааральском районе,Здание,1,15 600 000.00,Закупка жилища,Закупка состоялась
81934795-ЗЖ1,243411.700,Проволока (сталь),15829209-1 Приобретение арендного жилья для социально уязвимых слоев населения в Мактааральском районе,Здание,1,15 600 000.00,Закупка жилища,Закупка состоялась
81934800-ЗЖ1,243411.700,Проволока (сталь),15829209-1 Приобретение арендного жилья для социально уязвимых слоев населения в Мактааральском районе,Здание,1,15 600 000.00,Закупка жилища,Закупка состоялась
81934804-ЗЖ1,243411.700,Проволока (сталь),15829209-1 Приобретение арендного жилья для социально уязвимых слоев населения в Мактааральском районе,Здание,1,15 600 000.00,Закупка жилища,Закупка состоялась
81934808-ЗЖ1,243411.700,Проволока (сталь),15829209-1 Приобретение арендного жилья для социально уязвимых слоев населения в Мактааральском районе,Здание,1,15 600 000.00,Закупка жилища,Закупка состоялась
81934810-ЗЖ1,243411.700,Проволока (сталь),15829209-1 Приобретение арендного жилья для социально уязвимых слоев населения в Мактааральском районе,Здание,1,15 600 000.00,Закупка жилища,Закупка состоялась
81934813-ЗЖ1,243411.700,Проволока (сталь),15829209-1 Приобретение арендного жилья для социально уязвимых слоев населения в Мактааральском районе,Здание,1,15 600 000.00,Закупка жилища,Закупка состоялась
81934816-ЗЖ1,243411.700,Проволока (сталь),15829209-1 Приобретение арендного жилья для социально уязвимых слоев населения в Мактааральском районе,Здание,1,15 600 000.00,Закупка жилища,Закупка состоялась
81934820-ЗЖ1,243411.700,Проволока (сталь),15829209-1 Приобретение арендного жилья для социально уязвимых слоев населения в Мактааральском районе,Здание,1,15 600 000.00,Закупка жилища,Закупка состоялась
81934824-ЗЖ1,243411.700,Проволока (сталь),15829209-1 Приобретение арендного жилья для социально уязвимых слоев населения в Мактааральском районе,Здание,1,15 600 000.00,Закупка жилища,Закупка состоялась
81934826-ЗЖ1,243411.700,Проволока (сталь),15829209-1 Приобретение арендного жилья для социально уязвимых слоев населения в Мактааральском районе,Здание,1,15 600 000.00,Закупка жилища,Закупка состоялась
81934829-ЗЖ1,243411.700,Проволока (сталь),15829209-1 Приобретение арендного жилья для социально уязвимых слоев населения в Мактааральском районе,Здание,1,15 600 000.00,Закупка жилища,Закупка состоялась
81934853-ЗЖ1,243411.700,Проволока (сталь),15829209-1 Приобретение арендного жилья для социально уязвимых слоев населения в Мактааральском районе,Здание,1,15 600 000.00,Закупка жилища,Закупка состоялась
81934907-ЗЖ1,243411.700,Проволока (сталь),15829209-1 Приобретение арендного жилья для социально уязвимых слоев населения в Мактааральском районе,Здание,1,15 600 000.00,Закупка жилища,Закупка состоялась
81934911-ЗЖ1,243411.700,Проволока (сталь),15829209-1 Приобретение арендного жилья для социально уязвимых слоев населения в Мактааральском районе,Здание,1,15 600 000.00,Закупка жилища,Закупка состоялась
81934952-ЗЖ1,243411.700,Проволока (сталь),15829209-1 Приобретение арендного жилья для социально уязвимых слоев населения в Мактааральском районе,Здание,1,15 600 000.00,Закупка жилища,Закупка состоялась
81934988-ЗЖ1,243411.700,Проволока (сталь),15829209-1 Приобретение арендного жилья для социально уязвимых слоев населения в Мактааральском районе,Здание,1,15 600 000.00,Закупка жилища,Закупка состоялась
81934990-ЗЖ1,243411.700,Проволока (сталь),15829209-1 Приобретение арендного жилья для социально уязвимых слоев населения в Мактааральском районе,Здание,1,15 600 000.00,Закупка жилища,Закупка состоялась
81934994-ЗЖ1,243411.700,Проволока (сталь),15829209-1 Приобретение арендного жилья для социально уязвимых слоев населения в Мактааральском районе,Здание,1,15 600 000.00,Закупка жилища,Закупка состоялась
81934996-ЗЖ1,243411.700,Проволока (сталь),15829209-1 Приобретение арендного жилья для социально уязвимых слоев населения в Мактааральском районе,Здание,1,15 600 000.00,Закупка жилища,Закупка состоялась
81934998-ЗЖ1,243411.700,Проволока (сталь),15829209-1 Приобретение арендного жилья для социально уязвимых слоев населения в Мактааральском районе,Здание,1,15 600 000.00,Закупка жилища,Закупка состоялась
81935000-ЗЖ1,243411.700,Проволока (сталь),15829209-1 Приобретение арендного жилья для социально уязвимых слоев населения в Мактааральском районе,Здание,1,15 600 000.00,Закупка жилища,Закупка состоялась
81935001-ЗЖ1,243411.700,Проволока (сталь),15829209-1 Приобретение арендного жилья для социально уязвимых слоев населения в Мактааральском районе,Здание,1,15 600 000.00,Закупка жилища,Закупка состоялась
81935005-ЗЖ1,243411.700,Проволока (сталь),15829209-1 Приобретение арендного жилья для социально уязвимых слоев населения в Мактааральском районе,Здание,1,15 600 000.00,Закупка жилища,Закупка состоялась
81935012-ЗЖ1,243411.700,Проволока (сталь),15829209-1 Приобретение арендного жилья для социально уязвимых слоев населения в Мактааральском районе,Здание,1,15 600 000.00,Закупка жилища,Закупка состоялась
81935013-ЗЖ1,243411.700,Проволока (сталь),15829209-1 Приобретение арендного жилья для социально уязвимых слоев населения в Мактааральском районе,Здание,1,15 600 000.00,Закупка жилища,Закупка состоялась
81935018-ЗЖ1,243411.700,Проволока (сталь),15829209-1 Приобретение арендного жилья для социально уязвимых слоев населения в Мактааральском районе,Здание,1,15 600 000.00,Закупка жилища,Закупка состоялась
81935025-ЗЖ1,243411.700,Проволока (сталь),15829209-1 Приобретение арендного жилья для социально уязвимых слоев населения в Мактааральском районе,Здание,1,15 600 000.00,Закупка жилища,Закупка состоялась
81935029-ЗЖ1,243411.700,Проволока (сталь),15829209-1 Приобретение арендного жилья для социально уязвимых слоев населения в Мактааральском районе,Здание,1,15 600 000.00,Закупка жилища,Закупка состоялась
81935030-ЗЖ1,243411.700,Проволока (сталь),15829209-1 Приобретение арендного жилья для социально уязвимых слоев населения в Мактааральском районе,Здание,1,15 600 000.00,Закупка жилища,Закупка состоялась
81935045-ЗЖ1,243411.700,Проволока (сталь),15829392-1 Закупка первичного жилья 2- комнатной квартиры в г. Балхаш,Квартира,1,18 432 000.00,Закупка жилища,Закупка состоялась
81935047-ЗЖ1,243411.700,Проволока (сталь),15829209-1 Приобретение арендного жилья для социально уязвимых слоев населения в Мактааральском районе,Здание,1,15 600 000.00,Закупка жилища,Закупка состоялась
81935053-ЗЖ1,243411.700,Проволока (сталь),15829209-1 Приобретение арендного жилья для социально уязвимых слоев населения в Мактааральском районе,Здание,1,15 600 000.00,Закупка жилища,Закупка состоялась
81935055-ЗЖ1,243411.700,Проволока (сталь),15829209-1 Приобретение арендного жилья для социально уязвимых слоев населения в Мактааральском районе,Здание,1,15 600 000.00,Закупка жилища,Закупка состоялась
81935140-ЗЖ1,243411.700,Проволока (сталь),15829209-1 Приобретение арендного жилья для социально уязвимых слоев населения в Мактааральском районе,Здание,1,15 600 000.00,Закупка жилища,Закупка состоялась
81935142-ЗЖ1,243411.700,Проволока (сталь),15829209-1 Приобретение арендного жилья для социально уязвимых слоев населения в Мактааральском районе,Здание,1,15 600 000.00,Закупка жилища,Закупка состоялась
81935185-ЗЖ1,243411.700,Проволока (сталь),"15840603-1 Закупка первичного жилья 3 - комнатной квартиры в г. Балхаш, ( 68,9 кв.м)",Квартира,1,22 048 000.00,Закупка жилища,Закупка состоялась
81935266-ЗЖ1,243411.700,Проволока (сталь),15829368-1 Закупка первичного жилья 2- комнатной квартиры в г. Балхаш,Квартира,1,18 432 000.00,Закупка жилища,Закупка состоялась
81935268-ЗЖ1,243411.700,Проволока (сталь),15829368-1 Закупка первичного жилья 2- комнатной квартиры в г. Балхаш,Квартира,1,18 432 000.00,Закупка жилища,Закупка состоялась
81935278-ЗЖ1,243411.700,Проволока (сталь),15829368-1 Закупка первичного жилья 2- комнатной квартиры в г. Балхаш,Квартира,1,18 432 000.00,Закупка жилища,Закупка состоялась
81935284-ЗЖ1,243411.700,Проволока (сталь),15829368-1 Закупка первичного жилья 2- комнатной квартиры в г. Балхаш,Квартира,1,18 432 000.00,Закупка жилища,Закупка состоялась
81935286-ЗЖ1,243411.700,Проволока (сталь),15829368-1 Закупка первичного жилья 2- комнатной квартиры в г. Балхаш,Квартира,1,18 432 000.00,Закупка жилища,Закупка состоялась
81935288-ЗЖ1,243411.700,Проволока (сталь),15829368-1 Закупка первичного жилья 2- комнатной квартиры в г. Балхаш,Квартира,1,18 432 000.00,Закупка жилища,Закупка состоялась
81935298-ЗЖ1,243411.700,Проволока (сталь),15829368-1 Закупка первичного жилья 2- комнатной квартиры в г. Балхаш,Квартира,1,18 432 000.00,Закупка жилища,Закупка состоялась
81945492-КРБС1,243411.700,Проволока (сталь),"15834095-1 Услуги по техническому надзору «Реконструкция водопроводных и водозаборных сооружений (водоснабжение) станции Мынарал и Кумозек, Шыганак Мойынкумского района Жамбылской области» (ст.Шыганак)»",Услуги по осуществлению технического надзора в сфере строительной деятельности,1,54 783 079.00,Конкурс с использованием рейтингово-балльной системы,Закупка состоялась
81945509-КРБС1,243411.700,Проволока (сталь),"15834014-1 Оказание инжиниринговых услуг (технический надзор) по объекту: «Реконструкция водопроводных и водозаборных сооружений (водоснабжение) станции Мынарал и Кумозек, Шыганак Мойынкумского района Жамбылской области» (ст.Мынарал)»",Услуги по осуществлению технического надзора в сфере строительной деятельности,1,36 212 458.00,Конкурс с использованием рейтингово-балльной системы,Закупка состоялась
81945540-КРБС1,243411.700,Проволока (сталь),"15833914-1 Оказание инжиниринговых услуг (технический надзор) по объекту: «Реконструкция водопроводной сети, село Биназар Мойынкумского района Жамбылской области»",Услуги по осуществлению технического надзора в сфере строительной деятельности,1,16 212 890.00,Конкурс с использованием рейтингово-балльной системы,Закупка состоялась
81945576-КРБС1,243411.700,Проволока (сталь),15847053-1 Услуги по техническому надзору Реконструкция водоснабжения и водозаборных сооружений в села Мойынкум Мойынкумского района Жамбылской области»,Услуги по осуществлению технического надзора в сфере строительной деятельности,1,28 967 292.00,Конкурс с использованием рейтингово-балльной системы,Закупка состоялась
81950860-КРБС1,243411.700,Проволока (сталь),"15834271-1 Реконструкция водопроводных и водозаборных сооружений (водоснабжение) станции Мынарал и Кумозек, Шыганак Мойынкумского района Жамбылской области» (ст.Шыганак)","Работы по строительству объектов/систем/сетей водоснабжения, водопроводных сетей",1,2 200 123 656.00,Конкурс с использованием рейтингово-балльной системы,Закупка состоялась
81950876-КРБС1,243411.700,Проволока (сталь),"15834286-1 ««Реконструкция водопроводных и водозаборных сооружений (водоснабжение) станции Мынарал и Кумозек, Шыганак Мойынкумского района Жамбылской области» (ст.Мынарал)»","Работы по строительству объектов/систем/сетей водоснабжения, водопроводных сетей",1,1 349 756 234.00,Конкурс с использованием рейтингово-балльной системы,Закупка состоялась
81951809-КРБС1,243411.700,Проволока (сталь),"15834239-1 Реконструкция водопроводных и водозаборных сооружений (водоснабжение) станции Мынарал и Кумозек, Шыганак Мойынкумского района Жамбылской области (Кумозек)","Работы по строительству объектов/систем/сетей водоснабжения, водопроводных сетей",1,395 540 308.00,Конкурс с использованием рейтингово-балльной системы,Закупка состоялась
81951850-КРБС1,243411.700,Проволока (сталь),15834232-1 «Реконструкция систем водоснабжения в селе Бирлик Мойынкумского района Жамбылской области»,"Работы по строительству объектов/систем/сетей водоснабжения, водопроводных сетей",1,461 909 935.00,Конкурс с использованием рейтингово-балльной системы,Закупка состоялась
81951872-КРБС1,243411.700,Проволока (сталь),15846934-1 Реконструкция водоснабжения и водозаборных сооружений в села Мойынкум Мойынкумского района Жамбылской области,"Работы по строительству объектов/систем/сетей водоснабжения, водопроводных сетей",1,1 101 417 925.00,Конкурс с использованием рейтингово-балльной системы,Закупка состоялась
81956004-ЗЖ1,243411.700,Проволока (сталь),"15843234-1 Приобретение жилого дома № 3 в городе Арыс, Туркестанская область",Здание,1,15 600 000.00,Закупка жилища,Закупка состоялась
81956543-ЗЖ1,243411.700,Проволока (сталь),"15843253-1 Приобретение жилого дома №5 в городе Арыс, Туркестанская область",Здание,1,15 600 000.00,Закупка жилища,Закупка состоялась
81956550-ЗЖ1,243411.700,Проволока (сталь),"15843257-1 Приобретение жилого дома №6 в городе Арыс, Туркестанская область",Здание,1,15 600 000.00,Закупка жилища,Закупка состоялась
81956552-ЗЖ1,243411.700,Проволока (сталь),"15843263-1 Приобретение жилого дома №7 в городе Арыс, Туркестанская область",Здание,1,15 600 000.00,Закупка жилища,Закупка состоялась
81956556-ЗЖ1,243411.700,Проволока (сталь),"15843266-1 Приобретение жилого дома №8 в городе Арыс, Туркестанская область",Здание,1,15 600 000.00,Закупка жилища,Закупка состоялась
81956559-ЗЖ1,243411.700,Проволока (сталь),"15843268-1 Приобретение жилого дома №9 в городе Арыс, Туркестанская область",Здание,1,15 600 000.00,Закупка жилища,Закупка состоялась
81956564-ЗЖ1,243411.700,Проволока (сталь),"15843271-1 Приобретение жилого дома №10 в городе Арыс, Туркестанская область",Здание,1,15 600 000.00,Закупка жилища,Закупка состоялась
81956568-ЗЖ1,243411.700,Проволока (сталь),"15843290-1 Приобретение жилого дома №11 в городе Арыс, Туркестанская область",Здание,1,15 600 000.00,Закупка жилища,Закупка состоялась
81956571-ЗЖ1,243411.700,Проволока (сталь),"15843299-1 Приобретение жилого дома №12 в городе Арыс, Туркестанская область",Здание,1,15 600 000.00,Закупка жилища,Закупка состоялась
81956578-ЗЖ1,243411.700,Проволока (сталь),"15843306-1 Приобретение жилого дома №13 в городе Арыс, Туркестанская область",Здание,1,15 600 000.00,Закупка жилища,Закупка состоялась
81956581-ЗЖ1,243411.700,Проволока (сталь),"15843311-1 Приобретение жилого дома №14 в городе Арыс, Туркестанская область",Здание,1,15 600 000.00,Закупка жилища,Закупка состоялась
81956585-ЗЖ1,243411.700,Проволока (сталь),"15843312-1 Приобретение жилого дома №15 в городе Арыс, Туркестанская область",Здание,1,15 600 000.00,Закупка жилища,Закупка состоялась
81956587-ЗЖ1,243411.700,Проволока (сталь),"15843319-1 Приобретение жилого дома №16 в городе Арыс, Туркестанская область",Здание,1,15 600 000.00,Закупка жилища,Закупка состоялась
81956589-ЗЖ1,243411.700,Проволока (сталь),"15843323-1 Приобретение жилого дома №17 в городе Арыс, Туркестанская область",Здание,1,15 600 000.00,Закупка жилища,Закупка состоялась
81956593-ЗЖ1,243411.700,Проволока (сталь),"15843326-1 Приобретение жилого дома №18 в городе Арыс, Туркестанская область",Здание,1,15 600 000.00,Закупка жилища,Закупка состоялась
81957049-ЗЖ1,243411.700,Проволока (сталь),15829980-1 Приобретение жилища в г.Экибастузе для СУСН (6 квартир),Квартира,1,30 240 000.00,Закупка жилища,Закупка состоялась
81957385-ЗЖ1,243411.700,Проволока (сталь),15829981-1 Приобретение жилища в г.Экибастузе для СУСН (2 квартиры),Квартира,1,30 240 000.00,Закупка жилища,Закупка состоялась
81957395-ЗЖ1,243411.700,Проволока (сталь),15829981-1 Приобретение жилища в г.Экибастузе для СУСН (2 квартиры),Квартира,1,30 240 000.00,Закупка жилища,Закупка состоялась
81957582-ЗЖ1,243411.700,Проволока (сталь),15830029-1 Приобретение жилого дома в селе Карауылкелды Байганинского района Актюбинской области (согласно технической спецификации),Здание,1,19 050 000.00,Закупка жилища,Закупка состоялась
81957585-ЗЖ1,243411.700,Проволока (сталь),15830029-1 Приобретение жилого дома в селе Карауылкелды Байганинского района Актюбинской области (согласно технической спецификации),Здание,1,19 050 000.00,Закупка жилища,Закупка состоялась
81957595-ЗЖ1,243411.700,Проволока (сталь),15830029-1 Приобретение жилого дома в селе Карауылкелды Байганинского района Актюбинской области (согласно технической спецификации),Здание,1,19 050 000.00,Закупка жилища,Закупка состоялась
81957606-ЗЖ1,243411.700,Проволока (сталь),15830029-1 Приобретение жилого дома в селе Карауылкелды Байганинского района Актюбинской области (согласно технической спецификации),Здание,1,19 050 000.00,Закупка жилища,Закупка состоялась
81957619-ЗЖ1,243411.700,Проволока (сталь),15830036-1 Приобретение жилого дома в селе Карауылкелды Байганинского района Актюбинской области (согласно технической спецификации),Здание,1,19 050 000.00,Закупка жилища,Закупка состоялась
81957623-ЗЖ1,243411.700,Проволока (сталь),15830036-1 Приобретение жилого дома в селе Карауылкелды Байганинского района Актюбинской области (согласно технической спецификации),Здание,1,19 050 000.00,Закупка жилища,Закупка состоялась
81968870-ЗЖ1,243411.700,Проволока (сталь),15830877-1 Приобретение жилого дома в селе Жанбай Исатайского района Атырауской области,Здание,1,20 000 000.00,Закупка жилища,Закупка состоялась
81970314-ЗЦП1,243411.700,Проволока (сталь),15830996-1 Услуги по организации завершения строительства проблемных объектов долевого жилищного строительства на территории Мангистауской области,Услуги по разработке/развитию архитектуры государственного органа,1,22 000 000.00,Запрос ценовых предложений,Закупка состоялась
81978754-ЗЖ1,243411.700,Проволока (сталь),15832658-1 Приобретение квартиры на территории Мунайлинского района.,Квартира,1,16 960 000.00,Закупка жилища,Закупка состоялась
82002575-ЗЖ1,243411.700,Проволока (сталь),15833014-1 Закупка жилища согласно технической спецификаций,Квартира,1,20 400 000.00,Закупка жилища,Закупка состоялась
82002639-ЗЖ1,243411.700,Проволока (сталь),15833014-1 Закупка жилища согласно технической спецификаций,Квартира,1,20 400 000.00,Закупка жилища,Закупка состоялась
82007454-ЗЦП1,243411.700,Проволока (сталь),15833999-1 Услуги согласно технической спецификации,Услуги по аренде телевизионного оборудования,1,19 900 000.00,Запрос ценовых предложений,Закупка состоялась
82009745-ЗЖ1,243411.700,Проволока (сталь),15833442-1 Приобретение квартиры в селе Караул Абайского района,Квартира,1,16 335 000.00,Закупка жилища,Закупка состоялась
82009822-ЗЖ1,243411.700,Проволока (сталь),15833442-1 Приобретение квартиры в селе Караул Абайского района,Квартира,1,16 335 000.00,Закупка жилища,Закупка состоялась
82010625-ЗЖ1,243411.700,Проволока (сталь),15833442-1 Приобретение квартиры в селе Караул Абайского района,Квартира,1,16 524 000.00,Закупка жилища,Закупка состоялась
82010700-ЗЖ1,243411.700,Проволока (сталь),15833442-1 Приобретение квартиры в селе Караул Абайского района,Квартира,1,16 524 000.00,Закупка жилища,Закупка состоялась
82011177-ЗЖ1,243411.700,Проволока (сталь),15833442-1 Приобретение квартиры в селе Караул Абайского района,Квартира,1,16 524 000.00,Закупка жилища,Закупка состоялась
82012824-ЗЖ1,243411.700,Проволока (сталь),15833535-1 Приобретение дома в Талгарском районе Алматинской области,Здание,1,29 000 000.00,Закупка жилища,Закупка состоялась
82012842-ЗЖ1,243411.700,Проволока (сталь),15833535-1 Приобретение дома в Талгарском районе Алматинской области,Здание,1,29 000 000.00,Закупка жилища,Закупка состоялась
82012880-ЗЖ1,243411.700,Проволока (сталь),15833535-1 Приобретение дома в Талгарском районе Алматинской области,Здание,1,29 000 000.00,Закупка жилища,Закупка состоялась
82012901-ЗЖ1,243411.700,Проволока (сталь),15833535-1 Приобретение дома в Талгарском районе Алматинской области,Здание,1,29 000 000.00,Закупка жилища,Закупка состоялась
82012926-ЗЖ1,243411.700,Проволока (сталь),15833535-1 Приобретение дома в Талгарском районе Алматинской области,Здание,1,29 000 000.00,Закупка жилища,Закупка состоялась
82012936-ЗЖ1,243411.700,Проволока (сталь),15833535-1 Приобретение дома в Талгарском районе Алматинской области,Здание,1,29 000 000.00,Закупка жилища,Закупка состоялась
82012962-ЗЖ1,243411.700,Проволока (сталь),15833535-1 Приобретение дома в Талгарском районе Алматинской области,Здание,1,29 000 000.00,Закупка жилища,Закупка состоялась
82013001-ЗЖ1,243411.700,Проволока (сталь),15833535-1 Приобретение дома в Талгарском районе Алматинской области,Здание,1,29 000 000.00,Закупка жилища,Закупка состоялась
82013028-ЗЖ1,243411.700,Проволока (сталь),15833535-1 Приобретение дома в Талгарском районе Алматинской области,Здание,1,29 000 000.00,Закупка жилища,Закупка состоялась
82013245-ЗЖ1,243411.700,Проволока (сталь),15833535-1 Приобретение дома в Талгарском районе Алматинской области,Здание,1,29 000 000.00,Закупка жилища,Закупка состоялась
82013301-ЗЖ1,243411.700,Проволока (сталь),15833535-1 Приобретение дома в Талгарском районе Алматинской области,Здание,1,29 000 000.00,Закупка жилища,Закупка состоялась
82013347-ЗЖ1,243411.700,Проволока (сталь),15833535-1 Приобретение дома в Талгарском районе Алматинской области,Здание,1,29 000 000.00,Закупка жилища,Закупка состоялась
82013366-ЗЖ1,243411.700,Проволока (сталь),15833535-1 Приобретение дома в Талгарском районе Алматинской области,Здание,1,29 000 000.00,Закупка жилища,Закупка состоялась
82013384-ЗЖ1,243411.700,Проволока (сталь),15833535-1 Приобретение дома в Талгарском районе Алматинской области,Здание,1,29 000 000.00,Закупка жилища,Закупка состоялась
82013399-ЗЖ1,243411.700,Проволока (сталь),15833535-1 Приобретение дома в Талгарском районе Алматинской области,Здание,1,29 000 000.00,Закупка жилища,Закупка состоялась
82013414-ЗЖ1,243411.700,Проволока (сталь),15833535-1 Приобретение дома в Талгарском районе Алматинской области,Здание,1,29 000 000.00,Закупка жилища,Закупка состоялась
82023176-ЗЖ1,243411.700,Проволока (сталь),"15834385-1 Приобретение квартиры в двухквартирном жилом доме в с.Ново- Одесское, Уланского района Восточно-Казахстанской области, с площадью каждой квартиры не менее 70 квадратных метров, с земельным участком и с подведённой необходимой инженерно-коммуникационной инфраструктуры (электроснабжение, водоснабжение, индивидуальные септики для водоотведения)",Здание,1,18 200 000.00,Закупка жилища,Закупка состоялась
82030873-ЗЖ1,243411.700,Проволока (сталь),"15834634-1 2 (двух) комнатная квартира, площадью 50 - 60 кв. метров",Квартира,1,22 800 000.00,Закупка жилища,Закупка состоялась
82030875-ЗЖ1,243411.700,Проволока (сталь),"15834634-1 2 (двух) комнатная квартира, площадью 50 - 60 кв. метров",Квартира,1,22 800 000.00,Закупка жилища,Закупка состоялась
82030876-ЗЖ1,243411.700,Проволока (сталь),"15834634-1 2 (двух) комнатная квартира, площадью 50 - 60 кв. метров",Квартира,1,22 800 000.00,Закупка жилища,Закупка состоялась
82030877-ЗЖ1,243411.700,Проволока (сталь),"15834634-1 2 (двух) комнатная квартира, площадью 50 - 60 кв. метров",Квартира,1,22 800 000.00,Закупка жилища,Закупка состоялась
82030878-ЗЖ1,243411.700,Проволока (сталь),"15834634-1 2 (двух) комнатная квартира, площадью 50 - 60 кв. метров",Квартира,1,22 800 000.00,Закупка жилища,Закупка состоялась
82030879-ЗЖ1,243411.700,Проволока (сталь),"15834634-1 2 (двух) комнатная квартира, площадью 50 - 60 кв. метров",Квартира,1,22 800 000.00,Закупка жилища,Закупка состоялась
82030885-ЗЖ1,243411.700,Проволока (сталь),"15834634-1 2 (двух) комнатная квартира, площадью 50 - 60 кв. метров",Квартира,1,22 800 000.00,Закупка жилища,Закупка состоялась
82030899-ЗЖ1,243411.700,Проволока (сталь),15834632-1 Жилой дом с площадью не менее 85 кв. метр,Здание,1,31 920 000.00,Закупка жилища,Закупка состоялась
82030902-ЗЖ1,243411.700,Проволока (сталь),15834632-1 Жилой дом с площадью не менее 85 кв. метр,Здание,1,31 920 000.00,Закупка жилища,Закупка состоялась
82031060-ОК1,243411.700,Проволока (сталь),15841719-2 внутренние отделки и другие ремонтные работы,Работы малярные,1,30 740 535.00,Открытый конкурс,Закупка состоялась
82031063-ОК1,243411.700,Проволока (сталь),15841750-1 работы внутренние отделки и другие ремонтные работы,Работы малярные,1,74 747 916.00,Открытый конкурс,Закупка состоялась
82031073-ОК1,243411.700,Проволока (сталь),15841719-2 внутренние отделки и другие ремонтные работы,Работы малярные,1,19 558 806.00,Открытый конкурс,Закупка состоялась
82031082-ОК1,243411.700,Проволока (сталь),15841679-1 ремонтые работы сантехнических систем,Сантехнические работы,1,27 726 217.00,Открытый конкурс,Закупка состоялась
82031088-ОК1,243411.700,Проволока (сталь),15841679-1 ремонтые работы сантехнических систем,Сантехнические работы,1,26 274 259.00,Открытый конкурс,Закупка состоялась
82053858-ЗЖ1,243411.700,Проволока (сталь),"15840030-1 Приобретение квартиры в селе Абай, Хромтауского района, Актюбинской области",Квартира,1,19 050 000.00,Закупка жилища,Закупка состоялась
82053870-ЗЖ1,243411.700,Проволока (сталь),"15840030-1 Приобретение квартиры в селе Абай, Хромтауского района, Актюбинской области",Квартира,1,19 050 000.00,Закупка жилища,Закупка состоялась
82053876-ЗЖ1,243411.700,Проволока (сталь),"15840030-1 Приобретение квартиры в селе Абай, Хромтауского района, Актюбинской области",Квартира,1,19 050 000.00,Закупка жилища,Закупка состоялась
82053903-ЗЖ1,243411.700,Проволока (сталь),"15840030-1 Приобретение квартиры в селе Абай, Хромтауского района, Актюбинской области",Квартира,1,19 050 000.00,Закупка жилища,Закупка состоялась
82053913-ЗЖ1,243411.700,Проволока (сталь),"15842407-1 Приобретение квартиры в селе Богетсай, Хромтауского района, Актюбинской области",Квартира,1,19 050 000.00,Закупка жилища,Закупка состоялась
82053921-ЗЖ1,243411.700,Проволока (сталь),"15842407-1 Приобретение квартиры в селе Богетсай, Хромтауского района, Актюбинской области",Квартира,1,19 050 000.00,Закупка жилища,Закупка состоялась
82054150-ЗЖ1,243411.700,Проволока (сталь),"15842407-1 Приобретение квартиры в селе Богетсай, Хромтауского района, Актюбинской области",Квартира,1,19 050 000.00,Закупка жилища,Закупка состоялась
82054934-ЗЖ1,243411.700,Проволока (сталь),"15842407-1 Приобретение квартиры в селе Богетсай, Хромтауского района, Актюбинской области",Квартира,1,19 050 000.00,Закупка жилища,Закупка состоялась
82054964-ЗЖ1,243411.700,Проволока (сталь),"15842407-1 Приобретение квартиры в селе Богетсай, Хромтауского района, Актюбинской области",Квартира,1,19 050 000.00,Закупка жилища,Закупка состоялась
82054970-ЗЖ1,243411.700,Проволока (сталь),"15842407-1 Приобретение квартиры в селе Богетсай, Хромтауского района, Актюбинской области",Квартира,1,19 050 000.00,Закупка жилища,Закупка состоялась
82057874-ЗЖ1,243411.700,Проволока (сталь),15835870-1 Приобретение 1 (одного) двухквартирного жилого дома в поселке Доссор Макатского района,Здание,1,40 000 000.00,Закупка жилища,Закупка состоялась
82057887-ЗЖ1,243411.700,Проволока (сталь),15836188-1 Приобретение 1 (одного) двухквартирного жилого дома в поселке Макат Макатского района,Здание,1,40 000 000.00,Закупка жилища,Закупка состоялась
82057901-ЗЖ1,243411.700,Проволока (сталь),15836131-1 Приобретение 1 (одного) двухквартирного жилого дома в поселке Макат Макатского района,Здание,1,40 000 000.00,Закупка жилища,Закупка состоялась
82057928-ЗЖ1,243411.700,Проволока (сталь),15836303-1 Приобретение 1 (одного) двухквартирного жилого дома в поселке Макат Макатского района,Здание,1,40 000 000.00,Закупка жилища,Закупка состоялась
82057945-ЗЖ1,243411.700,Проволока (сталь),15836250-1 Приобретение 1 (одного) двухквартирного жилого дома в поселке Макат Макатского района,Здание,1,40 000 000.00,Закупка жилища,Закупка состоялась
82060602-ОК1,243411.700,Проволока (сталь),15842318-1 Приобретение квартир для ГУ «Отдел строительства города Караганды»,Квартира,643.5,238 095 000.00,Открытый конкурс,Закупка состоялась
82060641-ОК1,243411.700,Проволока (сталь),15842318-1 Приобретение квартир для ГУ «Отдел строительства города Караганды»,Квартира,570.3,211 011 000.00,Открытый конкурс,Закупка состоялась
82060979-ОК1,243411.700,Проволока (сталь),15842318-1 Приобретение квартир для ГУ «Отдел строительства города Караганды»,Квартира,646.6,239 242 000.00,Открытый конкурс,Закупка состоялась
82061036-ОК1,243411.700,Проволока (сталь),15842318-1 Приобретение квартир для ГУ «Отдел строительства города Караганды»,Квартира,652.1,241 277 000.00,Открытый конкурс,Закупка состоялась
82061171-ОК1,243411.700,Проволока (сталь),15842318-1 Приобретение квартир для ГУ «Отдел строительства города Караганды»,Квартира,652.2,241 314 000.00,Открытый конкурс,Закупка состоялась
82061525-ОК1,243411.700,Проволока (сталь),15842318-1 Приобретение квартир для ГУ «Отдел строительства города Караганды»,Квартира,656.8,243 016 000.00,Открытый конкурс,Закупка состоялась
82061616-ОК1,243411.700,Проволока (сталь),15842318-1 Приобретение квартир для ГУ «Отдел строительства города Караганды»,Квартира,652.7,241 499 000.00,Открытый конкурс,Закупка состоялась
82061645-ОК1,243411.700,Проволока (сталь),15842318-1 Приобретение квартир для ГУ «Отдел строительства города Караганды»,Квартира,615.9,227 883 000.00,Открытый конкурс,Закупка состоялась
82061685-ОК1,243411.700,Проволока (сталь),15842318-1 Приобретение квартир для ГУ «Отдел строительства города Караганды»,Квартира,647.1,239 427 000.00,Открытый конкурс,Закупка состоялась
82062173-ОК1,243411.700,Проволока (сталь),15842318-1 Приобретение квартир для ГУ «Отдел строительства города Караганды»,Квартира,655.8,242 646 000.00,Открытый конкурс,Закупка состоялась
82062548-ОК1,243411.700,Проволока (сталь),15842318-1 Приобретение квартир для ГУ «Отдел строительства города Караганды»,Квартира,651.3,240 981 000.00,Открытый конкурс,Закупка состоялась
82076755-ОИ2,243411.700,Проволока (сталь),15858954-1 Государственная закупка для КГП на ПХВ «Жанакорганская районная ветеринарная станция» управления ветеринарии Кызылординской области»,Автомобиль,1,17 790 000.00,Из одного источника по несостоявшимся закупкам,Закупка состоялась
82090194-ЗЖ1,243411.700,Проволока (сталь),"15837315-1 Приобретение квартиры в с.Кентубек, состоящей из не менее 3-х жилых комнат, общей площадью не менее 60 кв.м.",Квартира,1,15 863 000.00,Закупка жилища,Закупка состоялась
82090838-ЗЖ1,243411.700,Проволока (сталь),15839695-1 Приобретение квартир для ГУ «Отдел строительства города Караганды»,Квартира,1,20 157 267.00,Закупка жилища,Закупка состоялась
82118122-ЗЦП1,243411.700,Проволока (сталь),15838942-1 Работа по установке и демонтажу телекоммуникационное оборудование и аппаратуры,Работы по установке/монтажу/демонтажу телекоммуникационного оборудования и аппаратуры,1,27 172 100.00,Запрос ценовых предложений,Закупка состоялась
82123493-ЗЖ1,243411.700,Проволока (сталь),15839229-1 Приобретение квартиры (жилой дом) в Илийском районе Алматинской области,Квартира,1,29 200 000.00,Закупка жилища,Закупка состоялась
82123509-ЗЖ1,243411.700,Проволока (сталь),15839229-1 Приобретение квартиры (жилой дом) в Илийском районе Алматинской области,Квартира,1,29 200 000.00,Закупка жилища,Закупка состоялась
82123542-ЗЖ1,243411.700,Проволока (сталь),15839229-1 Приобретение квартиры (жилой дом) в Илийском районе Алматинской области,Квартира,1,29 200 000.00,Закупка жилища,Закупка состоялась
82123549-ЗЖ1,243411.700,Проволока (сталь),15839229-1 Приобретение квартиры (жилой дом) в Илийском районе Алматинской области,Квартира,1,29 200 000.00,Закупка жилища,Закупка состоялась
82123561-ЗЖ1,243411.700,Проволока (сталь),15839229-1 Приобретение квартиры (жилой дом) в Илийском районе Алматинской области,Квартира,1,29 200 000.00,Закупка жилища,Закупка состоялась
82123682-ЗЖ1,243411.700,Проволока (сталь),15839229-1 Приобретение квартиры (жилой дом) в Илийском районе Алматинской области,Квартира,1,29 200 000.00,Закупка жилища,Закупка состоялась
82123697-ЗЖ1,243411.700,Проволока (сталь),15839229-1 Приобретение квартиры (жилой дом) в Илийском районе Алматинской области,Квартира,1,29 200 000.00,Закупка жилища,Закупка состоялась
82123868-ЗЖ1,243411.700,Проволока (сталь),15839229-1 Приобретение квартиры (жилой дом) в Илийском районе Алматинской области,Квартира,1,29 200 000.00,Закупка жилища,Закупка состоялась
82123902-ЗЖ1,243411.700,Проволока (сталь),15839229-1 Приобретение квартиры (жилой дом) в Илийском районе Алматинской области,Квартира,1,29 200 000.00,Закупка жилища,Закупка состоялась
82123913-ЗЖ1,243411.700,Проволока (сталь),15839229-1 Приобретение квартиры (жилой дом) в Илийском районе Алматинской области,Квартира,1,29 200 000.00,Закупка жилища,Закупка состоялась
82123922-ЗЖ1,243411.700,Проволока (сталь),15839229-1 Приобретение квартиры (жилой дом) в Илийском районе Алматинской области,Квартира,1,29 200 000.00,Закупка жилища,Закупка состоялась
82123934-ЗЖ1,243411.700,Проволока (сталь),15839229-1 Приобретение квартиры (жилой дом) в Илийском районе Алматинской области,Квартира,1,29 200 000.00,Закупка жилища,Закупка состоялась
82123946-ЗЖ1,243411.700,Проволока (сталь),15839229-1 Приобретение квартиры (жилой дом) в Илийском районе Алматинской области,Квартира,1,29 200 000.00,Закупка жилища,Закупка состоялась
82123959-ЗЖ1,243411.700,Проволока (сталь),15839229-1 Приобретение квартиры (жилой дом) в Илийском районе Алматинской области,Квартира,1,29 200 000.00,Закупка жилища,Закупка состоялась
82123972-ЗЖ1,243411.700,Проволока (сталь),15839229-1 Приобретение квартиры (жилой дом) в Илийском районе Алматинской области,Квартира,1,29 200 000.00,Закупка жилища,Закупка состоялась
82123982-ЗЖ1,243411.700,Проволока (сталь),15839229-1 Приобретение квартиры (жилой дом) в Илийском районе Алматинской области,Квартира,1,29 200 000.00,Закупка жилища,Закупка состоялась
82123990-ЗЖ1,243411.700,Проволока (сталь),15839229-1 Приобретение квартиры (жилой дом) в Илийском районе Алматинской области,Квартира,1,29 200 000.00,Закупка жилища,Закупка состоялась
82124001-ЗЖ1,243411.700,Проволока (сталь),15839229-1 Приобретение квартиры (жилой дом) в Илийском районе Алматинской области,Квартира,1,29 200 000.00,Закупка жилища,Закупка состоялась
82124006-ЗЖ1,243411.700,Проволока (сталь),15839229-1 Приобретение квартиры (жилой дом) в Илийском районе Алматинской области,Квартира,1,29 200 000.00,Закупка жилища,Закупка состоялась
82124015-ЗЖ1,243411.700,Проволока (сталь),15839229-1 Приобретение квартиры (жилой дом) в Илийском районе Алматинской области,Квартира,1,29 200 000.00,Закупка жилища,Закупка состоялась
82124052-ЗЖ1,243411.700,Проволока (сталь),15839229-1 Приобретение квартиры (жилой дом) в Илийском районе Алматинской области,Квартира,1,29 200 000.00,Закупка жилища,Закупка состоялась
82124061-ЗЖ1,243411.700,Проволока (сталь),15839229-1 Приобретение квартиры (жилой дом) в Илийском районе Алматинской области,Квартира,1,29 200 000.00,Закупка жилища,Закупка состоялась
82124074-ЗЖ1,243411.700,Проволока (сталь),15839229-1 Приобретение квартиры (жилой дом) в Илийском районе Алматинской области,Квартира,1,29 200 000.00,Закупка жилища,Закупка состоялась
82124116-ЗЖ1,243411.700,Проволока (сталь),15839229-1 Приобретение квартиры (жилой дом) в Илийском районе Алматинской области,Квартира,1,29 200 000.00,Закупка жилища,Закупка состоялась
82124443-ЗЖ1,243411.700,Проволока (сталь),15839205-1 Алматы облысы Іле ауданы халқының әлеуметтік осал топтары үшін тұрғын үй сатып алу,Квартира,1,26 250 000.00,Закупка жилища,Закупка состоялась
82124764-ЗЖ1,243411.700,Проволока (сталь),15839205-1 Алматы облысы Іле ауданы халқының әлеуметтік осал топтары үшін тұрғын үй сатып алу,Квартира,1,26 250 000.00,Закупка жилища,Закупка состоялась
82124773-ЗЖ1,243411.700,Проволока (сталь),15839205-1 Алматы облысы Іле ауданы халқының әлеуметтік осал топтары үшін тұрғын үй сатып алу,Квартира,1,26 250 000.00,Закупка жилища,Закупка состоялась
82124782-ЗЖ1,243411.700,Проволока (сталь),15839205-1 Алматы облысы Іле ауданы халқының әлеуметтік осал топтары үшін тұрғын үй сатып алу,Квартира,1,26 250 000.00,Закупка жилища,Закупка состоялась
82124791-ЗЖ1,243411.700,Проволока (сталь),15839205-1 Алматы облысы Іле ауданы халқының әлеуметтік осал топтары үшін тұрғын үй сатып алу,Квартира,1,26 250 000.00,Закупка жилища,Закупка состоялась
82125009-ЗЖ1,243411.700,Проволока (сталь),15839205-1 Алматы облысы Іле ауданы халқының әлеуметтік осал топтары үшін тұрғын үй сатып алу,Квартира,1,26 250 000.00,Закупка жилища,Закупка состоялась
82125019-ЗЖ1,243411.700,Проволока (сталь),15839205-1 Алматы облысы Іле ауданы халқының әлеуметтік осал топтары үшін тұрғын үй сатып алу,Квартира,1,26 250 000.00,Закупка жилища,Закупка состоялась
82125181-ЗЖ1,243411.700,Проволока (сталь),15839205-1 Алматы облысы Іле ауданы халқының әлеуметтік осал топтары үшін тұрғын үй сатып алу,Квартира,1,26 250 000.00,Закупка жилища,Закупка состоялась
82125192-ЗЖ1,243411.700,Проволока (сталь),15839205-1 Алматы облысы Іле ауданы халқының әлеуметтік осал топтары үшін тұрғын үй сатып алу,Квартира,1,26 250 000.00,Закупка жилища,Закупка состоялась
82125200-ЗЖ1,243411.700,Проволока (сталь),15839205-1 Алматы облысы Іле ауданы халқының әлеуметтік осал топтары үшін тұрғын үй сатып алу,Квартира,1,26 250 000.00,Закупка жилища,Закупка состоялась
82125204-ЗЖ1,243411.700,Проволока (сталь),15839205-1 Алматы облысы Іле ауданы халқының әлеуметтік осал топтары үшін тұрғын үй сатып алу,Квартира,1,26 250 000.00,Закупка жилища,Закупка состоялась
82125232-ЗЖ1,243411.700,Проволока (сталь),15839205-1 Алматы облысы Іле ауданы халқының әлеуметтік осал топтары үшін тұрғын үй сатып алу,Квартира,1,26 250 000.00,Закупка жилища,Закупка состоялась
82125239-ЗЖ1,243411.700,Проволока (сталь),15839205-1 Алматы облысы Іле ауданы халқының әлеуметтік осал топтары үшін тұрғын үй сатып алу,Квартира,1,26 250 000.00,Закупка жилища,Закупка состоялась
82125244-ЗЖ1,243411.700,Проволока (сталь),15839205-1 Алматы облысы Іле ауданы халқының әлеуметтік осал топтары үшін тұрғын үй сатып алу,Квартира,1,26 250 000.00,Закупка жилища,Закупка состоялась
82125250-ЗЖ1,243411.700,Проволока (сталь),15839205-1 Алматы облысы Іле ауданы халқының әлеуметтік осал топтары үшін тұрғын үй сатып алу,Квартира,1,26 250 000.00,Закупка жилища,Закупка состоялась
82125256-ЗЖ1,243411.700,Проволока (сталь),15839205-1 Алматы облысы Іле ауданы халқының әлеуметтік осал топтары үшін тұрғын үй сатып алу,Квартира,1,26 250 000.00,Закупка жилища,Закупка состоялась
82125258-ЗЖ1,243411.700,Проволока (сталь),15839205-1 Алматы облысы Іле ауданы халқының әлеуметтік осал топтары үшін тұрғын үй сатып алу,Квартира,1,26 250 000.00,Закупка жилища,Закупка состоялась
82125264-ЗЖ1,243411.700,Проволока (сталь),15839205-1 Алматы облысы Іле ауданы халқының әлеуметтік осал топтары үшін тұрғын үй сатып алу,Квартира,1,26 250 000.00,Закупка жилища,Закупка состоялась
82125274-ЗЖ1,243411.700,Проволока (сталь),15839205-1 Алматы облысы Іле ауданы халқының әлеуметтік осал топтары үшін тұрғын үй сатып алу,Квартира,1,26 250 000.00,Закупка жилища,Закупка состоялась
82125299-ЗЖ1,243411.700,Проволока (сталь),15839205-1 Алматы облысы Іле ауданы халқының әлеуметтік осал топтары үшін тұрғын үй сатып алу,Квартира,1,26 250 000.00,Закупка жилища,Закупка состоялась
82125304-ЗЖ1,243411.700,Проволока (сталь),15839205-1 Алматы облысы Іле ауданы халқының әлеуметтік осал топтары үшін тұрғын үй сатып алу,Квартира,1,26 250 000.00,Закупка жилища,Закупка состоялась
82125315-ЗЖ1,243411.700,Проволока (сталь),15839205-1 Алматы облысы Іле ауданы халқының әлеуметтік осал топтары үшін тұрғын үй сатып алу,Квартира,1,26 250 000.00,Закупка жилища,Закупка состоялась
82125328-ЗЖ1,243411.700,Проволока (сталь),15839205-1 Алматы облысы Іле ауданы халқының әлеуметтік осал топтары үшін тұрғын үй сатып алу,Квартира,1,26 250 000.00,Закупка жилища,Закупка состоялась
82125337-ЗЖ1,243411.700,Проволока (сталь),15839205-1 Алматы облысы Іле ауданы халқының әлеуметтік осал топтары үшін тұрғын үй сатып алу,Квартира,1,26 250 000.00,Закупка жилища,Закупка состоялась
82125349-ЗЖ1,243411.700,Проволока (сталь),15839205-1 Алматы облысы Іле ауданы халқының әлеуметтік осал топтары үшін тұрғын үй сатып алу,Квартира,1,26 250 000.00,Закупка жилища,Закупка состоялась
82125359-ЗЖ1,243411.700,Проволока (сталь),15839205-1 Алматы облысы Іле ауданы халқының әлеуметтік осал топтары үшін тұрғын үй сатып алу,Квартира,1,26 250 000.00,Закупка жилища,Закупка состоялась
82125368-ЗЖ1,243411.700,Проволока (сталь),15839205-1 Алматы облысы Іле ауданы халқының әлеуметтік осал топтары үшін тұрғын үй сатып алу,Квартира,1,26 250 000.00,Закупка жилища,Закупка состоялась
82125375-ЗЖ1,243411.700,Проволока (сталь),15839205-1 Алматы облысы Іле ауданы халқының әлеуметтік осал топтары үшін тұрғын үй сатып алу,Квартира,1,26 250 000.00,Закупка жилища,Закупка состоялась
82125386-ЗЖ1,243411.700,Проволока (сталь),15839205-1 Алматы облысы Іле ауданы халқының әлеуметтік осал топтары үшін тұрғын үй сатып алу,Квартира,1,26 250 000.00,Закупка жилища,Закупка состоялась
82125395-ЗЖ1,243411.700,Проволока (сталь),15839205-1 Алматы облысы Іле ауданы халқының әлеуметтік осал топтары үшін тұрғын үй сатып алу,Квартира,1,26 250 000.00,Закупка жилища,Закупка состоялась
82125403-ЗЖ1,243411.700,Проволока (сталь),15839205-1 Алматы облысы Іле ауданы халқының әлеуметтік осал топтары үшін тұрғын үй сатып алу,Квартира,1,26 250 000.00,Закупка жилища,Закупка состоялась
82125418-ЗЖ1,243411.700,Проволока (сталь),15839205-1 Алматы облысы Іле ауданы халқының әлеуметтік осал топтары үшін тұрғын үй сатып алу,Квартира,1,26 250 000.00,Закупка жилища,Закупка состоялась
82133284-ЗЖ1,243411.700,Проволока (сталь),15839695-1 Приобретение квартир для ГУ «Отдел строительства города Караганды»,Квартира,1,23 148 000.00,Закупка жилища,Закупка состоялась
82138142-ЗЖ1,243411.700,Проволока (сталь),"15840603-1 Закупка первичного жилья 3 - комнатной квартиры в г. Балхаш, ( 68,9 кв.м)",Квартира,1,22 048 000.00,Закупка жилища,Закупка состоялась
82139268-ЗЖ1,243411.700,Проволока (сталь),"15840641-1 Закупка первичного жилья 2 - комнатной квартиры в г. Балхаш, ( 55,9 кв.м)",Квартира,1,17 888 000.00,Закупка жилища,Закупка состоялась
82139297-ЗЖ1,243411.700,Проволока (сталь),"15840641-1 Закупка первичного жилья 2 - комнатной квартиры в г. Балхаш, ( 55,9 кв.м)",Квартира,1,17 888 000.00,Закупка жилища,Закупка состоялась
82139315-ЗЖ1,243411.700,Проволока (сталь),"15840641-1 Закупка первичного жилья 2 - комнатной квартиры в г. Балхаш, ( 55,9 кв.м)",Квартира,1,17 888 000.00,Закупка жилища,Закупка состоялась
82139550-ЗЖ1,243411.700,Проволока (сталь),"15840641-1 Закупка первичного жилья 2 - комнатной квартиры в г. Балхаш, ( 55,9 кв.м)",Квартира,1,17 888 000.00,Закупка жилища,Закупка состоялась
82139569-ЗЖ1,243411.700,Проволока (сталь),"15840641-1 Закупка первичного жилья 2 - комнатной квартиры в г. Балхаш, ( 55,9 кв.м)",Квартира,1,17 888 000.00,Закупка жилища,Закупка состоялась
82139584-ЗЖ1,243411.700,Проволока (сталь),"15840641-1 Закупка первичного жилья 2 - комнатной квартиры в г. Балхаш, ( 55,9 кв.м)",Квартира,1,17 888 000.00,Закупка жилища,Закупка состоялась
82139752-ЗЖ1,243411.700,Проволока (сталь),"15840641-1 Закупка первичного жилья 2 - комнатной квартиры в г. Балхаш, ( 55,9 кв.м)",Квартира,1,17 888 000.00,Закупка жилища,Закупка состоялась
82139812-ЗЖ1,243411.700,Проволока (сталь),"15840641-1 Закупка первичного жилья 2 - комнатной квартиры в г. Балхаш, ( 55,9 кв.м)",Квартира,1,17 888 000.00,Закупка жилища,Закупка состоялась
82139830-ЗЖ1,243411.700,Проволока (сталь),"15840641-1 Закупка первичного жилья 2 - комнатной квартиры в г. Балхаш, ( 55,9 кв.м)",Квартира,1,17 888 000.00,Закупка жилища,Закупка состоялась
82139849-ЗЖ1,243411.700,Проволока (сталь),"15840641-1 Закупка первичного жилья 2 - комнатной квартиры в г. Балхаш, ( 55,9 кв.м)",Квартира,1,17 888 000.00,Закупка жилища,Закупка состоялась
82139866-ЗЖ1,243411.700,Проволока (сталь),"15840641-1 Закупка первичного жилья 2 - комнатной квартиры в г. Балхаш, ( 55,9 кв.м)",Квартира,1,17 888 000.00,Закупка жилища,Закупка состоялась
82139893-ЗЖ1,243411.700,Проволока (сталь),"15840641-1 Закупка первичного жилья 2 - комнатной квартиры в г. Балхаш, ( 55,9 кв.м)",Квартира,1,17 888 000.00,Закупка жилища,Закупка состоялась
82139938-ЗЖ1,243411.700,Проволока (сталь),"15840641-1 Закупка первичного жилья 2 - комнатной квартиры в г. Балхаш, ( 55,9 кв.м)",Квартира,1,17 888 000.00,Закупка жилища,Закупка состоялась
82140028-ЗЖ1,243411.700,Проволока (сталь),"15840641-1 Закупка первичного жилья 2 - комнатной квартиры в г. Балхаш, ( 55,9 кв.м)",Квартира,1,17 888 000.00,Закупка жилища,Закупка состоялась
82140042-ЗЖ1,243411.700,Проволока (сталь),"15840641-1 Закупка первичного жилья 2 - комнатной квартиры в г. Балхаш, ( 55,9 кв.м)",Квартира,1,17 888 000.00,Закупка жилища,Закупка состоялась
82140060-ЗЖ1,243411.700,Проволока (сталь),"15840641-1 Закупка первичного жилья 2 - комнатной квартиры в г. Балхаш, ( 55,9 кв.м)",Квартира,1,17 888 000.00,Закупка жилища,Закупка состоялась
82140075-ЗЖ1,243411.700,Проволока (сталь),"15840641-1 Закупка первичного жилья 2 - комнатной квартиры в г. Балхаш, ( 55,9 кв.м)",Квартира,1,17 888 000.00,Закупка жилища,Закупка состоялась
82140156-ЗЖ1,243411.700,Проволока (сталь),"15840641-1 Закупка первичного жилья 2 - комнатной квартиры в г. Балхаш, ( 55,9 кв.м)",Квартира,1,17 888 000.00,Закупка жилища,Закупка состоялась
82140168-ЗЖ1,243411.700,Проволока (сталь),"15840641-1 Закупка первичного жилья 2 - комнатной квартиры в г. Балхаш, ( 55,9 кв.м)",Квартира,1,17 888 000.00,Закупка жилища,Закупка состоялась
82140409-ЗЖ1,243411.700,Проволока (сталь),"15840641-1 Закупка первичного жилья 2 - комнатной квартиры в г. Балхаш, ( 55,9 кв.м)",Квартира,1,17 888 000.00,Закупка жилища,Закупка состоялась
82175575-ЗЖ1,243411.700,Проволока (сталь),15841424-1 Приобретение здания жилого в селе Карабас Карабасского сельского округа Бескарагайского района области Абай,Здание,1,20 000 000.00,Закупка жилища,Закупка состоялась
82175757-ОК1,243411.700,Проволока (сталь),15842318-1 Приобретение квартир для ГУ «Отдел строительства города Караганды»,Квартира,725.9,268 583 000.00,Открытый конкурс,Закупка состоялась
82189359-ОК1,243411.700,Проволока (сталь),"15844326-2 Приобретение квартир для ГУ ""Отдел строительства города Караганды""",Квартира,1,32 436 000.00,Открытый конкурс,Закупка состоялась
82189487-ОК1,243411.700,Проволока (сталь),"15844326-2 Приобретение квартир для ГУ ""Отдел строительства города Караганды""",Квартира,1,38 887 000.00,Открытый конкурс,Закупка состоялась
82189914-ОК1,243411.700,Проволока (сталь),"15844333-2 Приобретение квартир для ГУ ""Отдел строительства города Караганды""",Квартира,1,37 368 000.00,Открытый конкурс,Закупка состоялась
82189983-ОК1,243411.700,Проволока (сталь),"15844333-2 Приобретение квартир для ГУ ""Отдел строительства города Караганды""",Квартира,1,40 608 000.00,Открытый конкурс,Закупка состоялась
82190352-ОК1,243411.700,Проволока (сталь),"15844333-2 Приобретение квартир для ГУ ""Отдел строительства города Караганды""",Квартира,1,30 492 000.00,Открытый конкурс,Закупка состоялась
82191259-ЗЖ1,243411.700,Проволока (сталь),15843177-1 Приобретение коммунального жилья для сдачи в аренду социально уязвимым слоям населения в селе Темирбека Жургенова Айтекебийского района Актюбинской области,Здание,1,19 050 000.00,Закупка жилища,Закупка состоялась
82191441-ЗЖ1,243411.700,Проволока (сталь),15843181-1 Приобретение коммунального жилья для сдачи в аренду социально уязвимым слоям населения в селе Темирбека Жургенова Айтекебийского района Актюбинской области,Здание,1,19 050 000.00,Закупка жилища,Закупка состоялась
82191715-ЗЖ1,243411.700,Проволока (сталь),15843187-1 Приобретение коммунального жилья для сдачи в аренду социально уязвимым слоям населения в селе Темирбека Жургенова Айтекебийского района Актюбинской области,Здание,1,19 050 000.00,Закупка жилища,Закупка состоялась
82191977-ЗЖ1,243411.700,Проволока (сталь),15843200-1 Приобретение коммунального жилья для сдачи в аренду социально уязвимым слоям населения в селе Темирбека Жургенова Айтекебийского района Актюбинской области,Здание,1,19 050 000.00,Закупка жилища,Закупка состоялась
82192085-ЗЖ1,243411.700,Проволока (сталь),15843206-1 Приобретение коммунального жилья для сдачи в аренду социально уязвимым слоям населения в селе Темирбека Жургенова Айтекебийского района Актюбинской области,Здание,1,19 050 000.00,Закупка жилища,Закупка состоялась
82192122-ЗЖ1,243411.700,Проволока (сталь),15843210-1 Приобретение коммунального жилья для сдачи в аренду социально уязвимым слоям населения в селе Темирбека Жургенова Айтекебийского района Актюбинской области,Здание,1,19 050 000.00,Закупка жилища,Закупка состоялась
82192144-ЗЖ1,243411.700,Проволока (сталь),15843214-1 Приобретение коммунального жилья для сдачи в аренду социально уязвимым слоям населения в селе Темирбека Жургенова Айтекебийского района Актюбинской области,Здание,1,19 050 000.00,Закупка жилища,Закупка состоялась
82192154-ОК1,243411.700,Проволока (сталь),"15844333-2 Приобретение квартир для ГУ ""Отдел строительства города Караганды""",Квартира,1,22 104 000.00,Открытый конкурс,Закупка состоялась
82198745-ЗЖ1,243411.700,Проволока (сталь),"15842932-1 Приобретение одноквартирного арендного жилья для социально-уязвимых слоев населения в с.Копжасар, Жангалинского района, ЗКО",Здание,1,17 820 000.00,Закупка жилища,Закупка состоялась
82219996-ЗЖ1,243411.700,Проволока (сталь),15843785-1 Приобретение жилых домов в с.Кордай Кордайского района Жамбылской области,Здание,1,17 055 900.00,Закупка жилища,Закупка состоялась
82220017-ЗЖ1,243411.700,Проволока (сталь),15843785-1 Приобретение жилых домов в с.Кордай Кордайского района Жамбылской области,Здание,1,17 055 900.00,Закупка жилища,Закупка состоялась
82220031-ЗЖ1,243411.700,Проволока (сталь),15843785-1 Приобретение жилых домов в с.Кордай Кордайского района Жамбылской области,Здание,1,17 055 900.00,Закупка жилища,Закупка состоялась
82220046-ЗЖ1,243411.700,Проволока (сталь),15843785-1 Приобретение жилых домов в с.Кордай Кордайского района Жамбылской области,Здание,1,17 055 900.00,Закупка жилища,Закупка состоялась
82220057-ЗЖ1,243411.700,Проволока (сталь),15843785-1 Приобретение жилых домов в с.Кордай Кордайского района Жамбылской области,Здание,1,17 055 900.00,Закупка жилища,Закупка состоялась
82220070-ЗЖ1,243411.700,Проволока (сталь),15843785-1 Приобретение жилых домов в с.Кордай Кордайского района Жамбылской области,Здание,1,17 055 900.00,Закупка жилища,Закупка состоялась
82220090-ЗЖ1,243411.700,Проволока (сталь),15843785-1 Приобретение жилых домов в с.Кордай Кордайского района Жамбылской области,Здание,1,17 055 900.00,Закупка жилища,Закупка состоялась
82220106-ЗЖ1,243411.700,Проволока (сталь),15843785-1 Приобретение жилых домов в с.Кордай Кордайского района Жамбылской области,Здание,1,17 055 900.00,Закупка жилища,Закупка состоялась
82220115-ЗЖ1,243411.700,Проволока (сталь),15843785-1 Приобретение жилых домов в с.Кордай Кордайского района Жамбылской области,Здание,1,17 055 900.00,Закупка жилища,Закупка состоялась
82220137-ЗЖ1,243411.700,Проволока (сталь),15843785-1 Приобретение жилых домов в с.Кордай Кордайского района Жамбылской области,Здание,1,17 055 900.00,Закупка жилища,Закупка состоялась
82220160-ЗЖ1,243411.700,Проволока (сталь),15843785-1 Приобретение жилых домов в с.Кордай Кордайского района Жамбылской области,Здание,1,17 055 900.00,Закупка жилища,Закупка состоялась
82220215-ЗЖ1,243411.700,Проволока (сталь),15843785-1 Приобретение жилых домов в с.Кордай Кордайского района Жамбылской области,Здание,1,17 055 900.00,Закупка жилища,Закупка состоялась
82220244-ЗЖ1,243411.700,Проволока (сталь),15843785-1 Приобретение жилых домов в с.Кордай Кордайского района Жамбылской области,Здание,1,17 055 900.00,Закупка жилища,Закупка состоялась
82220268-ЗЖ1,243411.700,Проволока (сталь),15843785-1 Приобретение жилых домов в с.Кордай Кордайского района Жамбылской области,Здание,1,17 055 900.00,Закупка жилища,Закупка состоялась
82220289-ЗЖ1,243411.700,Проволока (сталь),15843785-1 Приобретение жилых домов в с.Кордай Кордайского района Жамбылской области,Здание,1,17 055 900.00,Закупка жилища,Закупка состоялась
82220348-ЗЖ1,243411.700,Проволока (сталь),15843785-1 Приобретение жилых домов в с.Кордай Кордайского района Жамбылской области,Здание,1,17 055 900.00,Закупка жилища,Закупка состоялась
82222255-ЗЖ1,243411.700,Проволока (сталь),15844439-1 Приобретение жилья в с.Бестамак Уилского района для коммунального жилищного фонда,Здание,1,19 050 200.00,Закупка жилища,Закупка состоялась
82222279-ЗЖ1,243411.700,Проволока (сталь),15844439-1 Приобретение жилья в с.Бестамак Уилского района для коммунального жилищного фонда,Здание,1,19 050 200.00,Закупка жилища,Закупка состоялась
82222289-ОИ2,243411.700,Проволока (сталь),15854415-1 Приобретение нового одноквартирного дома в селе Федоровка,Квартира,1,20 808 086.00,Из одного источника по несостоявшимся закупкам,Закупка состоялась
82222344-ЗЖ1,243411.700,Проволока (сталь),15843783-1 Приобретение жилья в с. Уил для коммунального жилищного фонда для социально-уязвимых слоев населения для очереднико,Здание,1,19 050 200.00,Закупка жилища,Закупка состоялась
82222441-ЗЖ1,243411.700,Проволока (сталь),15843783-1 Приобретение жилья в с. Уил для коммунального жилищного фонда для социально-уязвимых слоев населения для очереднико,Здание,1,19 050 200.00,Закупка жилища,Закупка состоялась
82246669-ЗЖ1,243411.700,Проволока (сталь),15844967-1 Приобретение жилого дома в селе Жамбыл Сырымского района ЗКО,Здание,1,17 820 000.00,Закупка жилища,Закупка состоялась
82266844-ЗЖ1,243411.700,Проволока (сталь),15846526-1 Приобретение трехкомнатных квартир в г. Тайынша Тайыншинского района СКО,Квартира,5,87 425 000.00,Закупка жилища,Закупка состоялась
82267006-ЗЖ1,243411.700,Проволока (сталь),15846700-1 Приобретение однокомнатных квартир в г. Тайынша Тайыншинского района СКО,Квартира,3,24 210 000.00,Закупка жилища,Закупка состоялась
82267483-ЗЖ1,243411.700,Проволока (сталь),15846758-1 Приобретение однокомнатных квартир в г. Тайынша Тайыншинского района СКО,Квартира,3,21 150 000.00,Закупка жилища,Закупка состоялась
82277495-ЗЖ1,243411.700,Проволока (сталь),15846369-1 Приобретение коммунального жилья для сдачи в аренду социально уязвимым слоям населения в селе Карабутак Айтекебийского района Актюбинской области,Здание,1,19 050 000.00,Закупка жилища,Закупка состоялась
82277599-ЗЖ1,243411.700,Проволока (сталь),15846448-1 Приобретение коммунального жилья для сдачи в аренду социально уязвимым слоям населения в селе Карабутак Айтекебийского района Актюбинской области,Здание,1,19 050 000.00,Закупка жилища,Закупка состоялась
82277612-ЗЖ1,243411.700,Проволока (сталь),15846485-1 Приобретение коммунального жилья для сдачи в аренду социально уязвимым слоям населения в селе Карабутак Айтекебийского района Актюбинской области,Здание,1,19 050 000.00,Закупка жилища,Закупка состоялась
82277628-ЗЖ1,243411.700,Проволока (сталь),15846502-1 Приобретение коммунального жилья для сдачи в аренду социально уязвимым слоям населения в селе Карабутак Айтекебийского района Актюбинской области,Здание,1,19 050 000.00,Закупка жилища,Закупка состоялась
82277644-ЗЖ1,243411.700,Проволока (сталь),15846528-1 Приобретение коммунального жилья для сдачи в аренду социально уязвимым слоям населения в селе Карабутак Айтекебийского района Актюбинской области,Здание,1,19 050 000.00,Закупка жилища,Закупка состоялась
82277663-ЗЖ1,243411.700,Проволока (сталь),15846569-1 Приобретение коммунального жилья для сдачи в аренду социально уязвимым слоям населения в селе Карабутак Айтекебийского района Актюбинской области,Здание,1,19 050 000.00,Закупка жилища,Закупка состоялась
82277724-ЗЖ1,243411.700,Проволока (сталь),15846614-1 Приобретение коммунального жилья для сдачи в аренду социально уязвимым слоям населения в селе Енбекту Айтекебийского района Актюбинской области,Здание,1,19 050 000.00,Закупка жилища,Закупка состоялась
82277740-ЗЖ1,243411.700,Проволока (сталь),15846640-1 Приобретение коммунального жилья для сдачи в аренду социально уязвимым слоям населения в селе Енбекту Айтекебийского района Актюбинской области,Здание,1,19 050 000.00,Закупка жилища,Закупка состоялась
82277763-ЗЖ1,243411.700,Проволока (сталь),15846675-1 Приобретение коммунального жилья для сдачи в аренду социально уязвимым слоям населения в селе Енбекту Айтекебийского района Актюбинской области,Здание,1,19 050 000.00,Закупка жилища,Закупка состоялась
82277819-ЗЖ1,243411.700,Проволока (сталь),15846697-1 Приобретение коммунального жилья для сдачи в аренду социально уязвимым слоям населения в селе Енбекту Айтекебийского района Актюбинской области,Здание,1,19 060 000.00,Закупка жилища,Закупка состоялась
82281036-ОИ2,243411.700,Проволока (сталь),15864310-1 Колесный трактор 90 л.с.,Трактор,1,15 625 000.00,Из одного источника по несостоявшимся закупкам,Закупка состоялась
82284285-ЗЖ1,243411.700,Проволока (сталь),15846828-1 Приобретение квартир для ГУ «Отдел строительства города Караганды»,Квартира,1,31 028 973.30,Закупка жилища,Закупка состоялась
82284349-ЗЖ1,243411.700,Проволока (сталь),15846828-1 Приобретение квартир для ГУ «Отдел строительства города Караганды»,Квартира,1,21 082 518.60,Закупка жилища,Закупка состоялась
82284603-ЗЖ1,243411.700,Проволока (сталь),15846828-1 Приобретение квартир для ГУ «Отдел строительства города Караганды»,Квартира,1,31 028 973.30,Закупка жилища,Закупка состоялась
82284796-ЗЖ1,243411.700,Проволока (сталь),15846828-1 Приобретение квартир для ГУ «Отдел строительства города Караганды»,Квартира,1,22 470 396.00,Закупка жилища,Закупка состоялась
82284892-ЗЖ1,243411.700,Проволока (сталь),15846828-1 Приобретение квартир для ГУ «Отдел строительства города Караганды»,Квартира,1,27 063 609.30,Закупка жилища,Закупка состоялась
82285236-ЗЖ1,243411.700,Проволока (сталь),15846828-1 Приобретение квартир для ГУ «Отдел строительства города Караганды»,Квартира,1,29 938 498.20,Закупка жилища,Закупка состоялась
82285335-ЗЖ1,243411.700,Проволока (сталь),15846828-1 Приобретение квартир для ГУ «Отдел строительства города Караганды»,Квартира,1,20 520 758.70,Закупка жилища,Закупка состоялась
82285347-ЗЖ1,243411.700,Проволока (сталь),15846828-1 Приобретение квартир для ГУ «Отдел строительства города Караганды»,Квартира,1,20 520 758.70,Закупка жилища,Закупка состоялась
82285678-ЗЖ1,243411.700,Проволока (сталь),15847080-1 Приобретение жилья в с.Вознесеновка Мартукского района Актюбинской области,Здание,1,19 050 000.00,Закупка жилища,Закупка состоялась
82285697-ЗЖ1,243411.700,Проволока (сталь),15847046-1 Приобретение жилья в с.Вознесеновка Мартукского района Актюбинской области,Здание,1,19 050 000.00,Закупка жилища,Закупка состоялась
82285721-ЗЖ1,243411.700,Проволока (сталь),15847141-1 Приобретение жилья в с.Вознесеновка Мартукского района Актюбинской области,Здание,1,19 050 000.00,Закупка жилища,Закупка состоялась
82285983-ЗЖ1,243411.700,Проволока (сталь),15847118-1 Приобретение жилья в с.Вознесеновка Мартукского района Актюбинской области,Здание,1,19 050 000.00,Закупка жилища,Закупка состоялась
82286314-ЗЖ1,243411.700,Проволока (сталь),15846828-1 Приобретение квартир для ГУ «Отдел строительства города Караганды»,Квартира,1,31 536 000.00,Закупка жилища,Закупка состоялась
82286370-ЗЖ1,243411.700,Проволока (сталь),15846828-1 Приобретение квартир для ГУ «Отдел строительства города Караганды»,Квартира,1,17 892 000.00,Закупка жилища,Закупка состоялась
82286584-ЗЖ1,243411.700,Проволока (сталь),15846828-1 Приобретение квартир для ГУ «Отдел строительства города Караганды»,Квартира,1,24 408 000.00,Закупка жилища,Закупка состоялась
82286667-ЗЖ1,243411.700,Проволока (сталь),15846828-1 Приобретение квартир для ГУ «Отдел строительства города Караганды»,Квартира,1,24 156 000.00,Закупка жилища,Закупка состоялась
82289932-ЗЖ1,243411.700,Проволока (сталь),15847224-1 Приобретение жилья в с.Достык Мартукского района Актюбинской области,Здание,1,19 050 000.00,Закупка жилища,Закупка состоялась
82289998-ЗЖ1,243411.700,Проволока (сталь),15847192-1 Приобретение жилья в с.Достык Мартукского района Актюбинской области,Здание,1,19 050 000.00,Закупка жилища,Закупка состоялась
82350927-ЗЖ1,243411.700,Проволока (сталь),"15848423-1 Приобретение жилого дома или квартиры, 3-х и более комнат, общая площадь от 80 и более в г. Каркаралинск",Квартира,1,26 435 760.00,Закупка жилища,Закупка состоялась
82350941-ЗЖ1,243411.700,Проволока (сталь),"15848411-1 Приобретение жилого дома или квартиры, 3-х и более комнат, общая площадь от 80 и более в г. Каркаралинск",Квартира,1,26 435 760.00,Закупка жилища,Закупка состоялась
82350945-ЗЖ1,243411.700,Проволока (сталь),"15848421-1 Приобретение жилого дома или квартиры, 3-х и более комнат, общая площадь от 80 и более в г. Каркаралинск",Квартира,1,26 435 760.00,Закупка жилища,Закупка состоялась
82350961-ЗЖ1,243411.700,Проволока (сталь),"15848424-1 Приобретение жилого дома или квартиры, 3-х и более комнат, общая площадь от 80 и более в г. Каркаралинск",Квартира,1,26 435 760.00,Закупка жилища,Закупка состоялась
82350967-ЗЖ1,243411.700,Проволока (сталь),"15848413-1 Приобретение жилого дома или квартиры, 3-х и более комнат, общая площадь от 80 и более в г. Каркаралинск",Квартира,1,26 435 760.00,Закупка жилища,Закупка состоялась
82350971-ЗЖ1,243411.700,Проволока (сталь),"15848422-1 Приобретение жилого дома или квартиры, 3-х и более комнат, общая площадь от 80 и более в г. Каркаралинск",Квартира,1,26 435 760.00,Закупка жилища,Закупка состоялась
82353413-ЗЖ1,243411.700,Проволока (сталь),15848450-1 Приобретение 12-квартирного дома в поселке Сарышаган,Квартира,1,208 600 000.00,Закупка жилища,Закупка состоялась
82353417-ЗЖ1,243411.700,Проволока (сталь),15848452-1 Приобретение 12-квартирного дома в поселке Сарышаган Актогайского района,Квартира,1,208 600 000.00,Закупка жилища,Закупка состоялась
82353615-ЗЖ1,243411.700,Проволока (сталь),15848453-1 Приобретение 12-квартирного дома в поселке Сарышаган Актогайского района,Квартира,1,29 000 000.00,Закупка жилища,Закупка состоялась
82376627-ЗЖ1,243411.700,Проволока (сталь),15849350-1 Приобретение жилых домов в с.Кордай Кордайского района Жамбылской области,Здание,1,17 055 900.00,Закупка жилища,Закупка состоялась
82409990-ЗЖ1,243411.700,Проволока (сталь),15850878-1 Приобретение служебной квартиры согласно технической спецификации.,Квартира,1,28 700 000.00,Закупка жилища,Закупка состоялась
82433600-ЗЦП1,243411.700,Проволока (сталь),15853672-1 Автоматизированная информационная система электронных библиотечных ресурсов,Услуги по подписке на информационные ленты,1,22 500 000.00,Запрос ценовых предложений,Закупка состоялась
82445473-ЗЖ1,243411.700,Проволока (сталь),15852198-1 Приобретение квартиры на территории Мунайлинского района,Квартира,1,16 960 000.00,Закупка жилища,Закупка состоялась
82451565-ЗЖ1,243411.700,Проволока (сталь),15852469-1 Приобретение жилья в Алгинском районе Актюбинской области (согласно технической спецификации),Квартира,1,19 050 000.00,Закупка жилища,Закупка состоялась
82451568-ЗЖ1,243411.700,Проволока (сталь),15852459-1 Приобретение жилья в Алгинском районе Актюбинской области (согласно технической спецификации),Квартира,1,19 050 000.00,Закупка жилища,Закупка состоялась
82451586-ЗЖ1,243411.700,Проволока (сталь),15852524-1 Приобретение жилья в Алгинском районе Актюбинской области (согласно технической спецификации),Квартира,1,19 050 000.00,Закупка жилища,Закупка состоялась
82451853-ЗЖ1,243411.700,Проволока (сталь),15852520-1 Приобретение жилья в Алгинском районе Актюбинской области (согласно технической спецификации),Квартира,1,19 050 000.00,Закупка жилища,Закупка состоялась
82451874-ЗЖ1,243411.700,Проволока (сталь),15852491-1 Приобретение жилья в Алгинском районе Актюбинской области (согласно технической спецификации),Квартира,1,19 050 000.00,Закупка жилища,Закупка состоялась
82451883-ЗЖ1,243411.700,Проволока (сталь),15852511-1 Приобретение жилья в Алгинском районе Актюбинской области (согласно технической спецификации),Квартира,1,19 050 000.00,Закупка жилища,Закупка состоялась
82461631-ЗЖ1,243411.700,Проволока (сталь),15852835-1 Приобретение трех трехкомнатных квартир с площадью не менее 50 кв метров в поселке Шашубай,Квартира,1,51 266 910.70,Закупка жилища,Закупка состоялась
82461874-ЗЖ1,243411.700,Проволока (сталь),15852851-1 Приобретение 2-х трехкомнатных квартир с площадью не менее 57 кв метров в поселке Шашубай,Квартира,1,38 730 468.20,Закупка жилища,Закупка состоялась
82462151-ЗЖ1,243411.700,Проволока (сталь),15852845-1 Приобретение 3-х четырехкомнатных квартир с площадью не менее 58 кв метров в поселке Шашубай,Квартира,1,59 828 381.28,Закупка жилища,Закупка состоялась
82462275-ЗЖ1,243411.700,Проволока (сталь),15852854-1 Приобретение 2-х одна комнатных квартир с площадью не менее 30 кв метров в поселке Шашубай,Квартира,1,20 724 197.94,Закупка жилища,Закупка состоялась
82487481-ЗЖ1,243411.700,Проволока (сталь),15854032-1 Приобретение жилого дома в селе Карауылкелды Байганинского района Актюбинской области,Здание,1,19 050 000.00,Закупка жилища,Закупка состоялась
82487616-ЗЖ1,243411.700,Проволока (сталь),15854032-1 Приобретение жилого дома в селе Карауылкелды Байганинского района Актюбинской области,Здание,1,19 050 000.00,Закупка жилища,Закупка состоялась
82488366-ЗЖ1,243411.700,Проволока (сталь),"15856461-1 Приобретение квартиры в селе Дон, Хромтауского района, Актюбинской области",Квартира,1,19 050 000.00,Закупка жилища,Закупка состоялась
82488480-ЗЖ1,243411.700,Проволока (сталь),"15856461-1 Приобретение квартиры в селе Дон, Хромтауского района, Актюбинской области",Квартира,1,19 050 000.00,Закупка жилища,Закупка состоялась
82488714-ЗЖ1,243411.700,Проволока (сталь),"15856461-1 Приобретение квартиры в селе Дон, Хромтауского района, Актюбинской области",Квартира,1,19 050 000.00,Закупка жилища,Закупка состоялась
82488816-ЗЖ1,243411.700,Проволока (сталь),"15856461-1 Приобретение квартиры в селе Дон, Хромтауского района, Актюбинской области",Квартира,1,19 050 000.00,Закупка жилища,Закупка состоялась
82488882-ЗЖ1,243411.700,Проволока (сталь),"15856461-1 Приобретение квартиры в селе Дон, Хромтауского района, Актюбинской области",Квартира,1,19 050 000.00,Закупка жилища,Закупка состоялась
82489431-ЗЖ1,243411.700,Проволока (сталь),"15856461-1 Приобретение квартиры в селе Дон, Хромтауского района, Актюбинской области",Квартира,1,19 050 000.00,Закупка жилища,Закупка состоялась
82533152-ЗЖ1,243411.700,Проволока (сталь),"15856910-1 Приобретение квартир в городе Хромтау, Хромтауского района, Актюбинской области",Квартира,1,19 710 000.00,Закупка жилища,Закупка состоялась
82533282-ЗЖ1,243411.700,Проволока (сталь),"15856910-1 Приобретение квартир в городе Хромтау, Хромтауского района, Актюбинской области",Квартира,1,19 710 000.00,Закупка жилища,Закупка состоялась
82533623-ЗЖ1,243411.700,Проволока (сталь),"15856850-1 Приобретение квартир в городе Хромтау, Хромтауского района, Актюбинской области",Квартира,1,19 890 000.00,Закупка жилища,Закупка состоялась
82533777-ЗЖ1,243411.700,Проволока (сталь),"15856910-1 Приобретение квартир в городе Хромтау, Хромтауского района, Актюбинской области",Квартира,1,19 680 000.00,Закупка жилища,Закупка состоялась
82533841-ЗЖ1,243411.700,Проволока (сталь),"15856809-1 Приобретение квартир в городе Хромтау, Хромтауского района, Актюбинской области",Квартира,1,19 830 000.00,Закупка жилища,Закупка состоялась
82534114-ЗЖ1,243411.700,Проволока (сталь),"15856910-1 Приобретение квартир в городе Хромтау, Хромтауского района, Актюбинской области",Квартира,1,19 710 000.00,Закупка жилища,Закупка состоялась
82539911-ЗЖ1,243411.700,Проволока (сталь),"15856910-1 Приобретение квартир в городе Хромтау, Хромтауского района, Актюбинской области",Квартира,1,19 650 000.00,Закупка жилища,Закупка состоялась
82540055-ЗЖ1,243411.700,Проволока (сталь),"15856809-1 Приобретение квартир в городе Хромтау, Хромтауского района, Актюбинской области",Квартира,1,19 860 000.00,Закупка жилища,Закупка состоялась
82540079-ЗЖ1,243411.700,Проволока (сталь),"15856809-1 Приобретение квартир в городе Хромтау, Хромтауского района, Актюбинской области",Квартира,1,19 860 000.00,Закупка жилища,Закупка состоялась
82540167-ЗЖ1,243411.700,Проволока (сталь),"15856910-1 Приобретение квартир в городе Хромтау, Хромтауского района, Актюбинской области",Квартира,1,19 740 000.00,Закупка жилища,Закупка состоялась
82540584-ЗЖ1,243411.700,Проволока (сталь),"15856910-1 Приобретение квартир в городе Хромтау, Хромтауского района, Актюбинской области",Квартира,1,19 950 000.00,Закупка жилища,Закупка состоялась
82540689-ЗЖ1,243411.700,Проволока (сталь),"15856850-1 Приобретение квартир в городе Хромтау, Хромтауского района, Актюбинской области",Квартира,1,19 890 000.00,Закупка жилища,Закупка состоялась
82540740-ЗЖ1,243411.700,Проволока (сталь),"15856910-1 Приобретение квартир в городе Хромтау, Хромтауского района, Актюбинской области",Квартира,1,19 740 000.00,Закупка жилища,Закупка состоялась
82540872-ЗЖ1,243411.700,Проволока (сталь),"15856910-1 Приобретение квартир в городе Хромтау, Хромтауского района, Актюбинской области",Квартира,1,19 980 000.00,Закупка жилища,Закупка состоялась
82541344-ЗЖ1,243411.700,Проволока (сталь),"15856850-1 Приобретение квартир в городе Хромтау, Хромтауского района, Актюбинской области",Квартира,1,19 890 000.00,Закупка жилища,Закупка состоялась
82542092-ЗЖ1,243411.700,Проволока (сталь),"15856910-1 Приобретение квартир в городе Хромтау, Хромтауского района, Актюбинской области",Квартира,1,19 530 000.00,Закупка жилища,Закупка состоялась
82542289-ЗЖ1,243411.700,Проволока (сталь),"15856809-1 Приобретение квартир в городе Хромтау, Хромтауского района, Актюбинской области",Квартира,1,19 830 000.00,Закупка жилища,Закупка состоялась
82813737-ЗЦП1,243411.700,Проволока (сталь),15866788-1 медициналық техниканы сатып алу,Анализатор,2,15 000 000.00,Запрос ценовых предложений,Закупка состоялась
77662995-ЗЦП2,251123.676.000001,Сталь арматурная класс арматурной стали А-I (А240),14099962-1 Необходимые товары для канала Капшагай(ПТО.113.Капшагай),Сталь арматурная,47.54,16 939 357.72,Запрос ценовых предложений,Закупка состоялась
76653355-ОК2,251123.676.000003,Сталь арматурная класс арматурной стали А-III (A400),14837385-1 Необходимые материалы(ПТО.113.Ақарық),Сталь арматурная,73.11,25 573 439.34,Открытый конкурс,Закупка состоялась
