№ лота,Код ТРУ,Наименование товара,Наименование объявления,Наименование и описание лота,Кол-во,"Сумма, тг.",Способ закупки,Статус
38125813-ОЛ-ЗЦП1,282530.100.000002,"Фильтр воздушный, для приточно-вытяжной вентиляционной установки, карманный",15424406-1 Приобретение запасных частей,Запасные части,22,30 698 159.94,Запрос ценовых предложений,Закупка состоялась
80198506-ОК1,329911.900.000014,Противогаз фильтрующий,15600104-1 Приобретение фильтрующих гражданских противогазов,Противогаз,589,50 215 784.00,Открытый конкурс,Закупка состоялась
74919160-ЗЦП9,329911.900.000014,Противогаз фильтрующий,15421389-1 Закуп противогазов фильтрующих,Противогаз,1262,23 978 000.00,Запрос ценовых предложений,Закупка состоялась
74919160-ОИ8,329911.900.000014,Противогаз фильтрующий,15195521-1 Закуп противогазов фильтрующих,Противогаз,1262,23 978 000.00,Из одного источника по несостоявшимся закупкам,Закупка состоялась
79360314-ОК1,329911.900.000014,Противогаз фильтрующий,14959205-2 Приобретение фильтрующих гражданских противогазов (согл.тех.спец),Противогаз,500,36 767 500.00,Открытый конкурс,Закупка состоялась
74919160-ЗЦП1,329911.900.000014,Противогаз фильтрующий,14708713-1 Приобретение гражданских противогазов,Противогаз,1262,23 978 000.00,Запрос ценовых предложений,Закупка состоялась
73500519-ОК2,329911.900.000014,Противогаз фильтрующий,14145205-1 Приобретение противогаза фильтрующего,Противогаз,2032,58 199 020.00,Открытый конкурс,Закупка состоялась
77643256-ОК5,265170.990.000048,Система автоматизированная информационно-измерительная для коммерческого и технического учета электроэнергии и устройства телемеханики,14665266-1 Государственные закупки товара по поставке комплектов систем автоматизации для насосных станций,Система автоматизированная информационно-измерительная,5,18 500 000.00,Открытый конкурс,Закупка состоялась
73458964-ОК3,281314.900.000076,"Насос для химически активных и агрессивных жидкостей, погружной вертикальный, подача до 500 м3/ч",15127220-2 Погружной насосный агрегат (по лотам),Насос,1,79 981 593.75,Открытый конкурс,Закупка состоялась
73343629-ОК2,281314.900.000076,"Насос для химически активных и агрессивных жидкостей, погружной вертикальный, подача до 500 м3/ч",15085430-1 Погружной насосный агрегат,Насос,1,40 259 756.25,Открытый конкурс,Закупка состоялась
79225699-ОК2,281314.900.000076,"Насос для химически активных и агрессивных жидкостей, погружной вертикальный, подача до 500 м3/ч",14987472-2 Погружной насосный агрегат в комплекте с щитом управления,Насос,1,23 408 300.00,Открытый конкурс,Закупка состоялась
73458934-ОК3,281314.900.000076,"Насос для химически активных и агрессивных жидкостей, погружной вертикальный, подача до 500 м3/ч",14138845-1 Погружной насосный агрегат,Насос,3,48 496 125.00,Открытый конкурс,Закупка состоялась
73458964-ОК2,281314.900.000076,"Насос для химически активных и агрессивных жидкостей, погружной вертикальный, подача до 500 м3/ч",14082229-1 Погружной насосный агрегат (по лотам),Насос,1,79 981 593.75,Открытый конкурс,Закупка состоялась
77621468-ОИ2,281314.900.000071,"Насос для химически активных и агрессивных жидкостей, консольный одноступенчатый, подача до 500 м3/ч",14160841-1 н а с о с,Насос,1,18 500 000.00,Из одного источника по несостоявшимся закупкам,Закупка состоялась
77759370-ОК2,281413.350.000006,"Задвижка клиновая, стальная, условный проход 50-450 мм","14272013-1 Запорная арматура (задвижка клиновая стальная литая DN100, DN150, DN200)",Задвижка,200,39 838 928.00,Открытый конкурс,Закупка состоялась
34153518-ОЛ-ЗЦП1,281413.350.000006,"Задвижка клиновая, стальная, условный проход 50-450 мм",13795274-1 Запорная арматура №2,Запорная арматура №2,34,29 823 875.76,Запрос ценовых предложений,Закупка состоялась
34153518-ОЛ-ЗЦП1,281413.900.000106,"Клапан обратный, стальной, размер 100-400 мм",13795274-1 Запорная арматура №2,Запорная арматура №2,34,29 823 875.76,Запрос ценовых предложений,Закупка состоялась
79108187-ОК2,281413.730.000016,"Кран шаровой стальной, условное давление 0-420 Мпа, диаметр 10-1400 мм, ручной","14998307-2 Приобретение задвижки с электроприводом для АО ""Астана-Энергия""",Кран шаровой стальной,1,37 873 922.00,Открытый конкурс,Закупка состоялась
37009592-ОЛ-ЗЦП1,281413.730.000016,"Кран шаровой стальной, условное давление 0-420 Мпа, диаметр 10-1400 мм, ручной",14923517-1 Приобретение кранов шаровых,Приобретение кранов шаровых,21,20 241 170.00,Запрос ценовых предложений,Закупка состоялась
78158917-ОК6,262013.000.000021,"Сервер специального назначения, для работы совместно с телекоммуникационным оборудованием","15218356-1 Государственная закупка для АО ""КРЭК""",Сервер,1,47 767 857.15,Открытый конкурс,Закупка состоялась
77474481-ОК3,262013.000.000021,"Сервер специального назначения, для работы совместно с телекоммуникационным оборудованием",14678357-1 Сервер для центра обработки данных (79),Сервер,2,20 535 714.00,Открытый конкурс,Закупка состоялась
76441294-ОК1,262013.000.000021,"Сервер специального назначения, для работы совместно с телекоммуникационным оборудованием",13822001-1 Государственные закупки товара для ГУ «Министерство иностранных дел Республики Казахстан» способом конкурса,Сервер,1,202 709 821.40,Открытый конкурс,Закупка состоялась
72318215-КПКО1,262013.000.000021,"Сервер специального назначения, для работы совместно с телекоммуникационным оборудованием",13495261-1 Государственные закупки товара для РГУ «Министерство финансов Республики Казахстан» способом конкурса с предварительным квалификационным отбором,Сервер,8,137 383 533.04,Конкурс с предварительным квалификационным отбором,Закупка состоялась
80352400-ОК2,262013.000.000016,"Сервер общего назначения, высокопроизводительный с вертикальным масштабированием ресурсов",15565526-1 Приобретение сервера согласно технической спецификации,Сервер,1,19 092 857.14,Открытый конкурс,Закупка состоялась
74923702-ОК2,262013.000.000016,"Сервер общего назначения, высокопроизводительный с вертикальным масштабированием ресурсов",15562363-1 Государственные закупки для ГУ «Департамент полиции Павлодарской области Министерства внутренних дел Республики Казахстан» способом открытого конкурса,Сервер,1,155 125 000.00,Открытый конкурс,Закупка состоялась
80457876-ОИ2,262013.000.000016,"Сервер общего назначения, высокопроизводительный с вертикальным масштабированием ресурсов","15486813-1 Приобретение оборудования (принтер, ноутбук, сканер, сервер)",Сервер,3,25 071 428.55,Из одного источника по несостоявшимся закупкам,Закупка состоялась
79003603-ОК2,262013.000.000016,"Сервер общего назначения, высокопроизводительный с вертикальным масштабированием ресурсов",15059763-1 Приобретение серверного оборудования с развертыванием ситуационного центра,Сервер,1,44 881 250.00,Открытый конкурс,Закупка состоялась
78918847-ОК3,262013.000.000016,"Сервер общего назначения, высокопроизводительный с вертикальным масштабированием ресурсов","15023336-1 Сервер общего назначения, высокопроизводительный",Сервер,1,50 000 000.00,Открытый конкурс,Закупка состоялась
77511978-ОК1,262013.000.000016,"Сервер общего назначения, высокопроизводительный с вертикальным масштабированием ресурсов",14798887-1 Приобретение сервер для ДЧС области Абай,Сервер,2,19 642 857.14,Открытый конкурс,Закупка состоялась
74973989-ОК3,262013.000.000016,"Сервер общего назначения, высокопроизводительный с вертикальным масштабированием ресурсов",14506486-1 Государственные закупки сервера,Сервер,2,18 000 000.00,Открытый конкурс,Закупка состоялась
72230729-ОК3,262013.000.000016,"Сервер общего назначения, высокопроизводительный с вертикальным масштабированием ресурсов",14330002-1 Повторные государственные закупки товара для ГУ «Агентство Республики Казахстан по финансовому мониторингу» способом конкурса,Сервер,1,490 062 500.00,Открытый конкурс,Закупка состоялась
75938575-ОИ2,262013.000.000016,"Сервер общего назначения, высокопроизводительный с вертикальным масштабированием ресурсов",14319431-1 Согласно технической спецификаций,Сервер,2,16 400 000.00,Из одного источника по несостоявшимся закупкам,Закупка состоялась
74093124-ОК1,262013.000.000016,"Сервер общего назначения, высокопроизводительный с вертикальным масштабированием ресурсов",14075908-2 Сервер в комплекте,Сервер,3,60 000 000.00,Открытый конкурс,Закупка состоялась
73798788-ОК1,262013.000.000016,"Сервер общего назначения, высокопроизводительный с вертикальным масштабированием ресурсов",13853855-1 Государственная закупка товара для ГУ «Комитет по правовой статистике и специальным учетам Генеральной прокуратуры Республики Казахстан» способом открытого конкурса,Сервер,1,342 571 428.57,Открытый конкурс,Закупка состоялась
73565106-ОК1,262013.000.000020,"Сервер специального назначения, аппаратный",15211067-1 Государственные закупки для НАО «Евразийский национальный университет имени Л.Н.Гумилева» способом открытого конкурса,Сервер,12,302 547 024.00,Открытый конкурс,Закупка состоялась
74919168-ОК2,262013.000.000020,"Сервер специального назначения, аппаратный",15031834-2 Приобретение Серверного оборудования,Сервер,2,87 901 000.00,Открытый конкурс,Закупка состоялась
72353204-ОК1,262013.000.000020,"Сервер специального назначения, аппаратный","14854485-2 Государственные закупки сервера 2-х процессорного, Тип 1",Сервер,3,50 892 857.13,Открытый конкурс,Закупка состоялась
73499425-ОК2,262013.000.000020,"Сервер специального назначения, аппаратный",14407787-1 Государственные закупки сервера,Сервер,1,22 645 995.00,Открытый конкурс,Закупка состоялась
37009592-ОЛ-ЗЦП1,281413.730.000001,"Кран шаровой стальной, условное давление 0-420 Мпа, диаметр 10-1400 мм, механический",14923517-1 Приобретение кранов шаровых,Приобретение кранов шаровых,21,20 241 170.00,Запрос ценовых предложений,Закупка состоялась
77759299-ОК3,281413.730.000001,"Кран шаровой стальной, условное давление 0-420 Мпа, диаметр 10-1400 мм, механический","14509252-1 Повторное объявление/Шаровый кран DN400, DN500",Кран шаровой стальной,2,20 368 678.58,Открытый конкурс,Закупка состоялась
34153518-ОЛ-ЗЦП1,281413.730.000001,"Кран шаровой стальной, условное давление 0-420 Мпа, диаметр 10-1400 мм, механический",13795274-1 Запорная арматура №2,Запорная арматура №2,34,29 823 875.76,Запрос ценовых предложений,Закупка состоялась
77457083-ОК3,271231.900.000070,Устройство распределительное для приема/распределения электрической энергии одного класса напряжения,14801194-1 Устройство распределительное (покупка),Устройство распределительное,2,30 108 867.60,Открытый конкурс,Закупка состоялась
77516488-ОИ3,271231.900.000070,Устройство распределительное для приема/распределения электрической энергии одного класса напряжения,"14328546-1 Государственная закупка для АО ""КРЭК""",Устройство распределительное,1,33 144 081.20,Из одного источника по несостоявшимся закупкам,Закупка состоялась
73313861-ОК2,271231.900.000070,Устройство распределительное для приема/распределения электрической энергии одного класса напряжения,"13948019-1 Государственная закупка для АО ""КРЭК""",Устройство распределительное,1,71 044 960.71,Открытый конкурс,Закупка состоялась
77309586-ЗЦП2,271231.900.000059,"Шкаф управления для насоса, с частотным преобразователем",14776978-1 Приобретение товаров (Инвест),Шкаф управления,1,21 942 000.00,Запрос ценовых предложений,Закупка состоялась
79703105-ОК2,265163.500.000011,Счетчик жидкости тепловой,15335692-1 Приборы учета тепловой энергии,Счетчик жидкости,24,30 312 000.00,Открытый конкурс,Закупка состоялась
79703090-ОК1,265163.500.000011,Счетчик жидкости тепловой,15216926-1 Приборы учета тепловой энергии,Счетчик жидкости,38,32 680 000.00,Открытый конкурс,Закупка состоялась
79726025-ОИ3,265163.500.000011,Счетчик жидкости тепловой,15163387-1 Приобретение счетчиков тепла,Счетчик жидкости,16,15 147 320.00,Из одного источника по несостоявшимся закупкам,Закупка состоялась
72897054-ОК2,271231.900.000051,Щит учетно-распределительный типа ЩРН,"13737200-1 Государственная закупка для АО ""КРЭК""",Щит учетно-распределительный,1073,50 775 894.39,Открытый конкурс,Закупка состоялась
36565934-ОЛ-ОК1,273213.730.000020,"Кабель марка АВБбШв, напряжение 1 000 В","14739226-1 Приобретение Кабель, Проводов для ТОО ""Мангистауский атомный энергетический комбинат""","Кабель, Провод",68,39 323 137.30,Открытый конкурс,Закупка состоялась
36565934-ОЛ-ОК1,273213.700.000270,"Провод марка ПВ1, напряжение не более 1 000 В","14739226-1 Приобретение Кабель, Проводов для ТОО ""Мангистауский атомный энергетический комбинат""","Кабель, Провод",68,39 323 137.30,Открытый конкурс,Закупка состоялась
36565934-ОЛ-ОК1,273213.700.000272,"Провод марка ПВ3, напряжение не более 1 000 В","14739226-1 Приобретение Кабель, Проводов для ТОО ""Мангистауский атомный энергетический комбинат""","Кабель, Провод",68,39 323 137.30,Открытый конкурс,Закупка состоялась
79579856-ЗЦП3,273213.700.000043,"Кабель марка ВВГ/NYY, напряжение не более 1 000 В",15057145-1 Материалы для ППР ТОО Балхаш СУ 87713534282,Кабель,300,19 500 000.00,Запрос ценовых предложений,Закупка состоялась
36565934-ОЛ-ОК1,273213.700.000043,"Кабель марка ВВГ/NYY, напряжение не более 1 000 В","14739226-1 Приобретение Кабель, Проводов для ТОО ""Мангистауский атомный энергетический комбинат""","Кабель, Провод",68,39 323 137.30,Открытый конкурс,Закупка состоялась
36565934-ОЛ-ОК1,273213.700.000036,"Кабель марка ВБбШвнг, напряжение не более 1 000 В","14739226-1 Приобретение Кабель, Проводов для ТОО ""Мангистауский атомный энергетический комбинат""","Кабель, Провод",68,39 323 137.30,Открытый конкурс,Закупка состоялась
36565934-ОЛ-ОК1,273213.700.000278,"Провод марка ПВС, напряжение не более 1 000 В","14739226-1 Приобретение Кабель, Проводов для ТОО ""Мангистауский атомный энергетический комбинат""","Кабель, Провод",68,39 323 137.30,Открытый конкурс,Закупка состоялась
36565934-ОЛ-ОК1,273213.700.000299,"Провод марка ШВВП, напряжение не более 1 000 В","14739226-1 Приобретение Кабель, Проводов для ТОО ""Мангистауский атомный энергетический комбинат""","Кабель, Провод",68,39 323 137.30,Открытый конкурс,Закупка состоялась
76919634-ЗЦП2,273214.000.000006,"Кабель марка АПвПг, напряжение более 1 000 В",13796375-1 Материалы по заявке ОКС,Кабель,2160,19 713 866.40,Запрос ценовых предложений,Закупка состоялась
35235117-ОЛ-ОИ2,273214.000.000094,"Кабель марка АПвПу, напряжение более 1000 В","14260115-1 Материалы ФЭО 3,1млрд","Материалы ФЭО 3,1млрд",4,20 410 710.00,Из одного источника по несостоявшимся закупкам,Закупка состоялась
36565934-ОЛ-ОК1,273213.700.000291,"Провод марка ПУГНП, напряжение не более 1 000 В","14739226-1 Приобретение Кабель, Проводов для ТОО ""Мангистауский атомный энергетический комбинат""","Кабель, Провод",68,39 323 137.30,Открытый конкурс,Закупка состоялась
36565934-ОЛ-ОК1,273213.700.000067,"Кабель марка КВВГ, напряжение не более 1 000 В","14739226-1 Приобретение Кабель, Проводов для ТОО ""Мангистауский атомный энергетический комбинат""","Кабель, Провод",68,39 323 137.30,Открытый конкурс,Закупка состоялась
36565934-ОЛ-ОК1,273213.730.000071,"Кабель марка КВВГ, напряжение 1 000 В","14739226-1 Приобретение Кабель, Проводов для ТОО ""Мангистауский атомный энергетический комбинат""","Кабель, Провод",68,39 323 137.30,Открытый конкурс,Закупка состоялась
36565934-ОЛ-ОК1,273213.700.000084,"Кабель марка КГ, напряжение не более 1 000 В","14739226-1 Приобретение Кабель, Проводов для ТОО ""Мангистауский атомный энергетический комбинат""","Кабель, Провод",68,39 323 137.30,Открытый конкурс,Закупка состоялась
34371037-ОЛ-ЗЦП1,273213.700.000084,"Кабель марка КГ, напряжение не более 1 000 В",13890137-1 Закупка запасных частей для Троллейбусного парка №1 ТОО Алматыэлектротранс,Закупка запасных частей для Троллейбусного парка №1 ТОО Алматыэлектротранс,4,24 380 000.00,Запрос ценовых предложений,Закупка состоялась
74880242-ОК2,282216.900.000000,Лифт больничный грузоподъемность 1275 кг,14821832-1 Лифт больничный грузопассажирский,Лифт больничный,1,18 548 591.00,Открытый конкурс,Закупка состоялась
75083810-ОК1,282216.900.000000,Лифт больничный грузоподъемность 1275 кг,14690073-1 Закуп лифт больничный,Лифт больничный,1,16 740 258.92,Открытый конкурс,Закупка состоялась
78625830-ОК1,282216.900.000000,Лифт больничный грузоподъемность 1275 кг,14568752-1 Тауар сатып алу,Лифт больничный,1,17 200 000.00,Открытый конкурс,Закупка состоялась
78279542-ЗЦП1,282216.900.000000,Лифт больничный грузоподъемность 1275 кг,14359463-1 Лифт больничный с установкой,Лифт больничный,1,15 243 750.00,Запрос ценовых предложений,Закупка состоялась
74123961-ОИ2,282216.900.000000,Лифт больничный грузоподъемность 1275 кг,14126125-1 Приобретение больничного и грузового лифтов,Лифт больничный,1,16 940 000.00,Из одного источника по несостоявшимся закупкам,Закупка состоялась
76882802-ОИ3,282216.900.000001,Лифт больничный грузоподъемность 1600 кг,"14904889-1 Пассажирский лифт (больница), грузоподъемность 1000 кг",Лифт больничный,1,17 857 142.00,Из одного источника по несостоявшимся закупкам,Закупка состоялась
75098137-ОК1,282216.900.000002,Лифт больничный грузоподъемность 2000 кг,14690073-1 Закуп лифт больничный,Лифт больничный,1,18 119 723.21,Открытый конкурс,Закупка состоялась
73769093-ОК4,282216.900.000007,Лифт грузовой грузоподъемность 1000 кг,15300823-1 Лифт грузовой с учетом установки/,Лифт грузовой,1,18 000 000.00,Открытый конкурс,Закупка состоялась
78031808-ОК1,282216.900.000007,Лифт грузовой грузоподъемность 1000 кг,14485449-1 приобретение товара согласно технической спецификации,Лифт грузовой,2,29 089 285.70,Открытый конкурс,Закупка состоялась
78531687-ОК1,282216.900.000007,Лифт грузовой грузоподъемность 1000 кг,"14475957-1 Приобретение лифтового оборудования для Коммунальное государственное предприятие на праве хозяйственного ведения ""Городская клиническая больница № 7"" Управления общественного здравоохранения города Алматы",Лифт грузовой,4,89 780 357.12,Открытый конкурс,Закупка состоялась
71933862-ОК2,282216.900.000009,Лифт грузовой грузоподъемность 2000 кг,13354463-1 Амбулифт для посадки /высадки малоподвижных и неподвижных пассажиров,Лифт грузовой,1,111 510 714.28,Открытый конкурс,Закупка состоялась
73564765-ОК2,282216.900.000023,Лифт пассажирский грузоподъемность 1600 кг,15450208-2 Приобретение пассажирских лифтов,Лифт пассажирский,2,44 000 000.00,Открытый конкурс,Закупка состоялась
74734836-ОИ2,282216.900.000022,Лифт пассажирский грузоподъемность 1250 кг,15354275-1 Закуп на сентябрь месяц,Лифт пассажирский,1,15 178 571.42,Из одного источника по несостоявшимся закупкам,Закупка состоялась
76195773-ОК2,282216.900.000022,Лифт пассажирский грузоподъемность 1250 кг,15224497-1 Лифт пассажирский с монтажом,Лифт пассажирский,2,43 059 000.00,Открытый конкурс,Закупка состоялась
74734836-ОИ3,282216.900.000022,Лифт пассажирский грузоподъемность 1250 кг,15036864-1 Закуп на июль месяц,Лифт пассажирский,1,15 178 571.42,Из одного источника по несостоявшимся закупкам,Закупка состоялась
79003546-ОК2,282216.900.000022,Лифт пассажирский грузоподъемность 1250 кг,14860228-1 Закуп лифта для ГРЦ,Лифт пассажирский,1,15 475 892.86,Открытый конкурс,Закупка состоялась
78297167-ОК1,282216.900.000022,Лифт пассажирский грузоподъемность 1250 кг,14402689-1 Приобретение пассажирского лифта а также установка г.Балхаш,Лифт пассажирский,1,17 606 400.00,Открытый конкурс,Закупка состоялась
77375974-ОИ2,282216.900.000022,Лифт пассажирский грузоподъемность 1250 кг,"13952400-1 Закуп пассажирского лифта (ГКП на ПХВ ""Городской перинатальный центр"")",Лифт пассажирский,1,17 900 000.00,Из одного источника по несостоявшимся закупкам,Закупка состоялась
36946347-ОЛ-ОК1,282216.900.000021,Лифт пассажирский грузоподъемность 1000 кг,"14896494-1 Закуп лифтового оборудования для КГП на ПХВ ""Центральная городская клиническая больница"" Управления общественного здравоохранения города Алматы""",Закуп лифтового оборудования,5,141 366 142.78,Открытый конкурс,Закупка состоялась
79112911-ЗЦП1,282216.900.000021,Лифт пассажирский грузоподъемность 1000 кг,14895996-1 Приобретение лифтового оборудования,Лифт пассажирский,1,15 120 000.00,Запрос ценовых предложений,Закупка состоялась
78251636-ОК1,282216.900.000021,Лифт пассажирский грузоподъемность 1000 кг,14304117-1 Приобретение лифтов с демонтажом и установкой новых,Лифт пассажирский,1,18 000 000.00,Открытый конкурс,Закупка состоялась
36946347-ОЛ-ОК1,282216.900.000019,Лифт пассажирский грузоподъемность 630 кг,"14896494-1 Закуп лифтового оборудования для КГП на ПХВ ""Центральная городская клиническая больница"" Управления общественного здравоохранения города Алматы""",Закуп лифтового оборудования,5,141 366 142.78,Открытый конкурс,Закупка состоялась
78251608-ОК1,282216.900.000019,Лифт пассажирский грузоподъемность 630 кг,14304117-1 Приобретение лифтов с демонтажом и установкой новых,Лифт пассажирский,1,15 000 000.00,Открытый конкурс,Закупка состоялась
77340595-ОК2,282216.900.000019,Лифт пассажирский грузоподъемность 630 кг,14235405-1 Приобретение пассажирского лифта (согл.тех.спец),Лифт пассажирский,2,31 758 928.58,Открытый конкурс,Закупка состоялась
73683331-ОК1,282216.900.000019,Лифт пассажирский грузоподъемность 630 кг,"14209370-1 Лифт пассажирский, больничный, с демонтажом и установкой",Лифт пассажирский,1,16 044 642.86,Открытый конкурс,Закупка состоялась
77183534-ОИ2,282216.900.000019,Лифт пассажирский грузоподъемность 630 кг,14058811-1 Лифт пассажирский грузоподъемность не менее 1150 кг.,Лифт пассажирский,1,18 500 000.00,Из одного источника по несостоявшимся закупкам,Закупка состоялась
79005856-ОТ1,274025.300.000003,"Светильник консольный, торцевой",14985683-1 Приобретение светодиодного светильника и прожектора,Светильник,500,42 442 500.00,Тендер,Закупка состоялась
78309228-ОТ1,274025.300.000003,"Светильник консольный, торцевой",14628834-1 Приобретение электротоваров для СКОФ ТОО КАЖсервис (3 лота),Светильник,500,39 673 000.00,Тендер,Закупка состоялась
74246108-ОИ3,274025.300.000003,"Светильник консольный, торцевой",14128493-1 Приобретение Уличный светодиодный светильник,Светильник,1500,21 150 000.00,Из одного источника по несостоявшимся закупкам,Закупка состоялась
74246071-ЗЦП2,274025.300.000003,"Светильник консольный, торцевой",14098882-1 Приобретение Уличный светодиодный светильник,Светильник,3280,29 520 000.00,Запрос ценовых предложений,Закупка состоялась
77731739-ЗЦП1,274025.300.000003,"Светильник консольный, торцевой",14039186-1 Электр тауарларын сатып алу,Светильник,1000,27 000 000.00,Запрос ценовых предложений,Закупка состоялась
38189518-ОЛ-ОК1,274022.900.000000,Светильник потолочный,15452820-1 Товары для дооснащения креативного центра г.Алматы,Товары для дооснащения креативного центра г.Алматы,15,20 546 427.70,Открытый конкурс,Закупка состоялась
74840970-АУК3,274022.900.000000,Светильник потолочный,14698882-1 Светильник (Государственный закуп),Светильник,1775,34 941 425.25,Аукцион,Закупка состоялась
77374827-ОТ2,274022.900.000000,Светильник потолочный,14177158-1 Приобретение товаров на содержание освещения (3 лота),Светильник,200,19 600 000.00,Тендер,Закупка состоялась
72897195-ОК2,265163.700.000001,"Счетчик электроэнергии, электронный","13693008-1 Государственная закупка для АО ""КРЭК""",Счетчик электроэнергии,205,17 388 305.00,Открытый конкурс,Закупка состоялась
73343584-ОК4,265152.350.000001,Расходомер ультразвуковой,14911984-1 Расходомер накладной ультразвуковой,Расходомер,4,27 143 571.44,Открытый конкурс,Закупка состоялась
77127771-ОК2,271231.900.000041,Шкаф распределения переменного тока,14110842-1 Повторные государственные закупки ШРС без прибора учета для капитального ремонта,Шкаф распределения,26,22 053 564.00,Открытый конкурс,Закупка состоялась
34747029-ОЛ-ЗЦП1,281331.000.000240,Корпус направляющего аппарата для центробежного насоса,14040731-1 Приобретение запасных частей и комплектующих на багерные насосы,Приобретение запасных частей и комплектующих на багерные насосы,6,29 402 600.00,Запрос ценовых предложений,Закупка состоялась
74862927-ОК2,271240.900.000100,Модуль импульсный для защиты электрооборудования от перенапряжения,"14721751-1 «Запасные части для электропоездов ""Huyndai-Rotem» (Модуль импульсный)",Модуль импульсный,41,27 552 000.00,Открытый конкурс,Закупка состоялась
79244098-ЗЦП4,262012.000.000002,"Терминал мобильный, настольный, для сбора данных","15011318-1 (7172) 777-010, 778-030. Терминал сбора данных, мобильный, настольный для дооснащения системы регистрации пассажиров CUTE.",Терминал,20,17 556 741.00,Запрос ценовых предложений,Закупка состоялась
80151429-ЗЦП2,279020.500.000012,Экран светодиодный,15363779-1 приобретение экрана светодиодного (лэд экран) в комплекте согласно технической спецификации УСТАНОВКА МОНТАЖ входит в сумму/,Экран,1,22 183 750.00,Запрос ценовых предложений,Закупка состоялась
79420648-ОК3,279020.500.000012,Экран светодиодный,15080251-1 Приобретение LED экрана,Экран,1,21 875 000.00,Открытый конкурс,Закупка состоялась
74836136-ЗЦП1,279020.500.000012,Экран светодиодный,14862202-1 Приобретение Лэд экрана в актовый зал библиотеки,Экран,1,20 617 857.14,Запрос ценовых предложений,Закупка состоялась
74409978-ОК2,279020.500.000012,Экран светодиодный,"14706005-1 (Повторная). Приобретение LED экран для ГККП «Мангистауская областная филармония имени Мурата Оскинбаева» Управления культуры, развития языков и архивного дела Мангистауской области",Экран,1,30 000 000.00,Открытый конкурс,Закупка состоялась
77627771-ОК1,279020.500.000012,Экран светодиодный,14425857-2 Приобретение LED экрана для ГККП «Дворец культуры молодежи»,Экран,1,75 683 928.57,Открытый конкурс,Закупка состоялась
77646011-ЗЦП1,279020.500.000012,Экран светодиодный,13996033-1 Приобретение LED экрана,Экран,1,18 750 000.00,Запрос ценовых предложений,Закупка состоялась
78241213-ОК3,264020.300.000000,Видеостена со встроенной внутренней аудиосистемой,15149628-1 повторная государственная закупка товара для РГП на ПХВ «Казаэронавигация» Комитета гражданской авиации Министерства транспорта Республики Казахстан способом открытого конкурса,Видеостена,1,148 731 889.64,Открытый конкурс,Закупка состоялась
74366863-ОК2,264020.300.000000,Видеостена со встроенной внутренней аудиосистемой,"14312664-1 Видеостена (5 на 2 с видеоконтроллером, Центр планирования и оперативного управления)",Видеостена,1,26 014 518.30,Открытый конкурс,Закупка состоялась
67738755-ОК2,264020.300.000000,Видеостена со встроенной внутренней аудиосистемой,13501709-1 Государственная закупка товара для РГП на ПХВ «Казаэронавигация» Комитета гражданской авиации Министерства транспорта Республики Казахстан способом открытого конкурса,Видеостена,1,352 720 603.57,Открытый конкурс,Закупка состоялась
78706015-ОК2,303032.000.000006,Аппарат летательный беспилотный вертолетного типа,15760469-1 Приобретение беспилотный летательный аппарат (квадрокоптер),Аппарат летательный беспилотный,8,31 757 142.88,Открытый конкурс,Закупка состоялась
80868581-ЗЦП2,303032.000.000006,Аппарат летательный беспилотный вертолетного типа,15686826-1 Приобретение летального аппарата квадрокоптер в комплекте согласно технического спецификации,Аппарат летательный беспилотный,1,16 713 660.72,Запрос ценовых предложений,Закупка состоялась
80146730-ЗЦП2,303032.000.000006,Аппарат летательный беспилотный вертолетного типа,15442514-1 Комплекс мониторинга земной поверхности,Аппарат летательный беспилотный,3,15 300 000.00,Запрос ценовых предложений,Закупка состоялась
74813198-ОК3,303032.000.000006,Аппарат летательный беспилотный вертолетного типа,"15421741-1 Комплекс мониторинга земной поверхности (Беспилотный летательный аппарат, носимый наземный пункт управления, средства технического обслуживания)",Аппарат летательный беспилотный,4,20 000 000.00,Открытый конкурс,Закупка состоялась
79891430-ЗЦП2,303032.000.000006,Аппарат летательный беспилотный вертолетного типа,15313286-1 Приобретение летательный аппарат (дрон),Аппарат летательный беспилотный,2,17 857 142.86,Запрос ценовых предложений,Закупка состоялась
79188719-ОК2,303032.000.000006,Аппарат летательный беспилотный вертолетного типа,15191195-1 Приобретение летательного аппарата для нужд ДП Актюбинской области.,Аппарат летательный беспилотный,6,23 588 876.76,Открытый конкурс,Закупка состоялась
79679159-ЗЦП3,303032.000.000006,Аппарат летательный беспилотный вертолетного типа,"15096045-1 современный сельскохозяйственный дрон, предназначенный для точного и эффективного внесения жидких и гранулированных агрохимикатов",Аппарат летательный беспилотный,2,18 864 285.72,Запрос ценовых предложений,Закупка состоялась
76711973-АУК2,303032.000.000006,Аппарат летательный беспилотный вертолетного типа,15035905-1 Аппарат летательный беспилотный,Аппарат летательный беспилотный,2,41 642 857.14,Аукцион,Закупка состоялась
74804092-ОК2,303032.000.000006,Аппарат летательный беспилотный вертолетного типа,14635169-1 Беспилотный летательный аппарат,Аппарат летательный беспилотный,10,32 142 857.10,Открытый конкурс,Закупка состоялась
77438495-ЗЦП2,303032.000.000006,Аппарат летательный беспилотный вертолетного типа,13949779-1 Беспилотная система для воздушного мониторинга возгораний,Аппарат летательный беспилотный,12,26 785 714.32,Запрос ценовых предложений,Закупка состоялась
72742694-ОК2,262030.100.000006,"Комплекс программно-аппаратный для системы мониторинга работы приложений, устройств сети и трафика",15040696-1 Государственные закупки товара для НАО «Государственная корпорация «Правительство для граждан» способом конкурса,Комплекс программно-аппаратный,1,653 650 033.00,Открытый конкурс,Закупка состоялась
72513414-ОК1,262030.100.000006,"Комплекс программно-аппаратный для системы мониторинга работы приложений, устройств сети и трафика",14093295-1 Программно-аппаратный комплекс для защиты конечных устройств,Комплекс программно-аппаратный,1,54 285 714.28,Открытый конкурс,Закупка состоялась
80156481-ОК2,265153.100.000015,Газоанализатор для определения концентрации 2-ух и более газов,15460105-1 Детектор обнаружения частиц взрывчатых веществ и наркотических средств (Газоанализатор),Газоанализатор,2,33 698 000.00,Открытый конкурс,Закупка состоялась
79691621-ОИ3,265153.100.000015,Газоанализатор для определения концентрации 2-ух и более газов,15162449-1 Приобретение стационарных газоанализаторов для канализационных насосных станций,Газоанализатор,20,22 846 428.60,Из одного источника по несостоявшимся закупкам,Закупка состоялась
78164839-ЗЦП2,265153.100.000015,Газоанализатор для определения концентрации 2-ух и более газов,14492289-1 Техникалық ерекшелікке назар аударыңыз! Экология департаментіне шығарындылардағы түтін газдарын бақылауға арналған газ анализаторын сатып алу,Газоанализатор,1,20 238 000.00,Запрос ценовых предложений,Закупка состоялась
77554062-ОК2,265153.100.000015,Газоанализатор для определения концентрации 2-ух и более газов,14322913-1 Государственные закупки лабораторного оборудования (Газоанализатор),Газоанализатор,2,24 172 800.00,Открытый конкурс,Закупка состоялась
73063838-ОК2,265153.100.000015,Газоанализатор для определения концентрации 2-ух и более газов,13591773-1 Закупка газоанализатора переносного,Газоанализатор,80,58 576 139.20,Открытый конкурс,Закупка состоялась
79957935-ОК2,262030.100.000007,Комплекс программно-аппаратный для идентификации государственных номеров,15369225-1 Приобретение бортовых программно-аппаратных комплексов автоматический фото-видеофиксации и нарушений правил дорожного движения,Комплекс программно-аппаратный,2,17 321 428.58,Открытый конкурс,Закупка состоялась
77868764-ОК3,262030.100.000007,Комплекс программно-аппаратный для идентификации государственных номеров,14454347-1 Приобретение Мобильных программно-аппаратных комплексов автоматической фото-видеофиксации нарушений Правила дорожного движения и мониторинга транспортных потоков,Комплекс программно-аппаратный,1,25 892 857.14,Открытый конкурс,Закупка состоялась
77969729-ОК2,282982.550.000002,Мембрана для фильтра обратного осмоса,"14608572-1 ТОО ""Опреснительный завод ""Каспий"" для мембрана для солоноватой воды",Мембрана,240,72 432 000.00,Открытый конкурс,Закупка состоялась
38862363-ОЛ-ОК1,281413.330.000001,"Задвижка клиновая, чугунная, условный проход 50-450 мм",15769001-1 Задвижка Д-150 и Д-200 эл/привод (ДВО-13540),Задвижка Д-150 и Д-200 эл/привод (ДВО-13540),2,56 276 793.00,Открытый конкурс,Закупка состоялась
73412729-АУК3,281413.330.000001,"Задвижка клиновая, чугунная, условный проход 50-450 мм",15233844-1 Задвижка фланцевая DN200,Задвижка,68,18 627 142.76,Аукцион,Закупка состоялась
73412951-АУК3,281413.330.000001,"Задвижка клиновая, чугунная, условный проход 50-450 мм",14915107-1 Задвижка фланцевая DN 400,Задвижка,41,58 597 053.63,Аукцион,Закупка состоялась
73412729-АУК2,281413.330.000001,"Задвижка клиновая, чугунная, условный проход 50-450 мм",14874347-1 Задвижка фланцевая DN200,Задвижка,68,18 627 142.76,Аукцион,Закупка состоялась
34153518-ОЛ-ЗЦП1,281413.330.000001,"Задвижка клиновая, чугунная, условный проход 50-450 мм",13795274-1 Запорная арматура №2,Запорная арматура №2,34,29 823 875.76,Запрос ценовых предложений,Закупка состоялась
74800995-ОК2,291059.900.000000,"Автомобиль специализированный, снегоболотоход, грузоподъемность не более 3,5 т",14993016-2 Государственные закупки товара для ГУ «Департамент по чрезвычайным ситуациям Северо-Казахстанской области Министерства по чрезвычайным ситуациям Республики Казахстан» способом конкурса,Автомобиль,1,89 955 357.14,Открытый конкурс,Закупка состоялась
78123207-ОК1,291059.900.000000,"Автомобиль специализированный, снегоболотоход, грузоподъемность не более 3,5 т",14945191-2 Государственные закупки товара для ГУ «Департамент по чрезвычайным ситуациям области Ұлытау Министерства по чрезвычайным ситуациям Республики Казахстан» способом конкурса,Автомобиль,2,121 428 571.42,Открытый конкурс,Закупка состоялась
76688516-ОК1,291059.900.000000,"Автомобиль специализированный, снегоболотоход, грузоподъемность не более 3,5 т",14958068-1 О проведении государственной закупки товара для ГУ «Департамент по чрезвычайным ситуациям Акмолинской области Министерства по чрезвычайным ситуациям Республики Казахстан»,Автомобиль,2,151 517 857.20,Открытый конкурс,Закупка состоялась
74841331-ОК2,291059.900.000000,"Автомобиль специализированный, снегоболотоход, грузоподъемность не более 3,5 т",14519329-1 Вездеход - Болотоход,Автомобиль,1,61 160 714.00,Открытый конкурс,Закупка состоялась
79672804-ОК1,281314.100.000003,"Агрегат электронасосный центробежный, скважинный","15637547-1 Приобретение электронасос для ГКП ""Каспий жылу, су арнасы"" Управления энергетики и жилищно-коммунального хозяйства Мангистауской области",Агрегат электронасосный,1,37 851 732.14,Открытый конкурс,Закупка состоялась
36171291-ОЛ-ОИ2,281314.900.000048,"Насос для воды и других чистых, химически нейтральных жидкостей, осевой погружной, подача 2500-21000 м3/ч",14612274-1 Приобретение насосов глубинных,Приобретение насосов глубинных/,5,29 197 321.50,Из одного источника по несостоявшимся закупкам,Закупка состоялась
73459849-ОК3,281314.130.000003,"Агрегат электронасосный центробежный, для городских/производственных сточных масс",15127663-1 Погружной канализационный насосный агрегат со шкафом управления,Агрегат электронасосный,4,541 750 075.00,Открытый конкурс,Закупка состоялась
73304851-ОК7,281314.130.000003,"Агрегат электронасосный центробежный, для городских/производственных сточных масс",15044048-1 Центробежный насосный агрегат,Агрегат электронасосный,1,30 982 000.00,Открытый конкурс,Закупка состоялась
78588787-ОК2,281314.130.000003,"Агрегат электронасосный центробежный, для городских/производственных сточных масс","14901290-2 Государственная закупка для ГКП ""КТЭЦ"" на ПХВ управления энергетики и жилищно-коммунального хозяйства Кызылординской области",Агрегат электронасосный,1,47 760 000.00,Открытый конкурс,Закупка состоялась
78859855-ОК1,281314.130.000003,"Агрегат электронасосный центробежный, для городских/производственных сточных масс",14694872-1 Приобретение агрегата насосного ПЭ 150-53 на общей раме с электродвигателем 4 АЗМ-500/6000 УХЛ 4 для ТОО «Шахтинсктеплоэнерго»,Агрегат электронасосный,1,55 000 000.00,Открытый конкурс,Закупка состоялась
78859866-ОК1,281314.130.000003,"Агрегат электронасосный центробежный, для городских/производственных сточных масс",14694620-1 Приобретение агрегата насосного СЭ 1250-140-11 на раме с электродвигателем А 4 для ТОО «Шахтинсктеплоэнерго»,Агрегат электронасосный,1,67 000 000.00,Открытый конкурс,Закупка состоялась
73304106-ОК2,281314.130.000003,"Агрегат электронасосный центробежный, для городских/производственных сточных масс",14686595-1 Закуп эксцентрошнековый насос,Агрегат электронасосный,3,17 409 000.00,Открытый конкурс,Закупка состоялась
73459849-ОК2,281314.130.000003,"Агрегат электронасосный центробежный, для городских/производственных сточных масс",14678716-1 Погружной канализационный насосный агрегат со шкафом управления,Агрегат электронасосный,4,541 750 075.00,Открытый конкурс,Закупка состоялась
77715903-ОК3,281314.130.000003,"Агрегат электронасосный центробежный, для городских/производственных сточных масс",14533856-1 Насосный агрегат с электродвигателем 315 КВт,Агрегат электронасосный,1,26 999 999.99,Открытый конкурс,Закупка состоялась
77715688-ОК2,281314.130.000003,"Агрегат электронасосный центробежный, для городских/производственных сточных масс",14286873-2 Насосный агрегат с электродвигателем 355 КВт,Агрегат электронасосный,2,67 999 999.98,Открытый конкурс,Закупка состоялась
73273338-ОК2,281314.130.000003,"Агрегат электронасосный центробежный, для городских/производственных сточных масс",14014554-1 Погружной канализационный насосный агрегат со шкафом управления,Агрегат электронасосный,1,223 205 692.85,Открытый конкурс,Закупка состоялась
77582196-ОК1,281314.130.000003,"Агрегат электронасосный центробежный, для городских/производственных сточных масс",14001617-1 Приобретение оборудования - агрегат электронасосный центробежный 400-210а с двигателем 315 кВт,Агрегат электронасосный,2,57 700 000.00,Открытый конкурс,Закупка состоялась
79722041-ОК2,281413.330.000002,"Задвижка клиновая, чугунная, условный проход 450-2600 мм",15727869-1 Государственные закупки товара для Западно-Казахстанский филиал РГП на ПХВ «Казводхоз» Министерства водных ресурсов и ирригации Республики Казахстан способом конкурса,Задвижка,6,206 501 269.14,Открытый конкурс,Закупка состоялась
74168418-ОК1,281413.330.000002,"Задвижка клиновая, чугунная, условный проход 450-2600 мм","15450999-2 Запорно-регулирующая арматура (ДВИ-5951, ДВИ 11730, ДВС 10164)",Задвижка,1,16 376 000.00,Открытый конкурс,Закупка состоялась
79255735-ОК1,281413.330.000002,"Задвижка клиновая, чугунная, условный проход 450-2600 мм",14916113-1 Задвижка клиновая чугунная,Задвижка,2,42 857 142.86,Открытый конкурс,Закупка состоялась
78858972-ОК1,281413.330.000002,"Задвижка клиновая, чугунная, условный проход 450-2600 мм","14759386-1 Задвижка чугунная d1000 мм Ру-0,25 с электроприводом",Задвижка,2,41 572 282.00,Открытый конкурс,Закупка состоялась
77068313-ОИ2,281413.330.000002,"Задвижка клиновая, чугунная, условный проход 450-2600 мм",13813970-1 Задвижка 30 ч 6 б р РУ 10 для ТОО Балхаш Су,Задвижка,7,29 078 000.00,Из одного источника по несостоявшимся закупкам,Закупка состоялась
74806441-ОК4,263023.900.000020,Ретранслятор цифровой,15348049-1 Повторная государственная закупка товара для ГУ «Департамент по чрезвычайным ситуациям Северо-Казахстанской области Министерства по чрезвычайным ситуациям Республики Казахстан» способом конкурса,Ретранслятор,2,100 379 364.28,Открытый конкурс,Закупка состоялась
80031460-ОК2,263023.900.000020,Ретранслятор цифровой,15310833-1 Система управления базами данных (Базовая транкинговая станция) согласно технической спецификации,Ретранслятор,1,49 398 214.29,Открытый конкурс,Закупка состоялась
74806882-ОК3,263023.900.000020,Ретранслятор цифровой,"14875327-1 Система оперативной связи (ртт кнопка для НР 785, ларингофон)",Ретранслятор,100,18 654 643.00,Открытый конкурс,Закупка состоялась
74301363-ОК3,263023.900.000020,Ретранслятор цифровой,14654661-1 Транкинговая базовая станция,Ретранслятор,1,50 189 682.14,Открытый конкурс,Закупка состоялась
76701775-ОК2,263023.900.000020,Ретранслятор цифровой,14607049-2 Репитер ультракоротковолнового диапазона,Ретранслятор,4,25 892 857.16,Открытый конкурс,Закупка состоялась
78030299-ОК2,263023.900.000020,Ретранслятор цифровой,14524668-1 Приобретение транкинговой базовой станции,Ретранслятор,1,50 189 285.71,Открытый конкурс,Закупка состоялась
75369683-ОК2,263023.900.000020,Ретранслятор цифровой,"14415331-2 Транкинговая базовая станция (Уважаемый потенциальный поставщик, прежде чем подавать заявку на участие в данном лоте,пожалуйста, внимательно ознакомьтесь с техническими спецификациями)",Ретранслятор,2,73 877 750.00,Открытый конкурс,Закупка состоялась
37540534-ОЛ-ОИ2,281314.130.000000,"Насос для воды и других чистых, химически нейтральных жидкостей, консольный одноступенчатый, подача до 300 м3/ч","15171439-1 Закуп оборудований (насос, станция управления насосами).","Закуп оборудований (насос, станция управления насосами).",7,16 282 600.00,Из одного источника по несостоявшимся закупкам,Закупка состоялась
78831846-ОК2,281314.130.000000,"Насос для воды и других чистых, химически нейтральных жидкостей, консольный одноступенчатый, подача до 300 м3/ч","15065369-1 Комплект насосного оборудования на КНС №50 для доукомплектации действующего оборудования фирмы GRUNDFOS (насос-2 ед., шкаф управления-1ед.)",Насос,1,17 320 050.00,Открытый конкурс,Закупка состоялась
77446081-ОК1,281314.130.000000,"Насос для воды и других чистых, химически нейтральных жидкостей, консольный одноступенчатый, подача до 300 м3/ч",14103510-1 Насосы для ТОО АТКЭ,Насос,2,30 046 428.58,Открытый конкурс,Закупка состоялась
73780103-ОК2,281314.130.000000,"Насос для воды и других чистых, химически нейтральных жидкостей, консольный одноступенчатый, подача до 300 м3/ч",13850104-1 Комплект насосного оборудования для доукомплектации действующего оборудования фирмы GRUNDFOS,Насос,2,25 084 148.00,Открытый конкурс,Закупка состоялась
73265654-ОК2,281314.130.000000,"Насос для воды и других чистых, химически нейтральных жидкостей, консольный одноступенчатый, подача до 300 м3/ч",13639229-1 Консольно-моноблочный насос GRUNDFOS NK 250-450/401AA2F1AESBAQEYW3 160 kW+Ceramic coated shaft для доукомплектации действующего оборудования фирмы GRUNDFOS,Насос,2,23 891 780.00,Открытый конкурс,Закупка состоялась
37540534-ОЛ-ОИ2,281314.900.000085,"Насос специальный, циркуляционный, подача до 8000 м3/ч","15171439-1 Закуп оборудований (насос, станция управления насосами).","Закуп оборудований (насос, станция управления насосами).",7,16 282 600.00,Из одного источника по несостоявшимся закупкам,Закупка состоялась
79243184-ЗЦП2,281314.900.000085,"Насос специальный, циркуляционный, подача до 8000 м3/ч",14978106-1 Насосы (тел для уточн 777-717/777-119),Насос,4,23 107 507.84,Запрос ценовых предложений,Закупка состоялась
79177343-ОК2,262013.000.000025,Станция рабочая графическая,15201410-1 Графическая рабочая станция,Станция рабочая,4,17 857 142.84,Открытый конкурс,Закупка состоялась
79419082-ОИ2,262013.000.000025,Станция рабочая графическая,15063345-1 Приобретение основных средств,Станция рабочая,26,17 132 142.82,Из одного источника по несостоявшимся закупкам,Закупка состоялась
79482336-ОИ2,283032.200.000000,"Борона двухрядная, прицепная",15432237-1 Приобретение бороны дисковой,Борона,3,16 339 287.00,Из одного источника по несостоявшимся закупкам,Закупка состоялась
74789435-ОК2,262013.000.000024,Станция рабочая вычислительная,15132655-1 Государственные закупки оборудования,Станция рабочая,1,73 632 410.71,Открытый конкурс,Закупка состоялась
74789457-ОК2,262013.000.000024,Станция рабочая вычислительная,15132539-1 Государственные закупки оборудования,Станция рабочая,1,73 632 410.71,Открытый конкурс,Закупка состоялась
74788428-ОК2,262013.000.000024,Станция рабочая вычислительная,15132432-1 Государственные закупки оборудования,Станция рабочая,1,73 632 410.71,Открытый конкурс,Закупка состоялась
74789416-ОК2,262013.000.000024,Станция рабочая вычислительная,15132311-1 Государственные закупки оборудования,Станция рабочая,1,73 632 410.71,Открытый конкурс,Закупка состоялась
79116173-ОК1,262013.000.000024,Станция рабочая вычислительная,15024223-2 Государственные закупки средств вычислительной техники для РГП «Казаэронавигация»,Станция рабочая,80,77 678 560.00,Открытый конкурс,Закупка состоялась
79434480-ОК1,262013.000.000024,Станция рабочая вычислительная,15064010-1 Рабочая станция (согласно технической спецификации)/,Станция рабочая,1,42 857 142.85,Открытый конкурс,Закупка состоялась
74789483-ОК2,262013.000.000024,Станция рабочая вычислительная,15019691-1 Государственные закупки оборудования,Станция рабочая,1,73 632 410.71,Открытый конкурс,Закупка состоялась
74789469-ОК2,262013.000.000024,Станция рабочая вычислительная,15019550-1 Государственные закупки оборудования,Станция рабочая,1,73 632 410.71,Открытый конкурс,Закупка состоялась
74789507-ОК2,262013.000.000024,Станция рабочая вычислительная,15019373-1 Государственные закупки оборудования,Станция рабочая,1,73 632 410.71,Открытый конкурс,Закупка состоялась
74789496-ОК2,262013.000.000024,Станция рабочая вычислительная,15018938-1 Государственные закупки оборудования,Станция рабочая,1,73 632 410.71,Открытый конкурс,Закупка состоялась
73566146-ОК1,262013.000.000024,Станция рабочая вычислительная,14793199-1 Государственные закупки для НАО «Евразийский национальный университет имени Л.Н.Гумилева» способом открытого конкурса,Станция рабочая,260,143 000 000.00,Открытый конкурс,Закупка состоялась
74372786-ОК1,262013.000.000024,Станция рабочая вычислительная,14304853-2 Приобретение ноутбуков и рабочих станций,Станция рабочая,45,23 112 000.00,Открытый конкурс,Закупка состоялась
76441995-ОИ9,289212.500.000002,Машина бурильно-крановая на базе автошасси,14678363-1 Покупка бурильная машина,Машина бурильно-крановая,1,133 928 571.42,Из одного источника по несостоявшимся закупкам,Закупка состоялась
77669345-ОК2,266011.190.000013,Рентген установка мобильная,15150481-1 О проведении государственной закупки товара для РГКП «Центр олимпийской подготовки «Алматы» Комитета по делам спорта и физической культуры Министерства туризма и спорта Республики Казахстан»,Рентген установка,10,94 809 600.00,Открытый конкурс,Закупка состоялась
76558261-ОК2,263060.000.000045,"Кнопка тревожной сигнализации, с фиксацией","15012123-1 Государственная закупка для КГУ ""Отдел образования по городу Кызылорда"" управления образования Кызылординской области""",Кнопка,34,16 256 250.00,Открытый конкурс,Закупка состоялась
75003244-ЗЦП2,271210.300.000002,Выключатель нагрузки вакуумный,"13755024-1 Государственная закупка для АО ""КРЭК""",Выключатель нагрузки,1,15 000 000.00,Запрос ценовых предложений,Закупка состоялась
74071930-ОК2,271240.900.000005,Аппарат коммутационный контактный,14928430-1 Приобретение коммутационного оборудования,Аппарат коммутационный,13,65 464 125.87,Открытый конкурс,Закупка состоялась
80865762-ЗЦП2,281314.900.000097,"Насос скважинный штанговый, с втулочным цилиндром и металлическим плунжером, подача до 95 м3/ч",15660450-1 Погружной канализационный насос c установкой,Насос,1,24 604 988.00,Запрос ценовых предложений,Закупка состоялась
34371037-ОЛ-ЗЦП1,282913.500.000003,"Фильтр воздушный, для специальной и специализированной техники",13890137-1 Закупка запасных частей для Троллейбусного парка №1 ТОО Алматыэлектротранс,Закупка запасных частей для Троллейбусного парка №1 ТОО Алматыэлектротранс,4,24 380 000.00,Запрос ценовых предложений,Закупка состоялась
76596939-ОК2,292023.300.000015,"Полуприцеп-тяжеловоз грузоподъемность более 38 т, но не более 45 т",14099631-1 Приобретение прицепа (тралл) с грузоподьемностью не менее 40 тонн,Полуприцеп-тяжеловоз,1,15 178 571.43,Открытый конкурс,Закупка состоялась
77070469-ОК2,292023.300.000015,"Полуприцеп-тяжеловоз грузоподъемность более 38 т, но не более 45 т",14058770-1 Тяжеловозная прицепная техника (трал),Полуприцеп-тяжеловоз,2,46 000 000.00,Открытый конкурс,Закупка состоялась
73759062-ОК2,292023.300.000015,"Полуприцеп-тяжеловоз грузоподъемность более 38 т, но не более 45 т","13922869-1 Государственные закупки для КГП на ПХВ ""Табигат"" управления природных ресурсов и регулирования природопользования Атырауской области",Полуприцеп-тяжеловоз,2,43 000 000.00,Открытый конкурс,Закупка состоялась
73374593-ОК2,293230.990.000204,"Комплект ремонтный для специальной и специализированной техники, двигателя",14700043-1 Единый комплекс механической очистки,Комплект ремонтный,1,200 113 684.00,Открытый конкурс,Закупка состоялась
38125813-ОЛ-ЗЦП1,282520.900.000002,Вентилятор вытяжной,15424406-1 Приобретение запасных частей,Запасные части,22,30 698 159.94,Запрос ценовых предложений,Закупка состоялась
76157078-ЗЦП2,281331.000.000127,"Колесо для насоса, рабочее",15809710-1 Рабочее колесо на насос PL7081,Колесо,2,19 235 428.58,Запрос ценовых предложений,Закупка состоялась
38515143-ОЛ-ОК1,281331.000.000127,"Колесо для насоса, рабочее","15603200-1 Рабочее колесо для насосов Flygt (КНС 93,26,54,168,113,134,27,29,39,90,11,50,214,Мастер 2,105)","Рабочее колесо для насосов Flygt (КНС 93,26,54,168,113,134,27,29,39,90,11,50,214, Мастер 2,105)",8,15 389 693.68,Открытый конкурс,Закупка состоялась
79497959-ОК3,289212.500.000003,Установка буровая с дизельным приводом,15613843-1 Установка для восстановления старых трубопроводов методом гидравлического разрушения,Установка буровая,1,40 387 680.00,Открытый конкурс,Закупка состоялась
36565934-ОЛ-ОК1,273213.700.000046,"Кабель марка ВВГн, напряжение не более 1 000 В","14739226-1 Приобретение Кабель, Проводов для ТОО ""Мангистауский атомный энергетический комбинат""","Кабель, Провод",68,39 323 137.30,Открытый конкурс,Закупка состоялась
38332929-ОЛ-ОК1,281331.000.000151,Комплект запасных частей инструментов и принадлежностей для насоса воздушного/вакуумного,"15520632-1 Базовый ремонтный комплект (КНС 93,152,41,3)","Базовый ремонтный комплект (КНС 93,152,41,3)",4,15 646 169.62,Открытый конкурс,Закупка состоялась
38071015-ОЛ-ОК1,281331.000.000151,Комплект запасных частей инструментов и принадлежностей для насоса воздушного/вакуумного,"15400036-1 Базовый ремонтный комплект (КНС 1,26,54,168,113,134,90,9,10,215)","Базовый ремонтный комплект (КНС 1,26,54,168,113,134,90,9,10,215)",3,15 679 259.74,Открытый конкурс,Закупка состоялась
76503951-ОК2,292023.900.000003,"Прицеп грузоподъемность более 700 кг, но не более 3000 кг",14224215-1 Специализированное транспортное средство (прицеп),Прицеп,1,18 068 750.00,Открытый конкурс,Закупка состоялась
79375855-ЗЦП2,262015.000.000006,Устройство сбора данных телеметрии для сбора измерительной информации с приборов контроля и учета,14979732-1 Закуп запчастей (СГМ повтор),Устройство сбора данных телеметрии,1,20 455 360.00,Запрос ценовых предложений,Закупка состоялась
76064277-ЗЦП2,273313.900.000058,Зажим прокалывающий для соединения проводников,"13755024-1 Государственная закупка для АО ""КРЭК""",Зажим прокалывающий,4017,17 299 210.50,Запрос ценовых предложений,Закупка состоялась
35677773-ОЛ-ЗЦП1,282514.190.000000,Фильтр пылеулавливающий,14392499-1 Запасные части для ВОЗДУШНЫЕ ФИЛЬТРА (техническая служба),Запасные части для ВОЗДУШНЫЕ ФИЛЬТРА (техническая служба),42,30 117 500.00,Запрос ценовых предложений,Закупка состоялась
78840221-ОК2,282912.300.000036,"Оборудование для фильтрования периодического действия, работающее под давлением столба насоса",14992559-1 Приобретение товара (Оборудование для фильтрования)/,Оборудование для фильтрования,1,15 247 000.00,Открытый конкурс,Закупка состоялась
78567061-ОК2,282912.300.000036,"Оборудование для фильтрования периодического действия, работающее под давлением столба насоса",14566809-1 Приобретение комплексного блок-модуля очистки воды для сел Айыртауского района СКО,Оборудование для фильтрования,7,54 999 999.95,Открытый конкурс,Закупка состоялась
76088404-ОК2,282912.300.000036,"Оборудование для фильтрования периодического действия, работающее под давлением столба насоса",14038750-1 Приобретение комплексного блок-модуля очистки воды для сел Айыртауского района СКО,Оборудование для фильтрования,10,78 571 428.50,Открытый конкурс,Закупка состоялась
74813198-ОК1,303032.000.000007,Аппарат летательный беспилотный самолетного типа,"14301702-2 Комплекс мониторинга земной поверхности (Беспилотный летательный аппарат, носимый наземный пункт управления, средства технического обслуживания)",Аппарат летательный беспилотный,1,23 428 579.46,Открытый конкурс,Закупка состоялась
75544385-АУК5,283060.300.000013,"Установка дезинфекционная для дезинфекции и дезинсекции производственных/сельскохозяйственных/пищевых помещений, без автомобиля",14874467-1 Приобретение специализированного транспортного средства(прицеп),Установка дезинфекционная,1,18 068 750.00,Аукцион,Закупка состоялась
72657844-ОК2,282511.300.000014,Аппарат теплообменный кожухотрубчатый,"13945065-1 Закуп ""Трубный пучок подогревателей низкого давления для АО ""Астана-Энергия""",Аппарат теплообменный,1,26 091 517.00,Открытый конкурс,Закупка состоялась
73777895-ОК2,271231.990.000008,Шкаф серверный высота 42 U,15441774-1 Приобретение комплектный микро-ЦОД (согл.тех.спец),Шкаф серверный,1,15 788 303.57,Открытый конкурс,Закупка состоялась
79676937-ОК2,271231.990.000008,Шкаф серверный высота 42 U,15257861-2 Приобретение шкаф телекоммуникационный/серверный/,Шкаф серверный,7,21 496 964.23,Открытый конкурс,Закупка состоялась
76124931-ОК2,271231.990.000008,Шкаф серверный высота 42 U,15130897-1 Системы монтажных конструкции для Центра обработки данных,Шкаф серверный,1,63 912 705.00,Открытый конкурс,Закупка состоялась
80751030-ОИ2,271143.300.000058,"Подстанция трансформаторная комплектная мощность 250 кВА, с масляным трансформатором","15664324-1 Атырау РТС нысанындағы екі дана 250/6/0,4 кВ КТП-ні 250/6/0,4 кВ КТПН-ға іске қосу-реттеу жұмыстарымен ауыстыру",Подстанция трансформаторная комплектная,2,15 000 000.00,Из одного источника по несостоявшимся закупкам,Закупка состоялась
78731625-ОИ2,271143.300.000058,"Подстанция трансформаторная комплектная мощность 250 кВА, с масляным трансформатором",14604250-1 Подстанция трансформаторная комплектная(Эн.инвест),Подстанция трансформаторная комплектная,6,17 227 692.00,Из одного источника по несостоявшимся закупкам,Закупка состоялась
37540534-ОЛ-ОИ2,271231.900.000036,Станция управления насосами для управления трехфазным асинхронным электродвигателем погружного насоса,"15171439-1 Закуп оборудований (насос, станция управления насосами).","Закуп оборудований (насос, станция управления насосами).",7,16 282 600.00,Из одного источника по несостоявшимся закупкам,Закупка состоялась
79501734-ЗЦП5,271231.900.000036,Станция управления насосами для управления трехфазным асинхронным электродвигателем погружного насоса,15110258-1 Станция управления насосами,Станция управления насосами,1,19 930 500.00,Запрос ценовых предложений,Закупка состоялась
78871525-ЗЦП2,282111.500.000002,Горелка комбинированная,14683960-1 Оборудование для теплохозяйство (горелки),Горелка,2,30 000 000.00,Запрос ценовых предложений,Закупка состоялась
73227662-ОК2,282111.500.000002,Горелка комбинированная,"13814971-1 Государственная закупка для ГКП ""КТЭЦ"" на ПХВ управления энергетики и жилищно-коммунального хозяйства Кызылординской области",Горелка,7,44 225 258.00,Открытый конкурс,Закупка состоялась
72968196-ОК3,302040.300.000461,Колодка тормозная для вагонов метрополитена,14486166-1 Запасные части для электропоездов «Huyndai-Rotem,Колодка тормозная,1008,50 805 468.00,Открытый конкурс,Закупка состоялась
78402730-ОК2,272022.900.000005,"Аккумулятор для ИБП, напряжение 12 В, емкость 1,2-7 А/ч, свинцово-кислотный",14697225-1 Аккумуляторные батареи для ИБП МЦОД,Аккумулятор,80,25 242 856.80,Открытый конкурс,Закупка состоялась
81132991-ОК1,262030.100.000013,Система мультимедийная образовательная для учреждений образования,15717644-1 Система мультимедийная образовательная,Система мультимедийная образовательная,24,45 600 000.00,Открытый конкурс,Закупка состоялась
71462725-ОК2,262030.100.000013,Система мультимедийная образовательная для учреждений образования,15464391-2 Приобретение кабинета студии видеосъемки для университета,Система мультимедийная образовательная,1,72 278 571.43,Открытый конкурс,Закупка состоялась
80407471-ОК1,262030.100.000013,Система мультимедийная образовательная для учреждений образования,15443757-1 Система мультимедийная образовательная,Система мультимедийная образовательная,10,15 000 000.00,Открытый конкурс,Закупка состоялась
80305345-ЗЦП1,262030.100.000013,Система мультимедийная образовательная для учреждений образования,"15381236-1 Система мультимедийная образовательная,интерактивная панель по тех спец диагональ экрана 75 дюйм",Система мультимедийная образовательная,12,15 600 000.00,Запрос ценовых предложений,Закупка состоялась
79145505-ЗЦП1,262030.100.000013,Система мультимедийная образовательная для учреждений образования,"15380736-1 Система мультимедийная образовательная, диагональ экрана 75 дюйм",Система мультимедийная образовательная,16,20 800 000.00,Запрос ценовых предложений,Закупка состоялась
74121216-ОК1,262030.100.000013,Система мультимедийная образовательная для учреждений образования,15302864-1 приобретение интерактивного дисплея,Система мультимедийная образовательная,27,32 544 642.78,Открытый конкурс,Закупка состоялась
80074187-ОК1,262030.100.000013,Система мультимедийная образовательная для учреждений образования,15285588-1 Система мультимедийная для производства учебных видеоматериалов,Система мультимедийная образовательная,1,27 775 274.00,Открытый конкурс,Закупка состоялась
78864143-ОК1,262030.100.000013,Система мультимедийная образовательная для учреждений образования,15247950-2 Государственная закупка мультимедийной образовательной системы (ДИТ),Система мультимедийная образовательная,140,75 000 000.60,Открытый конкурс,Закупка состоялась
79671839-ОК1,262030.100.000013,Система мультимедийная образовательная для учреждений образования,15130717-1 Приобретение моноблоков согласно технической спецификации,Система мультимедийная образовательная,50,21 428 571.50,Открытый конкурс,Закупка состоялась
79671870-ОК1,262030.100.000013,Система мультимедийная образовательная для учреждений образования,15129467-1 Приобретение интерактивной панели согласно технической спецификации,Система мультимедийная образовательная,50,66 964 285.50,Открытый конкурс,Закупка состоялась
78845601-ОК1,262030.100.000013,Система мультимедийная образовательная для учреждений образования,14655619-2 Приобретение наружнего светодиодного экрана.,Система мультимедийная образовательная,1,44 642 857.14,Открытый конкурс,Закупка состоялась
74202957-ОК3,262030.100.000013,Система мультимедийная образовательная для учреждений образования,14582972-1 Оснащение «118 кабинета»,Система мультимедийная образовательная,1,40 179 186.61,Открытый конкурс,Закупка состоялась
74201582-ОК2,262030.100.000013,Система мультимедийная образовательная для учреждений образования,14437308-1 Оснащение «Малого зала»,Система мультимедийная образовательная,1,25 395 711.61,Открытый конкурс,Закупка состоялась
75083111-ОК1,262030.100.000013,Система мультимедийная образовательная для учреждений образования,14082057-1 Приобретение системы мультимедийной образовательной,Система мультимедийная образовательная,16,26 400 000.00,Открытый конкурс,Закупка состоялась
77284025-ОК1,262030.100.000013,Система мультимедийная образовательная для учреждений образования,14012599-1 Приобретение товаров по информатизаций.,Система мультимедийная образовательная,29,43 500 000.00,Открытый конкурс,Закупка состоялась
37016524-ОЛ-ЗЦП1,271231.900.000045,"Щит освещения для приема и распределения электрической энергии трехфазного переменного тока, встраиваемый",14926417-1 согласно тех специфике,согласно тех специфике,8,29 848 450.00,Запрос ценовых предложений,Закупка состоялась
80761360-ОК1,271143.500.000033,"Подстанция трансформаторная комплектная мощность 630 кВА, с масляным трансформатором","15596905-1 Приобретение КТПН для ГКП ""Мангыстауэнерго""",Подстанция трансформаторная комплектная,5,23 874 441.95,Открытый конкурс,Закупка состоялась
79640493-ОК2,262015.000.000019,Блок обработки видеосигнала для системы эндоскопической визуализации,15674427-1 Цифровой контролер в комплекте,Блок обработки видеосигнала,1,29 283 200.00,Открытый конкурс,Закупка состоялась
34747029-ОЛ-ЗЦП1,281331.000.000104,Втулка для центробежного насоса,14040731-1 Приобретение запасных частей и комплектующих на багерные насосы,Приобретение запасных частей и комплектующих на багерные насосы,6,29 402 600.00,Запрос ценовых предложений,Закупка состоялась
74947113-ОК2,263023.900.000008,Оборудование цифровых радиорелейных линий для беспроводной передачи данных,14724804-1 Приобретение радиорелейной станции,Оборудование цифровых радиорелейных линий,1,17 403 505.00,Открытый конкурс,Закупка состоялась
79811897-ОК2,271150.700.000001,"Преобразователь многопараметрический, сенсорный",15217054-1 Цифровой преобразователь гистологических стекол (гистологический сканер),Преобразователь,1,58 675 000.00,Открытый конкурс,Закупка состоялась
77228834-ЗЦП2,292023.300.000017,"Полуприцеп-тяжеловоз грузоподъемность более 50 т, но не более 60 т",15415722-1 Приобретение тралла для тягача,Полуприцеп-тяжеловоз,1,22 767 857.14,Запрос ценовых предложений,Закупка состоялась
78123131-ОК2,292023.300.000017,"Полуприцеп-тяжеловоз грузоподъемность более 50 т, но не более 60 т",14757565-1 Приобретение транспортных средств,Полуприцеп-тяжеловоз,1,35 000 000.00,Открытый конкурс,Закупка состоялась
78968518-ЗЦП2,292023.300.000017,"Полуприцеп-тяжеловоз грузоподъемность более 50 т, но не более 60 т",14736843-1 приобретение спецтранспорта трал,Полуприцеп-тяжеловоз,1,20 000 000.00,Запрос ценовых предложений,Закупка состоялась
77659414-ОК2,292023.300.000017,"Полуприцеп-тяжеловоз грузоподъемность более 50 т, но не более 60 т",14389171-1 Приобретение полуприцеп тяжеловоз,Полуприцеп-тяжеловоз,1,20 000 000.00,Открытый конкурс,Закупка состоялась
76589421-ОК3,292023.300.000017,"Полуприцеп-тяжеловоз грузоподъемность более 50 т, но не более 60 т",14315949-1 Государственные закупки согласно конкурсной документации (Приобретение полуприцепа,Полуприцеп-тяжеловоз,1,18 750 000.00,Открытый конкурс,Закупка состоялась
77415817-ОК2,292023.300.000017,"Полуприцеп-тяжеловоз грузоподъемность более 50 т, но не более 60 т",14174820-1 Приобретение трала 4-осьного,Полуприцеп-тяжеловоз,1,22 321 428.57,Открытый конкурс,Закупка состоялась
78890845-ОК3,262030.100.000053,Уничтожитель бумаги и дисков степень секретности 7,15028165-1 Промышленный уничтожитель бумаг,Уничтожитель бумаги и дисков,1,29 236 651.79,Открытый конкурс,Закупка состоялась
79595620-ОК1,281314.130.000001,"Насос для воды и других чистых, химически нейтральных жидкостей, горизонтальный одноступенчатый с колесом двухстороннего входа, подача 100-12500 м3/ч","15176555-2 Насосный агрегат горизонтальный, центробежный двухстороннего входа .",Насос,1,25 000 000.00,Открытый конкурс,Закупка состоялась
78496386-ЗЦП2,281314.130.000001,"Насос для воды и других чистых, химически нейтральных жидкостей, горизонтальный одноступенчатый с колесом двухстороннего входа, подача 100-12500 м3/ч","14896628-1 Сетевой насосный агрегат 1250/140/11 в комплекте с электродвигателем (710 кВт) и ответными фланцами, ГОСТ Р 54806-2011",Насос,1,26 681 696.00,Запрос ценовых предложений,Закупка состоялась
78765652-ОК1,281314.130.000001,"Насос для воды и других чистых, химически нейтральных жидкостей, горизонтальный одноступенчатый с колесом двухстороннего входа, подача 100-12500 м3/ч",14747758-2 Электронасосный агрегат на раме с электродвигателем,Насос,1,29 477 050.00,Открытый конкурс,Закупка состоялась
77954785-ОК3,281314.130.000001,"Насос для воды и других чистых, химически нейтральных жидкостей, горизонтальный одноступенчатый с колесом двухстороннего входа, подача 100-12500 м3/ч","14787412-1 «Повторное приобретение Насос сетевой типа Д, 3 200 с электродвигателем для АО Астана-Энергия»»",Насос,1,68 750 000.00,Открытый конкурс,Закупка состоялась
77313541-ОК2,281314.130.000001,"Насос для воды и других чистых, химически нейтральных жидкостей, горизонтальный одноступенчатый с колесом двухстороннего входа, подача 100-12500 м3/ч",14397272-1 Государственные закупки для КГП «Атырау облысы Су Арнасы» государственного учреждения «Управление энергетики и жилищно-коммунального хозяйства Атырауской области»,Насос,2,43 103 571.44,Открытый конкурс,Закупка состоялась
77772361-ОК1,281314.130.000001,"Насос для воды и других чистых, химически нейтральных жидкостей, горизонтальный одноступенчатый с колесом двухстороннего входа, подача 100-12500 м3/ч","14170351-2 Насос центробежный двустороннего входа с электродвигателем на общей раме 1 Д 1250-125 (для доукомплектования группы сетевых насосов), согласно тех.спец.",Насос,4,112 307 107.16,Открытый конкурс,Закупка состоялась
80178568-ОК1,281314.900.000045,"Насос для воды и других чистых, химически нейтральных жидкостей, сетевой, подача 500-5000 м3/ч",15366582-1 «Приобретение сетевого насос в комплекте с электродигателем КГП «Тепловодоцентраль города Серебрянск и поселка Новая Бухтарма акимата района Алтай»,Насос,1,18 495 178.58,Открытый конкурс,Закупка состоялась
79674783-ЗЦП3,281314.900.000045,"Насос для воды и других чистых, химически нейтральных жидкостей, сетевой, подача 500-5000 м3/ч",15134461-1 Сетевой насос в комплекте с электродвигателем,Насос,1,18 495 178.58,Запрос ценовых предложений,Закупка состоялась
77533863-ЗЦП2,281314.900.000056,"Насос для нефтепродуктов с температурой до 200°С, консольный одноступенчатый, подача до 600 м3/ч",14321889-1 1) Паронит 2) Пробоотборник 3) Насос,Насос,2,15 420 830.00,Запрос ценовых предложений,Закупка состоялась
78056881-ОК1,281311.300.000001,"Станция насосная блочная, кустовая",14449552-2 Государственные закупки товара для Актюбинского филиала РГП на ПХВ «Казводхоз» Комитета водного хозяйства Министерства водных ресурсов и ирригации Республики Казахстан способом открытого конкурса,Станция насосная,3,93 000 000.00,Открытый конкурс,Закупка состоялась
78056827-ОК1,281311.300.000001,"Станция насосная блочная, кустовая",14430764-1 Государственная закупка товара для Актюбинского филиала РГП на ПХВ «Казводхоз» Комитета водного хозяйства Министерства водных ресурсов и ирригации Республики Казахстан способом открытого конкурса,Станция насосная,6,316 200 000.00,Открытый конкурс,Закупка состоялась
79459056-ОК2,281314.900.000057,"Насос для нефтепродуктов с температурой до 200°С, двухстороннего входа, подача 200-1300 м3/ч","15051332-1 Приобретение насосов в комплекте: Питательный насос, бустерный насос",Насос,1,55 357 142.86,Открытый конкурс,Закупка состоялась
74506824-ЗЦП2,263011.000.000016,"Радиостанция портативная (носимая), многоканальная",15618034-1 Государстсвенная закупка радиостанции,Радиостанция,14,15 750 000.00,Запрос ценовых предложений,Закупка состоялась
80000091-ОК2,263011.000.000016,"Радиостанция портативная (носимая), многоканальная",15431607-1 Радиостанция ультракоротковолновая транкинговая,Радиостанция,39,22 545 516.63,Открытый конкурс,Закупка состоялась
75379752-ОК2,263011.000.000016,"Радиостанция портативная (носимая), многоканальная",15430800-1 Носимая цифровая УКВ радиостанция,Радиостанция,100,37 500 000.00,Открытый конкурс,Закупка состоялась
80029092-ОК2,263011.000.000016,"Радиостанция портативная (носимая), многоканальная",15310857-1 Приобретение носимых радиостанций согласно технических спецификаций,Радиостанция,76,27 681 913.96,Открытый конкурс,Закупка состоялась
79398348-ОК2,263011.000.000016,"Радиостанция портативная (носимая), многоканальная",15123435-1 Приобретение радиостанции транкинговой,Радиостанция,39,35 250 428.85,Открытый конкурс,Закупка состоялась
76729523-ОК2,263011.000.000016,"Радиостанция портативная (носимая), многоканальная",14949479-1 Носимая радиостанция УКВ,Радиостанция,200,68 007 600.00,Открытый конкурс,Закупка состоялась
78604414-ОК3,263011.000.000016,"Радиостанция портативная (носимая), многоканальная","14775987-1 Носимая цифровая радиостанция (Уважаемый потенциальный поставщик, прежде чем подавать заявку на участие в данном лоте,пожалуйста, внимательно ознакомьтесь с техническими спецификациями",Радиостанция,40,26 680 000.00,Открытый конкурс,Закупка состоялась
78138216-ОК2,263011.000.000016,"Радиостанция портативная (носимая), многоканальная",14686271-1 Дооснащение системы ультракоротковолновой цифровой радиосвязи стандарта Digital Mobile Radio радиостанцией УКВ носимой цифрового стандарта DMR TIER III с буквенно-цифровой клавиатурой и дисплеем,Радиостанция,90,30 603 456.00,Открытый конкурс,Закупка состоялась
75369906-ОК4,263011.000.000016,"Радиостанция портативная (носимая), многоканальная","14654050-1 Носимая цифровая радиостанция (Уважаемый потенциальный поставщик, прежде чем подавать заявку на участие в данном лоте,пожалуйста, внимательно ознакомьтесь с техническими спецификациями)",Радиостанция,185,62 847 460.00,Открытый конкурс,Закупка состоялась
77512388-ОК2,263011.000.000016,"Радиостанция портативная (носимая), многоканальная",14524326-2 Приобретение носимой радиостанции,Радиостанция,70,23 802 687.30,Открытый конкурс,Закупка состоялась
74305202-ОК2,263011.000.000016,"Радиостанция портативная (носимая), многоканальная",14427177-2 Цифровая УКВ радиостанция носимая,Радиостанция,194,65 967 447.66,Открытый конкурс,Закупка состоялась
74838263-ОК2,263011.000.000016,"Радиостанция портативная (носимая), многоканальная",14282189-2 Приобретение радиостанций УКВ диапазона,Радиостанция,50,28 750 000.00,Открытый конкурс,Закупка состоялась
81046124-ОК1,283023.700.000000,"Трактор колесный, тяговый класс более 8 тс",15755064-2 Приобретение трактор (согласно тех спецификации),Трактор,2,24 540 000.00,Открытый конкурс,Закупка состоялась
81068712-ОИ2,283023.700.000000,"Трактор колесный, тяговый класс более 8 тс",15713033-1 Приобретение трактора с фронтальным погрузчиком,Трактор,1,15 625 000.00,Из одного источника по несостоявшимся закупкам,Закупка состоялась
80588918-ОИ3,283023.700.000000,"Трактор колесный, тяговый класс более 8 тс","15556236-1 колесный, тяговый класс более 8 тс",Трактор,2,22 000 000.00,Из одного источника по несостоявшимся закупкам,Закупка состоялась
76053632-ОК3,283023.700.000000,"Трактор колесный, тяговый класс более 8 тс","15459855-1 Повторные государственные закупки для ГКП на ПХВ ""Оңтүстік жолдары"" управления пассажирского транспорта и автомобильных дорог Туркестанской области способом открытого конкурса",Трактор,1,71 250 000.00,Открытый конкурс,Закупка состоялась
75038470-ЗЦП2,283023.700.000000,"Трактор колесный, тяговый класс более 8 тс",15396196-1 Приобретение колесного трактора,Трактор,2,24 400 000.00,Запрос ценовых предложений,Закупка состоялась
79916716-ОК2,283023.700.000000,"Трактор колесный, тяговый класс более 8 тс",15307563-1 Приобретение трактора с оборудованием,Трактор,4,48 857 142.84,Открытый конкурс,Закупка состоялась
73070484-ОК2,283023.700.000000,"Трактор колесный, тяговый класс более 8 тс",15249745-1 Багажный дизельный трактор для буксировки багажа,Трактор,10,392 046 000.00,Открытый конкурс,Закупка состоялась
79186797-ОИ7,283023.700.000000,"Трактор колесный, тяговый класс более 8 тс",15123005-1 трактор колесный для всех видов сельхозработ,Трактор,1,15 000 000.00,Из одного источника по несостоявшимся закупкам,Закупка состоялась
79186797-ОИ5,283023.700.000000,"Трактор колесный, тяговый класс более 8 тс","14908521-1 Трактор колесный, опрыскиватель штанговый",Трактор,1,15 000 000.00,Из одного источника по несостоявшимся закупкам,Закупка состоялась
77759076-ОК4,283023.700.000000,"Трактор колесный, тяговый класс более 8 тс",14904269-1 Приобретение спецтехники согласно техспецификации для ГКП Урджарского района области Абай,Трактор,3,29 544 642.84,Открытый конкурс,Закупка состоялась
77366518-ОИ4,283023.700.000000,"Трактор колесный, тяговый класс более 8 тс",14633777-1 Приобретение колесного трактора,Трактор,1,22 500 000.00,Из одного источника по несостоявшимся закупкам,Закупка состоялась
78618003-АУК1,283023.700.000000,"Трактор колесный, тяговый класс более 8 тс",14505938-1 При обретение трактора.,Трактор,1,20 500 000.00,Аукцион,Закупка состоялась
77773764-ОК2,283023.700.000000,"Трактор колесный, тяговый класс более 8 тс",14393078-1 Приобретение техники согласно тех.спецификам,Трактор,1,19 196 428.57,Открытый конкурс,Закупка состоялась
77563684-ОК2,283023.700.000000,"Трактор колесный, тяговый класс более 8 тс","14260516-1 Приобретение сельскохозяйственной техники для КГКП ""Иртышский аграрно - технический колледж"" трактор колесный, трактор колесный с навесным оборудованием в сборе, пресс - подборщик рулонный (все условия смотреть в договоре и в технической спецификации)",Трактор,1,15 000 000.00,Открытый конкурс,Закупка состоялась
75424640-ОИ4,283023.700.000000,"Трактор колесный, тяговый класс более 8 тс",14220916-1 Приобретение Трактор колесный,Трактор,1,21 500 000.00,Из одного источника по несостоявшимся закупкам,Закупка состоялась
74855733-ОК1,283023.700.000000,"Трактор колесный, тяговый класс более 8 тс",13888179-2 Приобретение специальной техники,Трактор,8,65 000 000.00,Открытый конкурс,Закупка состоялась
78620057-АУК4,283051.300.000000,"Косилка с двигателем, не являющаяся навесным оборудованием к трактору",14850956-1 Сепкіш сатып алу.,Косилка,1,42 900 000.00,Аукцион,Закупка состоялась
78957258-ОК2,283059.200.000001,Комбайн уборочный зерноуборочный,14926510-1 К омбайн зерноуборочный,Комбайн уборочный,1,58 035 714.20,Открытый конкурс,Закупка состоялась
80166719-ОК2,283010.000.000000,"Трактор колесный, с дистанционным управлением","15470153-1 Трактор колесный в комплекте с установленным оборудованием для ГКП ""Горводоканал""",Трактор,1,18 761 642.85,Открытый конкурс,Закупка состоялась
76906426-ОК3,283010.000.000000,"Трактор колесный, с дистанционным управлением","15004421-1 Государственные закупки для ГУ ""Отдел жилищно-коммунального хозяйства, пассажирского транспорта, автомобильных дорог и жилищной инспекции Макатского района""",Трактор,2,23 035 714.20,Открытый конкурс,Закупка состоялась
82281036-ОИ2,283023.700.000001,"Трактор колесный, тяговый класс менее 8 тс",15864310-1 Колесный трактор 90 л.с.,Трактор,1,15 625 000.00,Из одного источника по несостоявшимся закупкам,Закупка состоялась
79917786-ОК2,283023.700.000001,"Трактор колесный, тяговый класс менее 8 тс","15699939-1 Приобретение тракторов для КГУ ""Жасыл ел Абай"" управления природных ресурсов и регулирования природопользования области Абай",Трактор,4,54 000 000.00,Открытый конкурс,Закупка состоялась
80456650-ОИ2,283023.700.000001,"Трактор колесный, тяговый класс менее 8 тс",15685787-1 Экскаватор одноковшовый на базе трактора,Трактор,1,24 850 000.00,Из одного источника по несостоявшимся закупкам,Закупка состоялась
80811474-ЗЦП2,283023.700.000001,"Трактор колесный, тяговый класс менее 8 тс","15627747-1 колесный, тяговый класс менее 8 тс",Трактор,1,15 535 714.28,Запрос ценовых предложений,Закупка состоялась
75016985-ОИ2,283023.700.000001,"Трактор колесный, тяговый класс менее 8 тс","15618980-1 Приобретение трактора в комплекте (щетка, отвал, разбрасыватель песка)",Трактор,1,15 600 000.00,Из одного источника по несостоявшимся закупкам,Закупка состоялась
80497639-ОИ6,283023.700.000001,"Трактор колесный, тяговый класс менее 8 тс",15616906-1 Приобретение товаров (АТС),Трактор,1,17 035 714.28,Из одного источника по несостоявшимся закупкам,Закупка состоялась
80289964-ОК2,283023.700.000001,"Трактор колесный, тяговый класс менее 8 тс",15507925-1 Приобретение трактора с куном и тележкой,Трактор,1,25 000 000.00,Открытый конкурс,Закупка состоялась
75159788-ЗЦП2,283023.700.000001,"Трактор колесный, тяговый класс менее 8 тс",15441186-1 Приобретение колесной техники для колледжа,Трактор,1,15 200 000.00,Запрос ценовых предложений,Закупка состоялась
78876885-ОК4,283023.700.000001,"Трактор колесный, тяговый класс менее 8 тс","15316261-1 Повторные государственные закупки для ГУ ""Отдел жилищно-коммунального хозяйства, пассажирского транспорта и автомобильных дорог Казыгуртского района"" способом открытого конкурса",Трактор,1,16 500 000.00,Открытый конкурс,Закупка состоялась
77636835-ОК1,283023.700.000001,"Трактор колесный, тяговый класс менее 8 тс",15288154-1 Закупка согласно конкурсной документации,Трактор,11,126 892 843.00,Открытый конкурс,Закупка состоялась
79908090-ОК1,283023.700.000001,"Трактор колесный, тяговый класс менее 8 тс",15228818-1 Государственные закупки товаров,Трактор,4,46 142 852.00,Открытый конкурс,Закупка состоялась
79802123-ОК1,283023.700.000001,"Трактор колесный, тяговый класс менее 8 тс",15209989-1 Приобретение колесного трактора (согл.тех.спец),Трактор,1,20 500 000.00,Открытый конкурс,Закупка состоялась
79570745-ОИ3,283023.700.000001,"Трактор колесный, тяговый класс менее 8 тс",15155571-1 Приобретение трактора колесного,Трактор,1,15 446 429.00,Из одного источника по несостоявшимся закупкам,Закупка состоялась
76781487-ОИ6,283023.700.000001,"Трактор колесный, тяговый класс менее 8 тс",15144118-1 Трактор небольших габаритов,Трактор,4,28 571 428.60,Из одного источника по несостоявшимся закупкам,Закупка состоялась
74836775-ОК4,283023.700.000001,"Трактор колесный, тяговый класс менее 8 тс","15060928-1 Повторная государственная закупка для КГУ ""Кызылординское государственное учреждение по охране лесов и животного мира"" управления природных ресурсов и регулирования природопользования Кызылординской области",Трактор,2,29 821 428.58,Открытый конкурс,Закупка состоялась
76840631-ОК3,283023.700.000001,"Трактор колесный, тяговый класс менее 8 тс",14992805-1 Трактор (с навесным плужно-щеточным оборудованием и гидравлическим отвалом) для нужд аэропорта г. Астана (Тел. 8 /7172/ 777-479),Трактор,1,22 377 380.95,Открытый конкурс,Закупка состоялась
78987904-ЗЦП3,283023.700.000001,"Трактор колесный, тяговый класс менее 8 тс",14835109-1 Трактор колесный универсальный для сельскохозяйственного производства.,Трактор,1,18 928 000.00,Запрос ценовых предложений,Закупка состоялась
74413726-ЗЦП2,283023.700.000001,"Трактор колесный, тяговый класс менее 8 тс",14810260-1 Приобретение колесной техники для колледжа,Трактор,1,17 500 000.00,Запрос ценовых предложений,Закупка состоялась
78305900-ОК2,283023.700.000001,"Трактор колесный, тяговый класс менее 8 тс","14608579-2 Государственные закупки для ГУ «Отдел жилищно-коммунального хозяйства, пассажирского транспорта, автомобильных дорог и жилищной инспекции Мактааральского района» способом открытого конкурса",Трактор,9,103 821 417.00,Открытый конкурс,Закупка состоялась
76833384-ОК3,283023.700.000001,"Трактор колесный, тяговый класс менее 8 тс","14575294-2 Государственные закупки для ГУ ""Отдел жилищно-коммунального хозяйства, пассажирского транспорта, автомобильных дорог и жилищной инспекции Жетысайского района"" способом открытого конкурса",Трактор,11,126 892 843.00,Открытый конкурс,Закупка состоялась
76499888-ОК3,283023.700.000001,"Трактор колесный, тяговый класс менее 8 тс","14604770-1 Государственные закупки для ГУ ""Отдел жилищно-коммунального хозяйства и жилищной инспекции города Кентау"" акимата города Кентау способом открытого конкурса",Трактор,4,46 142 852.00,Открытый конкурс,Закупка состоялась
77439565-ОК3,283023.700.000001,"Трактор колесный, тяговый класс менее 8 тс","14599426-1 Государственные закупки для КГУ ""Түлкібас көрікті ел"" отдела жилищно-коммунального хозяйства, пассажирского транспорта и автомобильных дорог акимата Тюлькубасского района способом открытого конкурса",Трактор,15,173 035 695.00,Открытый конкурс,Закупка состоялась
77587984-ОК2,283023.700.000001,"Трактор колесный, тяговый класс менее 8 тс",14566700-1 Повторные государственные закупки для ГУ «Отдел жилищно-коммунального хозяйства и жилищной инспекции акимата района Сауран» способом открытого конкурса,Трактор,12,138 428 556.00,Открытый конкурс,Закупка состоялась
77650353-АУК1,283023.700.000001,"Трактор колесный, тяговый класс менее 8 тс",14474817-2 Приобретение трактора класса 3,Трактор,1,25 228 571.43,Аукцион,Закупка состоялась
78224016-ОК1,283023.700.000001,"Трактор колесный, тяговый класс менее 8 тс","14499323-1 Государственные закупки для КГУ ""Сарыагаш қызмет"" акимата Сарыагашского района способом открытого конкурса",Трактор,11,115 401 785.62,Открытый конкурс,Закупка состоялась
78468362-ОИ2,283023.700.000001,"Трактор колесный, тяговый класс менее 8 тс",14449256-1 Государственные закупки трактора,Трактор,1,15 020 000.00,Из одного источника по несостоявшимся закупкам,Закупка состоялась
74093210-ОК4,283023.700.000001,"Трактор колесный, тяговый класс менее 8 тс",14417347-1 Приобретение трактора погрузчика - экскаватора,Трактор,1,27 000 000.00,Открытый конкурс,Закупка состоялась
76397219-ОК2,283023.700.000001,"Трактор колесный, тяговый класс менее 8 тс","14391415-1 Государственные закупки для ГУ ""Отдел жилищно-коммунального хозяйства, пассажирского транспорта и автомобильных дорог"" города Арыс способом открытого конкурса",Трактор,5,57 678 565.00,Открытый конкурс,Закупка состоялась
74469040-ОТ5,283023.700.000001,"Трактор колесный, тяговый класс менее 8 тс","14315018-2 Электронные закупки товара трактор колесный с оборудованием (щетка, кун,пескоразбрасыватель прицепной, отвал)",Трактор,89,1 872 973 213.65,Тендер,Закупка состоялась
77523814-ОК2,283023.700.000001,"Трактор колесный, тяговый класс менее 8 тс","14380646-1 Государственные закупки для ГУ «Отдел жилищно-коммунального хозяйства пассажирского транспорта, автомобильных дорог и жилищная инспекция Ордабасынского района» способом открытого конкурса",Трактор,2,35 080 000.00,Открытый конкурс,Закупка состоялась
78210762-ОИ3,283023.700.000001,"Трактор колесный, тяговый класс менее 8 тс",14349454-1 Трактор колесный МТЗ 1222.3,Трактор,1,17 857 142.86,Из одного источника по несостоявшимся закупкам,Закупка состоялась
77294628-ОК1,283023.700.000001,"Трактор колесный, тяговый класс менее 8 тс","14348144-1 Государственные закупки для КГУ ""Жарық-жол"" отдела жилищно-коммунального хозяйства, пассажирского транспорта и автомобильных дорог Толебийского района способом открытого конкурса",Трактор,13,203 589 285.90,Открытый конкурс,Закупка состоялась
78169221-ОК1,283023.700.000001,"Трактор колесный, тяговый класс менее 8 тс","14331247-1 Приобретение трактора для коммунального государственного предприятия на праве хозяйственного ведения"" Кокжар ""государственного учреждения"" Уилский районный отдел архитектуры, строительства, жилищно-коммунального хозяйства, пассажирского транспорта и автомобильных дорог",Трактор,2,25 300 000.00,Открытый конкурс,Закупка состоялась
77292432-ОК1,283023.700.000001,"Трактор колесный, тяговый класс менее 8 тс","14327745-1 Государственные закупки для ГУ ""Отдел жилищно-коммунального хозяйства, пассажирского транспорта и автомобильных дорог Шардаринского района"" акимата Шардаринского района способом открытого конкурса",Трактор,11,126 892 843.00,Открытый конкурс,Закупка состоялась
77284163-ОК2,283023.700.000001,"Трактор колесный, тяговый класс менее 8 тс","14310572-1 Государственные закупки для КГУ ""Отырар-2050"" акимата Отырарского района способом открытого конкурса",Трактор,10,115 357 130.00,Открытый конкурс,Закупка состоялась
77267187-ОК2,283023.700.000001,"Трактор колесный, тяговый класс менее 8 тс","14310402-1 Государственные закупки для ГУ ""Отдел жилищно-коммунального хозяйства, пассажирского транспорта и автомобильных дорог Казыгуртского района"" способом открытого конкурса",Трактор,8,92 285 704.00,Открытый конкурс,Закупка состоялась
74365895-ОК1,283023.700.000001,"Трактор колесный, тяговый класс менее 8 тс",14242879-2 Приобретение специальных техник (4),Трактор,8,65 000 000.00,Открытый конкурс,Закупка состоялась
77490412-ОК1,283023.700.000001,"Трактор колесный, тяговый класс менее 8 тс",14280489-1 Государственные закупки для КГУ «Келес қызмет» акимата Келесского района способом открытого конкурса,Трактор,9,103 821 417.00,Открытый конкурс,Закупка состоялась
77844416-ОК1,283023.700.000001,"Трактор колесный, тяговый класс менее 8 тс","14256568-1 Государственные закупки для ГУ «Отдел жилищно-коммунального хозяйства, пассажирского транспорта, автомобильных дорог и жилищной инспекции Мактааральского района» способом открытого конкурса",Трактор,2,23 071 426.00,Открытый конкурс,Закупка состоялась
74242873-ОК1,283023.700.000001,"Трактор колесный, тяговый класс менее 8 тс",14240141-1 Приобретение специального техники,Трактор,7,106 874 999.98,Открытый конкурс,Закупка состоялась
74083579-ОК2,283023.700.000001,"Трактор колесный, тяговый класс менее 8 тс",14248694-1 Приобретение трактора для КГУ «Актогайское хозяйство по охране лесов и животного мира»,Трактор,2,85 348 214.28,Открытый конкурс,Закупка состоялась
74006757-ОК3,283023.700.000001,"Трактор колесный, тяговый класс менее 8 тс",14248426-1 Приобретение трактора для КГУ «Карагандинское хозяйство по охране лесов и животного мира»,Трактор,1,42 669 642.86,Открытый конкурс,Закупка состоялась
74366176-ОК2,283023.700.000001,"Трактор колесный, тяговый класс менее 8 тс",14244331-1 Приобретение специальных техник (4) (повторная закупка),Трактор,7,106 874 999.98,Открытый конкурс,Закупка состоялась
74081961-ОК2,283023.700.000001,"Трактор колесный, тяговый класс менее 8 тс",14237021-1 Приобретение специальной техники,Трактор,8,65 000 000.00,Открытый конкурс,Закупка состоялась
77847363-ЗЦП1,283023.700.000001,"Трактор колесный, тяговый класс менее 8 тс",14171323-1 Приобретение транспортного средства (трактора),Трактор,1,15 780 000.00,Запрос ценовых предложений,Закупка состоялась
74584170-ОК3,283023.700.000001,"Трактор колесный, тяговый класс менее 8 тс","14149127-1 Государственная закупка для КГУ ""Шиелийское государственное учреждение по охране лесов и животного мира"" управления природных ресурсов и регулирования природопользования Кызылординской области",Трактор,1,50 000 000.00,Открытый конкурс,Закупка состоялась
74682028-ОК1,283023.700.000001,"Трактор колесный, тяговый класс менее 8 тс","14148311-1 Трактор колесный с навесным оборудованием, согласно технической спецификации",Трактор,1,18 429 464.29,Открытый конкурс,Закупка состоялась
73949875-ОК1,283023.700.000001,"Трактор колесный, тяговый класс менее 8 тс",14092360-1 Приобретение трактора с навесным оборудованием (согл. тех.спец),Трактор,1,24 026 785.71,Открытый конкурс,Закупка состоялась
77752887-ОК1,283023.700.000001,"Трактор колесный, тяговый класс менее 8 тс","14054525-1 Государственные закупки для ГУ ""Отдел жилищно-коммунального хозяйства, пассажирского транспорта, автомобильных дорог и жилищной инспекции Жетысайского района"" способом открытого конкурса",Трактор,2,23 071 426.00,Открытый конкурс,Закупка состоялась
77288145-ОК1,283023.700.000001,"Трактор колесный, тяговый класс менее 8 тс","14053537-1 Государственные закупки для ГУ ""Отдел жилищно-коммунального хозяйства Сайрамского района"" способом открытого конкурса",Трактор,7,80 749 991.00,Открытый конкурс,Закупка состоялась
72486004-ОК3,283023.700.000001,"Трактор колесный, тяговый класс менее 8 тс",13993713-1 Закуп специализированной техники,Трактор,6,33 000 000.00,Открытый конкурс,Закупка состоялась
74837464-ОК1,283023.700.000001,"Трактор колесный, тяговый класс менее 8 тс",13909559-2 Приобретение специальный техники,Трактор,8,65 000 000.00,Открытый конкурс,Закупка состоялась
74855697-ОК1,283023.700.000001,"Трактор колесный, тяговый класс менее 8 тс",13911385-1 Приобретение специальной техники,Трактор,7,106 874 999.98,Открытый конкурс,Закупка состоялась
74081609-ОК1,283023.700.000001,"Трактор колесный, тяговый класс менее 8 тс",13890263-1 Приобретение спец техники,Трактор,7,106 874 999.00,Открытый конкурс,Закупка состоялась
74837414-ОК1,283023.700.000001,"Трактор колесный, тяговый класс менее 8 тс",13889977-1 Приобретение специальный техника,Трактор,7,106 874 999.98,Открытый конкурс,Закупка состоялась
74006783-ОК1,283023.700.000001,"Трактор колесный, тяговый класс менее 8 тс","13802491-2 Приобретение трактора для КГУ ""Карагандинское хозяйство по охране лесов и животного мира""",Трактор,6,102 000 000.00,Открытый конкурс,Закупка состоялась
73978274-ОК1,283023.700.000001,"Трактор колесный, тяговый класс менее 8 тс","13802580-2 Приобретение трактора для КГУ ""Карагандинское хозяйство по охране лесов и животного мира""",Трактор,2,34 000 000.00,Открытый конкурс,Закупка состоялась
72830087-ОК2,291043.000.000001,"Автомобиль специализированный, тягач седельный, грузоподъемность более 12000 кг","15771131-1 Автомобиль специализированный, тягач седельный, грузоподъемность более 12000 кг",Автомобиль,1,32 857 142.86,Открытый конкурс,Закупка состоялась
72830087-ОК3,291043.000.000001,"Автомобиль специализированный, тягач седельный, грузоподъемность более 12000 кг","15196558-1 Автомобиль специализированный, тягач седельный, грузоподъемность более 12000 кг",Автомобиль,1,32 857 142.86,Открытый конкурс,Закупка состоялась
78331180-ОК2,291043.000.000001,"Автомобиль специализированный, тягач седельный, грузоподъемность более 12000 кг","14647946-1 Приобретение Автомобиль специализированный, тягач седельный ГУ ""Бейнеуский районный отдел жилищно-коммунального хозяйства, пассажирского транспорта и автомобильных дорог""",Автомобиль,1,31 250 000.00,Открытый конкурс,Закупка состоялась
78123105-ОК1,291043.000.000001,"Автомобиль специализированный, тягач седельный, грузоподъемность более 12000 кг",14569215-2 Приобретение транспортных средств,Автомобиль,1,55 580 357.14,Открытый конкурс,Закупка состоялась
76987427-ОК2,291043.000.000001,"Автомобиль специализированный, тягач седельный, грузоподъемность более 12000 кг","14573068-1 Приобретение специальной техники (специализированный, тягач седельный) для ГУ «Отдел жилищно-коммунального хозяйства, пассажирского транспорта и автомобильных дорог Каркаралинского района»",Автомобиль,1,32 764 285.71,Открытый конкурс,Закупка состоялась
74845528-ОК1,291043.000.000001,"Автомобиль специализированный, тягач седельный, грузоподъемность более 12000 кг",14284273-1 Автомобиль Седельный тягач,Автомобиль,1,54 687 500.00,Открытый конкурс,Закупка состоялась
77415362-ОК2,291043.000.000001,"Автомобиль специализированный, тягач седельный, грузоподъемность более 12000 кг",14177567-2 Приобретение автомобиля тягача,Автомобиль,1,36 607 142.86,Открытый конкурс,Закупка состоялась
73758600-ОК1,291043.000.000001,"Автомобиль специализированный, тягач седельный, грузоподъемность более 12000 кг","13713556-1 Государственные закупки для КГП на ПХВ ""Табигат"" управления природных ресурсов и регулирования природопользования Атырауской области",Автомобиль,2,110 300 000.00,Открытый конкурс,Закупка состоялась
80518306-ОК1,291030.300.000000,"Автобус класс 1, вместимость не более 10 мест, длина менее 6 м",15600938-1 Приобретение автотранспортных средств,Автобус,2,47 812 500.00,Открытый конкурс,Закупка состоялась
79152651-ОК3,291030.300.000000,"Автобус класс 1, вместимость не более 10 мест, длина менее 6 м",15141554-1 Приобретение специализированного автомобиля «Инватакси» для перевозки людей с ограниченными возможностями,Автобус,1,25 500 000.00,Открытый конкурс,Закупка состоялась
74118939-ЗЦП2,291030.300.000000,"Автобус класс 1, вместимость не более 10 мест, длина менее 6 м",15028853-1 приобретение автобуса для университета,Автобус,1,27 261 607.00,Запрос ценовых предложений,Закупка состоялась
78280466-ОК1,291030.300.000000,"Автобус класс 1, вместимость не более 10 мест, длина менее 6 м","14944964-1 Микроавтобус пассажирский для ГКП на праве хозяйственного ведения ""Өзен жылу"" акимата города Жанаозен",Автобус,2,39 580 000.00,Открытый конкурс,Закупка состоялась
76256374-ОК4,291030.300.000000,"Автобус класс 1, вместимость не более 10 мест, длина менее 6 м",14711869-1 Государственные закупки согласно конкурсной документации,Автобус,1,24 991 000.00,Открытый конкурс,Закупка состоялась
78711914-ОК2,291030.300.000000,"Автобус класс 1, вместимость не более 10 мест, длина менее 6 м","14673607-1 Автомобиль для перевозки лиц с ограниченными физическими возможностями (микроавтобус, инвотакси)",Автобус,1,25 500 000.00,Открытый конкурс,Закупка состоялась
78339289-ОК2,291030.300.000000,"Автобус класс 1, вместимость не более 10 мест, длина менее 6 м","14476686-1 Приобретение пассажирского автобуса для КГУ «Центр поддержки детей, нуждающихся в специальных социальных услугах, села Шакат» управления образования Павлодарской области",Автобус,1,18 580 000.00,Открытый конкурс,Закупка состоялась
78244959-ОК2,291030.300.000000,"Автобус класс 1, вместимость не более 10 мест, длина менее 6 м","14466849-1 Приобретение пассажирского автобуса для Коммунального государственного казенного предприятие «Жас ұрпақ» управления образования Павлодарской области, акимата Павлодарской области",Автобус,1,18 580 000.00,Открытый конкурс,Закупка состоялась
78009705-ОИ3,291030.300.000000,"Автобус класс 1, вместимость не более 10 мест, длина менее 6 м",14352267-1 Газель для перевозки инвалидов с задним подъемником согласно по техническому спецификация,Автобус,1,28 000 000.00,Из одного источника по несостоявшимся закупкам,Закупка состоялась
73839510-ОК2,291030.300.000000,"Автобус класс 1, вместимость не более 10 мест, длина менее 6 м",13854179-1 Приобретение автотранспортных средств,Автобус,1,22 500 000.00,Открытый конкурс,Закупка состоялась
74179156-ОК1,291030.300.000000,"Автобус класс 1, вместимость не более 10 мест, длина менее 6 м",13824170-1 Приобретение микроавтобуса для перевозки детей (согл.тех.спец),Автобус,1,21 428 572.00,Открытый конкурс,Закупка состоялась
81161616-ОИ2,291030.300.000001,"Автобус класс 1, вместимость не более 40 мест, длина 6-7,5 м","15823182-1 Приобретение служебной машины ""17 местного микроавтобуса""",Автобус,1,19 852 000.00,Из одного источника по несостоявшимся закупкам,Закупка состоялась
81397018-ОИ2,291030.300.000001,"Автобус класс 1, вместимость не более 40 мест, длина 6-7,5 м",15794888-1 Приобретение машины -микроавтобус,Автобус,1,19 862 000.00,Из одного источника по несостоявшимся закупкам,Закупка состоялась
81246643-ОИ2,291030.300.000001,"Автобус класс 1, вместимость не более 40 мест, длина 6-7,5 м",15779861-1 Приобретение автомобиля (микроавтобус) для подвоза детей,Автобус,1,20 000 000.00,Из одного источника по несостоявшимся закупкам,Закупка состоялась
81045654-ОИ2,291030.300.000001,"Автобус класс 1, вместимость не более 40 мест, длина 6-7,5 м","15711206-1 приобретение микроавтобуса, год выпуска не менее 2024",Автобус,1,22 000 000.00,Из одного источника по несостоявшимся закупкам,Закупка состоялась
77204129-ОК1,291030.300.000001,"Автобус класс 1, вместимость не более 40 мест, длина 6-7,5 м",15621457-1 Приобретение 14-местных микроавтобусов (согл.тех.спец),Автобус,12,175 188 000.00,Открытый конкурс,Закупка состоялась
80754181-ЗЦП2,291030.300.000001,"Автобус класс 1, вместимость не более 40 мест, длина 6-7,5 м",15609795-1 Приобретение автомашины Газель.,Автобус,1,20 855 000.00,Запрос ценовых предложений,Закупка состоялась
79630281-ОК2,291030.300.000001,"Автобус класс 1, вместимость не более 40 мест, длина 6-7,5 м",15503455-1 Приобретение микроавтобуса для школ Мугалжарского районного отдела образования,Автобус,1,20 190 000.00,Открытый конкурс,Закупка состоялась
79465272-ОК1,291030.300.000001,"Автобус класс 1, вместимость не более 40 мест, длина 6-7,5 м",15467996-2 Школьный автобус для перевозке детей,Автобус,1,22 613 000.00,Открытый конкурс,Закупка состоялась
80150036-ОК2,291030.300.000001,"Автобус класс 1, вместимость не более 40 мест, длина 6-7,5 м",15473421-1 Приобретение микроавтобуса для детей. Смотреть техническую спецификацию!,Автобус,2,64 000 000.00,Открытый конкурс,Закупка состоялась
80266825-ОИ3,291030.300.000001,"Автобус класс 1, вместимость не более 40 мест, длина 6-7,5 м",15394548-1 приобретение транспортное средство для перевозки людей согласно технической спецификации,Автобус,1,16 429 000.00,Из одного источника по несостоявшимся закупкам,Закупка состоялась
80229098-ОК1,291030.300.000001,"Автобус класс 1, вместимость не более 40 мест, длина 6-7,5 м","15370078-1 Автобус 17 (16+1) мест, пассажирский",Автобус,1,20 775 000.00,Открытый конкурс,Закупка состоялась
80260075-ОК1,291030.300.000001,"Автобус класс 1, вместимость не более 40 мест, длина 6-7,5 м",15368247-1 Приобретение пассажирского автобуса,Автобус,1,22 000 000.00,Открытый конкурс,Закупка состоялась
74340407-ОК2,291030.300.000001,"Автобус класс 1, вместимость не более 40 мест, длина 6-7,5 м",15272244-1 Микроавтобус (согласно технической спецификации),Автобус,2,52 839 285.72,Открытый конкурс,Закупка состоялась
79743176-ОК1,291030.300.000001,"Автобус класс 1, вместимость не более 40 мест, длина 6-7,5 м",15245866-1 Государственные закупки согласно конкурсной документации,Автобус,4,84 800 000.00,Открытый конкурс,Закупка состоялась
79942135-ОК1,291030.300.000001,"Автобус класс 1, вместимость не более 40 мест, длина 6-7,5 м",15230431-1 Приобретение автобуса (государственная закупка),Автобус,1,45 400 000.00,Открытый конкурс,Закупка состоялась
77354496-ОК2,291030.300.000001,"Автобус класс 1, вместимость не более 40 мест, длина 6-7,5 м","15218326-1 Приобретение автобуса для подвоза учащихся согласно технической спецификации для ОШ имени Абылайхана, с.Кызылагаш",Автобус,1,20 780 000.00,Открытый конкурс,Закупка состоялась
79793842-ОК1,291030.300.000001,"Автобус класс 1, вместимость не более 40 мест, длина 6-7,5 м",15187891-1 Приобретение автобуса для нужд ДП Актюбинской области.,Автобус,1,24 500 000.00,Открытый конкурс,Закупка состоялась
78749915-ОК1,291030.300.000001,"Автобус класс 1, вместимость не более 40 мест, длина 6-7,5 м",15143367-2 Приобретение микроавтобуса 16+1 для организации,Автобус,1,20 190 178.57,Открытый конкурс,Закупка состоялась
77989831-ОИ2,291030.300.000001,"Автобус класс 1, вместимость не более 40 мест, длина 6-7,5 м",15140317-1 Приобретение транспортного средств,Автобус,1,21 500 000.00,Из одного источника по несостоявшимся закупкам,Закупка состоялась
77062577-ОИ2,291030.300.000001,"Автобус класс 1, вместимость не более 40 мест, длина 6-7,5 м",15085117-1 Приобретение автомашина газель,Автобус,1,21 200 000.00,Из одного источника по несостоявшимся закупкам,Закупка состоялась
79113165-ОК1,291030.300.000001,"Автобус класс 1, вместимость не более 40 мест, длина 6-7,5 м","15053175-1 Государственная закупка для КГУ ""Кызылординский центр оказания специальных социальных услуг №2"" управления координации занятости и социальных программ Кызылординской области""",Автобус,1,28 500 000.00,Открытый конкурс,Закупка состоялась
78043275-ОИ2,291030.300.000001,"Автобус класс 1, вместимость не более 40 мест, длина 6-7,5 м","15047826-1 Приобретение микроавтобуса, количество мест: 17 (16+1) (согласно технической спецификации)",Автобус,1,20 250 000.00,Из одного источника по несостоявшимся закупкам,Закупка состоялась
78323993-ОК3,291030.300.000001,"Автобус класс 1, вместимость не более 40 мест, длина 6-7,5 м",15032727-1 Приобретение служебного пассажирского автобуса для КГУ «Пресновский центр социального обслуживания» акимата СКО управления координации занятости и социальных программ акимата СКО,Автобус,1,19 464 285.71,Открытый конкурс,Закупка состоялась
79457010-ОИ2,291030.300.000001,"Автобус класс 1, вместимость не более 40 мест, длина 6-7,5 м",15030626-1 Приобретение пассажирского автомобиля,Автобус,1,16 429 000.00,Из одного источника по несостоявшимся закупкам,Закупка состоялась
79408541-ЗЦП3,291030.300.000001,"Автобус класс 1, вместимость не более 40 мест, длина 6-7,5 м",14974553-1 Приобретение автомашина газель,Автобус,1,24 035 714.29,Запрос ценовых предложений,Закупка состоялась
79253391-ОИ4,291030.300.000001,"Автобус класс 1, вместимость не более 40 мест, длина 6-7,5 м",14933256-1 Приобретение микравтобус. Пассажирский 15+1 человек,Автобус,1,23 214 285.71,Из одного источника по несостоявшимся закупкам,Закупка состоялась
79361709-ЗЦП2,291030.300.000001,"Автобус класс 1, вместимость не более 40 мест, длина 6-7,5 м",14933226-1 Приобретение нового Микроавтобуса,Автобус,1,27 678 571.43,Запрос ценовых предложений,Закупка состоялась
74326524-ОК1,291030.300.000001,"Автобус класс 1, вместимость не более 40 мест, длина 6-7,5 м","14893580-1 Государственная закупка для ГУ ""Детский центр оказания специальных социальных услуг"" управления координации занятости и социальных программ Кызылординской области""",Автобус,1,19 886 000.00,Открытый конкурс,Закупка состоялась
79062834-ОК1,291030.300.000001,"Автобус класс 1, вместимость не более 40 мест, длина 6-7,5 м","14886400-1 Автобус 17 (16+1) мест, пассажирский",Автобус,1,19 900 000.00,Открытый конкурс,Закупка состоялась
74715822-ОК1,291030.300.000001,"Автобус класс 1, вместимость не более 40 мест, длина 6-7,5 м",14863892-1 Приобретение микроавтобусов 16+1 мест для школ Кызылжарского района,Автобус,2,41 560 000.00,Открытый конкурс,Закупка состоялась
78330116-ОИ2,291030.300.000001,"Автобус класс 1, вместимость не более 40 мест, длина 6-7,5 м",14862140-1 Закуп автомобиля для перевозок лиц с ограниченными возможностями,Автобус,1,22 290 000.00,Из одного источника по несостоявшимся закупкам,Закупка состоялась
78466737-ОК1,291030.300.000001,"Автобус класс 1, вместимость не более 40 мест, длина 6-7,5 м",14849037-1 Приобретение автобуса для КГУ «Круглоозерновский центр оказания специальных социальных услуг Управления координации занятости и социальных программ Западно-Казахстанской области»,Автобус,1,45 000 000.00,Открытый конкурс,Закупка состоялась
75987329-ОИ2,291030.300.000001,"Автобус класс 1, вместимость не более 40 мест, длина 6-7,5 м","14846985-1 Приобретение служебного автобуса, согласно технической спецификации",Автобус,1,20 800 000.00,Из одного источника по несостоявшимся закупкам,Закупка состоялась
75035646-ОИ2,291030.300.000001,"Автобус класс 1, вместимость не более 40 мест, длина 6-7,5 м",14770221-1 Приобретение микроавтобуса для перевозки детей,Автобус,1,19 862 000.00,Из одного источника по несостоявшимся закупкам,Закупка состоялась
74879463-ЗЦП2,291030.300.000001,"Автобус класс 1, вместимость не более 40 мест, длина 6-7,5 м",14748370-1 Приобретение микроавтобуса 16+1 мест согласно технической спецификации,Автобус,1,20 190 000.00,Запрос ценовых предложений,Закупка состоялась
78571334-ОК1,291030.300.000001,"Автобус класс 1, вместимость не более 40 мест, длина 6-7,5 м","14740226-1 Приобретение автобуса для ГККП ""Детская школа искусств"" отдела образования Бурлинского района управления образования акимата ЗКО""",Автобус,1,22 000 000.00,Открытый конкурс,Закупка состоялась
77452455-ОИ5,291030.300.000001,"Автобус класс 1, вместимость не более 40 мест, длина 6-7,5 м",14689253-1 приобретение Микроавтобуса не менее на 15 пассажирских мест,Автобус,1,18 750 000.00,Из одного источника по несостоявшимся закупкам,Закупка состоялась
74204846-ОК1,291030.300.000001,"Автобус класс 1, вместимость не более 40 мест, длина 6-7,5 м","14641606-2 Школьные автобусы для КГУ ""Управление городской мобильности города Алматы""",Автобус,100,4 932 000 000.00,Открытый конкурс,Закупка состоялась
77986462-ОК3,291030.300.000001,"Автобус класс 1, вместимость не более 40 мест, длина 6-7,5 м","14683246-1 Государственные закупки для ГУ ""Отдел жилищно-коммунального хозяйства, пассажирского транспорта, автомобильных дорог и жилищной инспекции Макатского района""(повторно)",Автобус,1,31 964 285.72,Открытый конкурс,Закупка состоялась
78613602-ОИ2,291030.300.000001,"Автобус класс 1, вместимость не более 40 мест, длина 6-7,5 м",14672579-1 Приобретение микроавтобусов для школы Есильского района СКО,Автобус,2,29 880 000.00,Из одного источника по несостоявшимся закупкам,Закупка состоялась
76680486-ОК2,291030.300.000001,"Автобус класс 1, вместимость не более 40 мест, длина 6-7,5 м","14655961-1 Государственная закупка для КГУ ""Областная детская деревня семейного типа и дом юношества"" Управления образования Атырауской области""",Автобус,1,30 357 142.85,Открытый конкурс,Закупка состоялась
78664474-ОИ4,291030.300.000001,"Автобус класс 1, вместимость не более 40 мест, длина 6-7,5 м",14635753-1 Закуп микроавтобуса для учреждения,Автобус,1,19 862 000.00,Из одного источника по несостоявшимся закупкам,Закупка состоялась
78283905-ОИ2,291030.300.000001,"Автобус класс 1, вместимость не более 40 мест, длина 6-7,5 м",14633969-1 специальный автотранспорт для организации,Автобус,1,21 428 571.43,Из одного источника по несостоявшимся закупкам,Закупка состоялась
75368945-ОК1,291030.300.000001,"Автобус класс 1, вместимость не более 40 мест, длина 6-7,5 м","14626636-1 Автобус (Уважаемый потенциальный поставщик, прежде чем подавать заявку на участие в данном лоте,пожалуйста, внимательно ознакомьтесь с техническими спецификациями)",Автобус,1,78 000 000.00,Открытый конкурс,Закупка состоялась
75444873-ОИ2,291030.300.000001,"Автобус класс 1, вместимость не более 40 мест, длина 6-7,5 м",14621456-1 Приобретение товара - Автотранспорт,Автобус,1,20 808 000.00,Из одного источника по несостоявшимся закупкам,Закупка состоялась
73673778-ОК1,291030.300.000001,"Автобус класс 1, вместимость не более 40 мест, длина 6-7,5 м",14614036-1 Приобретение пассажирского автобуса для КГУ «Шалдайский психоневрологический центр оказания специальных социальных услуг» управления координации занятости и социальных программ Павлодарской области,Автобус,1,19 862 000.00,Открытый конкурс,Закупка состоялась
77412218-ОК2,291030.300.000001,"Автобус класс 1, вместимость не более 40 мест, длина 6-7,5 м",14610594-1 Приобретение микроавтобуса для школы Астраханского района Акмолинской области,Автобус,1,18 580 000.00,Открытый конкурс,Закупка состоялась
78647502-ОИ2,291030.300.000001,"Автобус класс 1, вместимость не более 40 мест, длина 6-7,5 м",14556705-1 Приобретение Микроавтобус для спорт школы,Автобус,1,20 700 000.00,Из одного источника по несостоявшимся закупкам,Закупка состоялась
78303604-ОК1,291030.300.000001,"Автобус класс 1, вместимость не более 40 мест, длина 6-7,5 м",14468233-2 Приобретение служебного автотранспорта,Автобус,1,20 535 714.29,Открытый конкурс,Закупка состоялась
78087183-ОК1,291030.300.000001,"Автобус класс 1, вместимость не более 40 мест, длина 6-7,5 м",14503617-1 Приобретение микроавтобуса (согл.тех.спец),Автобус,5,99 310 000.00,Открытый конкурс,Закупка состоялась
78272776-ОИ3,291030.300.000001,"Автобус класс 1, вместимость не более 40 мест, длина 6-7,5 м",14498524-1 Микроавтобус пассажирский 15 местный/,Автобус,1,17 300 000.00,Из одного источника по несостоявшимся закупкам,Закупка состоялась
74812011-ОК1,291030.300.000001,"Автобус класс 1, вместимость не более 40 мест, длина 6-7,5 м",14490734-1 Приобретение школьного автобуса для ГУ Отдел образования по Зерендинскому району Акмолинской области,Автобус,1,27 200 000.00,Открытый конкурс,Закупка состоялась
78411608-ОИ2,291030.300.000001,"Автобус класс 1, вместимость не более 40 мест, длина 6-7,5 м",14485987-1 Микроавтобус (ГАЗЕЛЬ пассажирская),Автобус,1,20 000 000.00,Из одного источника по несостоявшимся закупкам,Закупка состоялась
78259635-ОК2,291030.300.000001,"Автобус класс 1, вместимость не более 40 мест, длина 6-7,5 м","14476613-1 Приобретение пассажирского автобуса для КГУ «Центр поддержки детей, нуждающихся в специальных социальных услугах, села Успенка» управления образования Павлодарской области",Автобус,1,18 580 000.00,Открытый конкурс,Закупка состоялась
78239521-ОК2,291030.300.000001,"Автобус класс 1, вместимость не более 40 мест, длина 6-7,5 м","14475530-1 Приобретение пассажирского автобуса для КГУ «Региональный центр поддержки детей, нуждающихся в специальных социальных услугах",Автобус,1,18 580 000.00,Открытый конкурс,Закупка состоялась
78363346-ОК2,291030.300.000001,"Автобус класс 1, вместимость не более 40 мест, длина 6-7,5 м","14475232-1 Приобретение пассажирского автобуса для Коммунального государственного учреждение «Детская деревня семейного типа села Кенжеколь» управления образования Павлодарской области, акимата Павлодарской области",Автобус,1,18 580 000.00,Открытый конкурс,Закупка состоялась
78475745-ОК1,291030.300.000001,"Автобус класс 1, вместимость не более 40 мест, длина 6-7,5 м","14475139-1 Приобретение Автобус малого класса для ГКП на праве хозяйственного ведения ""ОЗЕНИНВЕСТ"" акимата города Жанаозен",Автобус,1,30 700 000.00,Открытый конкурс,Закупка состоялась
78263363-ОК2,291030.300.000001,"Автобус класс 1, вместимость не более 40 мест, длина 6-7,5 м","14471540-1 Приобретение пассажирского автобуса для КГУ «Центр поддержки детей, нуждающихся в специальных социальных услугах «ҮмІт» города Экибастуза» управления образования Павлодарской области",Автобус,1,18 580 000.00,Открытый конкурс,Закупка состоялась
76669778-ОИ2,291030.300.000001,"Автобус класс 1, вместимость не более 40 мест, длина 6-7,5 м",14467527-1 Закуп микроавтобуса для учреждения,Автобус,1,18 500 000.00,Из одного источника по несостоявшимся закупкам,Закупка состоялась
78333855-ОК2,291030.300.000001,"Автобус класс 1, вместимость не более 40 мест, длина 6-7,5 м","14464081-1 Приобретение пассажирского автобуса для КГУ «Детская деревня семейного типа города Павлодара» управления образования Павлодарской области, акимата Павлодарской области",Автобус,1,18 580 000.00,Открытый конкурс,Закупка состоялась
77205741-ОИ2,291030.300.000001,"Автобус класс 1, вместимость не более 40 мест, длина 6-7,5 м",14439676-1 автомбиль пассажирский согласно технической спецификации,Автобус,1,21 416 964.30,Из одного источника по несостоявшимся закупкам,Закупка состоялась
78133690-ОК2,291030.300.000001,"Автобус класс 1, вместимость не более 40 мест, длина 6-7,5 м",14431011-1 Приобретение автотранспортных средств,Автобус,2,38 932 142.86,Открытый конкурс,Закупка состоялась
78439245-ОК1,291030.300.000001,"Автобус класс 1, вместимость не более 40 мест, длина 6-7,5 м","14426445-1 Приобретение пассажирского автобуса для КГУ «Специальная школа – интернат №7» управления образования Павлодарской области, акимата Павлодарской области",Автобус,1,18 580 000.00,Открытый конкурс,Закупка состоялась
76993849-ОИ3,291030.300.000001,"Автобус класс 1, вместимость не более 40 мест, длина 6-7,5 м",14415483-1 Приобретение транспорта для перевозки учащихся,Автобус,1,18 580 000.00,Из одного источника по несостоявшимся закупкам,Закупка состоялась
78133040-ОИ3,291030.300.000001,"Автобус класс 1, вместимость не более 40 мест, длина 6-7,5 м",14401572-1 Приобретение автобуса/Avtobys satyp aly,Автобус,1,18 917 000.00,Из одного источника по несостоявшимся закупкам,Закупка состоялась
78122150-ОИ4,291030.300.000001,"Автобус класс 1, вместимость не более 40 мест, длина 6-7,5 м",14396564-1 Приобретние служебного пассажирского автобуса,Автобус,1,19 562 000.00,Из одного источника по несостоявшимся закупкам,Закупка состоялась
78154272-ОИ3,291030.300.000001,"Автобус класс 1, вместимость не более 40 мест, длина 6-7,5 м",14368227-1 Приобретние служебного пассажирского автобуса,Автобус,1,19 862 000.00,Из одного источника по несостоявшимся закупкам,Закупка состоялась
74662386-ОИ4,291030.300.000001,"Автобус класс 1, вместимость не более 40 мест, длина 6-7,5 м",14349422-1 Автобус малого класса,Автобус,1,24 500 000.00,Из одного источника по несостоявшимся закупкам,Закупка состоялась
78264216-ЗЦП2,291030.300.000001,"Автобус класс 1, вместимость не более 40 мест, длина 6-7,5 м","14336527-1 Автобус класс 3, вместимость не более 40 мест, длина менее 6-7,5 м (ГАЗ A65R33)",Автобус,1,19 862 000.00,Запрос ценовых предложений,Закупка состоялась
78109156-ЗЦП2,291030.300.000001,"Автобус класс 1, вместимость не более 40 мест, длина 6-7,5 м",14307847-1 Микро автобус 16 + 1 местный.,Автобус,1,19 900 000.00,Запрос ценовых предложений,Закупка состоялась
77941605-ОК1,291030.300.000001,"Автобус класс 1, вместимость не более 40 мест, длина 6-7,5 м","14301026-1 Приобретение служебного пассажирского автобуса для КГУ ""Областная специализированная школа-интернат-колледж олимпийского резерва имени Есет батыра"" ГУ ""Управление физической культуры и спорта Актюбинской области""",Автобус,1,35 000 000.00,Открытый конкурс,Закупка состоялась
76323563-ОК2,291030.300.000001,"Автобус класс 1, вместимость не более 40 мест, длина 6-7,5 м",14290697-1 Приобретение вахтового автобуса,Автобус,1,54 910 714.29,Открытый конкурс,Закупка состоялась
77104088-ЗЦП4,291030.300.000001,"Автобус класс 1, вместимость не более 40 мест, длина 6-7,5 м","14269419-1 Минивен,цвет черный,автомат,бензин,не менее 2024 года",Автобус,1,27 901 785.70,Запрос ценовых предложений,Закупка состоялась
74007833-ОК1,291030.300.000001,"Автобус класс 1, вместимость не более 40 мест, длина 6-7,5 м",14250856-1 Приобретение микроавтобусов для КГУ «Отдел образования Айыртауского района» КГУ «Управление образования акимата Северо-Казахстанской области»,Автобус,2,28 640 000.00,Открытый конкурс,Закупка состоялась
76815973-ОИ3,291030.300.000001,"Автобус класс 1, вместимость не более 40 мест, длина 6-7,5 м",14250808-1 Приобретение служебного пассажирского автобуса,Автобус,1,19 862 850.00,Из одного источника по несостоявшимся закупкам,Закупка состоялась
78086962-ОК1,291030.300.000001,"Автобус класс 1, вместимость не более 40 мест, длина 6-7,5 м",14246607-1 Приобретение автомобиля (согл.тех.спец),Автобус,5,145 000 000.00,Открытый конкурс,Закупка состоялась
77089729-ОК2,291030.300.000001,"Автобус класс 1, вместимость не более 40 мест, длина 6-7,5 м",14236365-1 Приобретение микроавтобуса ㅤ,Автобус,2,70 000 000.00,Открытый конкурс,Закупка состоялась
73851649-ОК1,291030.300.000001,"Автобус класс 1, вместимость не более 40 мест, длина 6-7,5 м",14197058-1 Приобретение автобуса для перевозки детей,Автобус,1,38 500 000.00,Открытый конкурс,Закупка состоялась
75857196-ОК1,291030.300.000001,"Автобус класс 1, вместимость не более 40 мест, длина 6-7,5 м",14184704-2 Приобретение Автотранспорта (Автобус),Автобус,1,63 950 000.00,Открытый конкурс,Закупка состоялась
72485067-ОИ5,291030.300.000001,"Автобус класс 1, вместимость не более 40 мест, длина 6-7,5 м",14186709-1 Закупка на приобретение микроавтобуса,Автобус,1,17 696 000.00,Из одного источника по несостоявшимся закупкам,Закупка состоялась
74415191-ОИ3,291030.300.000001,"Автобус класс 1, вместимость не более 40 мест, длина 6-7,5 м",14185083-1 Приобретение микроавтобуса для гккп,Автобус,1,18 500 000.00,Из одного источника по несостоявшимся закупкам,Закупка состоялась
77818905-ОК1,291030.300.000001,"Автобус класс 1, вместимость не более 40 мест, длина 6-7,5 м",14179758-1 Приобретение Микроавтобуса (полноприводная) Количество мест 13+1 водительское место для общеобразовательной школы Куншалган отдела образовании Ерейментауского района для перевозки учеников,Автобус,1,16 517 857.14,Открытый конкурс,Закупка состоялась
76017888-ОК2,291030.300.000001,"Автобус класс 1, вместимость не более 40 мест, длина 6-7,5 м","14052675-2 Приобретение служебного пассажирского автобуса для КГУ ""Территориальный центр социального обслуживания населения района Үлкен Нарын""",Автобус,1,18 200 000.00,Открытый конкурс,Закупка состоялась
74931576-ОК1,291030.300.000001,"Автобус класс 1, вместимость не более 40 мест, длина 6-7,5 м",14093023-1 Приобретение специализированного автомобиля инватакси для перевозки для людей с ограниченными возможностями (инвалидностью),Автобус,10,238 000 000.00,Открытый конкурс,Закупка состоялась
75192929-ОИ2,291030.300.000001,"Автобус класс 1, вместимость не более 40 мест, длина 6-7,5 м",14092528-1 Закупка на приобретение микроавтобуса,Автобус,1,18 590 000.00,Из одного источника по несостоявшимся закупкам,Закупка состоялась
75071722-ОИ3,291030.300.000001,"Автобус класс 1, вместимость не более 40 мест, длина 6-7,5 м",14080661-1 Газель для перевозки инвалидов с задним подъемником согласно по техническому спецификация,Автобус,1,28 000 000.00,Из одного источника по несостоявшимся закупкам,Закупка состоялась
74811943-ОК2,291030.300.000001,"Автобус класс 1, вместимость не более 40 мест, длина 6-7,5 м",14073511-1 Приобретение микроавтобуса для школы Зерендинского района Акмолинской области,Автобус,1,18 580 000.00,Открытый конкурс,Закупка состоялась
76778678-ЗЦП1,291030.300.000001,"Автобус класс 1, вместимость не более 40 мест, длина 6-7,5 м",14019854-1 Приобретение автомобиля (микроавтобус).,Автобус,1,23 500 000.00,Запрос ценовых предложений,Закупка состоялась
76270310-ОК1,291030.300.000001,"Автобус класс 1, вместимость не более 40 мест, длина 6-7,5 м",13990159-1 Приобретение микроавтобуса для междугородних перевозок,Автобус,1,17 696 000.00,Открытый конкурс,Закупка состоялась
76786357-ОИ4,291030.300.000001,"Автобус класс 1, вместимость не более 40 мест, длина 6-7,5 м",13874006-1 Приобретение пассажирского микроавтобуса,Автобус,1,17 857 142.85,Из одного источника по несостоявшимся закупкам,Закупка состоялась
72353975-ОИ4,291030.300.000001,"Автобус класс 1, вместимость не более 40 мест, длина 6-7,5 м","13868606-1 Приобретение микроавтобуса для КГУ ""ДЮСШ г.Аксу""",Автобус,1,18 500 000.00,Из одного источника по несостоявшимся закупкам,Закупка состоялась
75930329-ОК2,291030.300.000001,"Автобус класс 1, вместимость не более 40 мест, длина 6-7,5 м","13807163-1 Государственные закупки для КГУ ""Территориальный центр социального обслуживания одиноких пенсионеров и инвалидов"" государственного учреждения ""Отдел занятости, социальных программ и регистрации актов гражданского состояния Жылыойского района""",Автобус,2,48 214 286.00,Открытый конкурс,Закупка состоялась
75242080-ОИ2,291030.300.000001,"Автобус класс 1, вместимость не более 40 мест, длина 6-7,5 м",13749260-1 Приобретение автобуса согласно техспецификации,Автобус,1,23 500 000.00,Из одного источника по несостоявшимся закупкам,Закупка состоялась
76274203-ОК1,291030.300.000001,"Автобус класс 1, вместимость не более 40 мест, длина 6-7,5 м",13688350-1 Приобретение микроавтобуса для КГУ Общеобразовательной школы села Новобратское,Автобус,1,18 750 000.00,Открытый конкурс,Закупка состоялась
76657514-ОК1,291030.300.000001,"Автобус класс 1, вместимость не более 40 мест, длина 6-7,5 м",13680697-1 Приобрете ние автобуса,Автобус,1,35 000 000.00,Открытый конкурс,Закупка состоялась
72638568-ОИ3,291030.300.000001,"Автобус класс 1, вместимость не более 40 мест, длина 6-7,5 м","13548010-1 Приобретение микроавтобуса для КГУ ""Детско-юношеская спортивная школа ""Жасыбай""",Автобус,1,18 500 000.00,Из одного источника по несостоявшимся закупкам,Закупка состоялась
79999102-ОК2,291030.300.000002,"Автобус класс 1, вместимость не более 65 мест, длина 8-9,5 м",15457576-1 Автомобиль повышенной проходимости с автономным пасажирским салоном (вахтовка),Автобус,1,69 495 535.71,Открытый конкурс,Закупка состоялась
79015685-ОК1,291030.300.000002,"Автобус класс 1, вместимость не более 65 мест, длина 8-9,5 м",14735751-2 Автомобиль повышенной проходимости с автономным пасажирским салоном (вахтовка),Автобус,1,69 495 535.00,Открытый конкурс,Закупка состоялась
72445541-ОИ5,291030.300.000002,"Автобус класс 1, вместимость не более 65 мест, длина 8-9,5 м","14185446-1 Приобретение автобуса для КГКП «Павлодарская областная филармония имени Исы Байзакова» управления культуры, развития языков и архивного дела Павлодарской области, акимата Павлодарской области",Автобус,1,59 821 429.00,Из одного источника по несостоявшимся закупкам,Закупка состоялась
76107176-ОК1,291030.300.000002,"Автобус класс 1, вместимость не более 65 мест, длина 8-9,5 м",14113079-2 Приобретение автотранспорта (автобус),Автобус,1,73 490 000.00,Открытый конкурс,Закупка состоялась
72285260-ОИ5,291030.300.000002,"Автобус класс 1, вместимость не более 65 мест, длина 8-9,5 м",14029039-1 Автобус для театра,Автобус,1,59 821 428.58,Из одного источника по несостоявшимся закупкам,Закупка состоялась
76973507-ОИ3,291030.300.000002,"Автобус класс 1, вместимость не более 65 мест, длина 8-9,5 м",13907889-1 Приобретение школьного автобуса,Автобус,1,29 000 000.00,Из одного источника по несостоявшимся закупкам,Закупка состоялась
77219498-ОК2,291030.300.000002,"Автобус класс 1, вместимость не более 65 мест, длина 8-9,5 м",13884230-1 Объявление о закупках автобуса,Автобус,1,43 000 000.00,Открытый конкурс,Закупка состоялась
74112165-ОИ3,291030.300.000002,"Автобус класс 1, вместимость не более 65 мест, длина 8-9,5 м",13755901-1 Автобус согласно технической спецификации,Автобус,1,35 500 000.00,Из одного источника по несостоявшимся закупкам,Закупка состоялась
72377491-ОК4,291030.300.000002,"Автобус класс 1, вместимость не более 65 мест, длина 8-9,5 м",13740705-1 Приобретение автобуса для КДЦ им С.Торайгыров,Автобус,1,40 178 571.43,Открытый конкурс,Закупка состоялась
80304687-ОК3,291030.300.000003,"Автобус класс 1, вместимость не более 110 мест, длина 10,5-12 м",15539286-1 Приобретение автобуса для перевозки детей,Автобус,1,60 714 286.00,Открытый конкурс,Закупка состоялась
80319745-ОК2,291030.300.000003,"Автобус класс 1, вместимость не более 110 мест, длина 10,5-12 м",15502775-1 Государственные закупки автобуса,Автобус,1,77 700 000.00,Открытый конкурс,Закупка состоялась
74198031-ОК1,291030.300.000003,"Автобус класс 1, вместимость не более 110 мест, длина 10,5-12 м","14641943-1 Приобретение газовых автобусов для обслуживания городских маршрутов (12 метров) для КГУ ""Управление городской мобильности города Алматы""",Автобус,320,33 478 400 000.00,Открытый конкурс,Закупка состоялась
74349495-ОК1,291030.300.000003,"Автобус класс 1, вместимость не более 110 мест, длина 10,5-12 м","14641816-1 Приобретение газовых автобусов для обслуживания городских маршрутов (12 метров) для КГУ ""Управление городской мобильности города Алматы""",Автобус,230,23 000 000 000.00,Открытый конкурс,Закупка состоялась
74179505-ОК1,291030.300.000004,"Автобус класс 1, вместимость не более 110 мест, длина 16,5 м и более","14642092-1 Приобретение газовых автобусов для обслуживания городских маршрутов (18 метров) для КГУ ""Управление городской мобильности города Алматы""",Автобус,50,8 050 000 000.00,Открытый конкурс,Закупка состоялась
77940339-ОК4,291030.300.000005,"Автобус класс 2, вместимость не более 40 мест, длина 5-7,5 м",15774686-1 Об организации и проведении повторных электронных государственных закупок автобусов способом открытого конкурса,Автобус,2,21 600 000.00,Открытый конкурс,Закупка состоялась
80518308-ОК2,291030.300.000005,"Автобус класс 2, вместимость не более 40 мест, длина 5-7,5 м",15724090-1 Государственная закупка товара для ГУ «Департамент полиции Павлодарской области Министерства внутренних дел Республики Казахстан» способом открытого конкурса,Автобус,4,84 800 000.00,Открытый конкурс,Закупка состоялась
80473779-ОК1,291030.300.000005,"Автобус класс 2, вместимость не более 40 мест, длина 5-7,5 м",15472328-1 Приобретение автомобильного транспорта (СЦ3),Автобус,1,22 000 000.00,Открытый конкурс,Закупка состоялась
80430316-ОК1,291030.300.000005,"Автобус класс 2, вместимость не более 40 мест, длина 5-7,5 м",15446622-1 Приобретение автомобильного транспорта (ЦАД),Автобус,1,22 000 000.00,Открытый конкурс,Закупка состоялась
80011457-ОК1,291030.300.000005,"Автобус класс 2, вместимость не более 40 мест, длина 5-7,5 м",15444371-1 Автомобиль категории D1 для филиала НАО по Жамбылской области,Автобус,1,15 872 000.00,Открытый конкурс,Закупка состоялась
80397837-ОК1,291030.300.000005,"Автобус класс 2, вместимость не более 40 мест, длина 5-7,5 м",15439606-1 Приобретение служебного Микроавтобуса для КГКП «Актогайского культурно досугового центра» Актогайского района Карагандинской области,Автобус,1,21 000 000.00,Открытый конкурс,Закупка состоялась
79917753-ОК1,291030.300.000005,"Автобус класс 2, вместимость не более 40 мест, длина 5-7,5 м","15411116-2 Приобретение микроавтобуса для КГУ ""Жасыл ел Абай"" управления природных ресурсов и регулирования природопользования области Абай",Автобус,1,18 026 785.71,Открытый конкурс,Закупка состоялась
77002018-ЗЦП1,291030.300.000005,"Автобус класс 2, вместимость не более 40 мест, длина 5-7,5 м",15414588-1 междугородний пассажирский автобус (согласно тех.спецификации),Автобус,1,21 000 000.00,Запрос ценовых предложений,Закупка состоялась
80101175-ОК2,291030.300.000005,"Автобус класс 2, вместимость не более 40 мест, длина 5-7,5 м",15401158-1 Об организации и проведении электронных государственных закупок автобуса способом открытого конкурса,Автобус,1,24 484 000.00,Открытый конкурс,Закупка состоялась
79711466-ОК1,291030.300.000005,"Автобус класс 2, вместимость не более 40 мест, длина 5-7,5 м",15365061-2 Автобус школьный для перевозки детей,Автобус,1,29 200 000.00,Открытый конкурс,Закупка состоялась
79805546-ОИ4,291030.300.000005,"Автобус класс 2, вместимость не более 40 мест, длина 5-7,5 м","15199449-1 Микроавтобус класс D, автоматическая трансмиссия, объем до 2500 куб.см//",Автобус,1,20 700 000.00,Из одного источника по несостоявшимся закупкам,Закупка состоялась
74587226-ОК1,291030.300.000005,"Автобус класс 2, вместимость не более 40 мест, длина 5-7,5 м",15197305-1 Приобретение междугороднего автобуса для ФК Окжетпес,Автобус,1,83 295 000.00,Открытый конкурс,Закупка состоялась
78430364-ОИ3,291030.300.000005,"Автобус класс 2, вместимость не более 40 мест, длина 5-7,5 м",15190616-1 Приобретение транспорта микроавтобус,Автобус,1,20 700 000.00,Из одного источника по несостоявшимся закупкам,Закупка состоялась
78272776-ОИ2,291030.300.000005,"Автобус класс 2, вместимость не более 40 мест, длина 5-7,5 м",15167222-1 Микроавтобус пассажирский 17 +1местный,Автобус,1,20 700 000.00,Из одного источника по несостоявшимся закупкам,Закупка состоялась
79009003-ОК1,291030.300.000005,"Автобус класс 2, вместимость не более 40 мест, длина 5-7,5 м",15166412-1 Приобретение школьного автобуса,Автобус,1,38 805 000.00,Открытый конкурс,Закупка состоялась
79693863-ОИ2,291030.300.000005,"Автобус класс 2, вместимость не более 40 мест, длина 5-7,5 м",15134805-1 Приобретение автобуса (согласно технической спецификации),Автобус,1,22 000 000.00,Из одного источника по несостоявшимся закупкам,Закупка состоялась
77719523-ОИ4,291030.300.000005,"Автобус класс 2, вместимость не более 40 мест, длина 5-7,5 м",15077946-1 приобретение автобуса для Тайсойганского округа,Автобус,1,19 860 000.00,Из одного источника по несостоявшимся закупкам,Закупка состоялась
79440256-ОИ2,291030.300.000005,"Автобус класс 2, вместимость не более 40 мест, длина 5-7,5 м",15059304-1 Приобретение автобуса для перевозки детей,Автобус,1,27 440 000.00,Из одного источника по несостоявшимся закупкам,Закупка состоялась
77522020-ОК2,291030.300.000005,"Автобус класс 2, вместимость не более 40 мест, длина 5-7,5 м",15032930-1 Приобретение автотранспортное средство для перевозки лиц с инвалидностью (согл.тех.спец),Автобус,1,21 428 571.43,Открытый конкурс,Закупка состоялась
77924942-ОИ2,291030.300.000005,"Автобус класс 2, вместимость не более 40 мест, длина 5-7,5 м",14972024-1 Приобретение нового автобуса,Автобус,1,20 780 000.00,Из одного источника по несостоявшимся закупкам,Закупка состоялась
77876012-ОК3,291030.300.000005,"Автобус класс 2, вместимость не более 40 мест, длина 5-7,5 м",14938001-1 Государственная закупка товара для ГУ «Департамент полиции города Алматы Министерства внутренних дел Республики Казахстан» способом открытого конкурса,Автобус,5,106 500 000.00,Открытый конкурс,Закупка состоялась
79234035-ОИ2,291030.300.000005,"Автобус класс 2, вместимость не более 40 мест, длина 5-7,5 м",14868006-1 Приобретение Микроавтобус пассажирский 17 (16+1),Автобус,1,21 202 000.00,Из одного источника по несостоявшимся закупкам,Закупка состоялась
78701801-ОК1,291030.300.000005,"Автобус класс 2, вместимость не более 40 мест, длина 5-7,5 м","14780155-2 Автобус пассажирский для ТОО ""Қызылжар су""",Автобус,1,29 750 000.00,Открытый конкурс,Закупка состоялась
78935848-ОИ2,291030.300.000005,"Автобус класс 2, вместимость не более 40 мест, длина 5-7,5 м",14714603-1 Приобретение транспорта микроавтобус,Автобус,1,20 700 000.00,Из одного источника по несостоявшимся закупкам,Закупка состоялась
74321474-ОИ2,291030.300.000005,"Автобус класс 2, вместимость не более 40 мест, длина 5-7,5 м",14699672-1 Автомобиль для перевозки лиц с ограниченными возможностями,Автобус,1,27 723 214.28,Из одного источника по несостоявшимся закупкам,Закупка состоялась
75641516-ОИ2,291030.300.000005,"Автобус класс 2, вместимость не более 40 мест, длина 5-7,5 м",14675756-1 Приобретение нового микроавтобуса,Автобус,1,16 964 285.00,Из одного источника по несостоявшимся закупкам,Закупка состоялась
78785148-ОК1,291030.300.000005,"Автобус класс 2, вместимость не более 40 мест, длина 5-7,5 м",14595886-2 Приобретение автобуса (согласно технической спецификации),Автобус,2,41 400 000.00,Открытый конкурс,Закупка состоялась
78435744-ОК2,291030.300.000005,"Автобус класс 2, вместимость не более 40 мест, длина 5-7,5 м","14560328-1 Приобретение Микроавтобус Комфорт класс для ГККП на праве оперативного управления ""Ата мұра"" акимата города Жанаозен для ГККП на праве оперативного управления ""Ата мұра"" акимата города Жанаозен",Автобус,1,28 571 428.57,Открытый конкурс,Закупка состоялась
78597180-ОИ2,291030.300.000005,"Автобус класс 2, вместимость не более 40 мест, длина 5-7,5 м","14550567-1 Микроавтобус класс D, автоматическая трансмиссия, объем до 2500 куб.см",Автобус,1,20 700 000.00,Из одного источника по несостоявшимся закупкам,Закупка состоялась
71078538-ОИ4,291030.300.000005,"Автобус класс 2, вместимость не более 40 мест, длина 5-7,5 м",14488835-1 Приобретение транспорта микроавтобус,Автобус,1,20 500 000.00,Из одного источника по несостоявшимся закупкам,Закупка состоялась
78275270-ОК1,291030.300.000005,"Автобус класс 2, вместимость не более 40 мест, длина 5-7,5 м","14465077-1 Приобретение автобуса для КГКП ""Карагандинский академический театр музыкальной комедии"" управления культуры, архивов и документации Карагандинской области",Автобус,1,24 500 000.00,Открытый конкурс,Закупка состоялась
78252161-ОК2,291030.300.000005,"Автобус класс 2, вместимость не более 40 мест, длина 5-7,5 м",14459151-1 Майқапшағай КБ Автобус сатып алу,Автобус,1,62 159 000.00,Открытый конкурс,Закупка состоялась
78367947-ОИ2,291030.300.000005,"Автобус класс 2, вместимость не более 40 мест, длина 5-7,5 м",14456132-1 приобретение микроавтобуса согласно технической спецификации,Автобус,1,19 862 000.00,Из одного источника по несостоявшимся закупкам,Закупка состоялась
74487389-ОК1,291030.300.000005,"Автобус класс 2, вместимость не более 40 мест, длина 5-7,5 м","14422201-1 Приобретение микроавтобуса, вместимость 16+1 посадочных места",Автобус,1,19 466 071.00,Открытый конкурс,Закупка состоялась
78445888-ОК1,291030.300.000005,"Автобус класс 2, вместимость не более 40 мест, длина 5-7,5 м",14419291-1 Приобретение пассажирского микроавтобуса,Автобус,1,19 466 071.43,Открытый конкурс,Закупка состоялась
77002018-ОИ2,291030.300.000005,"Автобус класс 2, вместимость не более 40 мест, длина 5-7,5 м",14416944-1 пассажирский автобус (согласно тех.спецификации),Автобус,1,21 000 000.00,Из одного источника по несостоявшимся закупкам,Закупка состоялась
77830352-ОИ3,291030.300.000005,"Автобус класс 2, вместимость не более 40 мест, длина 5-7,5 м",14401646-1 Приобретение пассажирского автобуса,Автобус,1,20 700 000.00,Из одного источника по несостоявшимся закупкам,Закупка состоялась
77261857-ОК1,291030.300.000005,"Автобус класс 2, вместимость не более 40 мест, длина 5-7,5 м","14324968-1 Приобретение автобуса для ГККП "" Центр детско-юношеского творчества города Ерейментау при отделе образования по Ерейментаускому району управления образования Акмолинской области""",Автобус,1,27 200 000.00,Открытый конкурс,Закупка состоялась
77822337-ОИ2,291030.300.000005,"Автобус класс 2, вместимость не более 40 мест, длина 5-7,5 м",14300868-1 Приобретение Микроавтобус для спорт школы,Автобус,1,20 700 000.00,Из одного источника по несостоявшимся закупкам,Закупка состоялась
78038549-ОК1,291030.300.000005,"Автобус класс 2, вместимость не более 40 мест, длина 5-7,5 м","14280649-1 Государственные закупки для ГУ ""Управление физической культуры, спорта и туризма Атырауской области""",Автобус,18,684 000 000.00,Открытый конкурс,Закупка состоялась
76651424-ОК2,291030.300.000005,"Автобус класс 2, вместимость не более 40 мест, длина 5-7,5 м",14210362-1 Приобретение специализированного автомобиля инватакси для перевозки для людей с ограниченными возможностями (инвалидностью)/ИнваГазель,Автобус,1,25 892 857.14,Открытый конкурс,Закупка состоялась
77868872-ЗЦП1,291030.300.000005,"Автобус класс 2, вместимость не более 40 мест, длина 5-7,5 м",14194420-1 Приобретение Микроавтобус для спорт школы,Автобус,1,20 700 000.00,Запрос ценовых предложений,Закупка состоялась
77938689-ОК1,291030.300.000005,"Автобус класс 2, вместимость не более 40 мест, длина 5-7,5 м","14187067-1 Приобретение автобуса для КГП на ПХВ «Павлодарский областной центр крови» управления здравоохранения Павлодарской области, акимата Павлодарской области",Автобус,1,22 142 857.14,Открытый конкурс,Закупка состоялась
77826792-ОИ2,291030.300.000005,"Автобус класс 2, вместимость не более 40 мест, длина 5-7,5 м",14181251-1 Приобретение пассажирского автобуса,Автобус,1,20 700 000.00,Из одного источника по несостоявшимся закупкам,Закупка состоялась
77870829-ОИ2,291030.300.000005,"Автобус класс 2, вместимость не более 40 мест, длина 5-7,5 м",14147889-1 Приобр етение автобус,Автобус,1,20 700 000.00,Из одного источника по несостоявшимся закупкам,Закупка состоялась
77853243-ОИ2,291030.300.000005,"Автобус класс 2, вместимость не более 40 мест, длина 5-7,5 м",14133901-1 Приобретение автобуса согласно технической спецификации Заказчика,Автобус,1,20 700 000.00,Из одного источника по несостоявшимся закупкам,Закупка состоялась
77440459-ОК2,291030.300.000005,"Автобус класс 2, вместимость не более 40 мест, длина 5-7,5 м",14127348-1 Приобретение автомобиля для перевозки следственно-арестованных лиц для нужд ДП Актюбинской области.,Автобус,1,26 339 285.71,Открытый конкурс,Закупка состоялась
74239682-ОИ3,291030.300.000005,"Автобус класс 2, вместимость не более 40 мест, длина 5-7,5 м",14099680-1 Приобретение автомобиля пассажирского,Автобус,1,18 580 000.00,Из одного источника по несостоявшимся закупкам,Закупка состоялась
73689956-ОК1,291030.300.000005,"Автобус класс 2, вместимость не более 40 мест, длина 5-7,5 м","13985482-1 Приобретение автотранспорта для КГКП ""Карагандинский академический театр музыкальной комедии""",Автобус,1,20 861 000.00,Открытый конкурс,Закупка состоялась
77590067-ОК1,291030.300.000005,"Автобус класс 2, вместимость не более 40 мест, длина 5-7,5 м","13969169-1 Приобретение автотранспорта для ""Центр олимпийской подготовки ""Алматы""",Автобус,2,41 400 000.00,Открытый конкурс,Закупка состоялась
75652519-ОК1,291030.300.000005,"Автобус класс 2, вместимость не более 40 мест, длина 5-7,5 м","13960123-1 Приобретение микроавтобуса для КГКП ""Центр культуры ""Атамұра""",Автобус,1,18 580 000.00,Открытый конкурс,Закупка состоялась
77212297-ОК1,291030.300.000005,"Автобус класс 2, вместимость не более 40 мест, длина 5-7,5 м","13875038-1 Государственная закупка товара для РГКП ""Центр олимпийской подготовки ""Алматы"" Комитета по делам спорта и физической культуры Министерства туризма и спорта Республики Казахстан способом открытого конкурса",Автобус,2,149 400 000.00,Открытый конкурс,Закупка состоялась
76737015-ОИ2,291030.300.000005,"Автобус класс 2, вместимость не более 40 мест, длина 5-7,5 м",13695625-1 Приобретение автобуса для нужд колледжа,Автобус,1,21 100 000.00,Из одного источника по несостоявшимся закупкам,Закупка состоялась
72142868-ОК2,291030.300.000005,"Автобус класс 2, вместимость не более 40 мест, длина 5-7,5 м",13457211-1 Проведение государственной закупки товара РГКП «Центр олимпийской подготовки «Алматы» Комитета по делам спорта и физической культуры Министерства туризма и спорта Республики Казахстан,Автобус,8,200 000 000.00,Открытый конкурс,Закупка состоялась
78707650-ОК2,291030.300.000006,"Автобус класс 2, вместимость не более 65 мест, длина 8-9,5 м",14849503-1 Государственная закупка для КГП «Атырау облысы Су Арнасы» государственного учреждения «Управление энергетики и жилищно-коммунального хозяйства Атырауской области»,Автобус,1,35 000 000.00,Открытый конкурс,Закупка состоялась
78078952-ОК1,291030.300.000007,"Автобус класс 2, вместимость не более 110 мест, длина 10,5-12 м","14623073-1 Автобус, класс 2, вместимость не более 110 мест, длина 10,5-12 м",Автобус,1,75 920 000.00,Открытый конкурс,Закупка состоялась
79897787-ОК1,291030.300.000009,"Автобус класс 3, вместимость не более 10 мест, длина менее 6 м","15254687-2 Приобретение микроавтобуса для КГУ ""Центр социальной адаптации ""Пана""",Автобус,1,16 517 857.00,Открытый конкурс,Закупка состоялась
78513506-ОК2,291030.300.000009,"Автобус класс 3, вместимость не более 10 мест, длина менее 6 м",15096746-1 Приобретение Криминалистической лаборатории на базе автотранспортного средства,Автобус,1,62 053 571.43,Открытый конкурс,Закупка состоялась
79225950-ОИ2,291030.300.000009,"Автобус класс 3, вместимость не более 10 мест, длина менее 6 м",14863740-1 Приобретение микроавтобуса согласно технической спецификации,Автобус,1,19 786 000.00,Из одного источника по несостоявшимся закупкам,Закупка состоялась
76154546-ОК1,291030.300.000009,"Автобус класс 3, вместимость не более 10 мест, длина менее 6 м","14837116-1 Преобретение микроавтобуса , цвет микроавтобуса белый",Автобус,1,16 000 000.00,Открытый конкурс,Закупка состоялась
77854275-ОК1,291030.300.000009,"Автобус класс 3, вместимость не более 10 мест, длина менее 6 м",14521812-2 Приобретение автотранспортных средств,Автобус,2,30 800 000.00,Открытый конкурс,Закупка состоялась
81494371-ОИ2,291030.300.000010,"Автобус класс 3, вместимость не более 40 мест, длина менее 6-7,5 м","15802700-1 Приобретение новый без пробега микроавтобус салон кожа бежевая, цвет микроавтобуса белый.",Автобус,1,24 000 000.00,Из одного источника по несостоявшимся закупкам,Закупка состоялась
81456486-ОИ2,291030.300.000010,"Автобус класс 3, вместимость не более 40 мест, длина менее 6-7,5 м",15799992-1 Приобретение коммерческого автомобиля,Автобус,1,22 000 000.00,Из одного источника по несостоявшимся закупкам,Закупка состоялась
81242388-ОИ2,291030.300.000010,"Автобус класс 3, вместимость не более 40 мест, длина менее 6-7,5 м",15759598-1 приобретение микроавтобуса на 17 мест,Автобус,1,20 268 000.00,Из одного источника по несостоявшимся закупкам,Закупка состоялась
80924423-ОИ3,291030.300.000010,"Автобус класс 3, вместимость не более 40 мест, длина менее 6-7,5 м",15715407-1 приобретение автобуса для предприятие,Автобус,1,22 000 000.00,Из одного источника по несостоявшимся закупкам,Закупка состоялась
81041361-ОИ2,291030.300.000010,"Автобус класс 3, вместимость не более 40 мест, длина менее 6-7,5 м",15707285-1 Для приобретение Микроавтобуса,Автобус,1,22 000 000.00,Из одного источника по несостоявшимся закупкам,Закупка состоялась
80200684-ОК3,291030.300.000010,"Автобус класс 3, вместимость не более 40 мест, длина менее 6-7,5 м",15551629-1 Приобретение микро автобуса,Автобус,1,26 785 714.29,Открытый конкурс,Закупка состоялась
75568266-ОК2,291030.300.000010,"Автобус класс 3, вместимость не более 40 мест, длина менее 6-7,5 м",15515646-1 Государственная закупка автобуса,Автобус,1,41 071 428.57,Открытый конкурс,Закупка состоялась
80200962-ОИ2,291030.300.000010,"Автобус класс 3, вместимость не более 40 мест, длина менее 6-7,5 м",15514312-1 Приобретение автомобиля пассажирский,Автобус,1,19 786 000.00,Из одного источника по несостоявшимся закупкам,Закупка состоялась
80517058-ОК1,291030.300.000010,"Автобус класс 3, вместимость не более 40 мест, длина менее 6-7,5 м",15512812-1 Приобретение транспортного средства (Автобус),Автобус,1,39 500 000.00,Открытый конкурс,Закупка состоялась
75568272-ОК4,291030.300.000010,"Автобус класс 3, вместимость не более 40 мест, длина менее 6-7,5 м","15474921-1 повторная государственная закупка товара для РГП на ПХВ ""Казаэронавигация"" Комитета гражданской авиации Министерства транспорта Республики Казахстан способом открытого конкурса",Автобус,3,136 607 142.87,Открытый конкурс,Закупка состоялась
75568267-ОК5,291030.300.000010,"Автобус класс 3, вместимость не более 40 мест, длина менее 6-7,5 м",15369038-1 Повторная государственная закупка автобуса,Автобус,1,41 071 428.57,Открытый конкурс,Закупка состоялась
76715725-АУК1,291030.300.000010,"Автобус класс 3, вместимость не более 40 мест, длина менее 6-7,5 м",15213373-1 Государственная закупка товара для ГУ «Департамент по чрезвычайным ситуациям Карагандинской области Министерства по чрезвычайным ситуациям Республики Казахстан» способом аукциона,Автобус,4,98 214 288.00,Аукцион,Закупка состоялась
75568263-ОК3,291030.300.000010,"Автобус класс 3, вместимость не более 40 мест, длина менее 6-7,5 м",15197497-1 Государственные закупки автомобилей для РГП «Казаэронавигация»,Автобус,1,29 464 285.71,Открытый конкурс,Закупка состоялась
78209798-ЗЦП4,291030.300.000010,"Автобус класс 3, вместимость не более 40 мест, длина менее 6-7,5 м",15188739-1 Приобретение автобуса для КГУ Привольновская СШ,Автобус,1,20 780 000.00,Запрос ценовых предложений,Закупка состоялась
74803501-ОК6,291030.300.000010,"Автобус класс 3, вместимость не более 40 мест, длина менее 6-7,5 м",15121934-1 Приобретение микро автобуса,Автобус,1,33 035 714.29,Открытый конкурс,Закупка состоялась
78958957-ОИ2,291030.300.000010,"Автобус класс 3, вместимость не более 40 мест, длина менее 6-7,5 м",14944200-1 Приобретение автобуса для перевозки детей,Автобус,1,19 786 000.00,Из одного источника по несостоявшимся закупкам,Закупка состоялась
77084102-ОК2,291030.300.000010,"Автобус класс 3, вместимость не более 40 мест, длина менее 6-7,5 м",14692863-1 Приобретение автобуса (согласно технической спецификации),Автобус,1,27 200 000.00,Открытый конкурс,Закупка состоялась
78223530-ОИ3,291030.300.000010,"Автобус класс 3, вместимость не более 40 мест, длина менее 6-7,5 м",14649694-1 Приобретение автобуса для перевозки детей,Автобус,1,20 190 000.00,Из одного источника по несостоявшимся закупкам,Закупка состоялась
77968731-ОИ2,291030.300.000010,"Автобус класс 3, вместимость не более 40 мест, длина менее 6-7,5 м",14470189-1 Приобретение служебного автобуса,Автобус,1,21 016 964.28,Из одного источника по несостоявшимся закупкам,Закупка состоялась
76279444-ОК2,291030.300.000010,"Автобус класс 3, вместимость не более 40 мест, длина менее 6-7,5 м",14291109-1 Приобретение вахтового автобуса,Автобус,1,54 910 714.29,Открытый конкурс,Закупка состоялась
75718017-ОК1,291030.300.000010,"Автобус класс 3, вместимость не более 40 мест, длина менее 6-7,5 м","14016984-1 Приобретение автотрнаспорта для ГККП ""Шалкарский районный Дом культуры имени Сары Батақұлы""",Автобус,1,17 857 142.85,Открытый конкурс,Закупка состоялась
73999769-ОК1,291030.300.000010,"Автобус класс 3, вместимость не более 40 мест, длина менее 6-7,5 м",13900848-1 Приобретение автобуса. Прошу внимательно ознакомится с Тех.спецификацией товара.,Автобус,1,22 080 000.00,Открытый конкурс,Закупка состоялась
72359508-ОИ3,291030.300.000010,"Автобус класс 3, вместимость не более 40 мест, длина менее 6-7,5 м",13626762-1 Приобретение газели для Дома культуры Актогайского района Павлодарской области//,Автобус,1,19 464 285.71,Из одного источника по несостоявшимся закупкам,Закупка состоялась
74210455-ОК2,291030.300.000010,"Автобус класс 3, вместимость не более 40 мест, длина менее 6-7,5 м",13611307-1 Приобретение микроавтобус пассажирский. согласно технической спецификации,Автобус,1,19 860 000.00,Открытый конкурс,Закупка состоялась
80461405-ОК2,291030.300.000012,"Автобус класс 3, вместимость не более 110 мест, длина менее 10,5-12 м","15591262-1 Приобретение новый автобус , количество мест должно быть не менее 50 (повтор) для ГККП ""Онер"" акимата города Жанаозен",Автобус,1,66 696 428.57,Открытый конкурс,Закупка состоялась
80599037-ОК2,291030.300.000012,"Автобус класс 3, вместимость не более 110 мест, длина менее 10,5-12 м",15590841-1 Вахтовый автобус КГУ Риддерское лесное хозяйство УПР и РП ВКО,Автобус,1,57 000 000.00,Открытый конкурс,Закупка состоялась
77836654-ОК1,291030.300.000012,"Автобус класс 3, вместимость не более 110 мест, длина менее 10,5-12 м",15022531-1 Государственная закупка товара для ГУ «Департамент по чрезвычайным ситуациям Мангистауской области Министерства по чрезвычайным ситуациям Республики Казахстан» способом открытого конкурса,Автобус,1,80 460 000.00,Открытый конкурс,Закупка состоялась
78158086-ОК1,291030.300.000012,"Автобус класс 3, вместимость не более 110 мест, длина менее 10,5-12 м","14750115-1 Приобретение автобус для ТОО ""Мангистауский атомный энергетический комбинат""",Автобус,20,1 533 200 000.00,Открытый конкурс,Закупка состоялась
76860904-ОИ3,291030.300.000012,"Автобус класс 3, вместимость не более 110 мест, длина менее 10,5-12 м","14473622-1 Повторные государственные закупки для ГККП ""Музыкально-драматический театр города Туркестан имени Райымбека Сейтметова"" управления культуры и туризма Туркестанской области способом открытого конкурса",Автобус,1,80 357 142.86,Из одного источника по несостоявшимся закупкам,Закупка состоялась
77905351-ОК2,291030.300.000012,"Автобус класс 3, вместимость не более 110 мест, длина менее 10,5-12 м","14302615-1 Приобретение новый туристический автобус акимата Бейнеуского района ГККП ""Бейнеумадениет"". Количество мест должно быть не менее 50 (ПОВТОР)",Автобус,1,58 928 571.43,Открытый конкурс,Закупка состоялась
76552701-ОК2,291030.300.000012,"Автобус класс 3, вместимость не более 110 мест, длина менее 10,5-12 м",14089598-1 Автобус повышенной проходимости,Автобус,1,54 910 714.29,Открытый конкурс,Закупка состоялась
80762191-ОК1,291059.999.000001,"Автомобиль грузовой, дизельный, фургон, грузоподъемность более 5, но не более 20 т",15604554-2 Автомастерская на шасси грузового автомобиля согласно технической спецификации,Автомобиль,1,52 410 714.29,Открытый конкурс,Закупка состоялась
79281896-ОК2,291059.999.000001,"Автомобиль грузовой, дизельный, фургон, грузоподъемность более 5, но не более 20 т",15100616-1 Закуп грузового автомобиля самосвал грузоподъемность не менее 15 тонн,Автомобиль,1,33 928 571.42,Открытый конкурс,Закупка состоялась
73367199-ОК1,291059.999.000001,"Автомобиль грузовой, дизельный, фургон, грузоподъемность более 5, но не более 20 т",14951247-1 Автомобиль аварийная мастерская на базе грузового автомобиля,Автомобиль,3,106 200 000.00,Открытый конкурс,Закупка состоялась
73459259-ОК2,291059.999.000001,"Автомобиль грузовой, дизельный, фургон, грузоподъемность более 5, но не более 20 т",14801379-1 Автомобиль аварийная мастерская на базе грузового автомобиля,Автомобиль,5,177 000 000.00,Открытый конкурс,Закупка состоялась
78357303-ОК2,291059.999.000001,"Автомобиль грузовой, дизельный, фургон, грузоподъемность более 5, но не более 20 т","14735242-1 Приобретение Вакуумная машина для ГКП на праве хозяйственного ведения ""ОЗЕНИНВЕСТ"" акимата города Жанаозен",Автомобиль,1,45 600 000.00,Открытый конкурс,Закупка состоялась
77200450-ОК3,291059.999.000001,"Автомобиль грузовой, дизельный, фургон, грузоподъемность более 5, но не более 20 т",14635296-1 Приобретение грузового автомобиля ( фургон согл. тех.спец),Автомобиль,1,53 571 428.57,Открытый конкурс,Закупка состоялась
74669596-ОИ2,291059.999.000001,"Автомобиль грузовой, дизельный, фургон, грузоподъемность более 5, но не более 20 т",13987351-1 Промтоварный фургон с гидробортом,Автомобиль,1,26 000 000.00,Из одного источника по несостоявшимся закупкам,Закупка состоялась
77327975-ОК1,291059.999.000001,"Автомобиль грузовой, дизельный, фургон, грузоподъемность более 5, но не более 20 т",13871218-1 Приобретение грузового фургона,Автомобиль,1,40 200 000.00,Открытый конкурс,Закупка состоялась
78407859-ОК2,291059.999.000087,"Автомобиль специальный, класс B-автомобиль экстренной медицинской помощи",14982859-2 Приобретение транспортных средств для ЦПЗ класса В,Автомобиль,2,58 571 428.56,Открытый конкурс,Закупка состоялась
78354997-ОК2,291059.999.000087,"Автомобиль специальный, класс B-автомобиль экстренной медицинской помощи",14590419-1 Приобретение автомобиля экстренной медицинской помощи,Автомобиль,5,401 500 000.00,Открытый конкурс,Закупка состоялась
78017837-ОК2,291059.999.000087,"Автомобиль специальный, класс B-автомобиль экстренной медицинской помощи","14356123-1 Комплекс передвижной неотложной медицинской помощи для линейных, кардиологических, реанимационных бригад и бригад интенсивной терапии на базе автотранспорта.",Автомобиль,2,137 000 000.00,Открытый конкурс,Закупка состоялась
73247267-ОК1,291059.999.000087,"Автомобиль специальный, класс B-автомобиль экстренной медицинской помощи","14043269-3 Приобретение санитарного автотранспорта для КГУ ""Управление общественного здравоохранения города Алматы""",Автомобиль,38,2 539 768 000.00,Открытый конкурс,Закупка состоялась
74471588-ОК2,291059.999.000087,"Автомобиль специальный, класс B-автомобиль экстренной медицинской помощи",13930645-1 Приобретение автотранспортного средства,Автомобиль,1,28 482 142.86,Открытый конкурс,Закупка состоялась
79674699-ОК2,291059.999.000088,"Автомобиль специальный, класс C-реанимобиль",15309493-2 Приобретение санитарного автотранспорта для нужд медицинской авиации,Автомобиль,2,85 714 285.72,Открытый конкурс,Закупка состоялась
77675331-ОК2,291059.999.000088,"Автомобиль специальный, класс C-реанимобиль","15148219-1 Повторная закупка. Приобретение автомобилей скорой медицинской помощи для ГКП ""Областная станция скорой и неотложной медицинской помощи"" на праве хозяйственного ведения государственного учреждения ""Управление здравоохранения Актюбинской области""",Автомобиль,20,1 125 000 000.00,Открытый конкурс,Закупка состоялась
77274319-ОК4,291059.999.000088,"Автомобиль специальный, класс C-реанимобиль",14715166-1 реанимобиль скорой медицинской помощи класса С,Автомобиль,3,206 250 000.00,Открытый конкурс,Закупка состоялась
77815430-ОК2,291059.999.000088,"Автомобиль специальный, класс C-реанимобиль","14485274-1 Реанимобиль, класса - С (Тел. по вопросам 8 /7172/ 777-676)",Автомобиль,1,50 000 000.00,Открытый конкурс,Закупка состоялась
73247165-ОК1,291059.999.000088,"Автомобиль специальный, класс C-реанимобиль","14043269-3 Приобретение санитарного автотранспорта для КГУ ""Управление общественного здравоохранения города Алматы""",Автомобиль,12,850 818 960.00,Открытый конкурс,Закупка состоялась
73891213-ОК3,291024.900.000006,"Автомобиль грузопассажирский, тип кузова фургон, грузоподъемность более 1000 кг, но не более 3000 кг",15791424-1 Грузопассажирский автомобиль не более 3 т (ДТ и СТ),Автомобиль,2,29 644 000.00,Открытый конкурс,Закупка состоялась
80941181-ОК2,291024.900.000006,"Автомобиль грузопассажирский, тип кузова фургон, грузоподъемность более 1000 кг, но не более 3000 кг","15756291-2 Приобретение автомобиля КГУ ""Отряд оперативного реагирования лесного и охотничьего хозяйства""",Автомобиль,10,124 732 142.90,Открытый конкурс,Закупка состоялась
80761238-ОК1,291024.900.000006,"Автомобиль грузопассажирский, тип кузова фургон, грузоподъемность более 1000 кг, но не более 3000 кг",15604384-1 Передвижная мастерская на базе шасси грузового автомобиля согласно технической спецификации,Автомобиль,2,53 000 000.00,Открытый конкурс,Закупка состоялась
74610859-ОК2,291024.900.000006,"Автомобиль грузопассажирский, тип кузова фургон, грузоподъемность более 1000 кг, но не более 3000 кг","15446730-1 Проведение государственной закупки товара для Государственное учреждение ""Департамент полиции города Астаны Министерства внутренних дел Республики Казахстан""",Автомобиль,6,213 000 000.00,Открытый конкурс,Закупка состоялась
80067633-ОК1,291024.900.000006,"Автомобиль грузопассажирский, тип кузова фургон, грузоподъемность более 1000 кг, но не более 3000 кг",15428777-1 Приобретение автомобиля пассажирского,Автомобиль,1,20 775 000.00,Открытый конкурс,Закупка состоялась
80012207-ОК1,291024.900.000006,"Автомобиль грузопассажирский, тип кузова фургон, грузоподъемность более 1000 кг, но не более 3000 кг",15323959-3 Автомобиль (категория D1) для филиала НАО по СКО,Автомобиль,1,15 872 000.00,Открытый конкурс,Закупка состоялась
80028988-ОК1,291024.900.000006,"Автомобиль грузопассажирский, тип кузова фургон, грузоподъемность более 1000 кг, но не более 3000 кг",15324948-2 Автомобиль кат D1 для филиала НАО по Мангистауской области,Автомобиль,1,15 872 000.00,Открытый конкурс,Закупка состоялась
79783565-ОК1,291024.900.000006,"Автомобиль грузопассажирский, тип кузова фургон, грузоподъемность более 1000 кг, но не более 3000 кг",15315310-2 Грузопассажирский автотранспорт/Жүк-жолаушылар автокөліг,Автомобиль,2,30 000 000.00,Открытый конкурс,Закупка состоялась
80027293-ОИ3,291024.900.000006,"Автомобиль грузопассажирский, тип кузова фургон, грузоподъемность более 1000 кг, но не более 3000 кг",15272623-1 Автомобиль фургон с металлическим кузовом,Автомобиль,2,31 456 000.00,Из одного источника по несостоявшимся закупкам,Закупка состоялась
76134978-ОИ3,291024.900.000006,"Автомобиль грузопассажирский, тип кузова фургон, грузоподъемность более 1000 кг, но не более 3000 кг",15252987-1 Автомобиль грузопассажирский с металлическим кузовом,Автомобиль,2,28 008 930.00,Из одного источника по несостоявшимся закупкам,Закупка состоялась
80020524-ОК1,291024.900.000006,"Автомобиль грузопассажирский, тип кузова фургон, грузоподъемность более 1000 кг, но не более 3000 кг",15252528-1 Грузопассажирский автомобили D1 для филиала по Туркестанской области,Автомобиль,1,15 872 000.00,Открытый конкурс,Закупка состоялась
79470408-ОК2,291024.900.000006,"Автомобиль грузопассажирский, тип кузова фургон, грузоподъемность более 1000 кг, но не более 3000 кг",15184872-1 государственная закупка товара для Республиканское государственное предприятие на праве хозяйственного ведения «Государственный институт проведения работ по обследованию земель» Комитета по управлению земельными ресурсами Министерства сельского хозяйства Республики Казахстан способом открытого конкурса,Автомобиль,16,195 142 857.12,Открытый конкурс,Закупка состоялась
79414419-ОИ2,291024.900.000006,"Автомобиль грузопассажирский, тип кузова фургон, грузоподъемность более 1000 кг, но не более 3000 кг","15139266-1 Гузопассажирский автомобиль, тип кузова фургон, грузоподъемность более 1000 кг, но не более 3000 кг",Автомобиль,1,15 455 000.00,Из одного источника по несостоявшимся закупкам,Закупка состоялась
79097079-ОК1,291024.900.000006,"Автомобиль грузопассажирский, тип кузова фургон, грузоподъемность более 1000 кг, но не более 3000 кг",14934050-1 Автомобиль представительского класса,Автомобиль,2,83 980 000.00,Открытый конкурс,Закупка состоялась
77829218-ЗЦП3,291024.900.000006,"Автомобиль грузопассажирский, тип кузова фургон, грузоподъемность более 1000 кг, но не более 3000 кг",14919400-1 Приобретение служебного автомобиля,Автомобиль,1,16 692 857.14,Запрос ценовых предложений,Закупка состоялась
77114149-ОИ3,291024.900.000006,"Автомобиль грузопассажирский, тип кузова фургон, грузоподъемность более 1000 кг, но не более 3000 кг",14675150-1 Автомобиль фургон с металлическим кузовом и одним рядом сидений,Автомобиль,2,24 646 000.00,Из одного источника по несостоявшимся закупкам,Закупка состоялась
76054707-ОК1,291024.900.000006,"Автомобиль грузопассажирский, тип кузова фургон, грузоподъемность более 1000 кг, но не более 3000 кг",14250119-2 Приобретение автомобиля пассажирского,Автомобиль,1,18 750 000.00,Открытый конкурс,Закупка состоялась
78233052-ЗЦП1,291024.900.000006,"Автомобиль грузопассажирский, тип кузова фургон, грузоподъемность более 1000 кг, но не более 3000 кг",14294766-1 Приобретение пассажирского автомобиля,Автомобиль,1,22 000 000.00,Запрос ценовых предложений,Закупка состоялась
74080356-ОК2,291024.900.000006,"Автомобиль грузопассажирский, тип кузова фургон, грузоподъемность более 1000 кг, но не более 3000 кг",14236670-1 Приобретение транспортных средств,Автомобиль,9,141 219 639.00,Открытый конкурс,Закупка состоялась
77829218-ЗЦП2,291024.900.000006,"Автомобиль грузопассажирский, тип кузова фургон, грузоподъемность более 1000 кг, но не более 3000 кг",14179365-1 Приобретение служебного автомобиля,Автомобиль,1,16 692 857.14,Запрос ценовых предложений,Закупка состоялась
77124953-ОК3,291024.900.000006,"Автомобиль грузопассажирский, тип кузова фургон, грузоподъемность более 1000 кг, но не более 3000 кг","14109994-1 Приобретение автомобиля самосвал, грузоподъемностью 25 тонн для КГП «Нарын Ком Хоз Сервис»",Автомобиль,1,29 339 285.71,Открытый конкурс,Закупка состоялась
76916844-ОК2,291024.900.000006,"Автомобиль грузопассажирский, тип кузова фургон, грузоподъемность более 1000 кг, но не более 3000 кг","14007690-1 Государственная закупка для АО ""КРЭК""",Автомобиль,13,172 830 346.00,Открытый конкурс,Закупка состоялась
74242484-ОК1,291024.900.000006,"Автомобиль грузопассажирский, тип кузова фургон, грузоподъемность более 1000 кг, но не более 3000 кг",13601843-2 Приобретение спец техники,Автомобиль,4,62 764 285.72,Открытый конкурс,Закупка состоялась
76746059-ОК2,291024.900.000006,"Автомобиль грузопассажирский, тип кузова фургон, грузоподъемность более 1000 кг, но не более 3000 кг",13999005-1 Приобретение автомобиля грузопассажирского фургона с бортовым кузовом,Автомобиль,3,40 178 571.42,Открытый конкурс,Закупка состоялась
74837218-ОК1,291024.900.000006,"Автомобиль грузопассажирский, тип кузова фургон, грузоподъемность более 1000 кг, но не более 3000 кг",13909559-2 Приобретение специальный техники,Автомобиль,5,78 455 357.15,Открытый конкурс,Закупка состоялась
77124012-ЗЦП2,291024.900.000006,"Автомобиль грузопассажирский, тип кузова фургон, грузоподъемность более 1000 кг, но не более 3000 кг","13867146-1 Грузопассажирский фургон с грузовой платформой, тент, 5-местная 3-дверная кабина",Автомобиль,1,15 800 000.00,Запрос ценовых предложений,Закупка состоялась
73166955-ОК2,291024.900.000006,"Автомобиль грузопассажирский, тип кузова фургон, грузоподъемность более 1000 кг, но не более 3000 кг",13532177-1 Приобретение грузопассажирских автомобилей,Автомобиль,4,56 072 000.00,Открытый конкурс,Закупка состоялась
81529935-ОИ2,291024.900.000007,"Автомобиль грузопассажирский, тип кузова фургон, грузоподъемность более 3000 кг",15801505-1 Приобретение автотранспортного средства,Автомобиль,1,19 587 680.00,Из одного источника по несостоявшимся закупкам,Закупка состоялась
75986922-ОК2,291024.900.000007,"Автомобиль грузопассажирский, тип кузова фургон, грузоподъемность более 3000 кг",15605533-1 О проведении повторной государственной закупки товара для ГУ «Департамент полиции Алматинской области Министерства внутренних дел Республики Казахстан» способом открытого конкурса,Автомобиль,5,170 800 000.00,Открытый конкурс,Закупка состоялась
80367910-ОИ2,291024.900.000007,"Автомобиль грузопассажирский, тип кузова фургон, грузоподъемность более 3000 кг",15486603-1 Приобретение автомобиля. Согласно технической спецификации,Автомобиль,1,20 775 000.00,Из одного источника по несостоявшимся закупкам,Закупка состоялась
79743202-ОК1,291024.900.000007,"Автомобиль грузопассажирский, тип кузова фургон, грузоподъемность более 3000 кг","15411901-1 Приобретение автомобиля для ТОО ""Мангистауский атомный энергетический комбинат""",Автомобиль,2,30 114 000.00,Открытый конкурс,Закупка состоялась
76868265-ОК1,291024.900.000007,"Автомобиль грузопассажирский, тип кузова фургон, грузоподъемность более 3000 кг","15338358-1 Государственные закупки для Коммунальное государственное учреждение ""Молодежный ресурсный центр Атырауской области"" Управления внутренней политики Атырауской области""",Автомобиль,1,20 108 929.00,Открытый конкурс,Закупка состоялась
79097025-ОК1,291024.900.000007,"Автомобиль грузопассажирский, тип кузова фургон, грузоподъемность более 3000 кг",15087273-3 Приобретение грузового автомобиля,Автомобиль,1,16 258 000.00,Открытый конкурс,Закупка состоялась
77427340-ОК3,291024.900.000007,"Автомобиль грузопассажирский, тип кузова фургон, грузоподъемность более 3000 кг",14530652-1 Приобретение служебного автомобиля,Автомобиль,1,35 714 286.00,Открытый конкурс,Закупка состоялась
76079287-ОК1,291024.900.000007,"Автомобиль грузопассажирский, тип кузова фургон, грузоподъемность более 3000 кг",14468233-2 Приобретение служебного автотранспорта,Автомобиль,1,34 160 000.00,Открытый конкурс,Закупка состоялась
75987329-ОИ3,291024.900.000007,"Автомобиль грузопассажирский, тип кузова фургон, грузоподъемность более 3000 кг","14505788-1 Приобретение служебного автомобиля, согласно технической спецификации",Автомобиль,1,17 857 142.86,Из одного источника по несостоявшимся закупкам,Закупка состоялась
77413639-ОИ7,291024.900.000007,"Автомобиль грузопассажирский, тип кузова фургон, грузоподъемность более 3000 кг",14370979-1 приобретение грузовой автомобиль,Автомобиль,1,15 214 285.71,Из одного источника по несостоявшимся закупкам,Закупка состоялась
76500596-ОИ3,291024.900.000007,"Автомобиль грузопассажирский, тип кузова фургон, грузоподъемность более 3000 кг","14358693-1 Приобретение служебного пассажирского автобуса для КГУ ""Қоғамдық келісім""",Автомобиль,1,19 301 000.00,Из одного источника по несостоявшимся закупкам,Закупка состоялась
77954639-ОК1,291024.900.000007,"Автомобиль грузопассажирский, тип кузова фургон, грузоподъемность более 3000 кг","14269828-1 Приобретение автомобилей для АО ""Астана-Энергия""",Автомобиль,1,59 196 428.57,Открытый конкурс,Закупка состоялась
74945046-ОК1,291024.900.000007,"Автомобиль грузопассажирский, тип кузова фургон, грузоподъемность более 3000 кг",14069610-1 Государственные закупки товара для ГУ «Департамент полиции Кызылординской области Министерства внутренних дел Республики Казахстан» способом открытого конкурса,Автомобиль,7,245 000 000.00,Открытый конкурс,Закупка состоялась
75596611-ОК1,291024.900.000007,"Автомобиль грузопассажирский, тип кузова фургон, грузоподъемность более 3000 кг",13953058-1 Приобретение служебного автомобиля,Автомобиль,1,18 700 000.00,Открытый конкурс,Закупка состоялась
79553532-ОК2,291059.999.000075,"Автомобиль специализированный, мастерская передвижная, ремонтное оборудование нефтепромыслов, трубопроводов, нефтесборных пунктов, станков-качалок, технологического оборудования водопроводов, канализации",15721483-1 Специальная передвижная автомастерская,Автомобиль,1,23 000 000.00,Открытый конкурс,Закупка состоялась
72785143-ОК1,291059.999.000075,"Автомобиль специализированный, мастерская передвижная, ремонтное оборудование нефтепромыслов, трубопроводов, нефтесборных пунктов, станков-качалок, технологического оборудования водопроводов, канализации",15607887-1 Передвижная авторемонтная мастерская (спец. фургон),Автомобиль,2,49 314 000.00,Открытый конкурс,Закупка состоялась
79593268-ОИ2,291059.999.000075,"Автомобиль специализированный, мастерская передвижная, ремонтное оборудование нефтепромыслов, трубопроводов, нефтесборных пунктов, станков-качалок, технологического оборудования водопроводов, канализации",15281511-1 Автомобили для АО Шығыс Жылу,Автомобиль,1,25 500 000.00,Из одного источника по несостоявшимся закупкам,Закупка состоялась
77944225-ОК2,291059.999.000075,"Автомобиль специализированный, мастерская передвижная, ремонтное оборудование нефтепромыслов, трубопроводов, нефтесборных пунктов, станков-качалок, технологического оборудования водопроводов, канализации","14924628-1 Специальная техника для ГКП ""КТЭК""",Автомобиль,1,53 571 428.00,Открытый конкурс,Закупка состоялась
75598969-ОК3,291059.999.000075,"Автомобиль специализированный, мастерская передвижная, ремонтное оборудование нефтепромыслов, трубопроводов, нефтесборных пунктов, станков-качалок, технологического оборудования водопроводов, канализации",14134985-1 Приобретение спецтехники и автотранспорта (повторная закупка),Автомобиль,1,195 892 857.00,Открытый конкурс,Закупка состоялась
79617654-ОК1,291041.300.000000,"Автомобиль грузовой, дизельный, бортовой, грузоподъемность более 12 т","15471689-2 Автомобиль грузовой, бортовой, ВНИМАТЕЛЬНО ОЗНАКОМИТЬСЯ С ТЕХНИЧЕСКОЙ СПЕЦИФИКАЦИЕЙ И ПОСТАВКА ОСУЩЕСТВЛЯЕТСЯ СТРОГО СОГЛАСНО ТЕХНИЧЕСКОЙ СПЕЦИФИКАЦИИ",Автомобиль,1,34 550 000.00,Открытый конкурс,Закупка состоялась
75550755-ОК1,291041.300.000000,"Автомобиль грузовой, дизельный, бортовой, грузоподъемность более 12 т",14545722-1 Приобретение спецтехники - Бортовой автомобиль с КМУ,Автомобиль,1,81 762 500.00,Открытый конкурс,Закупка состоялась
74065165-ОК1,291041.300.000000,"Автомобиль грузовой, дизельный, бортовой, грузоподъемность более 12 т",13521151-1 Приобретение спецтехники согласно техспецификации для ГКП Курчум,Автомобиль,1,56 696 428.57,Открытый конкурс,Закупка состоялась
76214703-ОИ3,291041.100.000003,"Автомобиль грузовой, дизельный, самосвал, грузоподъемность не более 5 т, тип платформа с опрокидывающимся кузовом","15431945-1 Автомобиль грузовой, дизельный, самосвал, грузоподъемность не менее 3 тонн, тип платформа с опрокидывающимся кузовом в соответствии с ГОСТ ISO 7132-2017",Автомобиль,1,16 900 000.00,Из одного источника по несостоявшимся закупкам,Закупка состоялась
79916811-ОК3,291041.100.000003,"Автомобиль грузовой, дизельный, самосвал, грузоподъемность не более 5 т, тип платформа с опрокидывающимся кузовом",15382278-1 Приобретение грузопассажирского самосвала,Автомобиль,2,68 000 000.00,Открытый конкурс,Закупка состоялась
80653413-ОК1,291041.100.000001,"Автомобиль грузовой, дизельный, бортовой, грузоподъемность более 3,5 т, но не более 12 т","15656894-2 Манипулятор грузовой, дизельный, бортовой, грузоподъемность более 3,5 т, но не более 12 т для КГУ ""Управление развития общественных пространств города Алматы""",Автомобиль,3,143 490 000.00,Открытый конкурс,Закупка состоялась
80652784-ОК1,291041.100.000001,"Автомобиль грузовой, дизельный, бортовой, грузоподъемность более 3,5 т, но не более 12 т","15656997-1 Автомобиль грузовой, дизельный, бортовой, грузоподъемность более 3,5 т, но не более 12 т для КГУ ""Управление развития общественных пространств города Алматы""",Автомобиль,4,126 000 000.00,Открытый конкурс,Закупка состоялась
79201805-ОК1,291041.100.000001,"Автомобиль грузовой, дизельный, бортовой, грузоподъемность более 3,5 т, но не более 12 т","15615546-3 Приобретение передвижного инсинератора для ГУ ""Управление ветеринарии Мангистауской области""",Автомобиль,3,254 464 285.80,Открытый конкурс,Закупка состоялась
74633457-ОК1,291041.100.000001,"Автомобиль грузовой, дизельный, бортовой, грузоподъемность более 3,5 т, но не более 12 т","15318606-1 Проведение государственной закупки товара для ""Департамент полиции города Астаны Министерства внутренних дел Республики Казахстан""",Автомобиль,5,390 000 000.00,Открытый конкурс,Закупка состоялась
79541718-ОК1,291041.100.000001,"Автомобиль грузовой, дизельный, бортовой, грузоподъемность более 3,5 т, но не более 12 т","15212545-3 Государственная закупка товара для ГУ ""Департамент полиции города Астаны Министерства внутренних дел Республики Казахстан""",Автомобиль,3,234 000 000.00,Открытый конкурс,Закупка состоялась
76759645-ОИ5,291041.100.000001,"Автомобиль грузовой, дизельный, бортовой, грузоподъемность более 3,5 т, но не более 12 т",15204106-1 Эвакуатор со стационарной платформой ломаного типа,Автомобиль,1,19 804 464.28,Из одного источника по несостоявшимся закупкам,Закупка состоялась
74758261-ОК1,291041.100.000001,"Автомобиль грузовой, дизельный, бортовой, грузоподъемность более 3,5 т, но не более 12 т",15153653-1 Приобретение грузового автомобиля,Автомобиль,1,38 000 000.00,Открытый конкурс,Закупка состоялась
78476334-ОК1,291041.100.000001,"Автомобиль грузовой, дизельный, бортовой, грузоподъемность более 3,5 т, но не более 12 т","15105995-1 Приобретение Автомобиль бортовой для ГКП на праве хозяйственного ведения ""ОЗЕНИНВЕСТ"" акимата города Жанаозен",Автомобиль,1,27 000 000.00,Открытый конкурс,Закупка состоялась
77068836-ОИ2,291041.100.000001,"Автомобиль грузовой, дизельный, бортовой, грузоподъемность более 3,5 т, но не более 12 т",14709382-1 Приобретение Автотранспорт грузовой,Автомобиль,2,26 000 000.00,Из одного источника по несостоявшимся закупкам,Закупка состоялась
78622783-ОК1,291041.100.000001,"Автомобиль грузовой, дизельный, бортовой, грузоподъемность более 3,5 т, но не более 12 т",14640042-1 приобретение служебного автотранспорта,Автомобиль,1,74 345 000.00,Открытый конкурс,Закупка состоялась
76090273-ОК1,291041.100.000001,"Автомобиль грузовой, дизельный, бортовой, грузоподъемность более 3,5 т, но не более 12 т",14468233-2 Приобретение служебного автотранспорта,Автомобиль,1,19 250 000.00,Открытый конкурс,Закупка состоялась
77852427-ОК1,291041.100.000001,"Автомобиль грузовой, дизельный, бортовой, грузоподъемность более 3,5 т, но не более 12 т",14471637-1 Приобретение автотранспортных средств,Автомобиль,1,78 000 000.00,Открытый конкурс,Закупка состоялась
78502347-ОК1,291041.100.000001,"Автомобиль грузовой, дизельный, бортовой, грузоподъемность более 3,5 т, но не более 12 т","14443273-1 Передвижной инсинератор для перевозки и погрузки/разгрузки грузов общего назначения,с бортовой платформой с крано-манипуляторной установкой",Автомобиль,1,56 760 000.00,Открытый конкурс,Закупка состоялась
76661523-ОК1,291041.100.000001,"Автомобиль грузовой, дизельный, бортовой, грузоподъемность более 3,5 т, но не более 12 т",14274915-2 Приобретение спецавтомобиля - крематора (инсинератор),Автомобиль,3,227 678 571.42,Открытый конкурс,Закупка состоялась
74322458-ОК1,291041.100.000001,"Автомобиль грузовой, дизельный, бортовой, грузоподъемность более 3,5 т, но не более 12 т",14260696-1 Приобретение грузового автомобиля (согл.тех.спец),Автомобиль,2,99 464 000.00,Открытый конкурс,Закупка состоялась
73949887-ОК1,291041.100.000001,"Автомобиль грузовой, дизельный, бортовой, грузоподъемность более 3,5 т, но не более 12 т",14107731-2 Приобретение автомобиля (согл. тех.спец),Автомобиль,1,75 892 857.14,Открытый конкурс,Закупка состоялась
74192340-ОК2,291041.100.000001,"Автомобиль грузовой, дизельный, бортовой, грузоподъемность более 3,5 т, но не более 12 т","14102062-1 Приобретение грузового бортового автомобиля для КГУ ""Кувское хозяйство по охране лесов и животного мира""",Автомобиль,1,23 800 000.00,Открытый конкурс,Закупка состоялась
74493366-ОК2,291041.100.000001,"Автомобиль грузовой, дизельный, бортовой, грузоподъемность более 3,5 т, но не более 12 т","14023801-1 Приобретение автомобилей для ГУ ""Управление ветеринарии Актюбинской области""",Автомобиль,2,148 214 285.72,Открытый конкурс,Закупка состоялась
74503536-ОК2,291041.100.000001,"Автомобиль грузовой, дизельный, бортовой, грузоподъемность более 3,5 т, но не более 12 т",13916967-3 Приобретение автотранспортных средств,Автомобиль,2,88 826 785.72,Открытый конкурс,Закупка состоялась
77411777-ОИ2,291041.100.000001,"Автомобиль грузовой, дизельный, бортовой, грузоподъемность более 3,5 т, но не более 12 т",13939410-1 Государственная закупка автомобиль,Автомобиль,1,27 200 000.00,Из одного источника по несостоявшимся закупкам,Закупка состоялась
73574727-ОК1,291041.100.000001,"Автомобиль грузовой, дизельный, бортовой, грузоподъемность более 3,5 т, но не более 12 т",13861170-1 Приобретение сервисного автомобиля для обслуживания троллейбусной сети ножничного типа,Автомобиль,1,48 249 900.00,Открытый конкурс,Закупка состоялась
76867805-ОК1,291041.100.000001,"Автомобиль грузовой, дизельный, бортовой, грузоподъемность более 3,5 т, но не более 12 т",13690191-2 Приобретение передвижных инсинераторов для ветеринарных станции,Автомобиль,1,75 892 857.14,Открытый конкурс,Закупка состоялась
80329379-ОК2,291024.900.000005,"Автомобиль грузопассажирский, тип кузова пикап, грузоподъемность более 3000 кг, но не более 5000 кг",15769970-1 Приобретение малого лесного пожарного комплекса,Автомобиль,2,56 000 000.00,Открытый конкурс,Закупка состоялась
79743225-ОК2,291024.900.000005,"Автомобиль грузопассажирский, тип кузова пикап, грузоподъемность более 3000 кг, но не более 5000 кг","15325390-1 Приобретение автомобиля для ТОО ""Мангистауский атомный энергетический комбинат""",Автомобиль,2,44 089 285.70,Открытый конкурс,Закупка состоялась
79506085-ОК2,291024.900.000005,"Автомобиль грузопассажирский, тип кузова пикап, грузоподъемность более 3000 кг, но не более 5000 кг",15118890-1 Автомобиль - специализированный,Автомобиль,3,47 400 000.00,Открытый конкурс,Закупка состоялась
76154004-ОК4,291024.900.000005,"Автомобиль грузопассажирский, тип кузова пикап, грузоподъемность более 3000 кг, но не более 5000 кг","14817364-1 Закуп АО ""Аэропорт Шымкент""внедорожный машины, типа пикап",Автомобиль,1,19 200 000.00,Открытый конкурс,Закупка состоялась
73538614-ОК2,291024.900.000005,"Автомобиль грузопассажирский, тип кузова пикап, грузоподъемность более 3000 кг, но не более 5000 кг","14319104-1 Приобретение автотранспортных средств для КГУ ""Служба по охране животного мира"" Управления рыбного хозяйства Мангистауской области",Автомобиль,1,19 890 000.00,Открытый конкурс,Закупка состоялась
73538704-ОК2,291024.900.000005,"Автомобиль грузопассажирский, тип кузова пикап, грузоподъемность более 3000 кг, но не более 5000 кг","14168304-1 Приобретение автотранспортных средств для КГУ ""Служба по охране животного мира"" Управления рыбного хозяйства Мангистауской области",Автомобиль,2,50 000 000.00,Открытый конкурс,Закупка состоялась
79558091-ОК2,291024.900.000004,"Автомобиль легковой, специальный, для ветеринарной инспекции",15517688-1 Приобретение автомобилей для ветеринарных станции,Автомобиль,3,22 339 287.00,Открытый конкурс,Закупка состоялась
75272421-ОК2,291024.900.000004,"Автомобиль легковой, специальный, для ветеринарной инспекции",15123196-1 Государственная закупка по приобретению автомобиля,Автомобиль,4,28 357 142.84,Открытый конкурс,Закупка состоялась
79201740-ОК2,291024.900.000004,"Автомобиль легковой, специальный, для ветеринарной инспекции",15063712-1 Государственные закупки согласно конкурсной документации,Автомобиль,53,466 116 026.00,Открытый конкурс,Закупка состоялась
73195144-АУК5,291024.900.000004,"Автомобиль легковой, специальный, для ветеринарной инспекции","14485107-1 Государственная закупка для КГУ ""Управление ветеринарии Кызылординской области""",Автомобиль,27,236 114 285.58,Аукцион,Закупка состоялась
74414914-ОК2,291024.900.000004,"Автомобиль легковой, специальный, для ветеринарной инспекции","14263381-1 Приобретение автомобиля для ГУ ""Управление ветеринарии Актюбинской области""",Автомобиль,10,74 017 857.10,Открытый конкурс,Закупка состоялась
80230523-ОК3,291022.300.000024,"Автомобиль легковой, класс внедорожник, механическая трансмиссия, объем до 3000 куб.см","15787443-1 Приобретение автомобиля легкового, класс внедорожник для ТОО «Кызылжар Су»",Автомобиль,5,39 241 075.00,Открытый конкурс,Закупка состоялась
73312010-ОК4,291022.300.000024,"Автомобиль легковой, класс внедорожник, механическая трансмиссия, объем до 3000 куб.см",15532948-1 Закупка автомобиля повышенной проходимости,Автомобиль,2,16 946 428.58,Открытый конкурс,Закупка состоялась
79668342-ОК2,291022.300.000024,"Автомобиль легковой, класс внедорожник, механическая трансмиссия, объем до 3000 куб.см",15391557-2 Приобретение патрулированного автомобиля для КГУ «Темирское учреждение по охране лесов и животного мира» ГУ «Управление природных ресурсов и регулирования природопользования Актюбинской области»,Автомобиль,1,19 642 857.14,Открытый конкурс,Закупка состоялась
73304480-ОК1,291022.300.000024,"Автомобиль легковой, класс внедорожник, механическая трансмиссия, объем до 3000 куб.см","15340739-2 Государственная закупка товара для РГУ ""Бюро национальной статистики Агентства по стратегическому планированию и реформам Республики Казахстан"" способом открытого конкурса",Автомобиль,12,87 883 928.52,Открытый конкурс,Закупка состоялась
79936572-ОК2,291022.300.000024,"Автомобиль легковой, класс внедорожник, механическая трансмиссия, объем до 3000 куб.см","15340122-1 Қостанай облысы әкімдігі табиғи ресурстар және табиғат пайдалануды реттеу басқармасының ""Урицкое орман шаруашылығы мекемесі"" КММ үшін автокөлікті сатып алу",Автомобиль,2,17 303 570.00,Открытый конкурс,Закупка состоялась
77182465-ОК2,291022.300.000024,"Автомобиль легковой, класс внедорожник, механическая трансмиссия, объем до 3000 куб.см",14987455-1 Приобретение - автомобиля,Автомобиль,2,31 580 000.00,Открытый конкурс,Закупка состоялась
74336882-ОК3,291022.300.000024,"Автомобиль легковой, класс внедорожник, механическая трансмиссия, объем до 3000 куб.см",14956357-1 Автомобиль (согласно технической спецификации),Автомобиль,2,48 910 714.28,Открытый конкурс,Закупка состоялась
74754498-ОК2,291022.300.000024,"Автомобиль легковой, класс внедорожник, механическая трансмиссия, объем до 3000 куб.см",14857490-1 Санитарный полноприводный автомобиль,Автомобиль,1,19 196 428.00,Открытый конкурс,Закупка состоялась
78438947-ОК1,291022.300.000024,"Автомобиль легковой, класс внедорожник, механическая трансмиссия, объем до 3000 куб.см",14808045-1 автомобиль легковой согласно технической спецификации,Автомобиль,2,31 580 000.00,Открытый конкурс,Закупка состоялась
78131830-ОК2,291022.300.000024,"Автомобиль легковой, класс внедорожник, механическая трансмиссия, объем до 3000 куб.см",14784269-1 Государственная закупка товара для ГУ «Департамент по чрезвычайным ситуациям Кызылординской области Министерства по чрезвычайным ситуациям Республики Казахстан» способом конкурса,Автомобиль,4,101 035 714.28,Открытый конкурс,Закупка состоялась
74829765-ОК2,291022.300.000024,"Автомобиль легковой, класс внедорожник, механическая трансмиссия, объем до 3000 куб.см",14757565-1 Приобретение транспортных средств,Автомобиль,1,32 232 142.86,Открытый конкурс,Закупка состоялась
77636365-ОК1,291022.300.000024,"Автомобиль легковой, класс внедорожник, механическая трансмиссия, объем до 3000 куб.см",14716481-1 Автомобиль (государственная закупка),Автомобиль,1,15 790 000.00,Открытый конкурс,Закупка состоялась
75303622-ОК3,291022.300.000024,"Автомобиль легковой, класс внедорожник, механическая трансмиссия, объем до 3000 куб.см","14609332-1 Приобретение автомобиля для ГУ ""Аппарат Акима Берчогурского сельского округа""",Автомобиль,1,17 410 714.28,Открытый конкурс,Закупка состоялась
76732768-ОИ3,291022.300.000024,"Автомобиль легковой, класс внедорожник, механическая трансмиссия, объем до 3000 куб.см",14590620-1 Приобретение автомашин согласно тех.спецификации,Автомобиль,1,29 238 000.00,Из одного источника по несостоявшимся закупкам,Закупка состоялась
78161191-ОК2,291022.300.000024,"Автомобиль легковой, класс внедорожник, механическая трансмиссия, объем до 3000 куб.см","14568904-1 Приобретение автомобиля легковой, класс внедорожник, механическая трансмиссия, объем до 3000 куб.см/",Автомобиль,9,75 600 000.00,Открытый конкурс,Закупка состоялась
77061612-ОК2,291022.300.000024,"Автомобиль легковой, класс внедорожник, механическая трансмиссия, объем до 3000 куб.см","14421411-1 Приобретение автоомбиля для ГУ ""Аппарат Акима Кишикумского сельского округа""",Автомобиль,1,17 410 714.28,Открытый конкурс,Закупка состоялась
75340181-ОК2,291022.300.000024,"Автомобиль легковой, класс внедорожник, механическая трансмиссия, объем до 3000 куб.см","14401292-1 Приобретение автомобиля для ГУ ""Аппарат Акима Тогузского сельского округа""",Автомобиль,1,17 410 714.28,Открытый конкурс,Закупка состоялась
76140134-ОК2,291022.300.000024,"Автомобиль легковой, класс внедорожник, механическая трансмиссия, объем до 3000 куб.см",14380804-1 Государственная закупка товара для ГУ «Департамент полиции Актюбинской области Министерства внутренних дел Республики Казахстан» способом открытого конкурса,Автомобиль,150,1 156 808 035.50,Открытый конкурс,Закупка состоялась
74611211-ОК2,291022.300.000024,"Автомобиль легковой, класс внедорожник, механическая трансмиссия, объем до 3000 куб.см",14373902-1 Проведение государственной закупки товара для ГУ «Департамент полиции города Астаны Министерства внутренних дел Республики Казахстан» способом конкурса,Автомобиль,20,470 153 571.40,Открытый конкурс,Закупка состоялась
77134498-ОК2,291022.300.000024,"Автомобиль легковой, класс внедорожник, механическая трансмиссия, объем до 3000 куб.см",14276933-2 Государственные закупки для ГУ «Департамент полиции Западно-Казахстанской области Министерства внутренних дел Республики Казахстан» способом открытого конкурса,Автомобиль,27,229 500 000.00,Открытый конкурс,Закупка состоялась
77854422-ЗЦП2,291022.300.000024,"Автомобиль легковой, класс внедорожник, механическая трансмиссия, объем до 3000 куб.см",14216603-1 Приобретение служебного автомобиля,Автомобиль,1,31 290 000.00,Запрос ценовых предложений,Закупка состоялась
77940900-ОИ3,291022.300.000024,"Автомобиль легковой, класс внедорожник, механическая трансмиссия, объем до 3000 куб.см",14211487-1 Приобретение автомобиль внедорожник,Автомобиль,1,20 966 964.00,Из одного источника по несостоявшимся закупкам,Закупка состоялась
73771323-ОК2,291022.300.000024,"Автомобиль легковой, класс внедорожник, механическая трансмиссия, объем до 3000 куб.см","14159382-1 Государственные закупки для Коммунальное государственное предприятие на праве хозяйственного ведения ""Табигат"" управления природных ресурсов и регулирования природопользования Атырауской области",Автомобиль,4,55 960 000.00,Открытый конкурс,Закупка состоялась
77438240-ОК2,291022.300.000024,"Автомобиль легковой, класс внедорожник, механическая трансмиссия, объем до 3000 куб.см",14126911-1 Приобретение автомобилей для инспекторов ювенальной полиции ДП Актюбинской области.,Автомобиль,4,28 571 428.56,Открытый конкурс,Закупка состоялась
73753203-ОК2,291022.300.000024,"Автомобиль легковой, класс внедорожник, механическая трансмиссия, объем до 3000 куб.см",14094500-1 Приобретение автотранспортных средств,Автомобиль,4,30 357 142.84,Открытый конкурс,Закупка состоялась
77179690-ОК2,291022.300.000024,"Автомобиль легковой, класс внедорожник, механическая трансмиссия, объем до 3000 куб.см",14016966-2 Закупка согласно техническим характеристикам (Служебные автотранспорты),Автомобиль,10,70 000 000.00,Открытый конкурс,Закупка состоялась
75654409-ОК2,291022.300.000024,"Автомобиль легковой, класс внедорожник, механическая трансмиссия, объем до 3000 куб.см",14071915-1 Приобретение служебного автомобиля согласно технической спецификации.,Автомобиль,2,15 400 000.00,Открытый конкурс,Закупка состоялась
75553035-ОК2,291022.300.000024,"Автомобиль легковой, класс внедорожник, механическая трансмиссия, объем до 3000 куб.см",13824398-1 Приобретение служебного грузопассажирского автомобиля,Автомобиль,7,86 169 642.86,Открытый конкурс,Закупка состоялась
71955743-ОК2,291022.300.000024,"Автомобиль легковой, класс внедорожник, механическая трансмиссия, объем до 3000 куб.см","13351976-1 Государственная закупка для КГУ ""Аппарат Акима Сырдарьинского района""",Автомобиль,5,41 800 000.00,Открытый конкурс,Закупка состоялась
80289159-ОК2,289226.500.000000,"Экскаватор одноковшовый, на колесном ходу, емкость 0,1-15 м3",15507130-1 Приобретение колесного экскаватора,Экскаватор,1,82 000 000.00,Открытый конкурс,Закупка состоялась
80136733-ОК3,289226.500.000000,"Экскаватор одноковшовый, на колесном ходу, емкость 0,1-15 м3",15468168-1 Приобретение спецтехники согласно техспецификации для ГКП Урджарского района области Абай,Экскаватор,1,21 353 437.50,Открытый конкурс,Закупка состоялась
80152876-ОК1,289226.500.000000,"Экскаватор одноковшовый, на колесном ходу, емкость 0,1-15 м3","15359201-1 Экскаватор одноковшовый на базе трактора для ГКП ""Горводоканал""",Экскаватор,1,26 500 000.00,Открытый конкурс,Закупка состоялась
79129286-ОК4,289226.500.000000,"Экскаватор одноковшовый, на колесном ходу, емкость 0,1-15 м3","15224135-1 Колесный экскаватор для АО ""Астана-Энергия""",Экскаватор,1,105 357 143.00,Открытый конкурс,Закупка состоялась
79042629-ОК2,289226.500.000000,"Экскаватор одноковшовый, на колесном ходу, емкость 0,1-15 м3",14969123-1 Государственные закупки экскаватора колесного,Экскаватор,1,86 429 000.00,Открытый конкурс,Закупка состоялась
78330301-ОК2,289226.500.000000,"Экскаватор одноковшовый, на колесном ходу, емкость 0,1-15 м3",14529922-1 Приобретение колесного экскаватора,Экскаватор,1,98 081 250.00,Открытый конкурс,Закупка состоялась
77366890-ОК4,289226.500.000000,"Экскаватор одноковшовый, на колесном ходу, емкость 0,1-15 м3","14450046-1 Повторное объявление/Колесный экскаватор с объемам ковша 0.89/0,9 м 3 в комлекте с навесным оборудованием (Квик-каплер быстросъемный механизм, вибротрамбовка, гидромолот )",Экскаватор,1,77 298 714.28,Открытый конкурс,Закупка состоялась
73714804-ОК3,289226.500.000000,"Экскаватор одноковшовый, на колесном ходу, емкость 0,1-15 м3","14387571-1 Экскаватор одноковшовый, на колесном ходу",Экскаватор,1,95 000 000.00,Открытый конкурс,Закупка состоялась
77412499-ОК1,289226.500.000000,"Экскаватор одноковшовый, на колесном ходу, емкость 0,1-15 м3",14241938-1 Приобретение нового экскаватора,Экскаватор,1,62 723 214.29,Открытый конкурс,Закупка состоялась
74079814-ОК2,289226.500.000000,"Экскаватор одноковшовый, на колесном ходу, емкость 0,1-15 м3",14237021-1 Приобретение специальной техники,Экскаватор,1,51 785 714.00,Открытый конкурс,Закупка состоялась
74509674-ОК3,289226.500.000000,"Экскаватор одноковшовый, на колесном ходу, емкость 0,1-15 м3",14140651-1 Приобретение экскаватора согласно технической спецификации,Экскаватор,1,75 892 857.15,Открытый конкурс,Закупка состоялась
77193507-ОК2,289226.500.000000,"Экскаватор одноковшовый, на колесном ходу, емкость 0,1-15 м3","14126989-1 Экскаватор колесный в комплекте с гидромолотом, быстросъёмным механизмом",Экскаватор,1,94 190 846.00,Открытый конкурс,Закупка состоялась
73714804-ОК2,289226.500.000000,"Экскаватор одноковшовый, на колесном ходу, емкость 0,1-15 м3","14015198-1 Экскаватор одноковшовый, на колесном ходу",Экскаватор,1,95 000 000.00,Открытый конкурс,Закупка состоялась
77274660-ОК2,289226.500.000000,"Экскаватор одноковшовый, на колесном ходу, емкость 0,1-15 м3","13966676-2 Приобретение колесного экскаватора для ГКП ""Горводоканал""",Экскаватор,1,78 125 000.00,Открытый конкурс,Закупка состоялась
76608494-ОК1,289226.500.000000,"Экскаватор одноковшовый, на колесном ходу, емкость 0,1-15 м3",13773262-1 Экскаватор колесный с гидромолотом согласно технической спецификации,Экскаватор,1,67 321 428.57,Открытый конкурс,Закупка состоялась
80289343-ОК1,291059.999.000094,"Автомобиль специальный, класс A-для транспортировки пациентов",15380608-1 Приобретение специальной автомобили для транспортировки пациентов,Автомобиль,15,812 400 000.00,Открытый конкурс,Закупка состоялась
76444215-ОК4,291059.999.000094,"Автомобиль специальный, класс A-для транспортировки пациентов",15164125-1 Приобретение специальной автомобили для транспортировки пациентов (повторная закупка),Автомобиль,15,812 400 000.00,Открытый конкурс,Закупка состоялась
79666446-ОК1,291059.999.000094,"Автомобиль специальный, класс A-для транспортировки пациентов","15072748-1 Приобретение автомобиля скорой медицинской помощи для КГП на ПХВ ""Кызылжарская районная больница"" КГУ ""Управление здравоохранения акимата Северо-Казахстанской области""",Автомобиль,1,21 000 000.00,Открытый конкурс,Закупка состоялась
75909768-ЗЦП2,291059.999.000094,"Автомобиль специальный, класс A-для транспортировки пациентов",14969538-1 Приобретение специализированного автомобиля инватакси для перевозки для людей с ограниченными возможностями (инвалидностью),Автомобиль,1,25 500 000.00,Запрос ценовых предложений,Закупка состоялась
78237857-ОК2,291059.999.000094,"Автомобиль специальный, класс A-для транспортировки пациентов",14573525-1 Приобретение автомобиля скорой медицинской помощи для КГП на ПХВ «Районная больница района Магжана Жумабаева» КГУ «Управление здравоохранения акимата Северо-Казахстанской области»,Автомобиль,1,22 098 214.29,Открытый конкурс,Закупка состоялась
78241522-ОК2,291059.999.000094,"Автомобиль специальный, класс A-для транспортировки пациентов","14570670-1 Приобретение автомобиля скорой медицинской помощи для КГП на ПХВ ""Мамлютская районная больница"" КГУ ""Управление здравоохранения акимата Северо-Казахстанской области""",Автомобиль,1,22 098 214.29,Открытый конкурс,Закупка состоялась
75408068-ОК2,291059.999.000094,"Автомобиль специальный, класс A-для транспортировки пациентов","14538030-1 Приобретение автомобиля скорой медицинской помощи КГП на ПХВ ""Кызылжарская районная больница"" КГУ ""Управление здравоохранения акимата Северо-Казахстанской области""",Автомобиль,1,22 098 214.29,Открытый конкурс,Закупка состоялась
78241217-ОК2,291059.999.000094,"Автомобиль специальный, класс A-для транспортировки пациентов","14533478-1 Приобретение автотранспорта для КГП на ПХВ ""Айыртауская районная больница"" КГУ Управление здравоохранения акимата СКО",Автомобиль,2,44 196 428.00,Открытый конкурс,Закупка состоялась
78332179-ОК2,291059.999.000094,"Автомобиль специальный, класс A-для транспортировки пациентов",14532158-1 Приобретение автомобиля скорой медицинской помощи для КГП на ПХВ «Явленская районная больница» КГУ «Управление здравоохранения акимата Северо-Казахстанской области»,Автомобиль,1,22 098 214.29,Открытый конкурс,Закупка состоялась
75546459-ОК2,291059.999.000094,"Автомобиль специальный, класс A-для транспортировки пациентов",14530718-1 Приобретение автотранспорта для КГП на ПХВ «Жамбылская районная больница» КГУ «Управление здравоохранения акимата Северо-Казахстанской области»,Автомобиль,1,22 098 214.29,Открытый конкурс,Закупка состоялась
78160366-ОК2,291059.999.000094,"Автомобиль специальный, класс A-для транспортировки пациентов",14520961-1 Приобретение автомобилей скорой медицинской помощи для КГП на ПХВ «Областной центр скорой медицинской помощи» КГУ «Управление здравоохранения акимата Северо- Казахстанской области»,Автомобиль,4,120 000 000.00,Открытый конкурс,Закупка состоялась
78306738-ОК1,291059.999.000094,"Автомобиль специальный, класс A-для транспортировки пациентов","14342904-2 Приобретение автотранспорта для КГП на ПХВ ""Районная больница района Шал акына"" КГУ ""Управление здравоохранения акимата Северо-Казахстанской области""",Автомобиль,1,22 098 214.29,Открытый конкурс,Закупка состоялась
75451880-ОК1,291059.999.000094,"Автомобиль специальный, класс A-для транспортировки пациентов",14017034-1 Приобретение автотранспорта для КГП на ПХВ «Областной центр скорой медицинской помощи» КГУ «Управление здравоохранения акимата Северо- Казахстанской области»,Автомобиль,2,48 000 000.00,Открытый конкурс,Закупка состоялась
76656371-ОК2,291059.999.000094,"Автомобиль специальный, класс A-для транспортировки пациентов","13895774-1 Товары, согласно технической спецификации",Автомобиль,1,30 000 000.00,Открытый конкурс,Закупка состоялась
76443819-ОК1,291059.999.000094,"Автомобиль специальный, класс A-для транспортировки пациентов",13738941-1 Приобретение автомобиля (СП),Автомобиль,10,280 000 000.00,Открытый конкурс,Закупка состоялась
73831908-ОК2,291059.999.000094,"Автомобиль специальный, класс A-для транспортировки пациентов","13608599-1 Автомобиль Комплекс передвижной неотложной медицинской помощи для линейных, кардиологических, реанимационных бригад и бригад интенсивной терапии на баз",Автомобиль,2,52 000 000.00,Открытый конкурс,Закупка состоялась
74799658-ОК2,291059.999.000086,"Автомобиль специализированный, быстрого реагирования","15225642-1 О проведении государственной закупки товара для Государственное учреждение ""Департамент по чрезвычайным ситуациям Северо-Казахстанской области Министерства по чрезвычайным ситуациям Республики Казахстан""",Автомобиль,2,169 642 857.14,Открытый конкурс,Закупка состоялась
74802865-ОК2,291059.999.000086,"Автомобиль специализированный, быстрого реагирования",14801235-1 Государственная закупка товара для ГУ «Департамент по чрезвычайным ситуациям Актюбинской области Министерства по чрезвычайным ситуациям Республики Казахстан» способом конкурса,Автомобиль,4,101 035 714.28,Открытый конкурс,Закупка состоялась
74001057-ОК2,291059.999.000086,"Автомобиль специализированный, быстрого реагирования",14775802-1 Автомобиль быстрого реагирования,Автомобиль,3,71 266 071.42,Открытый конкурс,Закупка состоялась
78130846-ОК2,291059.999.000086,"Автомобиль специализированный, быстрого реагирования",14645663-2 Государственная закупка товара для ГУ «Департамент полиции Западно-Казахстанской области Министерства внутренних дел Республики Казахстан» способом конкурса,Автомобиль,3,85 714 285.71,Открытый конкурс,Закупка состоялась
74843404-ОК2,291059.999.000086,"Автомобиль специализированный, быстрого реагирования",14623633-2 Государственные закупки товара для ГУ «Департамент по чрезвычайным ситуациям Жамбылской области Министерства по чрезвычайным ситуациям Республики Казахстан» способом конкурса,Автомобиль,5,126 294 642.85,Открытый конкурс,Закупка состоялась
73914396-ОК3,291059.999.000085,"Автомобиль специальный, первой помощи",14534047-1 Повторные государственные закупки автомобилей (скорой помощи) для нужд Национальной гвардии РК,Автомобиль,1,19 584 821.42,Открытый конкурс,Закупка состоялась
79883240-ОК4,291059.999.000084,"Автомобиль специализированный, мастерская передвижная, ремонтно-эвакуационная",15474922-1 Приобретение Автомобиля с установленной системой дистанционного управления ДЛС на бампере и крыше (согл.тех.спец),Автомобиль,1,141 330 357.15,Открытый конкурс,Закупка состоялась
74242832-ОК2,291059.999.000083,"Автомобиль специализированный, эвакуатор, грузоподъемность не более 5 т",14251338-1 Приобретение специального техники,Автомобиль,1,31 650 000.00,Открытый конкурс,Закупка состоялась
80153220-ОК3,291059.999.000081,"Автомобиль специализированный, автолаборатория, экологическая",15621010-1 Приобретение автомобиля для Бейнеуское КГУ по охране лесов и животного мира Управления природных ресурсов и регулирования природопользования Мангистауской области/,Автомобиль,1,31 250 000.00,Открытый конкурс,Закупка состоялась
80153170-ОК2,291059.999.000081,"Автомобиль специализированный, автолаборатория, экологическая",15539898-1 Приобретение автомобиля для Бейнеуское КГУ по охране лесов и животного мира Управления природных ресурсов и регулирования природопользования Мангистауской области,Автомобиль,1,51 785 714.28,Открытый конкурс,Закупка состоялась
76456633-ОК3,291059.999.000081,"Автомобиль специализированный, автолаборатория, экологическая",14886175-1 Повторные государственные закупки товара для РГУ «Комитет экологического регулирования и контроля Министерства экологии и природных ресурсов Республики Казахстан» способом конкурса,Автомобиль,3,646 223 749.98,Открытый конкурс,Закупка состоялась
80686879-ОК2,291059.999.000077,"Автомобиль специализированный, автолаборатория, электротехническая",15733578-1 Приобретение передвижной электротехнической лаборатории для ТОО Алматыэлектротранс,Автомобиль,1,158 000 000.00,Открытый конкурс,Закупка состоялась
80768965-ОК2,291059.999.000077,"Автомобиль специализированный, автолаборатория, электротехническая",15730719-1 Государственные закупки высоковольтной электротехнической лаборатории на шасси для АО «Астана-РЭК,Автомобиль,1,167 300 000.00,Открытый конкурс,Закупка состоялась
77310531-ОК2,291059.999.000077,"Автомобиль специализированный, автолаборатория, электротехническая",14186721-1 Передвижная высоковольтная электротехническая лаборатория,Автомобиль,1,130 000 000.00,Открытый конкурс,Закупка состоялась
76699759-ОК3,291059.999.000077,"Автомобиль специализированный, автолаборатория, электротехническая","14042855-1 О проведении государственных закупок «Автомобиль-передвижная, высоковольтная электротехническая лаборатория» единым организатором способом открытого конкурса для ГКП на ПХВ ""Алматы Су"" Управления энергетики и водоснабжения города Алматы",Автомобиль,1,137 580 000.00,Открытый конкурс,Закупка состоялась
71101649-ОК3,291059.999.000077,"Автомобиль специализированный, автолаборатория, электротехническая","13234789-1 Передвижная электротехническая лаборатория для КГУ ""Управление энергетики и водоснабжения города Алматы""",Автомобиль,1,111 607 142.86,Открытый конкурс,Закупка состоялась
81454179-ОИ2,291059.999.000062,"Автомобиль специализированный, установка бустерная, на шасси грузового автомобиля",15800984-1 Автомобиль согласно технической спецификации/,Автомобиль,1,24 000 000.00,Из одного источника по несостоявшимся закупкам,Закупка состоялась
78256466-ОК2,291059.999.000060,"Автомобиль специализированный, автолаборатория",14615634-1 Передвижная лаборатория аудита дорожной безопасности,Автомобиль,1,68 442 500.00,Открытый конкурс,Закупка состоялась
73708110-ОК3,291059.900.000024,"Автомобиль специализированный, автогидроподъемник, высота стрелы более 17 м, но не более 30 м, конструкция стрелы вертикального подъема","14207865-1 Приобретение автогидроподъемника на самоходном шасси для КГУ ""Экибастуз-сервис""",Автомобиль,1,60 714 285.71,Открытый конкурс,Закупка состоялась
76763242-ОИ6,291059.900.000023,"Автомобиль специализированный, автогидроподъемник, высота стрелы более 17 м, но не более 30 м, конструкция стрелы рычажно-телескопическая","15159251-1 Автогидроподъемник телескопический на шасси с однорядной кабиной, рабочей высотой не менее 22 м.",Автомобиль,1,38 125 000.00,Из одного источника по несостоявшимся закупкам,Закупка состоялась
78152629-ОК2,291059.900.000023,"Автомобиль специализированный, автогидроподъемник, высота стрелы более 17 м, но не более 30 м, конструкция стрелы рычажно-телескопическая",15007793-1 Государственные закупки автоподъемник гидравлический телескопический согласно конкурсной документации,Автомобиль,1,45 223 214.29,Открытый конкурс,Закупка состоялась
69845983-ОК2,291059.900.000023,"Автомобиль специализированный, автогидроподъемник, высота стрелы более 17 м, но не более 30 м, конструкция стрелы рычажно-телескопическая",14392863-1 Товары для службы механиков (Автогидроподъемник),Автомобиль,1,58 000 000.00,Открытый конкурс,Закупка состоялась
77141594-ОК2,291059.900.000022,"Автомобиль специализированный, автогидроподъемник, высота стрелы более 17 м, но не более 30 м, конструкция стрелы комбинированная (коленчато-телескопическая)",14172341-1 Государственные закупки согласно КД,Автомобиль,1,29 950 000.00,Открытый конкурс,Закупка состоялась
79680758-ОК2,291059.900.000021,"Автомобиль специализированный, автогидроподъемник, высота стрелы более 17 м, но не более 30 м, конструкция стрелы телескопическая","15244154-2 Приобретение автогидроподъемника для ГУ ""Отдел жилищно-коммунального хозяйства, пассажирского транспорта и автомобильных дорог города Актобе""",Автомобиль,1,49 550 000.00,Открытый конкурс,Закупка состоялась
77844179-ОК3,291059.900.000021,"Автомобиль специализированный, автогидроподъемник, высота стрелы более 17 м, но не более 30 м, конструкция стрелы телескопическая",14775246-1 Автомобиль специализированный бортовой с крано манипуляторной установкой,Автомобиль,1,29 553 271.40,Открытый конкурс,Закупка состоялась
75583436-ОК2,291059.900.000021,"Автомобиль специализированный, автогидроподъемник, высота стрелы более 17 м, но не более 30 м, конструкция стрелы телескопическая",14438404-1 Приобретение спецтехники - автогидроподъемник,Автомобиль,1,78 482 142.86,Открытый конкурс,Закупка состоялась
77653536-АУК3,291059.900.000016,"Автомобиль специализированный, автогидроподъемник, высота стрелы не более 17 м, конструкция стрелы телескопическая","14854178-1 Автогидроподъемник ГУ «Отдел жилищно-коммунального хозяйства, пассажирского транспорта и автомобильных дорог города Уральска»",Автомобиль,1,58 035 714.29,Аукцион,Закупка состоялась
79131921-ОК2,291059.900.000010,"Автомобиль специализированный, автобетоносмеситель, вместимость не более 4 м3",15088234-1 Автобетоносмеситель для РГП Казводхоз,Автомобиль,1,20 620 535.71,Открытый конкурс,Закупка состоялась
80994556-ОК2,291059.900.000008,"Автомобиль специализированный, коммунально-уборочный","15820917-1 Приобретение автомобиля специализированный, коммунально-уборочный для ГУ «Управление пассажирского транспорта и автомобильных дорог Карагандинской области»",Автомобиль,1,63 928 571.43,Открытый конкурс,Закупка состоялась
80526940-ОТ2,291059.900.000008,"Автомобиль специализированный, коммунально-уборочный",15659962-1 Повторные электронные закупки товара комбинированная дорожная машина со скоростным отвалом на базе самосвала,Автомобиль,13,923 000 000.00,Тендер,Закупка состоялась
76053545-ОК1,291059.900.000008,"Автомобиль специализированный, коммунально-уборочный","15282338-1 Государственные закупки для ГКП на ПХВ ""Оңтүстік жолдары"" управления пассажирского транспорта и автомобильных дорог Туркестанской области способом открытого конкурса",Автомобиль,2,121 600 000.00,Открытый конкурс,Закупка состоялась
79916668-ОК1,291059.900.000008,"Автомобиль специализированный, коммунально-уборочный","15210632-1 Приобретение комбинированной дорожной машины для КГУ ""Управление развития коммунальной инфраструктуры города Алматы""",Автомобиль,3,480 803 571.45,Открытый конкурс,Закупка состоялась
78617113-ОК1,291059.900.000008,"Автомобиль специализированный, коммунально-уборочный","14499362-1 Государственные закупки для КГУ ""Сарыагаш қызмет"" акимата Сарыагашского района способом открытого конкурса",Автомобиль,1,55 714 285.71,Открытый конкурс,Закупка состоялась
78526227-ОК1,291059.900.000008,"Автомобиль специализированный, коммунально-уборочный",14472220-1 Приобретение илососной машины,Автомобиль,1,70 446 428.58,Открытый конкурс,Закупка состоялась
77526650-ОК2,291059.900.000008,"Автомобиль специализированный, коммунально-уборочный","14380168-1 Государственные закупки для ГУ «Отдел жилищно-коммунального хозяйства пассажирского транспорта, автомобильных дорог и жилищная инспекция Ордабасынского района» способом открытого конкурса",Автомобиль,1,54 650 000.00,Открытый конкурс,Закупка состоялась
77767698-ОК1,291059.900.000008,"Автомобиль специализированный, коммунально-уборочный","14091619-2 Приобретения автомобиля специализированный, комбинированный коммунально-уборочный для ГУ ""Отдел жилищно-коммунального хозяйства, пассажирского транспорта, автомобильных дорог и жилищной инспекции Алакольского района""",Автомобиль,1,45 000 000.00,Открытый конкурс,Закупка состоялась
76217438-ОК1,291059.900.000008,"Автомобиль специализированный, коммунально-уборочный",13892834-1 Государственные закупки товаров,Автомобиль,1,58 035 714.28,Открытый конкурс,Закупка состоялась
76902302-ОК1,291059.900.000008,"Автомобиль специализированный, коммунально-уборочный","13891701-1 Государственные закупки для Государственное учреждение ""Отдел жилищно-коммунального хозяйства, пассажирского транспорта, автомобильных дорог и жилищной инспекции Макатского района""",Автомобиль,2,128 571 428.58,Открытый конкурс,Закупка состоялась
76755689-ОК1,291059.900.000008,"Автомобиль специализированный, коммунально-уборочный","13736638-1 Государственные закупки для ГУ ""Отдел инфраструктуры и коммуникации"" акимата города Туркестан способом открытого конкурса",Автомобиль,5,334 821 428.55,Открытый конкурс,Закупка состоялась
72290561-ОК2,291059.900.000008,"Автомобиль специализированный, коммунально-уборочный",13462662-1 Приобретение Машина комбинированная для круглогодичного использования по содержанию дорог с асфальтовым и бетонным покрытием,Автомобиль,1,58 571 428.57,Открытый конкурс,Закупка состоялась
76559727-ОК5,291059.900.000007,"Автомобиль специализированный, вакуумно-уборочный","14719276-1 Автомобиль специализированный, коммунально-уборочный",Автомобиль,1,53 571 428.57,Открытый конкурс,Закупка состоялась
77759120-ОК3,291059.900.000007,"Автомобиль специализированный, вакуумно-уборочный",14621964-1 Приобретение спецтехники согласно техспецификации для ГКП Урджарского района области Абай,Автомобиль,1,24 867 857.14,Открытый конкурс,Закупка состоялась
78136876-ОК2,291059.900.000007,"Автомобиль специализированный, вакуумно-уборочный",14525737-2 Приобретение товара автомобиль,Автомобиль,1,53 214 285.72,Открытый конкурс,Закупка состоялась
78202224-ОК2,291059.900.000007,"Автомобиль специализированный, вакуумно-уборочный",14526342-1 Приобретение товара автомобиль,Автомобиль,1,29 017 857.15,Открытый конкурс,Закупка состоялась
77814622-ОК1,291059.900.000007,"Автомобиль специализированный, вакуумно-уборочный",14255309-1 Государственные закупки товара для АО «Международный аэропорт Нурсултан Назарбаев» способом открытого конкурса,Автомобиль,1,199 033 470.00,Открытый конкурс,Закупка состоялась
80823466-ОК3,291059.900.000005,"Автомобиль специализированный, каналопромывочный, вместимость цистерны более 5 м3, но не более 10 м3","15757986-1 Государственные закупки для ГУ ""Отдел жилищно-коммунального хозяйства и жилищной инспекции Илийского района"" способом конкурс",Автомобиль,1,31 250 000.00,Открытый конкурс,Закупка состоялась
73947189-ОК1,291059.900.000005,"Автомобиль специализированный, каналопромывочный, вместимость цистерны более 5 м3, но не более 10 м3",15559693-1 Закуп спецтехники (Илосос),Автомобиль,1,70 207 142.00,Открытый конкурс,Закупка состоялась
79995749-ОК3,291059.900.000005,"Автомобиль специализированный, каналопромывочный, вместимость цистерны более 5 м3, но не более 10 м3",15440050-1 Каналопромывочная машина РКТ-150/120,Автомобиль,1,36 400 000.00,Открытый конкурс,Закупка состоялась
73461478-ОК3,291059.900.000005,"Автомобиль специализированный, каналопромывочный, вместимость цистерны более 5 м3, но не более 10 м3",14743533-1 Закупка специализированной техники,Автомобиль,3,675 000 000.00,Открытый конкурс,Закупка состоялась
73548649-ОК2,291059.900.000005,"Автомобиль специализированный, каналопромывочный, вместимость цистерны более 5 м3, но не более 10 м3",14668844-1 Закупка специализированной техники,Автомобиль,1,351 000 000.00,Открытый конкурс,Закупка состоялась
78565500-ОК1,291059.900.000005,"Автомобиль специализированный, каналопромывочный, вместимость цистерны более 5 м3, но не более 10 м3",14471064-1 Приобретение каналопромывочной машины в коммунальную собственность,Автомобиль,1,58 035 714.28,Открытый конкурс,Закупка состоялась
75625018-ОК1,291059.900.000005,"Автомобиль специализированный, каналопромывочный, вместимость цистерны более 5 м3, но не более 10 м3",13753356-1 Приобретение каналопромывочной машины (согл.тех.спец),Автомобиль,1,73 214 285.71,Открытый конкурс,Закупка состоялась
76762793-ОК1,291059.900.000005,"Автомобиль специализированный, каналопромывочный, вместимость цистерны более 5 м3, но не более 10 м3","13736103-1 Государственные закупки для ГУ ""Отдел инфраструктуры и коммуникации"" акимата города Туркестан способом открытого конкурса",Автомобиль,1,57 142 857.14,Открытый конкурс,Закупка состоялась
73006449-ОК1,291059.900.000005,"Автомобиль специализированный, каналопромывочный, вместимость цистерны более 5 м3, но не более 10 м3","13451322-1 Приобретение каналопромывочной машины для КГУ ""Экибастуз-сервис""",Автомобиль,1,59 553 571.43,Открытый конкурс,Закупка состоялась
76141003-ОК3,291059.900.000003,"Автомобиль специализированный, поливомоечный, вместимость цистерны более 10 м3","14790975-1 Закуп АО ""Аэропорт Шымкент"" специальный техники",Автомобиль,1,58 000 000.00,Открытый конкурс,Закупка состоялась
80420784-ОК1,291059.900.000002,"Автомобиль специализированный, поливомоечный, вместимость цистерны более 5 м3, но не более 10 м3",15502202-1 Приобретение водовоз-поливомоечной машины,Автомобиль,1,37 500 000.00,Открытый конкурс,Закупка состоялась
77415144-ОК3,291059.900.000002,"Автомобиль специализированный, поливомоечный, вместимость цистерны более 5 м3, но не более 10 м3",14463125-1 Специализированная техника для ГКП «Өскемен Водокнал»,Автомобиль,1,25 892 857.14,Открытый конкурс,Закупка состоялась
77102504-ОК2,291059.900.000002,"Автомобиль специализированный, поливомоечный, вместимость цистерны более 5 м3, но не более 10 м3",14301222-1 Повторные государственные закупки товара для РГКП «Центр олимпийской подготовки «Алматы» Комитета по делам спорта и физической культуры Министерства туризма и спорта Республики Казахстан способом конкурса,Автомобиль,2,88 392 857.16,Открытый конкурс,Закупка состоялась
81530326-ОИ3,291042.900.000001,"Автомобиль грузовой, бензиновый, фургон, грузоподъемность не более 5",15822696-1 Приобретение автомобиля согласно технической спецификации,Автомобиль,1,16 362 000.00,Из одного источника по несостоявшимся закупкам,Закупка состоялась
80655448-ОК1,291042.900.000001,"Автомобиль грузовой, бензиновый, фургон, грузоподъемность не более 5","15656702-1 Автомобиль грузовой, бензиновый, фургон, грузоподъемность не более 5 для КГУ ""Управление развития общественных пространств города Алматы""",Автомобиль,10,220 000 000.00,Открытый конкурс,Закупка состоялась
80655110-ОК1,291042.900.000001,"Автомобиль грузовой, бензиновый, фургон, грузоподъемность не более 5","15656584-1 Автомобиль грузовой, бензиновый, фургон, грузоподъемность не более 5 для КГУ ""Управление развития общественных пространств города Алматы""",Автомобиль,10,260 000 000.00,Открытый конкурс,Закупка состоялась
80651909-ОК1,291042.900.000001,"Автомобиль грузовой, бензиновый, фургон, грузоподъемность не более 5","15614318-2 Автомобиль грузовой, бензиновый, фургон, грузоподъемность не более 5",Автомобиль,5,67 500 000.00,Открытый конкурс,Закупка состоялась
80655199-ОК1,291042.900.000001,"Автомобиль грузовой, бензиновый, фургон, грузоподъемность не более 5",15612911-2 Цельно метал фургон,Автомобиль,5,62 500 000.00,Открытый конкурс,Закупка состоялась
80356365-ОК1,291042.900.000001,"Автомобиль грузовой, бензиновый, фургон, грузоподъемность не более 5",15500557-2 Приобретение автомобиля для Кинологического центра ДП Актюбинской области.,Автомобиль,1,38 000 000.00,Открытый конкурс,Закупка состоялась
80474160-ОИ3,291042.900.000001,"Автомобиль грузовой, бензиновый, фургон, грузоподъемность не более 5","15495642-1 грузовой, бензиновый, фургон, грузоподъемность не более 5",Автомобиль,2,16 051 366.00,Из одного источника по несостоявшимся закупкам,Закупка состоялась
80470576-ОИ2,291042.900.000001,"Автомобиль грузовой, бензиновый, фургон, грузоподъемность не более 5","15485174-1 Автомобиль - А/м фургон с металлическим кузовом, семи местный согласно технического спецификаций",Автомобиль,1,18 365 000.00,Из одного источника по несостоявшимся закупкам,Закупка состоялась
80022837-ОК1,291042.900.000001,"Автомобиль грузовой, бензиновый, фургон, грузоподъемность не более 5","15397376-1 автомобиль , прицеп по области Жетісу",Автомобиль,1,15 708 000.00,Открытый конкурс,Закупка состоялась
80231487-ЗЦП2,291042.900.000001,"Автомобиль грузовой, бензиновый, фургон, грузоподъемность не более 5","15375678-1 Автомобиль грузовой, фургон",Автомобиль,3,23 906 250.00,Запрос ценовых предложений,Закупка состоялась
79793875-ОК1,291042.900.000001,"Автомобиль грузовой, бензиновый, фургон, грузоподъемность не более 5",15286355-1 Приобретение грузового автомобиля для нужд ДП Актюбинской области.,Автомобиль,2,37 930 000.00,Открытый конкурс,Закупка состоялась
79612975-ОК2,291042.900.000001,"Автомобиль грузовой, бензиновый, фургон, грузоподъемность не более 5",15210503-1 Поставка транспортных средств различного назначения 2,Автомобиль,2,34 978 000.00,Открытый конкурс,Закупка состоялась
78722782-ОК1,291042.900.000001,"Автомобиль грузовой, бензиновый, фургон, грузоподъемность не более 5",15092719-1 Государственная закупка товара для ГУ «Департамент полиции города Алматы Министерства внутренних дел Республики Казахстан» способом открытого конкурса,Автомобиль,3,92 100 000.00,Открытый конкурс,Закупка состоялась
79150108-ОК1,291042.900.000001,"Автомобиль грузовой, бензиновый, фургон, грузоподъемность не более 5",14906131-1 Приобретение автомашины (фургон),Автомобиль,1,15 516 000.00,Открытый конкурс,Закупка состоялась
78877058-ОК1,291042.900.000001,"Автомобиль грузовой, бензиновый, фургон, грузоподъемность не более 5",14680869-1 Приобретение автомобилей согласно технической спецификации,Автомобиль,2,24 300 000.00,Открытый конкурс,Закупка состоялась
76417464-ОИ3,291042.900.000001,"Автомобиль грузовой, бензиновый, фургон, грузоподъемность не более 5",14555299-1 Приобретение служебных легковых автомобилей (читать техническую спецификацию),Автомобиль,2,23 005 000.00,Из одного источника по несостоявшимся закупкам,Закупка состоялась
78130556-ОК2,291042.900.000001,"Автомобиль грузовой, бензиновый, фургон, грузоподъемность не более 5",14431011-1 Приобретение автотранспортных средств,Автомобиль,2,42 857 142.86,Открытый конкурс,Закупка состоялась
76462082-ОК1,291042.900.000001,"Автомобиль грузовой, бензиновый, фургон, грузоподъемность не более 5","14388470-1 Приобритение грузопассажирской автомашины, борт/тент",Автомобиль,2,23 350 000.00,Открытый конкурс,Закупка состоялась
78087218-ОИ2,291042.900.000001,"Автомобиль грузовой, бензиновый, фургон, грузоподъемность не более 5","14273961-1 Приобретение бортовых автомобилей для ГКП на ПХВ ""Талдыкорганский высший политехнический колледж"" и ГКП на ПХВ ""Аксуский агротехнический колледж""",Автомобиль,2,29 584 000.00,Из одного источника по несостоявшимся закупкам,Закупка состоялась
76653878-ОК2,291042.900.000001,"Автомобиль грузовой, бензиновый, фургон, грузоподъемность не более 5",14249815-1 Приобретение автомобиля для КГУ «Актогайское хозяйство по охране лесов и животного мира»,Автомобиль,1,15 790 178.57,Открытый конкурс,Закупка состоялась
74580414-ОК1,291042.900.000001,"Автомобиль грузовой, бензиновый, фургон, грузоподъемность не более 5",14037308-1 Государственные закупки товара для ГУ «Департамент полиции города Астаны Министерства внутренних дел Республики Казахстан» способом открытого конкурса,Автомобиль,6,198 000 000.00,Открытый конкурс,Закупка состоялась
74944642-ОК1,291042.900.000001,"Автомобиль грузовой, бензиновый, фургон, грузоподъемность не более 5",13885223-1 Приобретение автомобиля для ДП,Автомобиль,1,31 000 000.00,Открытый конкурс,Закупка состоялась
75148693-ОИ2,291042.900.000001,"Автомобиль грузовой, бензиновый, фургон, грузоподъемность не более 5",13747179-1 Приобретение служебного автомобиля (для развозки лекарственных средств),Автомобиль,1,15 400 000.00,Из одного источника по несостоявшимся закупкам,Закупка состоялась
80420718-ОИ6,291041.300.000002,"Автомобиль грузовой, дизельный, самосвал, грузоподъемность более 5 т, но не более 20 т, тип платформа с опрокидывающимся кузовом",15825736-1 Приобритение автомобиля самосвал 7 тон,Автомобиль,24,535 714 285.68,Из одного источника по несостоявшимся закупкам,Закупка состоялась
80292701-ОК2,291041.300.000002,"Автомобиль грузовой, дизельный, самосвал, грузоподъемность более 5 т, но не более 20 т, тип платформа с опрокидывающимся кузовом","15512238-2 Приобретение самосвала, грузоподъемность более 5 т, но не более 20 т, тип платформа с опрокидывающимся кузовом",Автомобиль,2,85 000 000.00,Открытый конкурс,Закупка состоялась
80420697-ОК1,291041.300.000002,"Автомобиль грузовой, дизельный, самосвал, грузоподъемность более 5 т, но не более 20 т, тип платформа с опрокидывающимся кузовом","15508997-2 Приобретение самосвала 15 тонн для КГУ ""Управление коммунальной инфраструктуры и жилищной инспекции города Алматы""",Автомобиль,16,542 857 142.88,Открытый конкурс,Закупка состоялась
79471096-ОК2,291041.300.000002,"Автомобиль грузовой, дизельный, самосвал, грузоподъемность более 5 т, но не более 20 т, тип платформа с опрокидывающимся кузовом",15396653-1 Государственный закуп грузового автомобиля,Автомобиль,6,380 357 142.84,Открытый конкурс,Закупка состоялась
78804326-ОК2,291041.300.000002,"Автомобиль грузовой, дизельный, самосвал, грузоподъемность более 5 т, но не более 20 т, тип платформа с опрокидывающимся кузовом",15206195-1 Государственный закуп автомобиля,Автомобиль,4,253 571 428.56,Открытый конкурс,Закупка состоялась
76763575-ОИ6,291041.300.000002,"Автомобиль грузовой, дизельный, самосвал, грузоподъемность более 5 т, но не более 20 т, тип платформа с опрокидывающимся кузовом",15204065-1 Эвакуатор со стационарной платформой ломаного типа,Автомобиль,2,38 392 857.14,Из одного источника по несостоявшимся закупкам,Закупка состоялась
76757066-ОИ6,291041.300.000002,"Автомобиль грузовой, дизельный, самосвал, грузоподъемность более 5 т, но не более 20 т, тип платформа с опрокидывающимся кузовом","15203993-1 Автомобиль грузоподъемностью 25 000 кг, приобретение автомобиля согласно технической спецификации",Автомобиль,2,59 821 428.56,Из одного источника по несостоявшимся закупкам,Закупка состоялась
75377807-ОК1,291041.300.000002,"Автомобиль грузовой, дизельный, самосвал, грузоподъемность более 5 т, но не более 20 т, тип платформа с опрокидывающимся кузовом",15087533-1 Приобретение Самосвал а,Автомобиль,1,25 059 056.13,Открытый конкурс,Закупка состоялась
79337873-ОИ3,291041.300.000002,"Автомобиль грузовой, дизельный, самосвал, грузоподъемность более 5 т, но не более 20 т, тип платформа с опрокидывающимся кузовом","15010549-1 Автомобиль грузовой, дизельный, самосвал, грузоподъемность не менее 15 тонн, тип платформа с опрокидывающимся кузовом на 3 (три) стороны на шасси с 3-осями (3-я ось «лентяйка») в соответствии с ГОСТ ISO 7132-2017 Машины землеройные Самосвалы Терминология и торговые спецификации",Автомобиль,1,22 000 000.00,Из одного источника по несостоявшимся закупкам,Закупка состоялась
77650869-АУК2,291041.300.000002,"Автомобиль грузовой, дизельный, самосвал, грузоподъемность более 5 т, но не более 20 т, тип платформа с опрокидывающимся кузовом",14854681-1 Самосвал с задней выгрузкой,Автомобиль,1,30 446 428.57,Аукцион,Закупка состоялась
78560719-ОК2,291041.300.000002,"Автомобиль грузовой, дизельный, самосвал, грузоподъемность более 5 т, но не более 20 т, тип платформа с опрокидывающимся кузовом",14750107-1 Приобретение грузовых транспортных средств,Автомобиль,6,380 357 142.00,Открытый конкурс,Закупка состоялась
78725613-ОК2,291041.300.000002,"Автомобиль грузовой, дизельный, самосвал, грузоподъемность более 5 т, но не более 20 т, тип платформа с опрокидывающимся кузовом","14735248-1 Грузовой автомобиль (самосвал) для ТОО ""Алматинские тепловые сети""",Автомобиль,4,101 357 142.84,Открытый конкурс,Закупка состоялась
78557223-ОК1,291041.300.000002,"Автомобиль грузовой, дизельный, самосвал, грузоподъемность более 5 т, но не более 20 т, тип платформа с опрокидывающимся кузовом",14698129-2 Приобретение грузового автомобиля с прицепом,Автомобиль,1,37 839 285.71,Открытый конкурс,Закупка состоялась
75871416-ОК2,291041.300.000002,"Автомобиль грузовой, дизельный, самосвал, грузоподъемность более 5 т, но не более 20 т, тип платформа с опрокидывающимся кузовом",14711949-1 Автомобиль- самосвал (см техспец),Автомобиль,1,22 785 714.29,Открытый конкурс,Закупка состоялась
73461426-ОК2,291041.300.000002,"Автомобиль грузовой, дизельный, самосвал, грузоподъемность более 5 т, но не более 20 т, тип платформа с опрокидывающимся кузовом",14678382-1 Грузовое транспортное средство с самосвальным кузовом,Автомобиль,5,316 964 285.70,Открытый конкурс,Закупка состоялась
78694955-ЗЦП2,291041.300.000002,"Автомобиль грузовой, дизельный, самосвал, грузоподъемность более 5 т, но не более 20 т, тип платформа с опрокидывающимся кузовом",14623814-1 Приобретение Автомобиля грузового,Автомобиль,1,29 062 500.00,Запрос ценовых предложений,Закупка состоялась
77098232-АУК2,291041.300.000002,"Автомобиль грузовой, дизельный, самосвал, грузоподъемность более 5 т, но не более 20 т, тип платформа с опрокидывающимся кузовом","14489363-1 Приобретение атвомобиля самосвала для КГП на ПХВ ""Саранькоммунсервис""",Автомобиль,2,66 000 000.00,Аукцион,Закупка состоялась
76921748-ОК2,291041.300.000002,"Автомобиль грузовой, дизельный, самосвал, грузоподъемность более 5 т, но не более 20 т, тип платформа с опрокидывающимся кузовом","14454232-1 Приобретение самосвала для КГУ ""Отдел жилищно-коммунального хозяйства, пассажирского транспорта и автомобильных дорог акимата города Петропавловска""",Автомобиль,2,70 000 000.00,Открытый конкурс,Закупка состоялась
78361523-ЗЦП2,291041.300.000002,"Автомобиль грузовой, дизельный, самосвал, грузоподъемность более 5 т, но не более 20 т, тип платформа с опрокидывающимся кузовом",14401262-1 Самосвал грузовой автомобиль (15 т),Автомобиль,1,29 465 000.00,Запрос ценовых предложений,Закупка состоялась
77268601-ОК1,291041.300.000002,"Автомобиль грузовой, дизельный, самосвал, грузоподъемность более 5 т, но не более 20 т, тип платформа с опрокидывающимся кузовом",14180106-1 Приобретение грузового автотранспорта,Автомобиль,1,35 423 000.00,Открытый конкурс,Закупка состоялась
76904458-ОК1,291041.300.000002,"Автомобиль грузовой, дизельный, самосвал, грузоподъемность более 5 т, но не более 20 т, тип платформа с опрокидывающимся кузовом","13910366-1 Государственная закупка для ГУ ""Отдел жилищнокоммунального хозяйства, пассажирского транспорта, автомобильных дорог и жилищной инспекции Макатского района""",Автомобиль,3,125 892 857.16,Открытый конкурс,Закупка состоялась
76760609-ОК1,291041.300.000002,"Автомобиль грузовой, дизельный, самосвал, грузоподъемность более 5 т, но не более 20 т, тип платформа с опрокидывающимся кузовом",13824867-1 Приобретение специализированной техники,Автомобиль,1,41 071 428.57,Открытый конкурс,Закупка состоялась
72886233-ОК1,291041.300.000002,"Автомобиль грузовой, дизельный, самосвал, грузоподъемность более 5 т, но не более 20 т, тип платформа с опрокидывающимся кузовом","13618748-2 Самосвал для транспортировки, перевозки сыпучих и смешанных грузов, согласно технической спецификации.",Автомобиль,1,31 850 000.00,Открытый конкурс,Закупка состоялась
72809844-ОК1,291041.300.000002,"Автомобиль грузовой, дизельный, самосвал, грузоподъемность более 5 т, но не более 20 т, тип платформа с опрокидывающимся кузовом",13502265-1 Приобретение грузового автомобиля согласно технической спецификации,Автомобиль,1,41 517 857.14,Открытый конкурс,Закупка состоялась
75933342-ОК3,291041.300.000001,"Автомобиль грузовой, дизельный, самосвал, грузоподъемность более 5 т, но не более 20 т, тип бункер",14876092-2 приобретение самосвала согласно технической спецификации,Автомобиль,1,33 928 571.43,Открытый конкурс,Закупка состоялась
77780481-ОК1,291041.300.000001,"Автомобиль грузовой, дизельный, самосвал, грузоподъемность более 5 т, но не более 20 т, тип бункер","14091781-1 Приобретение самосвала для ГУ ""Отдел жилищно-коммунального хозяйства, пассажирского транспорта, автомобильных дорог и жилищной инспекции Алакольского района""",Автомобиль,1,32 844 240.00,Открытый конкурс,Закупка состоялась
80649547-ОК1,291041.100.000000,"Автомобиль грузовой, дизельный, бортовой, грузоподъемность не более 3,5 т","15661620-2 Автомобиль грузовой, дизельный, бортовой, грузоподъемность не более 3,5 т для КГУ ""Управление развития общественных пространств города Алматы""/",Автомобиль,2,124 540 000.00,Открытый конкурс,Закупка состоялась
80651835-ОК1,291041.100.000000,"Автомобиль грузовой, дизельный, бортовой, грузоподъемность не более 3,5 т","15661235-2 Автомобиль грузовой, дизельный, бортовой, грузоподъемность не более 3,5 т для КГУ ""Управление развития общественных пространств города Алматы""",Автомобиль,3,166 350 000.00,Открытый конкурс,Закупка состоялась
80632621-ОИ2,291041.100.000000,"Автомобиль грузовой, дизельный, бортовой, грузоподъемность не более 3,5 т","15664027-1 Автомобиль грузовой, дизельный",Автомобиль,1,16 300 000.00,Из одного источника по несостоявшимся закупкам,Закупка состоялась
74982482-ОК1,291041.100.000000,"Автомобиль грузовой, дизельный, бортовой, грузоподъемность не более 3,5 т","15278661-1 Автомобиль бортовой, объем не менее (2,5л)",Автомобиль,1,15 900 000.00,Открытый конкурс,Закупка состоялась
78549743-ОК2,291041.100.000000,"Автомобиль грузовой, дизельный, бортовой, грузоподъемность не более 3,5 т",15242266-1 Приобретение бортового-грузового автомобиля,Автомобиль,1,42 910 715.00,Открытый конкурс,Закупка состоялась
79461918-ОК2,291041.100.000000,"Автомобиль грузовой, дизельный, бортовой, грузоподъемность не более 3,5 т",15179310-1 Приобретение транспортных средств (категории C1 и C1E),Автомобиль,1,15 708 000.00,Открытый конкурс,Закупка состоялась
79460946-ОК1,291041.100.000000,"Автомобиль грузовой, дизельный, бортовой, грузоподъемность не более 3,5 т",15162860-1 Автомобиль категории C1 для филиала НАО по Жамбылской области,Автомобиль,1,15 708 000.00,Открытый конкурс,Закупка состоялась
79461864-ОК1,291041.100.000000,"Автомобиль грузовой, дизельный, бортовой, грузоподъемность не более 3,5 т",15015078-1 Грузовые автомобили кат C1 для филиала по Туркестанской области,Автомобиль,1,15 708 000.00,Открытый конкурс,Закупка состоялась
77413639-ОИ2,291041.100.000000,"Автомобиль грузовой, дизельный, бортовой, грузоподъемность не более 3,5 т",14935285-1 приобретение грузовой автомобиль,Автомобиль,1,17 040 000.00,Из одного источника по несостоявшимся закупкам,Закупка состоялась
78622628-ОК1,291041.100.000000,"Автомобиль грузовой, дизельный, бортовой, грузоподъемность не более 3,5 т","14716006-1 Приобретение грузового автомобиля, для Заказчика",Автомобиль,1,15 304 000.00,Открытый конкурс,Закупка состоялась
78241362-ОК1,291041.100.000000,"Автомобиль грузовой, дизельный, бортовой, грузоподъемность не более 3,5 т",14490364-2 Приобретение грузового автомобиля с бортовой платформой (Ауэзовский - Наурызбайский район),Автомобиль,3,50 400 000.00,Открытый конкурс,Закупка состоялась
78244667-ОК1,291041.100.000000,"Автомобиль грузовой, дизельный, бортовой, грузоподъемность не более 3,5 т",14490387-1 Приобретение грузового автомобиля с бортовой платформой (Турксибский - Жетысуский район),Автомобиль,3,50 400 000.00,Открытый конкурс,Закупка состоялась
74397786-ОК1,291041.100.000000,"Автомобиль грузовой, дизельный, бортовой, грузоподъемность не более 3,5 т",14490338-1 Приобретение грузового автомобиля с бортовой платформой (Медеуский - Бостандыксий район),Автомобиль,3,50 400 000.00,Открытый конкурс,Закупка состоялась
72424969-ОК3,291041.100.000000,"Автомобиль грузовой, дизельный, бортовой, грузоподъемность не более 3,5 т",13993713-1 Закуп специализированной техники,Автомобиль,1,41 800 000.00,Открытый конкурс,Закупка состоялась
81078718-ОИ3,291022.300.000016,"Автомобиль легковой, класс В, механическая трансмиссия, объем до 2000 куб.см",15767534-1 Приобретение автомобиля для ГКП Мангыстауэнерго,Автомобиль,2,15 517 857.20,Из одного источника по несостоявшимся закупкам,Закупка состоялась
79934109-ОК6,291022.300.000016,"Автомобиль легковой, класс В, механическая трансмиссия, объем до 2000 куб.см",15633047-1 Приобретение служебные автомобилей (повтор),Автомобиль,50,357 142 857.00,Открытый конкурс,Закупка состоялась
80323328-ОК2,291022.300.000016,"Автомобиль легковой, класс В, механическая трансмиссия, объем до 2000 куб.см",15501822-1 Приобретение товара автомобиль,Автомобиль,3,22 741 071.42,Открытый конкурс,Закупка состоялась
75041802-ОК4,291022.300.000016,"Автомобиль легковой, класс В, механическая трансмиссия, объем до 2000 куб.см",15470648-1 Приобретение легковых автомобилей,Автомобиль,5,43 258 928.55,Открытый конкурс,Закупка состоялась
80381901-ЗЦП2,291022.300.000016,"Автомобиль легковой, класс В, механическая трансмиссия, объем до 2000 куб.см",15458192-1 Приобретение служебного автомобиля,Автомобиль,2,15 160 714.28,Запрос ценовых предложений,Закупка состоялась
80185002-ОК2,291022.300.000016,"Автомобиль легковой, класс В, механическая трансмиссия, объем до 2000 куб.см",15392151-2 Приобритение легковой автомобиль,Автомобиль,2,15 178 571.42,Открытый конкурс,Закупка состоялась
80060464-ОИ4,291022.300.000016,"Автомобиль легковой, класс В, механическая трансмиссия, объем до 2000 куб.см",15310505-1 приобретение автомобиль легковой,Автомобиль,2,16 053 572.00,Из одного источника по несостоявшимся закупкам,Закупка состоялась
79269222-ОК2,291022.300.000016,"Автомобиль легковой, класс В, механическая трансмиссия, объем до 2000 куб.см","15048900-2 Приобретение транспортного средства для АО ""Aqtobe su-energy group""",Автомобиль,4,29 785 600.00,Открытый конкурс,Закупка состоялась
79269198-ОК2,291022.300.000016,"Автомобиль легковой, класс В, механическая трансмиссия, объем до 2000 куб.см","15049096-1 Приобретение автомобиля для АО ""Aqtobe su-energy group""",Автомобиль,4,33 001 428.00,Открытый конкурс,Закупка состоялась
75659718-ЗЦП2,291022.300.000016,"Автомобиль легковой, класс В, механическая трансмиссия, объем до 2000 куб.см",14844946-1 Приобретение легкового автомобиля (смотреть пункт 6.4 Договора),Автомобиль,3,22 741 071.42,Запрос ценовых предложений,Закупка состоялась
75079902-ОК2,291022.300.000016,"Автомобиль легковой, класс В, механическая трансмиссия, объем до 2000 куб.см","14672697-1 ""Ақжайық аудандық ветеринариялық станциясы"" ШЖҚ МКК үшін қызметтік автокөліктер",Автомобиль,8,60 642 857.12,Открытый конкурс,Закупка состоялась
77129628-ОК2,291022.300.000016,"Автомобиль легковой, класс В, механическая трансмиссия, объем до 2000 куб.см","14651371-1 Приобретение служебных автомобилей для ГКП на ПХВ ""Бокейординская районная ветеринарная станция"" Управления ветеринарии акимата Западно-Казахстанской области",Автомобиль,7,53 062 499.98,Открытый конкурс,Закупка состоялась
78490604-ОК2,291022.300.000016,"Автомобиль легковой, класс В, механическая трансмиссия, объем до 2000 куб.см",14646094-1 Приобретение служебных автомобилей,Автомобиль,12,90 964 285.68,Открытый конкурс,Закупка состоялась
78455169-ОК2,291022.300.000016,"Автомобиль легковой, класс В, механическая трансмиссия, объем до 2000 куб.см",14640196-1 Приобретение служебных автомобилей,Автомобиль,4,30 321 428.56,Открытый конкурс,Закупка состоялась
74669149-ОК2,291022.300.000016,"Автомобиль легковой, класс В, механическая трансмиссия, объем до 2000 куб.см",14479384-2 Приобретение легковых автомобилей,Автомобиль,50,379 017 857.00,Открытый конкурс,Закупка состоялась
78303781-ОК1,291022.300.000016,"Автомобиль легковой, класс В, механическая трансмиссия, объем до 2000 куб.см",14468233-2 Приобретение служебного автотранспорта,Автомобиль,6,60 540 000.00,Открытый конкурс,Закупка состоялась
78526527-ЗЦП2,291022.300.000016,"Автомобиль легковой, класс В, механическая трансмиссия, объем до 2000 куб.см",14505126-1 Приобретение легковых автомобилей согласно технической спецификаций,Автомобиль,2,15 160 714.28,Запрос ценовых предложений,Закупка состоялась
77571563-ОИ4,291022.300.000016,"Автомобиль легковой, класс В, механическая трансмиссия, объем до 2000 куб.см",14270716-1 Приобретение служебного автомобиля/,Автомобиль,2,16 430 000.00,Из одного источника по несостоявшимся закупкам,Закупка состоялась
75411016-ОК2,291022.300.000016,"Автомобиль легковой, класс В, механическая трансмиссия, объем до 2000 куб.см","14268306-1 Государственные закупки для КГУ ""Аппарат Акима Сырдарьинского района""",Автомобиль,4,38 596 096.00,Открытый конкурс,Закупка состоялась
73949729-ОК2,291022.300.000016,"Автомобиль легковой, класс В, механическая трансмиссия, объем до 2000 куб.см",14246450-1 Приобретение автомобиля (согл.тех.спец),Автомобиль,21,144 375 000.00,Открытый конкурс,Закупка состоялась
76547961-ОК2,291022.300.000016,"Автомобиль легковой, класс В, механическая трансмиссия, объем до 2000 куб.см",14228996-1 Приобретение автомобиля для служебного пользования для сельских округов,Автомобиль,14,124 999 994.00,Открытый конкурс,Закупка состоялась
77220417-ОК2,291022.300.000016,"Автомобиль легковой, класс В, механическая трансмиссия, объем до 2000 куб.см",14190964-1 Приобретение легковых автомобилей,Автомобиль,9,69 910 722.00,Открытый конкурс,Закупка состоялась
77750721-ОК1,291022.300.000016,"Автомобиль легковой, класс В, механическая трансмиссия, объем до 2000 куб.см",14115422-1 Об организации и проведении электронных государственных закупок автомобиля способом открытого конкурса,Автомобиль,2,17 180 000.00,Открытый конкурс,Закупка состоялась
76787672-ОК2,291022.300.000016,"Автомобиль легковой, класс В, механическая трансмиссия, объем до 2000 куб.см",13824462-1 Приобретение служебного автомобиля,Автомобиль,3,20 089 285.71,Открытый конкурс,Закупка состоялась
73560417-ОК2,291022.300.000016,"Автомобиль легковой, класс В, механическая трансмиссия, объем до 2000 куб.см","13807205-1 Приобретение служебных легковых автомобилей для КГУ ""Управление ветеринарии акимата Жамбылской области""",Автомобиль,50,375 000 000.00,Открытый конкурс,Закупка состоялась
74498160-ОИ4,291022.300.000016,"Автомобиль легковой, класс В, механическая трансмиссия, объем до 2000 куб.см",13635175-1 Автомобиль - согласно технической спецификации,Автомобиль,1,19 633 929.00,Из одного источника по несостоявшимся закупкам,Закупка состоялась
81683414-ЗЦП2,291022.300.000019,"Автомобиль легковой, класс С, автоматическая трансмиссия, объем до 2000 куб.см",15835805-1 Приобретение нового служебного автомобиля класса С,Автомобиль,1,16 690 000.00,Запрос ценовых предложений,Закупка состоялась
81318305-ОК1,291022.300.000019,"Автомобиль легковой, класс С, автоматическая трансмиссия, объем до 2000 куб.см",15769484-2 Закуп - Автомобиль легковой,Автомобиль,4,30 400 000.00,Открытый конкурс,Закупка состоялась
80591820-ОК1,291022.300.000019,"Автомобиль легковой, класс С, автоматическая трансмиссия, объем до 2000 куб.см","15687984-2 Легковой автомобиль, объем двигателя 1,6 л",Автомобиль,2,24 980 000.00,Открытый конкурс,Закупка состоялась
76693121-ЗЦПнеГЗ3,291022.300.000019,"Автомобиль легковой, класс С, автоматическая трансмиссия, объем до 2000 куб.см",15696384-1 Приобретение служебного автомобиля согласно технической специфике,Автомобиль,1,15 590 000.00,Запрос ценовых предложений (не ГЗ new),Закупка состоялась
81002043-ОК1,291022.300.000019,"Автомобиль легковой, класс С, автоматическая трансмиссия, объем до 2000 куб.см","15696158-1 приобретение автомобиля для ГУ ""Аппарат акима Каргалинского района""",Автомобиль,1,18 790 000.00,Открытый конкурс,Закупка состоялась
80888265-ОК3,291022.300.000019,"Автомобиль легковой, класс С, автоматическая трансмиссия, объем до 2000 куб.см",15657705-1 Приобретение служебного автомобиля 2 шт,Автомобиль,2,29 980 000.00,Открытый конкурс,Закупка состоялась
80382602-ОК1,291022.300.000019,"Автомобиль легковой, класс С, автоматическая трансмиссия, объем до 2000 куб.см",15518264-1 Государственная закупка товара для ГУ «Департамент полиции города Шымкент Министерства внутренних дел Республики Казахстан» способом открытого конкурса,Автомобиль,11,216 590 000.00,Открытый конкурс,Закупка состоялась
80440829-ОК1,291022.300.000019,"Автомобиль легковой, класс С, автоматическая трансмиссия, объем до 2000 куб.см",15472738-1 О проведении электронного конкурса по государственным закупкам специального легкового автомобиля для сопровождения охраняемых делегации для СБ ПП ДП г.Астаны,Автомобиль,1,24 990 000.00,Открытый конкурс,Закупка состоялась
79900827-ОК2,291022.300.000019,"Автомобиль легковой, класс С, автоматическая трансмиссия, объем до 2000 куб.см",15420404-1 Приобретение служебных легковых автомобилей,Автомобиль,2,15 075 535.72,Открытый конкурс,Закупка состоялась
74123929-ОК1,291022.300.000019,"Автомобиль легковой, класс С, автоматическая трансмиссия, объем до 2000 куб.см",15382432-1 Приобретение автотранспортных средств,Автомобиль,1,20 148 800.00,Открытый конкурс,Закупка состоялась
80055433-ОИ3,291022.300.000019,"Автомобиль легковой, класс С, автоматическая трансмиссия, объем до 2000 куб.см",15327525-1 Приобретение служебного автомобиля,Автомобиль,1,17 857 142.85,Из одного источника по несостоявшимся закупкам,Закупка состоялась
77248684-ОК1,291022.300.000019,"Автомобиль легковой, класс С, автоматическая трансмиссия, объем до 2000 куб.см",15299655-2 государственная закупка товара для РММ «Комитет экологического регулирования и контроля Министерства экологии и природных ресурсов» Республики Казахстан способом открытого конкурса,Автомобиль,7,90 930 000.00,Открытый конкурс,Закупка состоялась
79837571-ОИ2,291022.300.000019,"Автомобиль легковой, класс С, автоматическая трансмиссия, объем до 2000 куб.см",15172656-1 Автотранспорт легковой (согласно технической спецификаций),Автомобиль,2,16 380 000.00,Из одного источника по несостоявшимся закупкам,Закупка состоялась
79507267-ОК2,291022.300.000019,"Автомобиль легковой, класс С, автоматическая трансмиссия, объем до 2000 куб.см","15088057-1 Государственные закупки для КГП на ПХВ ""Атырауский областной центр фтизиопульмонологии"" Управления здравоохранения Атырауской области",Автомобиль,1,19 690 000.00,Открытый конкурс,Закупка состоялась
79434683-ОИ3,291022.300.000019,"Автомобиль легковой, класс С, автоматическая трансмиссия, объем до 2000 куб.см",14997716-1 Приобретение служебного автомобиля/,Автомобиль,2,16 428 571.42,Из одного источника по несостоявшимся закупкам,Закупка состоялась
78912904-ОК2,291022.300.000019,"Автомобиль легковой, класс С, автоматическая трансмиссия, объем до 2000 куб.см",14952446-2 Приобретение автомобилей для группы патрульной полиции для нужд ДП Актюбинской области.,Автомобиль,1,15 890 000.00,Открытый конкурс,Закупка состоялась
78259593-ОК2,291022.300.000019,"Автомобиль легковой, класс С, автоматическая трансмиссия, объем до 2000 куб.см",14933509-1 Закуп служебного автомобиля,Автомобиль,1,17 790 000.00,Открытый конкурс,Закупка состоялась
78708626-ОК2,291022.300.000019,"Автомобиль легковой, класс С, автоматическая трансмиссия, объем до 2000 куб.см",14849802-1 Государственная закупка для КГП «Атырау облысы Су Арнасы» государственного учреждения «Управление энергетики и жилищно-коммунального хозяйства Атырауской области»,Автомобиль,2,24 780 000.00,Открытый конкурс,Закупка состоялась
78953130-ОК2,291022.300.000019,"Автомобиль легковой, класс С, автоматическая трансмиссия, объем до 2000 куб.см",14810099-2 легковой автомобиль согласно технической спецификации,Автомобиль,1,16 690 000.00,Открытый конкурс,Закупка состоялась
79033276-ОК1,291022.300.000019,"Автомобиль легковой, класс С, автоматическая трансмиссия, объем до 2000 куб.см",14756865-1 Государственные закупки служебного автомобиля согласно конкурсной документации,Автомобиль,1,18 000 000.00,Открытый конкурс,Закупка состоялась
78622613-ОК1,291022.300.000019,"Автомобиль легковой, класс С, автоматическая трансмиссия, объем до 2000 куб.см",14640042-1 приобретение служебного автотранспорта,Автомобиль,3,47 970 000.00,Открытый конкурс,Закупка состоялась
78718028-ОИ2,291022.300.000019,"Автомобиль легковой, класс С, автоматическая трансмиссия, объем до 2000 куб.см",14567505-1 Приобретение легкового автотранспорта,Автомобиль,1,17 890 000.00,Из одного источника по несостоявшимся закупкам,Закупка состоялась
78236074-ЗЦП2,291022.300.000019,"Автомобиль легковой, класс С, автоматическая трансмиссия, объем до 2000 куб.см",14546480-1 Приобретение легкового автомобиля - кроссовер,Автомобиль,1,18 850 000.00,Запрос ценовых предложений,Закупка состоялась
78202369-ЗЦП6,291022.300.000019,"Автомобиль легковой, класс С, автоматическая трансмиссия, объем до 2000 куб.см",14448718-1 Приобретение служебного автомобиля,Автомобиль,1,17 790 000.00,Запрос ценовых предложений,Закупка состоялась
74940220-ОК3,291022.300.000019,"Автомобиль легковой, класс С, автоматическая трансмиссия, объем до 2000 куб.см",14417103-1 Приобретение служебных автомобилей,Автомобиль,2,25 980 000.00,Открытый конкурс,Закупка состоялась
78202369-ЗЦП5,291022.300.000019,"Автомобиль легковой, класс С, автоматическая трансмиссия, объем до 2000 куб.см",14407403-1 Приобретение служебного автомобиля,Автомобиль,1,17 790 000.00,Запрос ценовых предложений,Закупка состоялась
73455363-ОК2,291022.300.000019,"Автомобиль легковой, класс С, автоматическая трансмиссия, объем до 2000 куб.см","14401552-1 Приобретение минивэна для КГУ ""Центр трудовой мобильности города Алматы""",Автомобиль,1,15 490 000.00,Открытый конкурс,Закупка состоялась
77853779-ОК1,291022.300.000019,"Автомобиль легковой, класс С, автоматическая трансмиссия, объем до 2000 куб.см",14398725-1 Приобретение автотранспортных средств,Автомобиль,5,75 250 000.00,Открытый конкурс,Закупка состоялась
78138524-ОК2,291022.300.000019,"Автомобиль легковой, класс С, автоматическая трансмиссия, объем до 2000 куб.см",14388065-1 Приобретение - автомобилей,Автомобиль,5,68 950 000.00,Открытый конкурс,Закупка состоялась
76789532-ОК1,291022.300.000019,"Автомобиль легковой, класс С, автоматическая трансмиссия, объем до 2000 куб.см",14346990-2 Приобретение легкового автомобиля,Автомобиль,1,17 190 000.00,Открытый конкурс,Закупка состоялась
78396420-ОК1,291022.300.000019,"Автомобиль легковой, класс С, автоматическая трансмиссия, объем до 2000 куб.см",14383794-1 Приобретение автомобиля для ДП СКО,Автомобиль,1,18 490 000.00,Открытый конкурс,Закупка состоялась
78396401-ОК1,291022.300.000019,"Автомобиль легковой, класс С, автоматическая трансмиссия, объем до 2000 куб.см",14383654-1 Приобретение автомобилей для ДП СКО,Автомобиль,3,24 570 000.00,Открытый конкурс,Закупка состоялась
74335869-ОИ2,291022.300.000019,"Автомобиль легковой, класс С, автоматическая трансмиссия, объем до 2000 куб.см",14349410-1 Приобретение автомобиля Внимание! Ознакомтесь с существенными условиями технической спецификации,Автомобиль,1,18 200 000.00,Из одного источника по несостоявшимся закупкам,Закупка состоялась
77085065-ЗЦП3,291022.300.000019,"Автомобиль легковой, класс С, автоматическая трансмиссия, объем до 2000 куб.см",14312892-1 Согласно технической спецификации,Автомобиль,1,15 890 000.00,Запрос ценовых предложений,Закупка состоялась
78011754-ОИ4,291022.300.000019,"Автомобиль легковой, класс С, автоматическая трансмиссия, объем до 2000 куб.см",14286205-1 Приобретение легкового автомобиля,Автомобиль,1,15 590 000.00,Из одного источника по несостоявшимся закупкам,Закупка состоялась
77731440-ОК2,291022.300.000019,"Автомобиль легковой, класс С, автоматическая трансмиссия, объем до 2000 куб.см",14272269-1 Приобретение служебного автомобиля,Автомобиль,1,18 890 000.00,Открытый конкурс,Закупка состоялась
77954774-ОК1,291022.300.000019,"Автомобиль легковой, класс С, автоматическая трансмиссия, объем до 2000 куб.см","14269828-1 Приобретение автомобилей для АО ""Астана-Энергия""",Автомобиль,2,34 780 000.00,Открытый конкурс,Закупка состоялась
77197538-ОК2,291022.300.000019,"Автомобиль легковой, класс С, автоматическая трансмиссия, объем до 2000 куб.см","14250316-1 Государственная закупка для КГУ ""Служба обеспечения материально-техническими средствами мобилизиационной подготовки, гражданской защиты и территориальной обороны Управления по мобилизиационной подготовке и гражданской защите Атырауской области""",Автомобиль,2,19 113 332.14,Открытый конкурс,Закупка состоялась
77712405-ОК2,291022.300.000019,"Автомобиль легковой, класс С, автоматическая трансмиссия, объем до 2000 куб.см",14248148-1 Приобретение служебного автомобиля (согл.тех.спец),Автомобиль,1,16 892 857.14,Открытый конкурс,Закупка состоялась
76184552-ОК1,291022.300.000019,"Автомобиль легковой, класс С, автоматическая трансмиссия, объем до 2000 куб.см",14213657-2 Приобретение автотранспортных средств,Автомобиль,9,73 710 000.00,Открытый конкурс,Закупка состоялась
75134200-ОК4,291022.300.000019,"Автомобиль легковой, класс С, автоматическая трансмиссия, объем до 2000 куб.см","14237664-1 Приобретение автомобиля для Коммунальное государственное учреждение ""Хозяйственное управление"" коммунального государственного учреждения ""Аппарат акима Северо-Казахстанской области""",Автомобиль,1,16 508 928.57,Открытый конкурс,Закупка состоялась
75627295-ОИ3,291022.300.000019,"Автомобиль легковой, класс С, автоматическая трансмиссия, объем до 2000 куб.см",14220024-1 Приобретение автомобиля (согл. тех.спец),Автомобиль,1,16 890 000.00,Из одного источника по несостоявшимся закупкам,Закупка состоялась
76668938-ОИ2,291022.300.000019,"Автомобиль легковой, класс С, автоматическая трансмиссия, объем до 2000 куб.см",14218274-1 Приобретение служебного автомобиля,Автомобиль,1,17 890 000.00,Из одного источника по несостоявшимся закупкам,Закупка состоялась
77918648-ОИ2,291022.300.000019,"Автомобиль легковой, класс С, автоматическая трансмиссия, объем до 2000 куб.см",14185758-1 Приобретение легкового автомобиля,Автомобиль,1,16 490 000.00,Из одного источника по несостоявшимся закупкам,Закупка состоялась
74360532-ОК2,291022.300.000019,"Автомобиль легковой, класс С, автоматическая трансмиссия, объем до 2000 куб.см",14178311-1 Приобретение служебного автомобиля согласно конкурсной документации,Автомобиль,1,15 500 000.00,Открытый конкурс,Закупка состоялась
75571664-ОК2,291022.300.000019,"Автомобиль легковой, класс С, автоматическая трансмиссия, объем до 2000 куб.см",14174019-1 Приобретение служебного автомобиля согласно конкурсной документации,Автомобиль,1,15 500 000.00,Открытый конкурс,Закупка состоялась
76971959-ОК2,291022.300.000019,"Автомобиль легковой, класс С, автоматическая трансмиссия, объем до 2000 куб.см","14157754-1 приобретение автотранспорта (ГУ ""Аппарат акима города Приозерск Карагандинской области"")",Автомобиль,1,16 100 000.00,Открытый конкурс,Закупка состоялась
76967541-ОК1,291022.300.000019,"Автомобиль легковой, класс С, автоматическая трансмиссия, объем до 2000 куб.см","14153280-1 Приобретение автомобиль для Государственное коммунальное казенное предприятие ""Тупкараганский гуманитарно-профессиональный колледж""",Автомобиль,1,18 000 000.00,Открытый конкурс,Закупка состоялась
76791284-ОК1,291022.300.000019,"Автомобиль легковой, класс С, автоматическая трансмиссия, объем до 2000 куб.см",14135235-1 Легковые автомобили согласно технической спецификации,Автомобиль,10,86 000 000.00,Открытый конкурс,Закупка состоялась
75648105-ОИ3,291022.300.000019,"Автомобиль легковой, класс С, автоматическая трансмиссия, объем до 2000 куб.см",14130055-1 Приобретение служебного автомобиля,Автомобиль,1,16 200 000.00,Из одного источника по несостоявшимся закупкам,Закупка состоялась
77236292-ОК1,291022.300.000019,"Автомобиль легковой, класс С, автоматическая трансмиссия, объем до 2000 куб.см",14117654-1 Приобретение служебных легковых автомобилей,Автомобиль,6,49 999 998.00,Открытый конкурс,Закупка состоялась
76545275-ОИ3,291022.300.000019,"Автомобиль легковой, класс С, автоматическая трансмиссия, объем до 2000 куб.см",14115929-1 Приобретение служебного автомобиля,Автомобиль,1,16 200 000.00,Из одного источника по несостоявшимся закупкам,Закупка состоялась
74579849-ОК1,291022.300.000019,"Автомобиль легковой, класс С, автоматическая трансмиссия, объем до 2000 куб.см",14037552-2 Государственные закупки товара для ГУ «Департамент полиции города Астаны Министерства внутренних дел Республики Казахстан» способом открытого конкурса,Автомобиль,6,97 911 000.00,Открытый конкурс,Закупка состоялась
76112306-ОК2,291022.300.000019,"Автомобиль легковой, класс С, автоматическая трансмиссия, объем до 2000 куб.см",14080919-1 Приобретение легковых автомобилей,Автомобиль,4,44 760 000.00,Открытый конкурс,Закупка состоялась
75625300-ОК2,291022.300.000019,"Автомобиль легковой, класс С, автоматическая трансмиссия, объем до 2000 куб.см",14079652-1 Приобретение легкового автомобиля (согл. тех.спец),Автомобиль,3,43 887 000.00,Открытый конкурс,Закупка состоялась
76198837-ОИ3,291022.300.000019,"Автомобиль легковой, класс С, автоматическая трансмиссия, объем до 2000 куб.см",14074350-1 Приобретение служебного автомобиля,Автомобиль,2,29 980 000.00,Из одного источника по несостоявшимся закупкам,Закупка состоялась
74579799-ОК1,291022.300.000019,"Автомобиль легковой, класс С, автоматическая трансмиссия, объем до 2000 куб.см",14054218-1 Государственные закупки товара для ГУ «Департамент полиции города Астаны Министерства внутренних дел Республики Казахстан» способом открытого конкурса,Автомобиль,20,259 670 000.00,Открытый конкурс,Закупка состоялась
75905767-ОИ3,291022.300.000019,"Автомобиль легковой, класс С, автоматическая трансмиссия, объем до 2000 куб.см",14053132-1 Приобретение служебного автомобиля,Автомобиль,1,17 848 214.28,Из одного источника по несостоявшимся закупкам,Закупка состоялась
76722163-ОК2,291022.300.000019,"Автомобиль легковой, класс С, автоматическая трансмиссия, объем до 2000 куб.см",14028385-1 Приобретение служебного автотранспорта,Автомобиль,1,16 690 000.00,Открытый конкурс,Закупка состоялась
77535470-ОИ3,291022.300.000019,"Автомобиль легковой, класс С, автоматическая трансмиссия, объем до 2000 куб.см",14027690-1 Жеңіл автокөлік сатып алу,Автомобиль,1,16 938 392.86,Из одного источника по несостоявшимся закупкам,Закупка состоялась
72985547-ОК2,291022.300.000019,"Автомобиль легковой, класс С, автоматическая трансмиссия, объем до 2000 куб.см","14022200-1 Автомобиль. Гарантия 60 месяцев. Год выпуска не ранее 2025 год. Длина, ширина, высота, не менее мм 4640x1865x1665.",Автомобиль,1,16 690 000.00,Открытый конкурс,Закупка состоялась
77152248-ОИ2,291022.300.000019,"Автомобиль легковой, класс С, автоматическая трансмиссия, объем до 2000 куб.см",14006671-1 Приобретение служебного автомобиля,Автомобиль,1,15 590 000.00,Из одного источника по несостоявшимся закупкам,Закупка состоялась
77571745-ОИ2,291022.300.000019,"Автомобиль легковой, класс С, автоматическая трансмиссия, объем до 2000 куб.см",13987379-1 Приобретение легкового автомобиля,Автомобиль,1,19 990 000.00,Из одного источника по несостоявшимся закупкам,Закупка состоялась
75998141-ОК2,291022.300.000019,"Автомобиль легковой, класс С, автоматическая трансмиссия, объем до 2000 куб.см","13983787-1 Покупка служебного автомобилья для ГУ ""отдел земельных отношений акимата района Сауран/",Автомобиль,1,15 690 000.00,Открытый конкурс,Закупка состоялась
77559903-ОИ2,291022.300.000019,"Автомобиль легковой, класс С, автоматическая трансмиссия, объем до 2000 куб.см",13982061-1 Приобретение легкового автомобиля для служебного пользования.,Автомобиль,1,17 890 000.00,Из одного источника по несостоявшимся закупкам,Закупка состоялась
74474179-ОК1,291022.300.000019,"Автомобиль легковой, класс С, автоматическая трансмиссия, объем до 2000 куб.см",13946521-2 Приобретение служебного автомобиля,Автомобиль,1,15 190 000.00,Открытый конкурс,Закупка состоялась
76919160-ОК2,291022.300.000019,"Автомобиль легковой, класс С, автоматическая трансмиссия, объем до 2000 куб.см",13919819-1 Приобретение служебного автотранспорта,Автомобиль,1,15 590 000.00,Открытый конкурс,Закупка состоялась
75807898-ОК2,291022.300.000019,"Автомобиль легковой, класс С, автоматическая трансмиссия, объем до 2000 куб.см",13915863-1 Приобретение служебного автомобиля,Автомобиль,1,20 790 000.00,Открытый конкурс,Закупка состоялась
77132172-ОИ5,291022.300.000019,"Автомобиль легковой, класс С, автоматическая трансмиссия, объем до 2000 куб.см",13907826-1 Приобретение служебного автомобиля,Автомобиль,1,16 071 428.57,Из одного источника по несостоявшимся закупкам,Закупка состоялась
74535174-ОК1,291022.300.000019,"Автомобиль легковой, класс С, автоматическая трансмиссия, объем до 2000 куб.см",13906526-1 Приобретение служебного автомобиля,Автомобиль,1,15 190 000.00,Открытый конкурс,Закупка состоялась
72376083-ЗЦП2,291022.300.000019,"Автомобиль легковой, класс С, автоматическая трансмиссия, объем до 2000 куб.см",13866296-1 Приобретение служебного автомобиля,Автомобиль,1,15 890 178.57,Запрос ценовых предложений,Закупка состоялась
74584630-ЗЦП2,291022.300.000019,"Автомобиль легковой, класс С, автоматическая трансмиссия, объем до 2000 куб.см",13827683-1 Приобретение легкового автомобиля,Автомобиль,1,15 890 178.57,Запрос ценовых предложений,Закупка состоялась
74213380-ЗЦП2,291022.300.000019,"Автомобиль легковой, класс С, автоматическая трансмиссия, объем до 2000 куб.см",13795359-1 Приобретение легкового автомобиля,Автомобиль,1,16 690 000.00,Запрос ценовых предложений,Закупка состоялась
76214712-ОИ2,291022.300.000019,"Автомобиль легковой, класс С, автоматическая трансмиссия, объем до 2000 куб.см","13788273-1 легковой, класс С, автоматическая трансмиссия, объем до 2000 куб.см",Автомобиль,1,15 890 178.00,Из одного источника по несостоявшимся закупкам,Закупка состоялась
72372846-ОИ3,291022.300.000019,"Автомобиль легковой, класс С, автоматическая трансмиссия, объем до 2000 куб.см",13644408-1 Приобретение служебного автомобиля,Автомобиль,1,15 890 178.57,Из одного источника по несостоявшимся закупкам,Закупка состоялась
73839496-ОК1,291022.300.000019,"Автомобиль легковой, класс С, автоматическая трансмиссия, объем до 2000 куб.см",13628984-1 Приобретение автотранспортных средств,Автомобиль,3,25 500 000.00,Открытый конкурс,Закупка состоялась
75175889-ОИ2,291022.300.000019,"Автомобиль легковой, класс С, автоматическая трансмиссия, объем до 2000 куб.см",13593603-1 Приобретение легкового автомобиля,Автомобиль,1,16 090 000.00,Из одного источника по несостоявшимся закупкам,Закупка состоялась
74093497-ОИ2,291022.300.000019,"Автомобиль легковой, класс С, автоматическая трансмиссия, объем до 2000 куб.см",13541920-1 приобретение автомобиля согласно технической спецификации,Автомобиль,1,17 990 000.00,Из одного источника по несостоявшимся закупкам,Закупка состоялась
73425638-ЗЦП2,291022.300.000019,"Автомобиль легковой, класс С, автоматическая трансмиссия, объем до 2000 куб.см","13519726-1 Приобретение автотранспорта для КГУ Центр социальных услуг ""Сенім""",Автомобиль,1,16 890 179.00,Запрос ценовых предложений,Закупка состоялась
72326614-ОК2,291022.300.000019,"Автомобиль легковой, класс С, автоматическая трансмиссия, объем до 2000 куб.см","13481411-1 Приобретение автомобиля для ТОО ""Западно-Казахстанская региональная электросетевая компания""",Автомобиль,2,32 660 714.28,Открытый конкурс,Закупка состоялась
81405088-ОИ2,291022.300.000017,"Автомобиль легковой, класс В, автоматическая трансмиссия, объем до 2000 куб.см",15798246-1 Приобретение служебных автомобилей,Автомобиль,3,22 089 999.00,Из одного источника по несостоявшимся закупкам,Закупка состоялась
80582182-ОК4,291022.300.000017,"Автомобиль легковой, класс В, автоматическая трансмиссия, объем до 2000 куб.см",15796288-2 Автокөлік сатып алу,Автомобиль,2,24 980 000.00,Открытый конкурс,Закупка состоялась
81257773-ЗЦП2,291022.300.000017,"Автомобиль легковой, класс В, автоматическая трансмиссия, объем до 2000 куб.см",15771306-1 Приобретение легкового автомобиля согласно технической спецификации,Автомобиль,4,28 760 000.00,Запрос ценовых предложений,Закупка состоялась
75653202-ЗЦП2,291022.300.000017,"Автомобиль легковой, класс В, автоматическая трансмиссия, объем до 2000 куб.см",15767965-1 Приобретение служебного автотранспорта,Автомобиль,3,24 510 000.00,Запрос ценовых предложений,Закупка состоялась
76280127-ОИ5,291022.300.000017,"Автомобиль легковой, класс В, автоматическая трансмиссия, объем до 2000 куб.см",15758077-1 Приобретение легкового автомобиля,Автомобиль,1,20 589 286.00,Из одного источника по несостоявшимся закупкам,Закупка состоялась
80849656-ЗЦП3,291022.300.000017,"Автомобиль легковой, класс В, автоматическая трансмиссия, объем до 2000 куб.см",15752520-1 Приобретение автотранспортного средства,Автомобиль,1,19 000 000.00,Запрос ценовых предложений,Закупка состоялась
80518305-ОК2,291022.300.000017,"Автомобиль легковой, класс В, автоматическая трансмиссия, объем до 2000 куб.см",15705368-1 Приобретение автотранспортных средств,Автомобиль,2,19 807 200.00,Открытый конкурс,Закупка состоялась
80651952-ОК1,291022.300.000017,"Автомобиль легковой, класс В, автоматическая трансмиссия, объем до 2000 куб.см","15614917-1 Автомобиль легковой, класс В, автоматическая трансмиссия, объем до 2000 куб.см",Автомобиль,4,36 000 000.00,Открытый конкурс,Закупка состоялась
80524686-ОК1,291022.300.000017,"Автомобиль легковой, класс В, автоматическая трансмиссия, объем до 2000 куб.см",15522130-3 Приобретение автотранспорта для Департамента полиции области Ұлытау,Автомобиль,2,15 000 000.00,Открытый конкурс,Закупка состоялась
80649971-ОИ2,291022.300.000017,"Автомобиль легковой, класс В, автоматическая трансмиссия, объем до 2000 куб.см",15567215-1 Приобретение автомобиля для проведения призыва и розыска призывников,Автомобиль,2,19 980 000.00,Из одного источника по несостоявшимся закупкам,Закупка состоялась
78905265-ОК1,291022.300.000017,"Автомобиль легковой, класс В, автоматическая трансмиссия, объем до 2000 куб.см",15492964-1 О проведении государственной закупки товара для ГУ «Министерство труда и социальной защиты населения Республики Казахстан» способом открытого конкурса,Автомобиль,17,168 361 200.00,Открытый конкурс,Закупка состоялась
76021022-ОИ2,291022.300.000017,"Автомобиль легковой, класс В, автоматическая трансмиссия, объем до 2000 куб.см",15448208-1 Приобретение легкового автомобиля,Автомобиль,1,21 100 000.00,Из одного источника по несостоявшимся закупкам,Закупка состоялась
80303647-ОИ2,291022.300.000017,"Автомобиль легковой, класс В, автоматическая трансмиссия, объем до 2000 куб.см",15411547-1 Государственная закупка Автомобиль,Автомобиль,1,18 690 000.00,Из одного источника по несостоявшимся закупкам,Закупка состоялась
80249137-ОИ2,291022.300.000017,"Автомобиль легковой, класс В, автоматическая трансмиссия, объем до 2000 куб.см","15382233-1 Автомобиль легковой, класс В, автоматическая трансмиссия, объем до 2000 куб.см. СТ РК ГОСТ Р 51709-2004",Автомобиль,2,26 262 000.00,Из одного источника по несостоявшимся закупкам,Закупка состоялась
80203749-ОК1,291022.300.000017,"Автомобиль легковой, класс В, автоматическая трансмиссия, объем до 2000 куб.см",15331290-1 Приобретение автомобиля (легковой),Автомобиль,12,103 080 000.00,Открытый конкурс,Закупка состоялась
80031342-ОК2,291022.300.000017,"Автомобиль легковой, класс В, автоматическая трансмиссия, объем до 2000 куб.см","15320350-1 Приобретение санитарного автотранспорта для ГКП на ПХВ ""Мангистауская центральная районная больница""",Автомобиль,1,15 892 857.14,Открытый конкурс,Закупка состоялась
79959843-ОК2,291022.300.000017,"Автомобиль легковой, класс В, автоматическая трансмиссия, объем до 2000 куб.см",15310698-1 Приобретение служебного автомобиля.,Автомобиль,1,19 812 500.00,Открытый конкурс,Закупка состоялась
80010661-ОК2,291022.300.000017,"Автомобиль легковой, класс В, автоматическая трансмиссия, объем до 2000 куб.см","15309247-1 Приобретение санитарного автотранспорта для ГКП на ПХВ ""Жанаозенская городская поликлиника № 3""",Автомобиль,2,31 785 714.30,Открытый конкурс,Закупка состоялась
79956079-ОК1,291022.300.000017,"Автомобиль легковой, класс В, автоматическая трансмиссия, объем до 2000 куб.см",15280984-1 Приобретение автотранспортных средств,Автомобиль,2,27 528 600.00,Открытый конкурс,Закупка состоялась
79841876-ОИ4,291022.300.000017,"Автомобиль легковой, класс В, автоматическая трансмиссия, объем до 2000 куб.см",15250929-1 Приобретение Автомобиль для ГКП на ПХВ Областная клиническая больница на 2025 год,Автомобиль,1,15 890 000.00,Из одного источника по несостоявшимся закупкам,Закупка состоялась
79523308-ОК1,291022.300.000017,"Автомобиль легковой, класс В, автоматическая трансмиссия, объем до 2000 куб.см",15236858-1 Государственные закупки согласно конкурсной документации,Автомобиль,1,15 892 857.15,Открытый конкурс,Закупка состоялась
79522255-ОК2,291022.300.000017,"Автомобиль легковой, класс В, автоматическая трансмиссия, объем до 2000 куб.см",15228033-1 Государственные закупки согласно конкурсной документации,Автомобиль,2,31 785 714.28,Открытый конкурс,Закупка состоялась
79330541-ОК2,291022.300.000017,"Автомобиль легковой, класс В, автоматическая трансмиссия, объем до 2000 куб.см",15227210-1 Государственные закупки согласно конкурсной документации,Автомобиль,2,31 785 714.28,Открытый конкурс,Закупка состоялась
79422005-ОК2,291022.300.000017,"Автомобиль легковой, класс В, автоматическая трансмиссия, объем до 2000 куб.см",15218322-1 Государственные закупки согласно конкурсной документации,Автомобиль,2,31 785 714.28,Открытый конкурс,Закупка состоялась
79793912-ОК1,291022.300.000017,"Автомобиль легковой, класс В, автоматическая трансмиссия, объем до 2000 куб.см",15186824-1 Приобретение автомобилей для группы патрульной полиции для нужд ДП Актюбинской области.,Автомобиль,2,18 125 000.00,Открытый конкурс,Закупка состоялась
79814236-ОК1,291022.300.000017,"Автомобиль легковой, класс В, автоматическая трансмиссия, объем до 2000 куб.см",15166569-1 Приобретение автомобиля для служебного пользования,Автомобиль,1,25 575 000.00,Открытый конкурс,Закупка состоялась
79654173-ОК2,291022.300.000017,"Автомобиль легковой, класс В, автоматическая трансмиссия, объем до 2000 куб.см",15150585-1 Государственные закупки согласно конкурсной документации,Автомобиль,1,15 892 857.14,Открытый конкурс,Закупка состоялась
79097095-ОК1,291022.300.000017,"Автомобиль легковой, класс В, автоматическая трансмиссия, объем до 2000 куб.см",15087095-1 Преобретение автомобилей для организации,Автомобиль,4,84 360 000.00,Открытый конкурс,Закупка состоялась
79464201-ОК1,291022.300.000017,"Автомобиль легковой, класс В, автоматическая трансмиссия, объем до 2000 куб.см",15057396-1 ГУ «Департамент полиции Актюбинской области Министерства внутренних дел Республики Казахстан»,Автомобиль,15,154 500 000.00,Открытый конкурс,Закупка состоялась
79322677-ОК1,291022.300.000017,"Автомобиль легковой, класс В, автоматическая трансмиссия, объем до 2000 куб.см",14901921-1 Приобретение служебного автомобиля,Автомобиль,3,25 770 000.00,Открытый конкурс,Закупка состоялась
75563522-ОК2,291022.300.000017,"Автомобиль легковой, класс В, автоматическая трансмиссия, объем до 2000 куб.см",14836044-1 Закуп автомобилей для санитарных бригад,Автомобиль,2,31 785 714.28,Открытый конкурс,Закупка состоялась
76720179-ЗЦП2,291022.300.000017,"Автомобиль легковой, класс В, автоматическая трансмиссия, объем до 2000 куб.см",14814057-1 Приобретение специализированный автотранспорт,Автомобиль,3,17 276 785.71,Запрос ценовых предложений,Закупка состоялась
78305842-ОИ2,291022.300.000017,"Автомобиль легковой, класс В, автоматическая трансмиссия, объем до 2000 куб.см",14752795-1 Автомобиль (согласно технической спецификации),Автомобиль,1,15 590 000.00,Из одного источника по несостоявшимся закупкам,Закупка состоялась
75653666-ОК2,291022.300.000017,"Автомобиль легковой, класс В, автоматическая трансмиссия, объем до 2000 куб.см",14747834-1 О проведении повторной государственной закупки товара для ГУ «Департамент полиции Алматинской области Министерства внутренних дел Республики Казахстан» способом конкурса,Автомобиль,20,289 800 000.00,Открытый конкурс,Закупка состоялась
77988813-АУК3,291022.300.000017,"Автомобиль легковой, класс В, автоматическая трансмиссия, объем до 2000 куб.см",14665216-1 Автомобиль (Государственный закуп),Автомобиль,2,16 380 000.00,Аукцион,Закупка состоялась
76721098-ОК1,291022.300.000017,"Автомобиль легковой, класс В, автоматическая трансмиссия, объем до 2000 куб.см",14535403-1 Приобретение автотранспортных средств,Автомобиль,4,49 961 540.00,Открытый конкурс,Закупка состоялась
76073779-ОК1,291022.300.000017,"Автомобиль легковой, класс В, автоматическая трансмиссия, объем до 2000 куб.см",14468233-2 Приобретение служебного автотранспорта,Автомобиль,5,46 500 000.00,Открытый конкурс,Закупка состоялась
77808046-ОИ2,291022.300.000017,"Автомобиль легковой, класс В, автоматическая трансмиссия, объем до 2000 куб.см",14513133-1 Приобретение автомобиля согласно технической спецификации,Автомобиль,1,16 490 000.00,Из одного источника по несостоявшимся закупкам,Закупка состоялась
76520939-ЗЦП2,291022.300.000017,"Автомобиль легковой, класс В, автоматическая трансмиссия, объем до 2000 куб.см",14511233-1 Приобретение автомобиля для заведующих ветеринарного пункта,Автомобиль,3,22 741 071.45,Запрос ценовых предложений,Закупка состоялась
78331806-ОИ3,291022.300.000017,"Автомобиль легковой, класс В, автоматическая трансмиссия, объем до 2000 куб.см",14485202-1 Приобретение легкового автомобиля,Автомобиль,1,16 883 928.58,Из одного источника по несостоявшимся закупкам,Закупка состоялась
78372233-ОИ3,291022.300.000017,"Автомобиль легковой, класс В, автоматическая трансмиссия, объем до 2000 куб.см",14450135-1 Приобретение служебного автотранспорта,Автомобиль,2,15 600 000.00,Из одного источника по несостоявшимся закупкам,Закупка состоялась
78394612-ОИ3,291022.300.000017,"Автомобиль легковой, класс В, автоматическая трансмиссия, объем до 2000 куб.см",14450088-1 Приобретение служебного автотранспорта,Автомобиль,2,15 600 000.00,Из одного источника по несостоявшимся закупкам,Закупка состоялась
78426401-ОИ2,291022.300.000017,"Автомобиль легковой, класс В, автоматическая трансмиссия, объем до 2000 куб.см",14434944-1 Приобретение служебного автомобиля,Автомобиль,1,16 490 000.00,Из одного источника по несостоявшимся закупкам,Закупка состоялась
77221092-ОК2,291022.300.000017,"Автомобиль легковой, класс В, автоматическая трансмиссия, объем до 2000 куб.см","14404560-1 Государственные закупка для КГУ ""Шиелийское государственное учреждение по охране лесов и животного мира"" управления природных ресурсов и регулирования природопользования Кызылординской области",Автомобиль,1,15 590 000.00,Открытый конкурс,Закупка состоялась
73093440-ЗЦП4,291022.300.000017,"Автомобиль легковой, класс В, автоматическая трансмиссия, объем до 2000 куб.см",14388403-1 Приобретение служебных автомобилей,Автомобиль,4,27 107 142.84,Запрос ценовых предложений,Закупка состоялась
74669603-ОИ2,291022.300.000017,"Автомобиль легковой, класс В, автоматическая трансмиссия, объем до 2000 куб.см","14375777-1 Автомобиль легковой, класс В, автоматическая трансмиссия, объем до 2000 куб.см",Автомобиль,2,15 380 000.00,Из одного источника по несостоявшимся закупкам,Закупка состоялась
78238148-ОИ2,291022.300.000017,"Автомобиль легковой, класс В, автоматическая трансмиссия, объем до 2000 куб.см",14328530-1 Приобретение служебного автомобиля,Автомобиль,1,17 500 000.00,Из одного источника по несостоявшимся закупкам,Закупка состоялась
78214137-ЗЦП2,291022.300.000017,"Автомобиль легковой, класс В, автоматическая трансмиссия, объем до 2000 куб.см",14318697-1 Қызметтік автокөлік сатып алу,Автомобиль,1,15 169 642.86,Запрос ценовых предложений,Закупка состоялась
78081379-ЗЦП3,291022.300.000017,"Автомобиль легковой, класс В, автоматическая трансмиссия, объем до 2000 куб.см","14310884-1 Автомобиль легковой, новый, без пробега (согласно технической спецификации)",Автомобиль,1,16 690 000.00,Запрос ценовых предложений,Закупка состоялась
78109304-ОИ3,291022.300.000017,"Автомобиль легковой, класс В, автоматическая трансмиссия, объем до 2000 куб.см","14301806-1 Автомобиль легковой, класс В, автоматическая трансмиссия, объем до 2000 куб.см.",Автомобиль,1,15 600 000.00,Из одного источника по несостоявшимся закупкам,Закупка состоялась
72006207-ОК2,291059.999.000052,"Автомобиль специализированный, установка дезинфекционная","13892206-1 Государственные закупки для ГУ ""Управление ветеринарии Туркестанской области"" способом открытого конкурса",Автомобиль,85,1 599 999 999.85,Открытый конкурс,Закупка состоялась
78428051-ЗЦП2,291059.999.000049,"Автомобиль специализированный, мастерская передвижная",15805943-1 Автомобиль специализированный вахтовый автобус,Автомобиль,1,28 000 000.00,Запрос ценовых предложений,Закупка состоялась
79995877-ОК3,291059.999.000049,"Автомобиль специализированный, мастерская передвижная",15340981-1 передвижная мастерская ПАРМ на шасси,Автомобиль,1,45 500 000.00,Открытый конкурс,Закупка состоялась
79326777-ОИ2,291059.999.000049,"Автомобиль специализированный, мастерская передвижная",14968154-1 Приобретение автомастерской на шасси,Автомобиль,1,29 500 000.00,Из одного источника по несостоявшимся закупкам,Закупка состоялась
79269215-ОК1,291059.999.000049,"Автомобиль специализированный, мастерская передвижная","14919734-1 Приобретение передвижная мастерская на шасси для АО ""Aqtobe su-energy group""",Автомобиль,6,150 000 000.00,Открытый конкурс,Закупка состоялась
79121438-ОК1,291059.999.000049,"Автомобиль специализированный, мастерская передвижная",14803945-1 Автомастерская на шасси,Автомобиль,1,22 000 000.00,Открытый конкурс,Закупка состоялась
78428051-ОИ3,291059.999.000049,"Автомобиль специализированный, мастерская передвижная","14468425-1 Автомобиль специализированный, мастерская передвижная",Автомобиль,1,31 000 000.00,Из одного источника по несостоявшимся закупкам,Закупка состоялась
75552788-ОК1,291059.999.000049,"Автомобиль специализированный, мастерская передвижная",14462450-1 Приобретение спецтехники - автомастерская,Автомобиль,1,85 615 000.00,Открытый конкурс,Закупка состоялась
77972210-ОК1,291059.999.000049,"Автомобиль специализированный, мастерская передвижная","14439042-1 Авторемонтная мастерская на шасси грузового автомобиля согласно технической спецификации для ГКП ""Костанай-СУ""",Автомобиль,1,36 800 000.00,Открытый конкурс,Закупка состоялась
78122422-ОК1,291059.999.000049,"Автомобиль специализированный, мастерская передвижная",14240194-2 Передвижная аварийная мастерская,Автомобиль,4,140 000 000.00,Открытый конкурс,Закупка состоялась
76354254-ОК4,291059.999.000049,"Автомобиль специализированный, мастерская передвижная",14152485-1 Приобретение автомобиля мастерская передвижная,Автомобиль,1,58 035 714.28,Открытый конкурс,Закупка состоялась
77509511-ОК1,291059.999.000049,"Автомобиль специализированный, мастерская передвижная",13954147-3 Приобретение автомобиля мастерская передвижная,Автомобиль,1,58 035 714.28,Открытый конкурс,Закупка состоялась
73129998-ОК1,291059.999.000049,"Автомобиль специализированный, мастерская передвижная","13845260-1 Передвижная автомастерская для АО ""Астана-Теплотранзит""",Автомобиль,3,229 821 428.55,Открытый конкурс,Закупка состоялась
77194480-ОК1,291059.999.000049,"Автомобиль специализированный, мастерская передвижная",13839845-1 Специализированная техника для ГКП «Өскемен Водокнал»,Автомобиль,1,37 197 321.00,Открытый конкурс,Закупка состоялась
80243028-ОК3,291059.999.000048,"Автомобиль специализированный, вагон-жилой дом, на шасси грузового автомобиля","15824341-1 Вагон-жилой дом, на шасси грузового автомобиля",Автомобиль,5,44 950 000.00,Открытый конкурс,Закупка состоялась
77338549-ОК1,291059.999.000043,"Автомобиль специализированный, автомобиль-котел","14675442-1 Автомобиль для перевозки людей с ограниченными возможностями. Согласно технической характеристикой для КГУ ""Центр абилитации и реабилитации лиц с инвалидностью ""Ақжайық"" Управления координации занятости и социальных программ Западно-Казахстанской области""",Автомобиль,1,27 825 000.00,Открытый конкурс,Закупка состоялась
77845265-ОИ5,291059.999.000043,"Автомобиль специализированный, автомобиль-котел",14331773-1 Приобретение автомобиль ассенизатор,Автомобиль,1,24 000 000.00,Из одного источника по несостоявшимся закупкам,Закупка состоялась
80536817-ОК1,291059.999.000037,"Автомобиль специализированный, мусоровоз, вместимость более 10 м3, но не более 15 м3","15558313-1 Приобретение автомобиля мусоровоза с крано-манипуляторной установкой для КГУ ""Управление экологии и окружающей среды города Алматы""",Автомобиль,2,166 674 000.00,Открытый конкурс,Закупка состоялась
79127195-ОК1,291059.999.000037,"Автомобиль специализированный, мусоровоз, вместимость более 10 м3, но не более 15 м3",14790976-1 Приобретение специальной техники,Автомобиль,1,39 955 357.14,Открытый конкурс,Закупка состоялась
79656992-ОИ5,291059.999.000035,"Автомобиль специализированный, мусоровоз, вместимость более 3 м3, но не более 7 м3","15305168-1 Автомобиль специализированный, мусоровоз",Автомобиль,1,27 700 000.00,Из одного источника по несостоявшимся закупкам,Закупка состоялась
81052255-ОК1,291059.999.000033,"Автомобиль специализированный, ассенизаторский","15708172-1 Государственные закупки для ГУ ""Отдел образования Ордабасынского района"" управления образования Туркестанской области способом открытого конкурса",Автомобиль,1,44 375 000.00,Открытый конкурс,Закупка состоялась
80652700-ОК1,291059.999.000033,"Автомобиль специализированный, ассенизаторский","15613894-1 Автомобиль специализированный, ассенизаторский",Автомобиль,1,56 000 000.00,Открытый конкурс,Закупка состоялась
80073290-ОК1,291059.999.000033,"Автомобиль специализированный, ассенизаторский","15340215-2 Специализированный, ассенизаторский автомобиль.приобретение автомобиль специализированный, ассенизаторский",Автомобиль,1,54 140 625.00,Открытый конкурс,Закупка состоялась
80151518-ОК1,291059.999.000033,"Автомобиль специализированный, ассенизаторский","15349358-2 Приобретение специализированной техники, для Көкшетау Су Арнасы",Автомобиль,1,62 905 000.00,Открытый конкурс,Закупка состоялась
76107153-ОК2,291059.999.000033,"Автомобиль специализированный, ассенизаторский","15340149-1 Приобретение специальной техники (каналопромывочная машина) (ГУ ""Отдел жилищно-коммунального хозяйства, пассажирского транспорта и автомобильных дорог города Приозерск"")",Автомобиль,1,24 107 142.00,Открытый конкурс,Закупка состоялась
79931910-ОИ3,291059.999.000033,"Автомобиль специализированный, ассенизаторский",15242424-1 Автомобиль специализированный ассенизаторский,Автомобиль,1,22 767 857.14,Из одного источника по несостоявшимся закупкам,Закупка состоялась
73311982-ОК1,291059.999.000033,"Автомобиль специализированный, ассенизаторский",15147492-1 Автомобиль ассенизаторский на базе грузового автомобиля,Автомобиль,7,212 500 000.02,Открытый конкурс,Закупка состоялась
74836655-ОК3,291059.999.000033,"Автомобиль специализированный, ассенизаторский","14982748-2 Государственная закупка для КГУ ""Кызылординское государственное учреждение по охране лесов и животного мира"" управления природных ресурсов и регулирования природопользования Кызылординской области",Автомобиль,2,77 720 000.00,Открытый конкурс,Закупка состоялась
73360176-ОК1,291059.999.000033,"Автомобиль специализированный, ассенизаторский",14951016-1 Автомобиль ассенизаторский на базе грузового автомобиля,Автомобиль,3,91 607 142.87,Открытый конкурс,Закупка состоялась
79204544-ОК1,291059.999.000033,"Автомобиль специализированный, ассенизаторский",14859176-1 Машины для городского коммунального хозяйства и содержания дорог.,Автомобиль,1,55 803 571.43,Открытый конкурс,Закупка состоялась
73461486-ОК3,291059.999.000033,"Автомобиль специализированный, ассенизаторский",14743533-1 Закупка специализированной техники,Автомобиль,3,565 178 571.42,Открытый конкурс,Закупка состоялась
78473230-ОК2,291059.999.000033,"Автомобиль специализированный, ассенизаторский","14735085-1 Приобритение Автомобиль для ГКП ""Өзенинвест"" Автоцистерна вакуумная",Автомобиль,2,73 000 000.00,Открытый конкурс,Закупка состоялась
78426262-ОК1,291059.999.000033,"Автомобиль специализированный, ассенизаторский",14715525-1 Государственные закупки для ГУ «Отдел жилищно-коммунального хозяйства и жилищной инспекции акимата района Сауран» способом открытого конкурса,Автомобиль,1,28 125 000.00,Открытый конкурс,Закупка состоялась
78924056-ОК1,291059.999.000033,"Автомобиль специализированный, ассенизаторский",14683560-1 Государственные закупки для КГУ «Курмангазинское учреждение по охране лесов и животного мира» Управления природных ресурсов и регулирования природопользования Атырауской области»,Автомобиль,1,58 035 714.29,Открытый конкурс,Закупка состоялась
77691962-ОК1,291059.999.000033,"Автомобиль специализированный, ассенизаторский",14615555-2 Приобретение илососной машины согласно технической спецификации,Автомобиль,1,81 696 428.57,Открытый конкурс,Закупка состоялась
77650755-ОК2,291059.999.000033,"Автомобиль специализированный, ассенизаторский","14492212-1 Государственная закупка для КГП на ПХВ ""Казалинская многопрофильная центральная районная больница"" управления здравоохранения Кызылординской области""",Автомобиль,1,56 235 714.29,Открытый конкурс,Закупка состоялась
78176754-ОК1,291059.999.000033,"Автомобиль специализированный, ассенизаторский","14386233-1 Государственные закупки для КГУ ""Индерское учреждение по охране лесов и животного мира"" Управления природных ресурсов и регулирования природопользования Атырауской области""",Автомобиль,1,58 035 714.29,Открытый конкурс,Закупка состоялась
75924127-ОИ2,291059.999.000033,"Автомобиль специализированный, ассенизаторский",14338013-1 приобретение спец техники,Автомобиль,1,27 500 000.00,Из одного источника по несостоявшимся закупкам,Закупка состоялась
77894507-ОК2,291059.999.000033,"Автомобиль специализированный, ассенизаторский",14337129-1 Приобретение автомобиля ассенизатора,Автомобиль,1,46 500 000.00,Открытый конкурс,Закупка состоялась
76106832-ОК1,291059.999.000033,"Автомобиль специализированный, ассенизаторский",14274092-2 Приобретение ассенизаторской машины,Автомобиль,1,32 500 000.00,Открытый конкурс,Закупка состоялась
77774443-ОК1,291059.999.000033,"Автомобиль специализированный, ассенизаторский",14149239-2 Приобретение техники согласно техническим спецификам,Автомобиль,1,26 785 714.29,Открытый конкурс,Закупка состоялась
77486040-ОК2,291059.999.000033,"Автомобиль специализированный, ассенизаторский",14181337-1 Специализированная техника для ГКП «Өскемен Водокнал»,Автомобиль,1,47 767 857.14,Открытый конкурс,Закупка состоялась
76922122-ОК1,291059.999.000033,"Автомобиль специализированный, ассенизаторский","14154819-1 Приобретение вакуумной машины для КГУ """"Отдел жилищно-коммунального хозяйства, пассажирского транспорта и автомобильных дорог акимата города Петропавловска""",Автомобиль,2,95 000 000.00,Открытый конкурс,Закупка состоялась
76433951-ОК2,291059.999.000033,"Автомобиль специализированный, ассенизаторский",14109489-1 Государственные закупки для КГП «Атырау облысы Су Арнасы» государственного учреждения «Управление энергетики и жилищно-коммунального хозяйства Атырауской области»,Автомобиль,3,143 116 071.42,Открытый конкурс,Закупка состоялась
77716946-ОК1,291059.999.000033,"Автомобиль специализированный, ассенизаторский","14084940-1 Государственные закупки для КГУ ""Атырауское учреждение по охране лесов и животного мира"" Управления природных ресурсов и регулирования природопользования Атырауской области""",Автомобиль,1,58 035 714.29,Открытый конкурс,Закупка состоялась
76016553-ОК2,291059.999.000033,"Автомобиль специализированный, ассенизаторский","14034973-1 Приобретение вакуумный ассенизатор для государственного коммунального предприятия ""Түпқараған су жүйесі"", объем 20 м. куб",Автомобиль,2,67 857 142.00,Открытый конкурс,Закупка состоялась
77416606-ОК2,291059.999.000033,"Автомобиль специализированный, ассенизаторский","14033277-1 Приобретение автомобиля специализированного, ассенизаторского для КГП «Нарын Ком Хоз Сервис»",Автомобиль,1,34 375 000.00,Открытый конкурс,Закупка состоялась
77545778-ОК1,291059.999.000033,"Автомобиль специализированный, ассенизаторский","14032636-1 Приобретение ассенизаторского автомобиля для КГП на ПХВ «Баянаульская районная больница» управления здравоохранения Павлодарской области, акимата Павлодарской области",Автомобиль,1,24 500 000.00,Открытый конкурс,Закупка состоялась
76898029-ОК2,291059.999.000033,"Автомобиль специализированный, ассенизаторский","13871026-1 Приобретение автомобиль ассенизаторский для КГУ ""Отдел архитектуры , строительства, жилищно-коммунального хозяйства, пассажирского транспорта и автомобильных дорог акимата Есильского района СКО""",Автомобиль,1,32 767 857.14,Открытый конкурс,Закупка состоялась
72268930-ОК1,291059.999.000033,"Автомобиль специализированный, ассенизаторский",13691009-3 Государственные закупки для КГП «Атырау облысы Су Арнасы» государственного учреждения «Управление энергетики и жилищно-коммунального хозяйства Атырауской области»,Автомобиль,1,290 000 000.00,Открытый конкурс,Закупка состоялась
77194170-ОК1,291059.999.000033,"Автомобиль специализированный, ассенизаторский",13839845-1 Специализированная техника для ГКП «Өскемен Водокнал»,Автомобиль,1,41 071 429.00,Открытый конкурс,Закупка состоялась
76760772-ОК1,291059.999.000033,"Автомобиль специализированный, ассенизаторский",13824867-1 Приобретение специализированной техники,Автомобиль,1,53 571 428.57,Открытый конкурс,Закупка состоялась
75843217-ОК1,291059.999.000033,"Автомобиль специализированный, ассенизаторский",13713821-2 Приобретение автомобиля (согласно технической специфике),Автомобиль,1,42 678 571.43,Открытый конкурс,Закупка состоялась
76756164-ОК1,291059.999.000033,"Автомобиль специализированный, ассенизаторский","13738479-1 Государственные закупки для ГУ ""Отдел инфраструктуры и коммуникации"" акимата города Туркестан способом открытого конкурса",Автомобиль,2,97 321 428.56,Открытый конкурс,Закупка состоялась
76016488-ОИ3,291059.999.000033,"Автомобиль специализированный, ассенизаторский",13678524-1 Приобретение автомобиля ассенизатора 5 куба,Автомобиль,1,23 214 000.00,Из одного источника по несостоявшимся закупкам,Закупка состоялась
72808272-ОК1,291059.999.000033,"Автомобиль специализированный, ассенизаторский",13506499-1 Ассенизаторская машина согласно технической спецификации,Автомобиль,1,53 571 428.57,Открытый конкурс,Закупка состоялась
80520950-ОИ3,291059.999.000022,"Автомобиль специализированный, установка насосная",15551702-1 Машина илососная дизельная,Автомобиль,1,31 456 000.00,Из одного источника по несостоявшимся закупкам,Закупка состоялась
77513404-ОИ4,291059.999.000007,"Автомобиль грузовой, бензиновый, авторефрижератор, грузоподъемность более 5 т, но не более 20 т, охлаждение комбинированное",14355806-1 Приобретение автомобиля микроавтобуса для перевозки детей,Автомобиль,1,18 580 000.00,Из одного источника по несостоявшимся закупкам,Закупка состоялась
76905306-ОК1,291059.991.000000,"Автомобиль специализированный, технической помощи","14198454-1 Государственная закупка для ГУ ""Отдел жилищно-коммунального хозяйства, пассажирского транспорта, автомобильных дорог и жилищной инспекции Макатского района""",Автомобиль,1,111 607 142.86,Открытый конкурс,Закупка состоялась
75867366-ОК1,291059.991.000000,"Автомобиль специализированный, технической помощи",13887363-2 Приобретение специальный техники,Автомобиль,1,55 299 107.14,Открытый конкурс,Закупка состоялась
73007144-ОК1,291059.991.000000,"Автомобиль специализированный, технической помощи","13452681-2 Приобретение вакуумной машины на шассси для КГУ ""Экибастуз-сервис""",Автомобиль,1,50 178 571.43,Открытый конкурс,Закупка состоялась
80444641-ОК3,291059.900.000020,"Автомобиль специализированный, автогидроподъемник, высота стрелы более 17 м, но не более 30 м, конструкция стрелы локтевая (коленчатая)","15640195-1 специализированный, автогидроподъемник, высота стрелы не менее 30 м, конструкция стрелы локтевая (коленчатая)",Автомобиль,1,22 000 000.00,Открытый конкурс,Закупка состоялась
79651490-ОК3,291059.900.000015,"Автомобиль специализированный, автогидроподъемник, высота стрелы не более 17 м, конструкция стрелы локтевая (коленчатая)","15345866-1 Государственная закупка для КГУ ""Кызылординское государственное учреждение по охране лесов и животного мира"" управления природных ресурсов и регулирования природопользования Кызылординской области",Автомобиль,1,37 732 142.86,Открытый конкурс,Закупка состоялась
74836200-ОК1,291059.900.000015,"Автомобиль специализированный, автогидроподъемник, высота стрелы не более 17 м, конструкция стрелы локтевая (коленчатая)","14582342-1 Государственная закупка для КГУ ""Кызылординское государственное учреждение по охране лесов и животного мира"" управления природных ресурсов и регулирования природопользования Кызылординской области",Автомобиль,1,46 000 000.00,Открытый конкурс,Закупка состоялась
73712729-ОК2,291059.900.000015,"Автомобиль специализированный, автогидроподъемник, высота стрелы не более 17 м, конструкция стрелы локтевая (коленчатая)",14014584-1 Приобретение автогидроподъемника согласно технической спецификации,Автомобиль,1,37 500 000.00,Открытый конкурс,Закупка состоялась
80559302-ОТ3,291024.900.000008,"Автомобиль грузопассажирский, тип кузова пикап, грузоподъемность не более 1000 кг",15787726-1 Повторные электронные закупки товара грузопассажирский автомобиль Пикап,Автомобиль,9,223 039 285.74,Тендер,Закупка состоялась
75388641-ОК1,291024.900.000008,"Автомобиль грузопассажирский, тип кузова пикап, грузоподъемность не более 1000 кг",15715035-1 Приобретение - автомобиля,Автомобиль,1,17 890 000.00,Открытый конкурс,Закупка состоялась
80890928-ОИ3,291024.900.000008,"Автомобиль грузопассажирский, тип кузова пикап, грузоподъемность не более 1000 кг",15709783-1 Обеспечение деятельности учреждения,Автомобиль,1,16 339 285.71,Из одного источника по несостоявшимся закупкам,Закупка состоялась
80797211-ОИ3,291024.900.000008,"Автомобиль грузопассажирский, тип кузова пикап, грузоподъемность не более 1000 кг",15665473-1 Приобретение служебного автомобиля,Автомобиль,2,24 821 428.58,Из одного источника по несостоявшимся закупкам,Закупка состоялась
79607317-ОИ2,291024.900.000008,"Автомобиль грузопассажирский, тип кузова пикап, грузоподъемность не более 1000 кг",15660804-1 Грузо пассажирский пикап,Автомобиль,1,17 890 000.00,Из одного источника по несостоявшимся закупкам,Закупка состоялась
75017003-ОИ3,291024.900.000008,"Автомобиль грузопассажирский, тип кузова пикап, грузоподъемность не более 1000 кг",15660223-1 Автомобиль пикап с закрытой кабиной и открытой грузовой площадкой,Автомобиль,1,15 600 000.00,Из одного источника по несостоявшимся закупкам,Закупка состоялась
80869396-ОИ2,291024.900.000008,"Автомобиль грузопассажирский, тип кузова пикап, грузоподъемность не более 1000 кг","15658019-1 приобретение автомобиля грузопассажирский, тип кузова пикап",Автомобиль,1,17 290 000.00,Из одного источника по несостоявшимся закупкам,Закупка состоялась
80654126-ОК1,291024.900.000008,"Автомобиль грузопассажирский, тип кузова пикап, грузоподъемность не более 1000 кг","15656797-1 Автомобиль грузопассажирский, тип кузова пикап, грузоподъемность не более 1000 кг для КГУ ""Управление развития общественных пространств города Алматы""",Автомобиль,28,532 000 000.00,Открытый конкурс,Закупка состоялась
77205154-ЗЦП2,291024.900.000008,"Автомобиль грузопассажирский, тип кузова пикап, грузоподъемность не более 1000 кг",15636222-1 Приобретение грузопассажирского пикапа,Автомобиль,1,18 690 000.00,Запрос ценовых предложений,Закупка состоялась
80247181-ОК1,291024.900.000008,"Автомобиль грузопассажирский, тип кузова пикап, грузоподъемность не более 1000 кг",15596305-1 Приобретение автомобильного транспорта,Автомобиль,1,15 790 000.00,Открытый конкурс,Закупка состоялась
80420895-ОК2,291024.900.000008,"Автомобиль грузопассажирский, тип кузова пикап, грузоподъемность не более 1000 кг",15510904-1 Приобретение грузопассажирского автомобиля,Автомобиль,10,66 964 285.70,Открытый конкурс,Закупка состоялась
79799991-ОК3,291024.900.000008,"Автомобиль грузопассажирский, тип кузова пикап, грузоподъемность не более 1000 кг","15503365-1 Приобретение патрулированного автомобиля для КГУ ""Актюбинское учреждение по охране лесов и животного мира"" ГУ ""Управление природных ресурсов и регулирования природопользования Актюбинской области""",Автомобиль,1,19 642 857.14,Открытый конкурс,Закупка состоялась
80478420-ОК1,291024.900.000008,"Автомобиль грузопассажирский, тип кузова пикап, грузоподъемность не более 1000 кг","15502914-1 Государственные закупки для Государственное учреждение ""Аппарат акима Аккистауского сельского округа Исатайского района""",Автомобиль,1,18 690 000.00,Открытый конкурс,Закупка состоялась
75568275-ОК2,291024.900.000008,"Автомобиль грузопассажирский, тип кузова пикап, грузоподъемность не более 1000 кг",15434473-1 Государственные закупки автотранспорта для филиалов РГП «Казаэронавигация»,Автомобиль,1,21 875 000.00,Открытый конкурс,Закупка состоялась
77217261-ОК1,291024.900.000008,"Автомобиль грузопассажирский, тип кузова пикап, грузоподъемность не более 1000 кг",15375356-2 Приобретение - автомобилей,Автомобиль,2,34 580 000.00,Открытый конкурс,Закупка состоялась
79905110-ОК2,291024.900.000008,"Автомобиль грузопассажирский, тип кузова пикап, грузоподъемность не более 1000 кг","15320358-1 Государственная закупка для КГУ ""Махамбетское учреждение по охране лесов и животного мира"" Управления природных ресурсов и регулирования природопользования Атырауской области",Автомобиль,1,21 428 571.40,Открытый конкурс,Закупка состоялась
79660440-ОК2,291024.900.000008,"Автомобиль грузопассажирский, тип кузова пикап, грузоподъемность не более 1000 кг",15310715-2 Приобретение грузопассажирского автомобиля,Автомобиль,1,15 790 000.00,Открытый конкурс,Закупка состоялась
79704655-ОК2,291024.900.000008,"Автомобиль грузопассажирский, тип кузова пикап, грузоподъемность не более 1000 кг",15289216-1 Государственные закупки автомобилей для РГП «Казаэронавигация»,Автомобиль,1,21 875 000.00,Открытый конкурс,Закупка состоялась
79834980-ЗЦП1,291024.900.000008,"Автомобиль грузопассажирский, тип кузова пикап, грузоподъемность не более 1000 кг",15269570-1 Автомобиль для АО Шығыс Жылу,Автомобиль,1,16 290 000.00,Запрос ценовых предложений,Закупка состоялась
79230175-ОК2,291024.900.000008,"Автомобиль грузопассажирский, тип кузова пикап, грузоподъемность не более 1000 кг","14950717-1 Автомобиль грузопассажирский, тип кузова пикап, грузоподъемность не более 1000 кг",Автомобиль,10,124 107 142.80,Открытый конкурс,Закупка состоялась
75760705-ОК2,291024.900.000008,"Автомобиль грузопассажирский, тип кузова пикап, грузоподъемность не более 1000 кг",14711003-1 Приобретение автомобиля для КГУ «Абай су қоймалары» управления природных ресурсов и регулирования природопользования области Абай,Автомобиль,2,41 750 000.00,Открытый конкурс,Закупка состоялась
78805305-ОИнеГЗ2,291024.900.000008,"Автомобиль грузопассажирский, тип кузова пикап, грузоподъемность не более 1000 кг",14671577-1 Жүк-жолаушылар көлігі,Автомобиль,1,17 190 000.00,Из одного источника по несостоявшимся закупкам не ГЗ,Закупка состоялась
77853397-ОК2,291024.900.000008,"Автомобиль грузопассажирский, тип кузова пикап, грузоподъемность не более 1000 кг",14614621-1 Приобретение автотранспортных средств,Автомобиль,4,75 196 428.56,Открытый конкурс,Закупка состоялась
75010517-ОК1,291024.900.000008,"Автомобиль грузопассажирский, тип кузова пикап, грузоподъемность не более 1000 кг",14499917-2 Приобретение служебного автомобиля,Автомобиль,4,45 324 000.00,Открытый конкурс,Закупка состоялась
78280566-ОК2,291024.900.000008,"Автомобиль грузопассажирский, тип кузова пикап, грузоподъемность не более 1000 кг","14560666-1 Автомобиль тип кузова пикап для ГКП на праве хозяйственного ведения ""Өзен жылу"" акимата города Жанаозен",Автомобиль,3,53 571 426.00,Открытый конкурс,Закупка состоялась
75946645-ЗЦП1,291024.900.000008,"Автомобиль грузопассажирский, тип кузова пикап, грузоподъемность не более 1000 кг",14453491-1 Приобретение основных средств,Автомобиль,1,16 151 785.71,Запрос ценовых предложений,Закупка состоялась
78391844-ОИ2,291024.900.000008,"Автомобиль грузопассажирский, тип кузова пикап, грузоподъемность не более 1000 кг","14428433-1 ГУ ""Аппарат Акима города Кульсары районного значения""",Автомобиль,1,16 800 000.00,Из одного источника по несостоявшимся закупкам,Закупка состоялась
73912772-ОК2,291024.900.000008,"Автомобиль грузопассажирский, тип кузова пикап, грузоподъемность не более 1000 кг",14380638-1 Государственная закупка товара для РГУ «Главное командование Национальной гвардии Республики Казахстан» способом открытого конкурса,Автомобиль,9,195 750 000.00,Открытый конкурс,Закупка состоялась
73349564-ОК1,291024.900.000008,"Автомобиль грузопассажирский, тип кузова пикап, грузоподъемность не более 1000 кг",14206309-1 приобретение служебного автотранспорта,Автомобиль,1,18 600 000.00,Открытый конкурс,Закупка состоялась
74426523-ОК1,291024.900.000008,"Автомобиль грузопассажирский, тип кузова пикап, грузоподъемность не более 1000 кг","14165259-1 Приобретение служебного автотранспорта для КГП на ПХВ ""Многопрофильная больница имени профессора Х.Ж.Макажанова"" управления здравоохранения Карагандинской области",Автомобиль,1,17 000 000.00,Открытый конкурс,Закупка состоялась
77655329-ОИ3,291024.900.000008,"Автомобиль грузопассажирский, тип кузова пикап, грузоподъемность не более 1000 кг","14087816-1 легковой, специальный, для ритуальных услуг",Автомобиль,1,22 919 642.86,Из одного источника по несостоявшимся закупкам,Закупка состоялась
76090556-ОК2,291024.900.000008,"Автомобиль грузопассажирский, тип кузова пикап, грузоподъемность не более 1000 кг","13974137-1 Государственные закупки для Государственное учреждение ""Аппарат акима Жылыойского района""",Автомобиль,2,61 607 142.00,Открытый конкурс,Закупка состоялась
77149329-ОИ4,291024.900.000008,"Автомобиль грузопассажирский, тип кузова пикап, грузоподъемность не более 1000 кг","13937368-1 04. Автомобиль грузопассажирский, тип кузова пикап, грузоподъемность не более 1000 кг (согласно технической спецификации) (с/с ""Акбулак"").49",Автомобиль,1,20 875 000.00,Из одного источника по несостоявшимся закупкам,Закупка состоялась
72369450-ОК1,291024.900.000008,"Автомобиль грузопассажирский, тип кузова пикап, грузоподъемность не более 1000 кг","13814520-1 Государственная закупка для ГКП ""КТЭЦ"" на ПХВ управления энергетики и жилищно-коммунального хозяйства Кызылординской области",Автомобиль,1,15 490 000.00,Открытый конкурс,Закупка состоялась
72061683-ОК2,291024.900.000008,"Автомобиль грузопассажирский, тип кузова пикап, грузоподъемность не более 1000 кг","13353750-1 Приобретение служебного автомобиля для Государственное коммунальное предприятие ""Шалкарская районная больница""",Автомобиль,1,28 000 000.00,Открытый конкурс,Закупка состоялась
80076905-ОИ2,291024.900.000009,"Автомобиль грузопассажирский, тип кузова фургон, грузоподъемность не более 1000 кг",15285057-1 Приобретение автомобиль фургон с металлическим кузовом согласно технической спецификации,Автомобиль,1,17 500 000.00,Из одного источника по несостоявшимся закупкам,Закупка состоялась
80014581-ЗЦП2,291024.900.000009,"Автомобиль грузопассажирский, тип кузова фургон, грузоподъемность не более 1000 кг",15259817-1 Приобретение специального машины для перевозки лиц с ограниченными возможностями,Автомобиль,1,24 800 000.00,Запрос ценовых предложений,Закупка состоялась
79701536-ОИ2,291024.900.000009,"Автомобиль грузопассажирский, тип кузова фургон, грузоподъемность не более 1000 кг","15139265-1 Грузопассажирский автомобиль, тип кузова фургон, грузоподъемность не более 1000 кг",Автомобиль,2,25 110 000.00,Из одного источника по несостоявшимся закупкам,Закупка состоялась
77853004-ОК2,291024.900.000009,"Автомобиль грузопассажирский, тип кузова фургон, грузоподъемность не более 1000 кг",14665767-1 Приобретение автотранспортных средств,Автомобиль,1,28 035 714.29,Открытый конкурс,Закупка состоялась
77852055-ОК1,291024.900.000009,"Автомобиль грузопассажирский, тип кузова фургон, грузоподъемность не более 1000 кг",14298429-2 Приобретение автотранспортных средств,Автомобиль,1,29 017 857.14,Открытый конкурс,Закупка состоялась
77057848-ОК2,291024.900.000009,"Автомобиль грузопассажирский, тип кузова фургон, грузоподъемность не более 1000 кг",14062763-1 Малый лесопатрульный комплекс согласно технической спецификации для КГУ «Карагандинское хозяйство по охране лесов и животного мира»,Автомобиль,1,21 031 250.00,Открытый конкурс,Закупка состоялась
72369738-ОК3,291024.900.000009,"Автомобиль грузопассажирский, тип кузова фургон, грузоподъемность не более 1000 кг","13854689-1 Государственная закупка для ГКП ""КТЭЦ"" на ПХВ управления энергетики и жилищно-коммунального хозяйства Кызылординской области",Автомобиль,1,18 474 000.00,Открытый конкурс,Закупка состоялась
80409833-ОК2,291024.900.000003,"Автомобиль легковой, специальный, для аэродромных работ","15550146-1 Государственная закупка для АО ""Аэропорт ""Коркыт Ата""",Автомобиль,1,129 464 285.71,Открытый конкурс,Закупка состоялась
75850053-ОК3,291024.900.000003,"Автомобиль легковой, специальный, для аэродромных работ",15285220-1 Самоходный буксирный тягач,Автомобиль,1,20 509 682.00,Открытый конкурс,Закупка состоялась
75612379-ОИ2,291024.900.000003,"Автомобиль легковой, специальный, для аэродромных работ",13838750-1 Приобретение автомобиля для аэродромной службы,Автомобиль,1,15 490 000.00,Из одного источника по несостоявшимся закупкам,Закупка состоялась
77208635-ОК2,291024.900.000001,"Автомобиль легковой, специальный, автолавка",15034086-1 Приобретение Аварийной мастерской,Автомобиль,2,37 191 071.42,Открытый конкурс,Закупка состоялась
74296568-ЗЦП2,289229.000.000001,"Автомобиль карьерный самосвал, грузоподъемность более 10 т, но не более 400 т, способ разгрузки задний",15782757-1 Приобретение самосвала и самосвального прицепа,Автомобиль,1,30 508 064.29,Запрос ценовых предложений,Закупка состоялась
80873885-ОИ3,289229.000.000001,"Автомобиль карьерный самосвал, грузоподъемность более 10 т, но не более 400 т, способ разгрузки задний",15733940-1 Приобретение техники согласно тех.спецификам,Автомобиль,1,21 704 183.83,Из одного источника по несостоявшимся закупкам,Закупка состоялась
72829977-ОК2,289229.000.000001,"Автомобиль карьерный самосвал, грузоподъемность более 10 т, но не более 400 т, способ разгрузки задний","15616695-1 Спецтехника грузовой, дизельный, самосвал, грузоподъемность более 20 т, тип платформа с опрокидывающимся кузовом",Автомобиль,1,41 660 714.29,Открытый конкурс,Закупка состоялась
77773602-ОИ5,289229.000.000001,"Автомобиль карьерный самосвал, грузоподъемность более 10 т, но не более 400 т, способ разгрузки задний",14689202-1 Приобретение техники согласно тех.спецификам,Автомобиль,1,22 321 428.57,Из одного источника по несостоявшимся закупкам,Закупка состоялась
75940761-ОК2,289229.000.000001,"Автомобиль карьерный самосвал, грузоподъемность более 10 т, но не более 400 т, способ разгрузки задний",14587871-1 Приобретение техники самосвал,Автомобиль,3,94 800 000.00,Открытый конкурс,Закупка состоялась
76439309-ОК1,289229.000.000001,"Автомобиль карьерный самосвал, грузоподъемность более 10 т, но не более 400 т, способ разгрузки задний","14401200-1 Приобретение карьерного самосвала КГУ ""Отдел архитектуры, строительства, жилищно-коммунального хозяйства, пассажирского транспорта и автомобильных дорог акимата района им. Г. Мусрепова Северо-Казахстанской области""",Автомобиль,2,69 256 928.58,Открытый конкурс,Закупка состоялась
80660184-ЗЦП3,289229.000.000000,"Автомобиль карьерный самосвал, грузоподъемность более 10 т, но не более 400 т, способ разгрузки боковой",15630755-1 Приобретение технике (самосвал),Автомобиль,1,29 464 286.00,Запрос ценовых предложений,Закупка состоялась
74353911-ОК2,289229.000.000000,"Автомобиль карьерный самосвал, грузоподъемность более 10 т, но не более 400 т, способ разгрузки боковой",15237957-1 Приобретение самосвал а,Автомобиль,1,33 200 000.00,Открытый конкурс,Закупка состоялась
79340552-ЗЦП2,291022.300.000012,"Автомобиль легковой, класс внедорожник, механическая трансмиссия, свыше 3000 куб.см",15072029-1 Приобретение автомобиля (согласно технической спецификации),Автомобиль,1,16 395 535.71,Запрос ценовых предложений,Закупка состоялась
79522531-ЗЦП3,291022.300.000012,"Автомобиль легковой, класс внедорожник, механическая трансмиссия, свыше 3000 куб.см",15034771-1 Приобретение автомобиля (согласно технической спецификации)/,Автомобиль,1,16 394 000.00,Запрос ценовых предложений,Закупка состоялась
78957688-ОК1,291059.920.000004,"Автомобиль специализированный, автотопливозаправщик, объем более 30 м3",15778078-1 Приобретение автотопливозаправщиков вместимостью не менее 20 000 литров и не менее 40 000 литров,Автомобиль,3,1 136 686 071.00,Открытый конкурс,Закупка состоялась
81622758-ОИ2,291042.900.000003,"Автомобиль грузовой, бензиновый, бортовой, грузоподъемность не более 3,5 т",15834462-1 Приобретение автомобиля для учреждения в соответствии с техническим описанием/,Автомобиль,1,15 888 392.86,Из одного источника по несостоявшимся закупкам,Закупка состоялась
80885764-ЗЦП3,291042.900.000003,"Автомобиль грузовой, бензиновый, бортовой, грузоподъемность не более 3,5 т",15729516-1 Специальные автомобили УАЗ (фермер),Автомобиль,2,23 928 571.42,Запрос ценовых предложений,Закупка состоялась
80796652-ЗЦП3,291042.900.000003,"Автомобиль грузовой, бензиновый, бортовой, грузоподъемность не более 3,5 т","15699510-1 Автомобиль бортовой 5 местный грузоподъемность не более 3,5 т",Автомобиль,1,17 594 000.00,Запрос ценовых предложений,Закупка состоялась
80941297-ОИ2,291042.900.000003,"Автомобиль грузовой, бензиновый, бортовой, грузоподъемность не более 3,5 т",15686319-1 приобретение авто мобиль,Автомобиль,1,16 750 000.00,Из одного источника по несостоявшимся закупкам,Закупка состоялась
80527553-ОК1,291042.900.000003,"Автомобиль грузовой, бензиновый, бортовой, грузоподъемность не более 3,5 т",15658934-1 Служебное авто отечественного производства,Автомобиль,1,19 365 000.00,Открытый конкурс,Закупка состоялась
80522405-ОК2,291042.900.000003,"Автомобиль грузовой, бензиновый, бортовой, грузоподъемность не более 3,5 т",15588127-1 Приобретение автомобиля грузового бензинового для КГУ «Қызылжар су қоймалары» КГУ «Управление природных ресурсов и регулирования природопользования акимата СКО»,Автомобиль,2,73 518 000.00,Открытый конкурс,Закупка состоялась
80645700-ОИ2,291042.900.000003,"Автомобиль грузовой, бензиновый, бортовой, грузоподъемность не более 3,5 т",15586572-1 Приобретение бортового автомобиля,Автомобиль,1,15 315 000.00,Из одного источника по несостоявшимся закупкам,Закупка состоялась
79997604-ОК1,291042.900.000003,"Автомобиль грузовой, бензиновый, бортовой, грузоподъемность не более 3,5 т",15526208-1 Приобретение - автомобиля,Автомобиль,3,39 285 714.30,Открытый конкурс,Закупка состоялась
73311989-ОК2,291042.900.000003,"Автомобиль грузовой, бензиновый, бортовой, грузоподъемность не более 3,5 т","15435190-1 Автомобиль грузовой, бензиновый, бортовой",Автомобиль,5,85 615 000.00,Открытый конкурс,Закупка состоялась
80233509-ОИ5,291042.900.000003,"Автомобиль грузовой, бензиновый, бортовой, грузоподъемность не более 3,5 т",15385854-1 Покупка легкового автомобиля,Автомобиль,2,24 400 000.00,Из одного источника по несостоявшимся закупкам,Закупка состоялась
80005465-ОК1,291042.900.000003,"Автомобиль грузовой, бензиновый, бортовой, грузоподъемность не более 3,5 т",15288586-1 Для Филиала Некоммерческого акционерного общества «Государственная корпорация «Правительство для граждан» по Западно-Казахстанской области государственные закупки товар автомобиль категории D1 для Филиала НАО по ЗКО(внимательно ознакомьтесь с технической спецификацией),Автомобиль,1,15 872 000.00,Открытый конкурс,Закупка состоялась
79612879-ОК2,291042.900.000003,"Автомобиль грузовой, бензиновый, бортовой, грузоподъемность не более 3,5 т",15210503-1 Поставка транспортных средств различного назначения 2,Автомобиль,1,16 308 000.00,Открытый конкурс,Закупка состоялась
79537376-ОК1,291042.900.000003,"Автомобиль грузовой, бензиновый, бортовой, грузоподъемность не более 3,5 т","15193543-1 Приобретение автомобиля грузовой, бензиновый, бортовой, грузоподъемность не более 3,5 т",Автомобиль,1,17 594 000.00,Открытый конкурс,Закупка состоялась
78929430-ОИ2,291042.900.000003,"Автомобиль грузовой, бензиновый, бортовой, грузоподъемность не более 3,5 т",15076351-1 Автомобиль грузовой согласно технической спецификации,Автомобиль,1,16 013 000.00,Из одного источника по несостоявшимся закупкам,Закупка состоялась
78932671-ОИ4,291042.900.000003,"Автомобиль грузовой, бензиновый, бортовой, грузоподъемность не более 3,5 т",15073182-1 Көлік құралдарын сатып алу / борттық Автомобиль,Автомобиль,2,25 942 000.00,Из одного источника по несостоявшимся закупкам,Закупка состоялась
74586941-ОИ6,291042.900.000003,"Автомобиль грузовой, бензиновый, бортовой, грузоподъемность не более 3,5 т",15069631-1 Приобретение автомобиль бортовой ГАЗ,Автомобиль,1,15 650 000.00,Из одного источника по несостоявшимся закупкам,Закупка состоялась
79115645-ОК1,291042.900.000003,"Автомобиль грузовой, бензиновый, бортовой, грузоподъемность не более 3,5 т","14954602-1 Цельно-металлический фургон, ГБО (согласно технической спецификации)",Автомобиль,1,17 483 000.00,Открытый конкурс,Закупка состоялась
79269205-ОК1,291042.900.000003,"Автомобиль грузовой, бензиновый, бортовой, грузоподъемность не более 3,5 т","14919668-1 Приобретение автомобиль бортовой со сдвоенной двухдверной кабиной для АО ""Aqtobe su-energy group""",Автомобиль,6,82 236 000.00,Открытый конкурс,Закупка состоялась
78473733-ОК2,291042.900.000003,"Автомобиль грузовой, бензиновый, бортовой, грузоподъемность не более 3,5 т","14735410-1 Автомобиль бортовой для ГКП на праве хозяйственного ведения ""ОЗЕНИНВЕСТ"" акимата города Жанаозен",Автомобиль,1,26 000 000.00,Открытый конкурс,Закупка состоялась
78177708-ОК3,291042.900.000003,"Автомобиль грузовой, бензиновый, бортовой, грузоподъемность не более 3,5 т","14715332-1 Государственные закупки для КГУ ""Индерское учреждение по охране лесов и животного мира"" Управления природных ресурсов и регулирования природопользования Атырауской области""",Автомобиль,1,18 571 428.57,Открытый конкурс,Закупка состоялась
74400967-ЗЦП2,291042.900.000003,"Автомобиль грузовой, бензиновый, бортовой, грузоподъемность не более 3,5 т",14548176-1 Приобретение грузового автомобиля с холодильной установкой,Автомобиль,1,20 500 000.00,Запрос ценовых предложений,Закупка состоялась
74400497-ОИ2,291042.900.000003,"Автомобиль грузовой, бензиновый, бортовой, грузоподъемность не более 3,5 т",14494008-1 Приобретение легкового автомобиля - пикап,Автомобиль,1,21 000 000.00,Из одного источника по несостоявшимся закупкам,Закупка состоялась
77189955-ОК3,291042.900.000003,"Автомобиль грузовой, бензиновый, бортовой, грузоподъемность не более 3,5 т","14410778-1 Государственные закупки для КГУ ""Служба обеспечения материально-техническими средствами мобилизиационной подготовки, гражданской защиты и территориальной обороны Управления по мобилизиационной подготовке и гражданской защите Атырауской области"" (ПОВТОРНО)",Автомобиль,3,38 446 428.57,Открытый конкурс,Закупка состоялась
77988411-ОК1,291042.900.000003,"Автомобиль грузовой, бензиновый, бортовой, грузоподъемность не более 3,5 т",14335561-2 Приобретение инватакси для инвалидов,Автомобиль,1,23 660 714.28,Открытый конкурс,Закупка состоялась
77343493-ОК2,291042.900.000003,"Автомобиль грузовой, бензиновый, бортовой, грузоподъемность не более 3,5 т","14375719-1 Приобретение автотранспорта для КГУ ""Государственный региональный природный парк ""Кызылсай""",Автомобиль,6,80 803 572.00,Открытый конкурс,Закупка состоялась
77143655-ОК1,291042.900.000003,"Автомобиль грузовой, бензиновый, бортовой, грузоподъемность не более 3,5 т",14313848-1 Приобретение грузового автомобиля,Автомобиль,2,46 428 571.42,Открытый конкурс,Закупка состоялась
73949796-ОК1,291042.900.000003,"Автомобиль грузовой, бензиновый, бортовой, грузоподъемность не более 3,5 т",14275140-1 Приобретение грузового автомобиля (согл. тех.спец),Автомобиль,9,98 325 000.00,Открытый конкурс,Закупка состоялась
76307030-ОК1,291042.900.000003,"Автомобиль грузовой, бензиновый, бортовой, грузоподъемность не более 3,5 т","14230474-1 Приобретение автомобили грузовой бензиновой, бортовой, грузоподъемность не более 3,5 т.",Автомобиль,1,15 530 000.00,Открытый конкурс,Закупка состоялась
74252714-ОИ3,291042.900.000003,"Автомобиль грузовой, бензиновый, бортовой, грузоподъемность не более 3,5 т",14174589-1 Приобретение служебного автомобиля,Автомобиль,2,24 767 857.14,Из одного источника по несостоявшимся закупкам,Закупка состоялась
76034523-ОК1,291042.900.000003,"Автомобиль грузовой, бензиновый, бортовой, грузоподъемность не более 3,5 т",14036884-2 Приобретение автомобиля для перевозки детей с ограниченными возможностями,Автомобиль,1,29 017 856.56,Открытый конкурс,Закупка состоялась
76559365-ОИ2,291042.900.000003,"Автомобиль грузовой, бензиновый, бортовой, грузоподъемность не более 3,5 т",14078064-1 Запрос ценовых предложение закуп товаров,Автомобиль,2,27 288 000.00,Из одного источника по несостоявшимся закупкам,Закупка состоялась
77454894-ОИ2,291042.900.000003,"Автомобиль грузовой, бензиновый, бортовой, грузоподъемность не более 3,5 т",14049475-1 Приобретение автомобиля Автомастерская.,Автомобиль,1,22 000 000.00,Из одного источника по несостоявшимся закупкам,Закупка состоялась
74855868-ОК1,291042.900.000003,"Автомобиль грузовой, бензиновый, бортовой, грузоподъемность не более 3,5 т",13888179-2 Приобретение специальной техники,Автомобиль,5,78 455 357.10,Открытый конкурс,Закупка состоялась
77019151-ОИ2,291042.900.000003,"Автомобиль грузовой, бензиновый, бортовой, грузоподъемность не более 3,5 т",13776903-1 Приобретение легкового автомобиля (патрульный),Автомобиль,1,17 000 000.00,Из одного источника по несостоявшимся закупкам,Закупка состоялась
80649315-ОК2,291059.999.000064,"Автомобиль специализированный, уборочный","15738993-1 Автомобиль специализированный подметально-уборочный для КГУ ""Управление развития общественных пространств города Алматы""",Автомобиль,4,463 528 572.00,Открытый конкурс,Закупка состоялась
78878172-ОК3,291059.999.000064,"Автомобиль специализированный, уборочный","15618241-1 Повторные государственные закупки для ГУ ""Отдел жилищно-коммунального хозяйства, пассажирского транспорта и автомобильных дорог Казыгуртского района"" способом открытого конкурса",Автомобиль,1,36 964 285.00,Открытый конкурс,Закупка состоялась
80068632-ОК1,291059.999.000064,"Автомобиль специализированный, уборочный",15276512-3 Приобретение специализированной техники,Автомобиль,1,52 500 000.00,Открытый конкурс,Закупка состоялась
77244613-ОК2,291059.999.000064,"Автомобиль специализированный, уборочный",14610279-1 Специализированная подметально – уборочная машина,Автомобиль,5,571 428 570.00,Открытый конкурс,Закупка состоялась
74242897-ОК3,291059.999.000064,"Автомобиль специализированный, уборочный",14440616-1 Приобретение специального техники,Автомобиль,8,65 000 000.00,Открытый конкурс,Закупка состоялась
77011304-ОК2,291059.999.000064,"Автомобиль специализированный, уборочный",13902435-1 Комбинированная дорожная машина,Автомобиль,5,392 901 785.75,Открытый конкурс,Закупка состоялась
80629647-ОК1,291059.999.000095,"Автомобиль специализированный, мусоровоз, вместимость более 15 м3, но не более 23 м3","15674747-1 Автомобиль - мусоровоз для нужд аэропорта г. Астана (тел. 8 /7172/ 777-479, 777-181)",Автомобиль,1,69 150 000.00,Открытый конкурс,Закупка состоялась
80498819-ОК2,291059.999.000095,"Автомобиль специализированный, мусоровоз, вместимость более 15 м3, но не более 23 м3","15664610-1 Повторное приобретение мусоровоза для ГУ ""Отдел жилищно-коммунального хозяйства, пассажирского транспорта и автомобильных дорог города Актобе""",Автомобиль,2,102 571 428.58,Открытый конкурс,Закупка состоялась
80285922-ОК1,291059.999.000095,"Автомобиль специализированный, мусоровоз, вместимость более 15 м3, но не более 23 м3","15627823-1 Приобретение техники для ГУ ""Шалкарский районный отдел жилищно-коммунального хозяйства, пассажирского транспорта и автомобильных дорог""",Автомобиль,1,52 500 000.00,Открытый конкурс,Закупка состоялась
80411741-ОК1,291059.999.000095,"Автомобиль специализированный, мусоровоз, вместимость более 15 м3, но не более 23 м3",15444969-2 Приобретение специализированной техники,Автомобиль,1,44 821 428.57,Открытый конкурс,Закупка состоялась
79701423-ОК2,291059.999.000095,"Автомобиль специализированный, мусоровоз, вместимость более 15 м3, но не более 23 м3","15323659-1 Приобретение специализированного автомобиля (мусоровоз) для государственного учреждения „Отдел жилищно-коммунального хозяйства, пассажирского транспорта и автомобильных дорог района Бәйтерек“» ЗКО",Автомобиль,1,44 642 857.14,Открытый конкурс,Закупка состоялась
78920316-ОК1,291059.999.000095,"Автомобиль специализированный, мусоровоз, вместимость более 15 м3, но не более 23 м3",14891935-2 Приобретение мусоровоза с боковой погрузкой,Автомобиль,1,44 642 857.14,Открытый конкурс,Закупка состоялась
79339572-ОК1,291059.999.000095,"Автомобиль специализированный, мусоровоз, вместимость более 15 м3, но не более 23 м3","14904340-1 Приобретение Мусоровоз с боковой загрузкой; Мусоровоз предназначен для механизированной загрузки, уплотнения, транспортировки и выгрузки твердых бытовых отходов для ""Жанаозенский городской отдел жилищно-коммунального хозяйства и жилищной инспекции""",Автомобиль,2,123 214 285.72,Открытый конкурс,Закупка состоялась
78074222-ОК1,291059.999.000095,"Автомобиль специализированный, мусоровоз, вместимость более 15 м3, но не более 23 м3",14884568-1 Приобретение автомобиля для вывоза твердо-бытовых отходов,Автомобиль,1,31 250 000.00,Открытый конкурс,Закупка состоялась
74836070-ОК1,291059.999.000095,"Автомобиль специализированный, мусоровоз, вместимость более 15 м3, но не более 23 м3","14585551-1 Государственная закупка для КГУ ""Кызылординское государственное учреждение по охране лесов и животного мира"" управления природных ресурсов и регулирования природопользования Кызылординской области",Автомобиль,3,127 890 000.00,Открытый конкурс,Закупка состоялась
78365919-ОК2,291059.999.000095,"Автомобиль специализированный, мусоровоз, вместимость более 15 м3, но не более 23 м3","14480730-1 Приобретение Мусоровоз с боковой загрузкой; Мусоровоз предназначен для механизированной загрузки, уплотнения, транспортировки и выгрузки твердых бытовых отходов",Автомобиль,3,152 678 571.42,Открытый конкурс,Закупка состоялась
76665258-ОК1,291059.999.000095,"Автомобиль специализированный, мусоровоз, вместимость более 15 м3, но не более 23 м3","14416916-2 Государственные закупки для ГУ ""Кызылкогинский районный отдел жилищно-коммунального хозяйства, пассажирского транспорта, автомобильных дорог и жилищной инспекции""",Автомобиль,3,172 767 857.13,Открытый конкурс,Закупка состоялась
77894247-ОК1,291059.999.000095,"Автомобиль специализированный, мусоровоз, вместимость более 15 м3, но не более 23 м3",14148210-1 Приобретение мусоровоза с боковой загрузкой,Автомобиль,2,97 000 000.00,Открытый конкурс,Закупка состоялась
76753599-ОК2,291059.999.000095,"Автомобиль специализированный, мусоровоз, вместимость более 15 м3, но не более 23 м3","14055391-1 Повторные государственные закупки для ГУ ""Отдел инфраструктуры и коммуникации"" акимата города Туркестан способом открытого конкурса",Автомобиль,7,412 499 999.94,Открытый конкурс,Закупка состоялась
77417092-ОК2,291059.999.000095,"Автомобиль специализированный, мусоровоз, вместимость более 15 м3, но не более 23 м3","14033417-1 Приобретение автомобиля специализированного, мусоровоз, вместимость не менее 20 м 3 для КГП «Нарын Ком Хоз Сервис»",Автомобиль,1,37 747 000.00,Открытый конкурс,Закупка состоялась
76104871-ОК1,291059.999.000095,"Автомобиль специализированный, мусоровоз, вместимость более 15 м3, но не более 23 м3","13907218-1 Закуп мусоровоза с боковой загрузкой (ГУ ""Отдел жилищно-коммунального хозяйства, пассажирского транспорта и автомобильных дорог города Приозерск"")",Автомобиль,1,47 767 858.00,Открытый конкурс,Закупка состоялась
74208353-ОК1,291059.999.000095,"Автомобиль специализированный, мусоровоз, вместимость более 15 м3, но не более 23 м3","13891494-1 Государственные закупки для Государственное учреждение ""Отдел жилищно-коммунального хозяйства, пассажирского транспорта, автомобильных дорог и жилищной инспекции Макатского района""",Автомобиль,4,214 285 714.32,Открытый конкурс,Закупка состоялась
75830855-ОК1,291059.999.000095,"Автомобиль специализированный, мусоровоз, вместимость более 15 м3, но не более 23 м3",13652196-1 Приобретение специальной техники,Автомобиль,1,44 642 857.00,Открытый конкурс,Закупка состоялась
74197880-ОК1,291059.999.000095,"Автомобиль специализированный, мусоровоз, вместимость более 15 м3, но не более 23 м3",13616175-1 Мусоровоз с задней загрузкой.,Автомобиль,1,50 892 857.15,Открытый конкурс,Закупка состоялась
72410834-ОК1,291059.999.000095,"Автомобиль специализированный, мусоровоз, вместимость более 15 м3, но не более 23 м3","13473057-2 Приобретение мусоровоза, согласно технической спецификации",Автомобиль,1,41 384 821.42,Открытый конкурс,Закупка состоялась
72864887-ОК1,291059.999.000095,"Автомобиль специализированный, мусоровоз, вместимость более 15 м3, но не более 23 м3","13397627-2 Приобретение Мусоровоз с задней загрузкой; Мусоровоз предназначен для механизированной загрузки, уплотнения, транспортировки и выгрузки твердых бытовых отходов",Автомобиль,2,101 785 714.28,Открытый конкурс,Закупка состоялась
80481712-ОК2,291024.900.000011,"Автомобиль грузопассажирский, тип кузова пикап, грузоподъемность 1000-3000 кг","15599196-1 Государственные закупки для КГП на ПХВ ""Табигат"" управления природных ресурсов и регулирования природопользования Атырауской области""",Автомобиль,2,24 732 142.86,Открытый конкурс,Закупка состоялась
80575875-ОИ2,291024.900.000011,"Автомобиль грузопассажирский, тип кузова пикап, грузоподъемность 1000-3000 кг","15559343-1 грузопассажирский, тип кузова пикап, грузоподъемность 1000-3000 кг",Автомобиль,1,15 000 000.00,Из одного источника по несостоявшимся закупкам,Закупка состоялась
80176890-ОК3,291024.900.000011,"Автомобиль грузопассажирский, тип кузова пикап, грузоподъемность 1000-3000 кг","15541807-1 Приобретение служебного автотранспорта для КГУ ""Оркашское учреждение по охране лесов и животного мира"" ГУ ""Управление природных ресурсов и регулирования природопользования Актюбинской области""",Автомобиль,1,19 642 857.14,Открытый конкурс,Закупка состоялась
80510651-ОК1,291024.900.000011,"Автомобиль грузопассажирский, тип кузова пикап, грузоподъемность 1000-3000 кг",15496585-1 Приобретение грузопассажирского автомобиля,Автомобиль,3,56 538 540.00,Открытый конкурс,Закупка состоялась
76843386-ОК2,291024.900.000011,"Автомобиль грузопассажирский, тип кузова пикап, грузоподъемность 1000-3000 кг","14828340-1 Приобретение автомобиль грузопассажирский, тип кузова пикап для ПХВ БАЙЫНҚОЛ СУ ҚҰБЫРЫ Райымбекского района Алматинской области",Автомобиль,1,18 357 142.90,Открытый конкурс,Закупка состоялась
78174464-ЗЦП3,291024.900.000011,"Автомобиль грузопассажирский, тип кузова пикап, грузоподъемность 1000-3000 кг",14405034-1 Приобретение автомобиля. (Среднеразмерный кроссовер),Автомобиль,1,18 251 000.00,Запрос ценовых предложений,Закупка состоялась
78024654-ОИ3,291024.900.000011,"Автомобиль грузопассажирский, тип кузова пикап, грузоподъемность 1000-3000 кг",14257442-1 Приобретение автомобиля грузо -пассажирского,Автомобиль,1,17 560 000.00,Из одного источника по несостоявшимся закупкам,Закупка состоялась
74081187-ОК2,291024.900.000011,"Автомобиль грузопассажирский, тип кузова пикап, грузоподъемность 1000-3000 кг",14236670-1 Приобретение транспортных средств,Автомобиль,9,148 410 000.00,Открытый конкурс,Закупка состоялась
77076077-ОК2,291024.900.000011,"Автомобиль грузопассажирский, тип кузова пикап, грузоподъемность 1000-3000 кг","14034421-1 Приобретение автомобиля грузопассажирского КГКП ""Северо-Казахстанское областное музейное объединение управления культуры, развития языков и архивного дела акимата Северо-Казахстанской области""",Автомобиль,1,18 000 000.00,Открытый конкурс,Закупка состоялась
76459080-ОК2,291024.900.000011,"Автомобиль грузопассажирский, тип кузова пикап, грузоподъемность 1000-3000 кг","14000014-1 Автомобиль легковой (пикап) для ТОО ""Алматинские тепловые сети""",Автомобиль,12,245 571 428.52,Открытый конкурс,Закупка состоялась
76968542-ОИ2,291024.900.000011,"Автомобиль грузопассажирский, тип кузова пикап, грузоподъемность 1000-3000 кг","13787478-1 грузопассажирский, тип кузова пикап, грузоподъемность 1000-3000 кг",Автомобиль,1,15 000 000.00,Из одного источника по несостоявшимся закупкам,Закупка состоялась
77853242-ОК1,291024.300.000001,"Автомобиль легковой, специальный, полицейский",14260284-1 Приобретение автотранспортных средств,Автомобиль,5,48 000 000.00,Открытый конкурс,Закупка состоялась
74800111-ОК1,291059.300.000007,"Автомобиль специальный, пожарный, автоцистерна",15374548-1 О проведении государственной закупки товара для ГУ «Департамент по чрезвычайным ситуациям Северо-Казахстанской области Министерства по чрезвычайным ситуациям Республики Казахстан» способом открытого конкурса,Автомобиль,2,188 000 000.00,Открытый конкурс,Закупка состоялась
75257219-ОК2,291059.300.000007,"Автомобиль специальный, пожарный, автоцистерна",15218329-2 О проведении государственной закупки товара для ГУ «Департамент по чрезвычайным ситуациям Алматинской области Министерства по чрезвычайным ситуациям Республики Казахстан» способом открытого конкурса,Автомобиль,3,550 500 000.00,Открытый конкурс,Закупка состоялась
75256839-ОК1,291059.300.000007,"Автомобиль специальный, пожарный, автоцистерна",15021061-1 Государственная закупка товара для ГУ «Департамент по чрезвычайным ситуациям Алматинской области Министерства по чрезвычайным ситуациям Республики Казахстан» способом открытого конкурса,Автомобиль,3,327 044 991.96,Открытый конкурс,Закупка состоялась
76678920-ОК1,291059.300.000007,"Автомобиль специальный, пожарный, автоцистерна",14830272-1 Государственные закупки для ГУ «Департамент по чрезвычайным ситуациям области Жетісу Министерства по чрезвычайным ситуациям Республики Казахстан» способом открытого конкурса,Автомобиль,1,126 750 000.00,Открытый конкурс,Закупка состоялась
79159411-ОК1,291059.300.000007,"Автомобиль специальный, пожарный, автоцистерна",14822583-1 Приобретение пожарной автомашины для «Уральское коммунальное государственное учреждение по охране лесов и животного мира» Управления природных ресурсов и регулирования природопользования акимата ЗКО,Автомобиль,6,642 857 142.84,Открытый конкурс,Закупка состоялась
74006765-ОК3,291059.300.000007,"Автомобиль специальный, пожарный, автоцистерна",14555267-2 Пожарная машина для КГУ «Карагандинское хозяйство по охране лесов и животного мира,Автомобиль,1,84 821 428.58,Открытый конкурс,Закупка состоялась
74221483-ОК2,291059.300.000007,"Автомобиль специальный, пожарный, автоцистерна","14373285-1 Государственная закупка для КГУ ""Казалинское государственное учреждение по охране лесов и животного мира"" управления природных ресурсов и регулирования природопользования Кызылординской области",Автомобиль,1,86 607 142.85,Открытый конкурс,Закупка состоялась
74873329-ОК3,291059.300.000007,"Автомобиль специальный, пожарный, автоцистерна",14369612-1 Приобретение пожарной машины (согл.тех.спец),Автомобиль,1,80 357 142.86,Открытый конкурс,Закупка состоялась
74117104-ОК2,291059.300.000007,"Автомобиль специальный, пожарный, автоцистерна",14260169-1 Приобретение пожарной машины (согл.тех.спец),Автомобиль,1,60 714 285.71,Открытый конкурс,Закупка состоялась
77372862-ОК2,291059.300.000007,"Автомобиль специальный, пожарный, автоцистерна",14070647-1 Приобретение пожарных автотранспортов,Автомобиль,2,128 571 428.58,Открытый конкурс,Закупка состоялась
74922085-ОК2,291059.300.000007,"Автомобиль специальный, пожарный, автоцистерна",13976386-3 Приобретение пожарного автотранспорта для бейнеуское коммунальное государственное учреждение по охране лесов и животного мира,Автомобиль,1,86 607 142.80,Открытый конкурс,Закупка состоялась
74574362-ОК2,291059.300.000007,"Автомобиль специальный, пожарный, автоцистерна","14012891-1 Государственная закупка для КГУ ""Шиелийское государственное учреждение по охране лесов и животного мира"" управления природных ресурсов и регулирования природопользования Кызылординской области",Автомобиль,1,86 607 142.00,Открытый конкурс,Закупка состоялась
74937266-ОК1,291059.300.000007,"Автомобиль специальный, пожарный, автоцистерна",13950585-2 Приобретение пожарной машины (согл.тех.спец),Автомобиль,1,80 357 142.86,Открытый конкурс,Закупка состоялась
74715452-ОК1,291059.300.000007,"Автомобиль специальный, пожарный, автоцистерна","13932330-2 Пожарный автомобиль газодымозащитной службы для УЕ ""Управление сейсмической безопасности и мобилизационной подготовки города Алматы""",Автомобиль,1,108 560 000.00,Открытый конкурс,Закупка состоялась
74715479-ОК1,291059.300.000007,"Автомобиль специальный, пожарный, автоцистерна","13932404-2 Автомобиль цистерна (Водовоз) для УЕ ""Управление сейсмической безопасности и мобилизационной подготовки города Алматы""",Автомобиль,2,131 000 000.00,Открытый конкурс,Закупка состоялась
74715447-ОК1,291059.300.000007,"Автомобиль специальный, пожарный, автоцистерна","13932485-2 Пожарная автоцистерна с механической лестницей для УЕ ""Управление сейсмической безопасности и мобилизационной подготовки города Алматы""",Автомобиль,2,367 000 000.00,Открытый конкурс,Закупка состоялась
76030559-ОК1,291059.300.000007,"Автомобиль специальный, пожарный, автоцистерна","13883042-2 Приобретение автоцистерны пожарной для ""Самское КГУ по охране лесов и животного мира Управления природных ресурсов и регулирования природопользования Мангистауской области""",Автомобиль,1,94 642 857.14,Открытый конкурс,Закупка состоялась
72978477-ОК1,291059.300.000007,"Автомобиль специальный, пожарный, автоцистерна",13515265-2 Приобретение пожарной автомашины для «Уральское коммунальное государственное учреждение по охране лесов и животного мира» Управления природных ресурсов и регулирования природопользования акимата ЗКО,Автомобиль,6,642 857 142.84,Открытый конкурс,Закупка состоялась
73157745-ОК1,291059.300.000007,"Автомобиль специальный, пожарный, автоцистерна","13571508-1 Государственные закупки для КГУ ""Жасыл аймак"" управления природных ресурсов и регулирования природопользования Туркестанской области способом открытого конкурса",Автомобиль,1,102 679 000.00,Открытый конкурс,Закупка состоялась
74937264-ЗЦП2,291059.300.000005,"Автомобиль специальный, пожарный, насосная станция",14323360-1 Приобретение малого лесопатрульного комплекса,Автомобиль,1,22 000 000.00,Запрос ценовых предложений,Закупка состоялась
80631595-ОК2,291059.300.000002,"Автомобиль специальный, автолестница пожарная, высота подъема лестницы более 30 м",15659899-2 ««О проведении государственной закупки товара для ГУ «Департамент по чрезвычайным ситуациям Мангистауской области Министерства по чрезвычайным ситуациям Республики Казахстан»» способом открытого конкурса,Автомобиль,1,1 334 821 428.57,Открытый конкурс,Закупка состоялась
74501177-ОК2,291059.300.000002,"Автомобиль специальный, автолестница пожарная, высота подъема лестницы более 30 м",15039456-1 Государственные закупки товара для ГУ «Департамент по чрезвычайным ситуациям Восточно-Казахстанской области Министерства по чрезвычайным ситуациям Республики Казахстан» способом конкурса,Автомобиль,1,1 151 785 714.30,Открытый конкурс,Закупка состоялась
76624893-ОК2,291059.300.000002,"Автомобиль специальный, автолестница пожарная, высота подъема лестницы более 30 м",14392083-1 Государственная закупка товара для ГУ «Департамент по чрезвычайным ситуациям Мангистауской области Министерства по чрезвычайным ситуациям Республики Казахстан» способом открытого конкурса,Автомобиль,1,1 348 214 285.71,Открытый конкурс,Закупка состоялась
79758546-ОИ5,291059.100.000000,"Автомобиль специализированный, установка буровая, глубина бурения не более 2000 м",15652132-1 Приобретение специальных служебных автомобилей/,Автомобиль,1,70 000 000.00,Из одного источника по несостоявшимся закупкам,Закупка состоялась
80605627-ОК2,289222.000.000002,"Автогрейдер тип средний, мощность 121-160 л.с",15756806-1 Приобретение автогрейдера,Автогрейдер,1,44 642 857.14,Открытый конкурс,Закупка состоялась
74836195-ОК2,289222.000.000002,"Автогрейдер тип средний, мощность 121-160 л.с",14952680-1 Приобретение специальной техники,Автогрейдер,2,77 321 428.58,Открытый конкурс,Закупка состоялась
74806680-ОК3,291059.300.000006,"Автомобиль специальный, пожарный, штабной",15011040-1 Командно - штабная машина,Автомобиль,1,70 281 518.75,Открытый конкурс,Закупка состоялась
73283856-ОК2,291059.300.000006,"Автомобиль специальный, пожарный, штабной",14797266-1 Государственные закупки товара для ГУ «Департамент по чрезвычайным ситуациям области Абай Министерства по чрезвычайным ситуациям Республики Казахстан» способом конкурса,Автомобиль,6,330 357 142.80,Открытый конкурс,Закупка состоялась
77660371-ОК1,291059.300.000003,"Автомобиль специальный, пожарный, рукавный","14415161-2 Приобретение специализированной техники для ГУ ""Управление пассажирского транспорта и автомобильных дорог Карагандинской области""",Автомобиль,1,128 214 285.71,Открытый конкурс,Закупка состоялась
79373719-ОК2,291059.300.000001,"Автомобиль специальный, автолестница пожарная, высота подъема лестницы более 20 м, но не более 30 м","15151197-1 Приобретение Автомобиля для КГУ ""Управление сейсмической безопасности и мобилизационной подготовки города Алматы""",Автомобиль,2,437 115 982.14,Открытый конкурс,Закупка состоялась
74923744-ОК7,202014.300.000000,"Средство дезинфицирующее на основе этанола, 2-пропанола, 1-пропанола, хлорид цетримония",15212167-1 Приобретение дезинфицирующих средств,Средство дезинфицирующее,1003,20 210 450.00,Открытый конкурс,Закупка состоялась
36046795-ОЛ-ОК1,202014.300.000000,"Средство дезинфицирующее на основе этанола, 2-пропанола, 1-пропанола, хлорид цетримония",14539168-1 Приобретение дезинфицирующих средств,Приобретение дезинфицирующих средств,10,171 656 337.00,Открытый конкурс,Закупка состоялась
36046795-ОЛ-ОК1,202014.300.000003,Средство дезинфицирующее для повышения уровня рН воды,14539168-1 Приобретение дезинфицирующих средств,Приобретение дезинфицирующих средств,10,171 656 337.00,Открытый конкурс,Закупка состоялась
38845950-ОЛ-ОК1,202014.300.000004,Средство дезинфицирующее на основе амония,15761045-1 Государственные закупки (товары для потребностей центра),Государственные закупки (товары для потребностей центра),3,49 600 000.00,Открытый конкурс,Закупка состоялась
74806607-ОК1,202014.300.000004,Средство дезинфицирующее на основе амония,13740470-1 Средство дезинфицирующее на 2025 год,Средство дезинфицирующее,415,15 266 190.00,Открытый конкурс,Закупка состоялась
38845950-ОЛ-ОК1,202014.900.000004,"Средство дезинфицирующее 55% перкарбонат натрия, 1,5% алкилдемитилбензиламмоний хлорид",15761045-1 Государственные закупки (товары для потребностей центра),Государственные закупки (товары для потребностей центра),3,49 600 000.00,Открытый конкурс,Закупка состоялась
75042436-ОК3,202014.900.000004,"Средство дезинфицирующее 55% перкарбонат натрия, 1,5% алкилдемитилбензиламмоний хлорид",14681955-1 ПОВТОРНО: Дезинфицирующие средства,Средство дезинфицирующее,1980,20 790 000.00,Открытый конкурс,Закупка состоялась
75079952-ОК2,202014.900.000010,Средство дезинфицирующее на основе натриевой соли дихлоризоциануровой кислот,15753656-1 Повторные Государственные закупки (потребность центра),Средство дезинфицирующее,3000,29 700 000.00,Открытый конкурс,Закупка состоялась
80375289-ЗЦП1,202014.900.000010,Средство дезинфицирующее на основе натриевой соли дихлоризоциануровой кислот,15427097-1 Приобретение изделий медицинского назначения,Средство дезинфицирующее,8000,24 800 000.00,Запрос ценовых предложений,Закупка состоялась
74794714-ОК3,202014.900.000010,Средство дезинфицирующее на основе натриевой соли дихлоризоциануровой кислот,14361117-1 Средство дезинфицирующее на 2025 год,Средство дезинфицирующее,5821,31 491 610.00,Открытый конкурс,Закупка состоялась
36046795-ОЛ-ОК1,202014.900.000013,Средство дезинфицирующее на основе полихлоросульфат алюминия,14539168-1 Приобретение дезинфицирующих средств,Приобретение дезинфицирующих средств,10,171 656 337.00,Открытый конкурс,Закупка состоялась
74088037-АУК9,202014.900.000014,Средство дезинфицирующее на основе соединений альдегидов и четвертично аммониевых соединений,15475390-1 Государственный закуп дезинфицирующих средств,Средство дезинфицирующее,20000,24 000 000.00,Аукцион,Закупка состоялась
75041799-ОК1,202014.900.000014,Средство дезинфицирующее на основе соединений альдегидов и четвертично аммониевых соединений,14363177-1 Закуп товара: Дезинфицирующие средства,Средство дезинфицирующее,7584,45 504 000.00,Открытый конкурс,Закупка состоялась
77499770-ОИ2,202014.900.000014,Средство дезинфицирующее на основе соединений альдегидов и четвертично аммониевых соединений,14152374-1 Приобретение дезинфицирующее средство,Средство дезинфицирующее,11030,28 049 290.00,Из одного источника по несостоявшимся закупкам,Закупка состоялась
38587550-ОЛ-ОК1,202014.900.000016,Средство дезинфицирующее на спиртовой основе,15636978-1 Государственные закупки товаров для потребностей центра,Государственные закупки товаров для потребностей центра,2,23 600 000.00,Открытый конкурс,Закупка состоялась
74257968-АУК2,202014.900.000016,Средство дезинфицирующее на спиртовой основе,14749837-1 Закуп дезинфицирующего средства (Антисептик),Средство дезинфицирующее,4000,22 500 000.00,Аукцион,Закупка состоялась
78978305-ОК1,202014.900.000016,Средство дезинфицирующее на спиртовой основе,14708647-1 Приобретение дезинфицирующих средств,Средство дезинфицирующее,4150,17 970 994.00,Открытый конкурс,Закупка состоялась
36046795-ОЛ-ОК1,202014.900.000016,Средство дезинфицирующее на спиртовой основе,14539168-1 Приобретение дезинфицирующих средств,Приобретение дезинфицирующих средств,10,171 656 337.00,Открытый конкурс,Закупка состоялась
78479194-ЗЦП1,202014.900.000016,Средство дезинфицирующее на спиртовой основе,14449855-1 Закуп Средство дезинфицирующее,Средство дезинфицирующее,3000,16 500 000.00,Запрос ценовых предложений,Закупка состоялась
73636619-ОК1,202014.900.000016,Средство дезинфицирующее на спиртовой основе,14152584-2 Закуп дезинфицирующих средств,Средство дезинфицирующее,2044,28 227 272.08,Открытый конкурс,Закупка состоялась
77500105-ЗЦП1,202014.900.000016,Средство дезинфицирующее на спиртовой основе,14114708-1 Приобретение дезинфицирующее средство,Средство дезинфицирующее,12839,28 091 732.00,Запрос ценовых предложений,Закупка состоялась
75042095-ОК1,202014.900.000016,Средство дезинфицирующее на спиртовой основе,13977801-1 Закуп товара: Дезинфицирующие средства,Средство дезинфицирующее,836,22 655 600.00,Открытый конкурс,Закупка состоялась
74799134-ОК1,202014.900.000016,Средство дезинфицирующее на спиртовой основе,13740470-1 Средство дезинфицирующее на 2025 год,Средство дезинфицирующее,6862,29 712 460.00,Открытый конкурс,Закупка состоялась
73651275-ОК2,202014.900.000020,Средство дезинфицирующее на основе перекиси водорода,14639801-1 Закуп дезинфицирующих средств,Средство дезинфицирующее,2298,42 369 375.00,Открытый конкурс,Закупка состоялась
73658604-ОК1,202014.900.000021,Средство дезинфицирующее на основе гликолевой кислоты,"14029650-1 Средства дезинфицирующие, строго по технической спецификации.",Средство дезинфицирующее,1082,26 566 962.74,Открытый конкурс,Закупка состоялась
74616076-ОК1,202014.900.000021,Средство дезинфицирующее на основе гликолевой кислоты,13740470-1 Средство дезинфицирующее на 2025 год,Средство дезинфицирующее,1429,35 087 666.00,Открытый конкурс,Закупка состоялась
80387099-ОИ2,202014.900.000022,Средство дезинфицирующее на основе хлорита натрия образующий газ диоксида хлора,15455418-1 Приобретение лекарственных средств и прочих изделий медицинского назначения,Средство дезинфицирующее,5575,15 430 819.50,Из одного источника по несостоявшимся закупкам,Закупка состоялась
77825645-ОК2,203012.500.000001,Лак акриловый,15490560-1 Приобретение автомобильной краски,Лак,2000,22 000 000.00,Открытый конкурс,Закупка состоялась
37466293-ОЛ-ЗЦП1,203011.500.000000,Лак полиакриловой,15126008-1 Закуп кузовных материалов,Закуп кузовных материалов,4,21 053 450.00,Запрос ценовых предложений,Закупка состоялась
79527107-ЗЦП1,203011.900.000001,Краска водно-дисперсионная,15034445-1 Приобретение товаров согласно ТС,Краска,450,15 255 000.00,Запрос ценовых предложений,Закупка состоялась
37016524-ОЛ-ЗЦП1,203011.900.000007,Краска кремнийорганическая,14926417-1 согласно тех специфике,согласно тех специфике,8,29 848 450.00,Запрос ценовых предложений,Закупка состоялась
78013412-ОИ2,203022.100.000000,Краска алкидная,14335875-1 Приобретение товара согласно технической спецификации,Краска,16000,19 200 000.00,Из одного источника по несостоявшимся закупкам,Закупка состоялась
33575556-ОЛ-ЗЦП1,203022.100.000000,Краска алкидная,13503363-1 Закупка лакокрасочных изделий,Закупка лакокрасочных изделий,3,23 169 595.00,Запрос ценовых предложений,Закупка состоялась
79081178-ОИ2,203022.100.000001,Краска масляная,14879637-1 Обьявление государственных закупок,Краска,18110,25 354 000.00,Из одного источника по несостоявшимся закупкам,Закупка состоялась
77014194-ОК1,203022.100.000006,Краска акрилатная,14176640-1 Государственные закупки способом конкурса краски для нужд ВС РК на 2025 год,Краска,13020,36 270 334.80,Открытый конкурс,Закупка состоялась
34661410-ОЛ-ЗЦП1,204131.900.000000,"Мыло туалетное, жидкое",14007908-1 приобретение хоз товаров,приобретение хоз товаров,5,15 351 135.00,Запрос ценовых предложений,Закупка состоялась
34661410-ОЛ-ЗЦП1,204131.900.000001,"Мыло туалетное, твердое",14007908-1 приобретение хоз товаров,приобретение хоз товаров,5,15 351 135.00,Запрос ценовых предложений,Закупка состоялась
38845950-ОЛ-ОК1,202014.900.000001,"Мыло медицинское, антисептическое, жидкое",15761045-1 Государственные закупки (товары для потребностей центра),Государственные закупки (товары для потребностей центра),3,49 600 000.00,Открытый конкурс,Закупка состоялась
74257969-АУК1,202014.900.000001,"Мыло медицинское, антисептическое, жидкое",14618603-1 Закуп дезинфицирующего средства (Мыло),Мыло,4000,16 080 000.00,Аукцион,Закупка состоялась
36046795-ОЛ-ОК1,202014.900.000001,"Мыло медицинское, антисептическое, жидкое",14539168-1 Приобретение дезинфицирующих средств,Приобретение дезинфицирующих средств,10,171 656 337.00,Открытый конкурс,Закупка состоялась
78479280-ЗЦП1,202014.900.000001,"Мыло медицинское, антисептическое, жидкое",14449855-1 Закуп Средство дезинфицирующее,Мыло,3200,17 600 000.00,Запрос ценовых предложений,Закупка состоялась
72763923-ОК4,202014.900.000001,"Мыло медицинское, антисептическое, жидкое",14388107-1 дезинфицирующие средства на 2025 год,Мыло,6000,16 800 000.00,Открытый конкурс,Закупка состоялась
34661410-ОЛ-ЗЦП1,204131.950.000000,"Мыло хозяйственное, твердое",14007908-1 приобретение хоз товаров,приобретение хоз товаров,5,15 351 135.00,Запрос ценовых предложений,Закупка состоялась
72251117-ЗЦП3,204132.750.000000,"Средство моющее для мытья стекол и зеркальных поверхностей, жидкость",15392787-1 Закуп товаров для АХО,Средство моющее,980,22 050 000.00,Запрос ценовых предложений,Закупка состоялась
33743386-ОЛ-ЗЦП1,204132.750.000000,"Средство моющее для мытья стекол и зеркальных поверхностей, жидкость",13592114-1 Закуп моющих товаров по списку,Закуп моющих товаров по списку,6,15 605 542.96,Запрос ценовых предложений,Закупка состоялась
33743386-ОЛ-ЗЦП1,204132.570.000000,"Средство моющее для мытья посуды, гель",13592114-1 Закуп моющих товаров по списку,Закуп моющих товаров по списку,6,15 605 542.96,Запрос ценовых предложений,Закупка состоялась
33743386-ОЛ-ЗЦП1,204132.590.000006,"Средство моющее для чистки ванн и раковин, порошок",13592114-1 Закуп моющих товаров по списку,Закуп моющих товаров по списку,6,15 605 542.96,Запрос ценовых предложений,Закупка состоялась
74923783-ОК2,204132.590.000017,"Средство моющее для изделий медицинского назначения, жидкость",15391806-1 Приобретение дезинфицирующих средств,Средство моющее,246,15 727 764.00,Открытый конкурс,Закупка состоялась
36046795-ОЛ-ОК1,204132.590.000021,"Средство моющее для проведения химических очисток различного оборудования, жидкость",14539168-1 Приобретение дезинфицирующих средств,Приобретение дезинфицирующих средств,10,171 656 337.00,Открытый конкурс,Закупка состоялась
36046795-ОЛ-ОК1,204132.590.000022,"Средство моющее для удаления окисных, известковых, карбонатных отложений с поверхностей, жидкость",14539168-1 Приобретение дезинфицирующих средств,Приобретение дезинфицирующих средств,10,171 656 337.00,Открытый конкурс,Закупка состоялась
72646317-ОК5,204132.590.000022,"Средство моющее для удаления окисных, известковых, карбонатных отложений с поверхностей, жидкость","14485829-1 Повторное приобретение декарбона для АО ""Астана-Энергия""",Средство моющее,36.8,39 659 544.00,Открытый конкурс,Закупка состоялась
35127904-ОЛ-ОК2,222121.530.010063,"Труба для водоснабжения полиэтиленовая, диаметр 10-50 мм",14427326-1 закуп полиэтиленовых труб,закуп полиэтиленовых труб,8,16 504 225.92,Открытый конкурс,Закупка состоялась
74379007-ОК1,222121.530.010066,"Труба для водоснабжения полиэтиленовая, диаметр 151-200 мм",15469410-1 Труба полиэтиленовая для водоснабжения,Труба для водоснабжения,4040,17 505 320.00,Открытый конкурс,Закупка состоялась
78611045-ОК1,222121.530.010066,"Труба для водоснабжения полиэтиленовая, диаметр 151-200 мм",15005295-2 Труба полиэтиленовая диаметр 200,Труба для водоснабжения,6250,53 031 250.00,Открытый конкурс,Закупка состоялась
73378339-ОК1,222121.530.010066,"Труба для водоснабжения полиэтиленовая, диаметр 151-200 мм",14752037-1 Трубы (по лотам),Труба для водоснабжения,4000,15 012 000.00,Открытый конкурс,Закупка состоялась
35127904-ОЛ-ОК2,222121.530.010066,"Труба для водоснабжения полиэтиленовая, диаметр 151-200 мм",14427326-1 закуп полиэтиленовых труб,закуп полиэтиленовых труб,8,16 504 225.92,Открытый конкурс,Закупка состоялась
34614565-ОЛ-ОК1,222121.530.010066,"Труба для водоснабжения полиэтиленовая, диаметр 151-200 мм",13989210-2 Модуль резьбовой СКСиП,Модуль резьбовой СКСиП,3,106 773 200.00,Открытый конкурс,Закупка состоялась
73343166-ОК2,222121.530.010066,"Труба для водоснабжения полиэтиленовая, диаметр 151-200 мм",13955602-1 Закуп полиэтиленовых труб,Труба для водоснабжения,4813,18 063 189.00,Открытый конкурс,Закупка состоялась
73779319-ОК1,222121.530.010066,"Труба для водоснабжения полиэтиленовая, диаметр 151-200 мм","13705211-2 закуп полиэтиленовых труб ПТС, СКСиП",Труба для водоснабжения,9156,39 316 596.48,Открытый конкурс,Закупка состоялась
35127904-ОЛ-ОК2,222121.530.010067,"Труба для водоснабжения полиэтиленовая, диаметр 201-250 мм",14427326-1 закуп полиэтиленовых труб,закуп полиэтиленовых труб,8,16 504 225.92,Открытый конкурс,Закупка состоялась
73343366-ОК2,222121.530.010067,"Труба для водоснабжения полиэтиленовая, диаметр 201-250 мм",13955602-1 Закуп полиэтиленовых труб,Труба для водоснабжения,5280,39 277 920.00,Открытый конкурс,Закупка состоялась
73375346-ОИ2,222121.530.010067,"Труба для водоснабжения полиэтиленовая, диаметр 201-250 мм",13836694-1 Труба ПЭ 100 SDR-17 д-225мм,Труба для водоснабжения,2000,15 644 000.00,Из одного источника по несостоявшимся закупкам,Закупка состоялась
79454810-ОК1,222121.530.010069,"Труба для водоснабжения полиэтиленовая, диаметр 301-350 мм","15139325-1 Труба ПЭ 100, d 315 мм SDR-17",Труба для водоснабжения,4308,71 361 158.40,Открытый конкурс,Закупка состоялась
78677345-ОК1,222121.530.010069,"Труба для водоснабжения полиэтиленовая, диаметр 301-350 мм","15052108-1 Труба ПЭ 100, d 315 мм SDR-17 для СКСиП",Труба для водоснабжения,1104,18 287 539.20,Открытый конкурс,Закупка состоялась
73375345-ЗЦП1,222121.530.010069,"Труба для водоснабжения полиэтиленовая, диаметр 301-350 мм",13993923-1 Труба ПЭ 100 SDR-17 д-315мм,Труба для водоснабжения,2000,30 450 000.00,Запрос ценовых предложений,Закупка состоялась
73343414-ОК2,222121.530.010069,"Труба для водоснабжения полиэтиленовая, диаметр 301-350 мм",13955602-1 Закуп полиэтиленовых труб,Труба для водоснабжения,2090,30 261 110.00,Открытый конкурс,Закупка состоялась
73779355-ОК1,222121.530.010069,"Труба для водоснабжения полиэтиленовая, диаметр 301-350 мм","13705211-2 закуп полиэтиленовых труб ПТС, СКСиП",Труба для водоснабжения,1104,18 287 539.20,Открытый конкурс,Закупка состоялась
37219509-ОЛ-ОК1,222211.300.000000,"Пакет мусорный, полиэтиленовый",15015005-2 Закуп хозяйственных товаров,Хозяйственные товары,69,19 701 837.00,Открытый конкурс,Закупка состоялась
80243863-ЗЦП2,222212.900.000003,"Мешок для хранения, транспортировки сыпучих грузов, полипропиленовый",15471157-1 Строительные мешки для мусора,Мешок,400000,20 000 000.00,Запрос ценовых предложений,Закупка состоялась
75717828-ОК2,222213.000.000012,"Евроконтейнер мусорный, пластиковый",14418381-1 Приобретение пластиковых евроконтейнеров,Евроконтейнер,1228,98 886 898.12,Открытый конкурс,Закупка состоялась
78069770-ОК2,222213.000.000015,"Контейнер мусорный, пластиковый",14651259-1 приобретение мусорный контейнер,Контейнер,1000,71 428 570.00,Открытый конкурс,Закупка состоялась
78073385-ЗЦП2,222213.000.000015,"Контейнер мусорный, пластиковый",14388266-1 контейнер промышленный (согласно технической спецификации),Контейнер,270,28 084 822.20,Запрос ценовых предложений,Закупка состоялась
78365944-ОК1,222929.900.000235,"Контейнер для сбора и утилизации медицинских отходов, пластиковый",14412510-1 Емкость контейнер для острого инструментария 10 литров,Контейнер,21500,16 770 000.00,Открытый конкурс,Закупка состоялась
76827664-ЗЦП2,222929.900.000235,"Контейнер для сбора и утилизации медицинских отходов, пластиковый",13965510-1 Приобретение товаров для ГКП на ПХВ,Контейнер,32000,20 032 000.00,Запрос ценовых предложений,Закупка состоялась
33530003-ОЛ-ОК2,222929.900.000235,"Контейнер для сбора и утилизации медицинских отходов, пластиковый","13558146-1 Контейнеры для сбора, хранения и утилизации медицинских отходов на 2025 год","Контейнеры для сбора, хранения и утилизации медицинских отходов на 2025 год",2,45 519 840.00,Открытый конкурс,Закупка состоялась
73590871-ОИ2,222929.900.000235,"Контейнер для сбора и утилизации медицинских отходов, пластиковый",13511935-1 Приобретение контейнер для сбора и утилизации медицинских отходов,Контейнер,24310,18 232 500.00,Из одного источника по несостоявшимся закупкам,Закупка состоялась
79552350-ЗЦП2,241051.900.000004,"Профиль стальной листовой для настила перекрытий, высота 20-40 мм",15063440-1 согласно тех спец,Профиль стальной,1436,28 720 000.00,Запрос ценовых предложений,Закупка состоялась
34787700-ОЛ-ЗЦП1,241071.000.000037,"Уголок стальной, равнополочный, горячекатаный, ширина 50 мм","14056350-1 Приобретение строительных товаров.Внимание! Базис поставки: г.Приозерск, ул. Транспортная 1 База Балхашской РЧ, выгрузка и разгрузка товара за счет поставщика.","Приобретение строительных товаров Базис поставки: г.Приозерск, ул. Транспортная 1 База Балхашской РЭЧ, выгрузка и разгрузка сборка товара за счет поставщика./",4,16 955 343.10,Запрос ценовых предложений,Закупка состоялась
78118338-ОК2,242013.900.010109,"Труба общего назначения стальная, диаметр 51-100 мм","14718900-1 Трубы стальные диаметр 108, 76, 89",Труба общего назначения,24.34,24 438 881.25,Открытый конкурс,Закупка состоялась
34787700-ОЛ-ЗЦП1,242013.900.010109,"Труба общего назначения стальная, диаметр 51-100 мм","14056350-1 Приобретение строительных товаров.Внимание! Базис поставки: г.Приозерск, ул. Транспортная 1 База Балхашской РЧ, выгрузка и разгрузка товара за счет поставщика.","Приобретение строительных товаров Базис поставки: г.Приозерск, ул. Транспортная 1 База Балхашской РЭЧ, выгрузка и разгрузка сборка товара за счет поставщика./",4,16 955 343.10,Запрос ценовых предложений,Закупка состоялась
78421102-ЗЦП2,241051.900.000000,"Профиль стальной листовой для настила перекрытий, высота 41-100 мм",15621846-1 Повторные государственные закупки строительных материалов 1 (Дронцентр/ДПО),Профиль стальной,2000,18 000 000.00,Запрос ценовых предложений,Закупка состоялась
73382382-ОИ3,241051.900.000000,"Профиль стальной листовой для настила перекрытий, высота 41-100 мм",14678446-1 Профлист с полимерным покрытием,Профиль стальной,6711.18,31 797 570.84,Из одного источника по несостоявшимся закупкам,Закупка состоялась
73382382-ЗЦП4,241051.900.000000,"Профиль стальной листовой для настила перекрытий, высота 41-100 мм",14045643-1 Профлист с полимерным покрытием,Профиль стальной,6711.18,27 650 061.60,Запрос ценовых предложений,Закупка состоялась
37016524-ОЛ-ЗЦП1,241051.900.000001,"Профиль стальной листовой для настила перекрытий, высота 101-160 мм",14926417-1 согласно тех специфике,согласно тех специфике,8,29 848 450.00,Запрос ценовых предложений,Закупка состоялась
78221053-ЗЦП2,241051.900.000001,"Профиль стальной листовой для настила перекрытий, высота 101-160 мм",14514174-1 Приобретение строительных материалов (Профилированные листы),Профиль стальной,830,17 415 176.20,Запрос ценовых предложений,Закупка состоялась
81173772-ЗЦП2,241051.900.000002,"Профиль стальной листовой для стенового ограждения, высота 8-35 мм","15772995-1 Запасные части (валик,профнастил и.т.д)",Профиль стальной,8303,21 165 260.33,Запрос ценовых предложений,Закупка состоялась
37016524-ОЛ-ЗЦП1,241051.900.000002,"Профиль стальной листовой для стенового ограждения, высота 8-35 мм",14926417-1 согласно тех специфике,согласно тех специфике,8,29 848 450.00,Запрос ценовых предложений,Закупка состоялась
77662995-ЗЦП2,251123.676.000001,Сталь арматурная класс арматурной стали А-I (А240),14099962-1 Необходимые товары для канала Капшагай(ПТО.113.Капшагай),Сталь арматурная,47.54,16 939 357.72,Запрос ценовых предложений,Закупка состоялась
76653355-ОК2,251123.676.000003,Сталь арматурная класс арматурной стали А-III (A400),14837385-1 Необходимые материалы(ПТО.113.Ақарық),Сталь арматурная,73.11,25 573 439.34,Открытый конкурс,Закупка состоялась
79662845-ЗЦП2,241031.900.000019,"Лист стальной марка Ст.08кп, толщина 0,40-12 мм, горячекатаный","15110566-1 прокат листовой оцинкованный углеродистый ГОСТ 14918-80 толщиной 1,2 мм, шириной не менее 595 мм",Лист стальной,33,19 446 428.76,Запрос ценовых предложений,Закупка состоялась
74944443-ОК2,241075.100.000001,"Рельса железнодорожная, тип Р65",14462509-1 Приобретение Рельс для АО «Трамвайное управление города Павлодара» имени Д.Д. Махмудова»,Рельса,26.9,43 434 892.00,Открытый конкурс,Закупка состоялась
76267264-ОК3,233110.700.000017,"Плитка для внутренней облицовки стен керамическая, прямоугольная с завалом одной грани, глазурованная",14677237-1 Приобретение строительных материалов,Плитка для внутренней облицовки стен,2000.4,28 041 327.14,Открытый конкурс,Закупка состоялась
75037425-ЗЦП2,233110.790.000017,Плитка керамогранитная напольная,15794272-1 Приобретение строительных материалов,Плитка керамогранитная,2500,18 000 000.00,Запрос ценовых предложений,Закупка состоялась
79745761-ЗЦП2,233110.790.000017,Плитка керамогранитная напольная,15582890-1 ИДД ұшын құрылыс материалдар,Плитка керамогранитная,2300,23 000 000.00,Запрос ценовых предложений,Закупка состоялась
37016524-ОЛ-ЗЦП1,233110.790.000017,Плитка керамогранитная напольная,14926417-1 согласно тех специфике,согласно тех специфике,8,29 848 450.00,Запрос ценовых предложений,Закупка состоялась
37016524-ОЛ-ЗЦП1,236111.500.000129,"Плита перекрытия железобетонная, марка ПЖК",14926417-1 согласно тех специфике,согласно тех специфике,8,29 848 450.00,Запрос ценовых предложений,Закупка состоялась
80683806-ОК1,236112.000.000065,"Труба общего назначения железобетонная, безнапорная","15635015-1 Труба безнапорная цилиндрическая раструбная типа ТС ГОСТ 6482-2011 DN/ID 1400, 3,4,5 группы по несущей способности (тариф, ПТО)",Труба общего назначения,92.5,35 039 945.35,Открытый конкурс,Закупка состоялась
38918002-ОЛ-ОИ2,236112.000.000066,"Труба общего назначения железобетонная, напорная","15809500-1 Прямоугольная ж/б труба (Реконструкция Жанибекского магистрального канала Западно-Казахстанской области РК по объектной смете №2-01 Магистральный канал ПК 0+00 по ПК 762+67,45 с гидротехническими сооружениями)",Прямоугольная ж/б труба серии 3.820-14,2,46 414 337.68,Из одного источника по несостоявшимся закупкам,Закупка состоялась
38918002-ОЛ-ОИ2,236112.000.000070,"Труба общего назначения железобетонная, водопропускная","15809500-1 Прямоугольная ж/б труба (Реконструкция Жанибекского магистрального канала Западно-Казахстанской области РК по объектной смете №2-01 Магистральный канал ПК 0+00 по ПК 762+67,45 с гидротехническими сооружениями)",Прямоугольная ж/б труба серии 3.820-14,2,46 414 337.68,Из одного источника по несостоявшимся закупкам,Закупка состоялась
36354275-ОЛ-ОК1,236112.000.000084,"Кольцо железобетонное, марка КС",14655668-1 Закуп железобетонных изделий СКСиП,Закуп железобетонных изделий СКСиП,7,33 630 886.00,Открытый конкурс,Закупка состоялась
36354275-ОЛ-ОК1,236112.000.000085,"Кольцо железобетонное, марка КО",14655668-1 Закуп железобетонных изделий СКСиП,Закуп железобетонных изделий СКСиП,7,33 630 886.00,Открытый конкурс,Закупка состоялась
71928040-ЗЦП2,237012.100.000000,Брусчатка из природного камня,13780884-1 Приобретение бруссчаток для Общества,Брусчатка,5000,30 000 000.00,Запрос ценовых предложений,Закупка состоялась
76980843-ОК3,239912.530.000008,Материал битумно-полимерный марка ТКП,"15446508-1 (Повторно) Приобретение материал битумно-полимерный для ТОО ""Мангистауский атомный энергетический комбинат""",Материал битумно-полимерный,9200,19 044 000.00,Открытый конкурс,Закупка состоялась
71937651-ОК2,239912.530.000008,Материал битумно-полимерный марка ТКП,14684274-1 Приобретение битумно полимерного материала,Материал битумно-полимерный,8000,40 000 000.00,Открытый конкурс,Закупка состоялась
35127904-ОЛ-ОК2,222121.530.010064,"Труба для водоснабжения полиэтиленовая, диаметр 51-100 мм",14427326-1 закуп полиэтиленовых труб,закуп полиэтиленовых труб,8,16 504 225.92,Открытый конкурс,Закупка состоялась
78628034-ЗЦП1,222121.530.010068,"Труба для водоснабжения полиэтиленовая, диаметр 251-300 мм",14525208-1 Товары для службы по эксплуатации очистных сооружении,Труба для водоснабжения,1000,15 361 000.00,Запрос ценовых предложений,Закупка состоялась
76836669-ОК1,222121.530.010068,"Труба для водоснабжения полиэтиленовая, диаметр 251-300 мм",14386538-1 Приобретение полиэтиленовых труб,Труба для водоснабжения,2000,18 600 000.00,Открытый конкурс,Закупка состоялась
79214204-ОИ2,222121.530.010070,"Труба для водоснабжения полиэтиленовая, диаметр 351-400 мм","15071775-1 Труба полиэтиленовая, наружний диаметр 400 мм, толщина стенки 23,7 мм",Труба для водоснабжения,800,26 880 000.00,Из одного источника по несостоявшимся закупкам,Закупка состоялась
73343463-ОК1,222121.530.010070,"Труба для водоснабжения полиэтиленовая, диаметр 351-400 мм",14193491-1 Трубы (по лотам),Труба для водоснабжения,790,18 407 000.00,Открытый конкурс,Закупка состоялась
74687714-ОК2,222121.530.010070,"Труба для водоснабжения полиэтиленовая, диаметр 351-400 мм",14167510-1 Приобретение полиэтиленовых труб,Труба для водоснабжения,1180,54 280 000.00,Открытый конкурс,Закупка состоялась
73386448-ОК2,222121.530.010070,"Труба для водоснабжения полиэтиленовая, диаметр 351-400 мм",13955602-1 Закуп полиэтиленовых труб,Труба для водоснабжения,1110,25 863 000.00,Открытый конкурс,Закупка состоялась
78875755-ОК2,222121.530.010071,"Труба для водоснабжения полиэтиленовая, диаметр 401-450 мм",14914566-1 Трубы полиэтиленовые для СКСиП,Труба для водоснабжения,1008,34 066 368.00,Открытый конкурс,Закупка состоялась
35127904-ОЛ-ОК2,222121.530.010071,"Труба для водоснабжения полиэтиленовая, диаметр 401-450 мм",14427326-1 закуп полиэтиленовых труб,закуп полиэтиленовых труб,8,16 504 225.92,Открытый конкурс,Закупка состоялась
81110490-ОК1,222121.530.010072,"Труба для водоснабжения полиэтиленовая, диаметр 451-500 мм",15757554-1 Труба полиэтиленовая для водоснабжения,Труба для водоснабжения,1602,53 798 364.00,Открытый конкурс,Закупка состоялась
80491402-ОК1,222121.530.010072,"Труба для водоснабжения полиэтиленовая, диаметр 451-500 мм",15555235-1 Государственные закупки для КГП «Атырау облысы Су Арнасы» государственного учреждения «Управление энергетики и жилищно-коммунального хозяйства Атырауской области»,Труба для водоснабжения,1000,36 428 570.00,Открытый конкурс,Закупка состоялась
79671516-ЗЦП1,222121.530.010072,"Труба для водоснабжения полиэтиленовая, диаметр 451-500 мм",15070790-1 Материалы для авариного сброса ТОО Балхаш СУ 87713534282,Труба для водоснабжения,330,21 450 000.00,Запрос ценовых предложений,Закупка состоялась
73990748-ОК1,222121.530.010072,"Труба для водоснабжения полиэтиленовая, диаметр 451-500 мм",14863255-1 Труба полиэтиленовая для водоснабжения,Труба для водоснабжения,1440,76 711 680.00,Открытый конкурс,Закупка состоялась
73340555-ОК1,222121.530.010072,"Труба для водоснабжения полиэтиленовая, диаметр 451-500 мм",14859340-1 Приобретение труба полиэтилен d 500 мм,Труба для водоснабжения,320,17 088 000.00,Открытый конкурс,Закупка состоялась
73989512-ОК1,222121.530.010072,"Труба для водоснабжения полиэтиленовая, диаметр 451-500 мм",14474161-1 Труба полиэтиленовая для водоснабжения,Труба для водоснабжения,1440,76 711 680.00,Открытый конкурс,Закупка состоялась
73992338-ОК1,222121.530.010072,"Труба для водоснабжения полиэтиленовая, диаметр 451-500 мм",14443825-1 Труба полиэтиленовая для водоснабжения,Труба для водоснабжения,1440,76 711 680.00,Открытый конкурс,Закупка состоялась
76836813-ОК1,222121.530.010072,"Труба для водоснабжения полиэтиленовая, диаметр 451-500 мм",13784273-1 Трубы полиэтиленовые 100 SDR 17,Труба для водоснабжения,888,35 910 720.00,Открытый конкурс,Закупка состоялась
79673848-ОК1,222121.530.010074,"Труба для водоснабжения полиэтиленовая, диаметр 551-600 мм",15137186-1 Государственные закупки согласно конкурсной документации/,Труба для водоснабжения,1800,128 635 722.00,Открытый конкурс,Закупка состоялась
78136875-ЗЦП2,222121.530.010074,"Труба для водоснабжения полиэтиленовая, диаметр 551-600 мм",14336466-1 Приобретение товара труба для водоснабжения,Труба для водоснабжения,620,31 000 000.00,Запрос ценовых предложений,Закупка состоялась
80125217-ЗЦП1,222121.530.010075,"Труба для водоснабжения полиэтиленовая, диаметр 601-650 мм","15462402-1 Труба пэ 100 SDR 17 630*37,4 пит",Труба для водоснабжения,480,30 804 000.00,Запрос ценовых предложений,Закупка состоялась
35127904-ОЛ-ОК2,222121.530.010075,"Труба для водоснабжения полиэтиленовая, диаметр 601-650 мм",14427326-1 закуп полиэтиленовых труб,закуп полиэтиленовых труб,8,16 504 225.92,Открытый конкурс,Закупка состоялась
76837048-ОК1,222121.530.010075,"Труба для водоснабжения полиэтиленовая, диаметр 601-650 мм",13784273-1 Трубы полиэтиленовые 100 SDR 17,Труба для водоснабжения,1740,111 664 500.00,Открытый конкурс,Закупка состоялась
80444220-ЗЦП1,222121.530.010078,"Труба для водоснабжения полиэтиленовая, диаметр 751-800 мм","15462601-1 Труба пэ 100 SDR 17 800*47,4 пит",Труба для водоснабжения,312,31 269 888.00,Запрос ценовых предложений,Закупка состоялась
79228338-ОК1,222121.530.010078,"Труба для водоснабжения полиэтиленовая, диаметр 751-800 мм","15366976-1 Труба полиэтиленовая, наружный диаметр 800 мм",Труба для водоснабжения,684,91 929 600.00,Открытый конкурс,Закупка состоялась
76837140-ОК2,222121.530.010078,"Труба для водоснабжения полиэтиленовая, диаметр 751-800 мм",14176230-1 Трубы полиэтиленовые 100 SDR 17,Труба для водоснабжения,1800,186 170 400.00,Открытый конкурс,Закупка состоялась
73273372-ОК1,222121.530.010078,"Труба для водоснабжения полиэтиленовая, диаметр 751-800 мм",13926744-1 Труба полиэтиленовая ДУ 800,Труба для водоснабжения,1600,136 230 400.00,Открытый конкурс,Закупка состоялась
38018060-ОЛ-ЗЦП1,143910.900.000012,Свитер,15375968-1 Приобретение мягкого инвентаря,Приобретение мягкого инвентаря,22,23 150 000.00,Запрос ценовых предложений,Закупка состоялась
81528470-ЗЦП1,262013.000.000012,Компьютер,15798315-1 Приобретение Моноблок в 2025 году (ВНИМАТЕЛЬНО ОЗНОКОМИТЬСЯ С ТЕХНИЧЕСКОЙ СПЕЦИФИКАЦИЕЙ),Компьютер,62,31 000 000.00,Запрос ценовых предложений,Закупка состоялась
74824948-АУК5,262013.000.000012,Компьютер,15510321-1 О проведении повторных государственных закупок профессиональных рабочих станций для нелинейного видеомонтажа в реальном времени способом аукциона,Компьютер,3,31 967 675.88,Аукцион,Закупка состоялась
79715977-ОК2,262013.000.000012,Компьютер,15436496-1 Государственные закупки для ГУ «Департамент полиции города Алматы Министерства внутренних дел Республики Казахстан» способом открытого конкурса,Компьютер,634,212 276 786.62,Открытый конкурс,Закупка состоялась
74183891-ОК1,262013.000.000012,Компьютер,15289073-2 Закуп товаров согласно технической спецификации,Компьютер,1,18 375 535.72,Открытый конкурс,Закупка состоялась
74480219-ОК2,262013.000.000012,Компьютер,15245995-2 Осуществление государственных закупок товаров (моноблок),Компьютер,50,31 250 000.00,Открытый конкурс,Закупка состоялась
78519935-ОК1,262013.000.000012,Компьютер,15080812-1 Приобретение основных средств,Компьютер,30,15 518 670.00,Открытый конкурс,Закупка состоялась
74532620-ОК1,262013.000.000012,Компьютер,14959775-1 Приобретение персональных компьютеров,Компьютер,95,39 187 500.00,Открытый конкурс,Закупка состоялась
77209216-ОК4,262013.000.000012,Компьютер,14731438-1 закуп моноблоков для университета,Компьютер,71,31 442 856.94,Открытый конкурс,Закупка состоялась
74919165-ОК2,262013.000.000012,Компьютер,14554747-1 моноблоки (Тип специализированный высокий),Компьютер,42,26 212 499.88,Открытый конкурс,Закупка состоялась
77796343-ЗЦП1,262013.000.000012,Компьютер,14214353-1 Покупка Компьютер в комплекте,Компьютер,50,18 303 600.00,Запрос ценовых предложений,Закупка состоялась
77268861-ОК1,262013.000.000012,Компьютер,13950372-2 Приобретение офисной техники: Монобок,Компьютер,15,16 500 000.00,Открытый конкурс,Закупка состоялась
71994525-КПКО1,262013.000.000012,Компьютер,13286189-2 Государственные закупки на приобретение персонального компьютера,Компьютер,45,22 500 000.00,Конкурс с предварительным квалификационным отбором,Закупка состоялась
73919788-ОК1,262011.100.000008,Бизнес-ноутбук,15435665-1 Государственные закупки для АО «Государственная техническая служба» способом открытого конкурса,Бизнес-ноутбук,182,121 871 750.00,Открытый конкурс,Закупка состоялась
36281190-ОЛ-ОИ2,141913.100.010003,Перчатки,14651540-1 Приобретение спецодежды и СИЗ для нужд производственных подразделений предприятия,Приобретение спецодежды и СИЗ для нужд производственных подразделений предприятия,17,17 459 620.00,Из одного источника по несостоявшимся закупкам,Закупка состоялась
36338477-ОЛ-ЗЦП1,152032.920.000073,Сапоги,"14649553-1 Валенки, боты, сандалии, тапочки, сапоги, галоши","Валенки, боты, сандалии, тапочки, сапоги, галоши",15,16 610 963.20,Запрос ценовых предложений,Закупка состоялась
38018060-ОЛ-ЗЦП1,152032.990.000007,Тапочки,15375968-1 Приобретение мягкого инвентаря,Приобретение мягкого инвентаря,22,23 150 000.00,Запрос ценовых предложений,Закупка состоялась
36281190-ОЛ-ОИ2,152032.990.000020,Валенки,14651540-1 Приобретение спецодежды и СИЗ для нужд производственных подразделений предприятия,Приобретение спецодежды и СИЗ для нужд производственных подразделений предприятия,17,17 459 620.00,Из одного источника по несостоявшимся закупкам,Закупка состоялась
76065654-ОИ2,221960.500.010002,Перчатки,"13791749-1 Перчатки диагностические нитриловые, нестерильные, неопудренные текстурированные,",Перчатки,385000,15 400 000.00,Из одного источника по несостоявшимся закупкам,Закупка состоялась
36281190-ОЛ-ОИ2,141211.290.000008,Костюм,14651540-1 Приобретение спецодежды и СИЗ для нужд производственных подразделений предприятия,Приобретение спецодежды и СИЗ для нужд производственных подразделений предприятия,17,17 459 620.00,Из одного источника по несостоявшимся закупкам,Закупка состоялась
78152329-ОК1,141211.290.000008,Костюм,14353142-1 Приобретение легкого защитного костюма для нужд ДП Актюбинской области.,Костюм,120,21 214 285.20,Открытый конкурс,Закупка состоялась
35345877-ОЛ-ОК1,141211.290.000012,Костюм,"14268261-1 Костюм, куртка (20 лот) для ТОО ""Мангистауский атомный энергетический комбинат""","Костюм, куртка (20 лот)",20,38 363 477.00,Открытый конкурс,Закупка состоялась
73591558-ЗЦП1,141211.290.000012,Костюм,"13536975-1 Ботинки, Костюм, Костюм",Костюм,1158,17 601 600.00,Запрос ценовых предложений,Закупка состоялась
37129869-ОЛ-ЗЦП1,141922.190.000008,Костюм,14976552-1 Приобретение форменного обмундирования для сотрудников ДП Алматинской области,Приобретение форменного обмундирования для сотрудников ДП Алматинской области,18,78 530 020.38,Запрос ценовых предложений,Закупка состоялась
36763803-ОЛ-ЗЦП1,141922.190.000008,Костюм,"14819515-1 Приобретение форменного обмундирования (Костюм демисезонный для несения службы (для наружных служб), Костюм утепленный для несения службы (для наружных служб))","Приобретение форменного обмундирования (Костюм демисезонный для несения службы (для наружных служб), Костюм утепленный для несения службы (для наружных служб))/",2,15 679 642.50,Запрос ценовых предложений,Закупка состоялась
78558224-ОК1,141922.190.000008,Костюм,14563923-1 Приобретение форменного обмундирования по лотам,Костюм,355,15 060 047.85,Открытый конкурс,Закупка состоялась
77677786-ОК1,141922.190.000008,Костюм,14231278-1 Приобретение форменного обмундирования,Костюм,235,20 352 677.90,Открытый конкурс,Закупка состоялась
35093577-ОЛ-ЗЦП1,141922.190.000034,Китель,14171999-1 Приобретение форменного обмундирования,Приобретение форменного обмундирования,15,15 271 554.55,Запрос ценовых предложений,Закупка состоялась
77263285-ОИ2,141932.350.000009,Комбинезон,"13989402-1 Закуп товаров для энзоотических работ (комбинезон, перчатки, сапоги)",Комбинезон,15580,16 219 870.60,Из одного источника по несостоявшимся закупкам,Закупка состоялась
74910639-ОИ2,141932.350.000026,Костюм,15478389-1 Общевойсковой защитный комплект.,Костюм,970,24 250 000.00,Из одного источника по несостоявшимся закупкам,Закупка состоялась
79853658-ОК1,139221.300.000001,Мешок,15208683-1 Мешки посадочные для питомника,Мешок,20000,26 900 000.00,Открытый конкурс,Закупка состоялась
78305100-ЗЦП1,143910.900.000008,Пуловер,14357909-1 Приобретение форменного обмундирования для ДП Карагандинской области,Пуловер,835,21 299 948.20,Запрос ценовых предложений,Закупка состоялась
74020507-ОК1,143910.900.000008,Пуловер,14192128-1 приобретение форменного обмундирования,Пуловер,600,15 321 426.00,Открытый конкурс,Закупка состоялась
80259860-ОК1,329911.500.000007,Шлем,15600114-1 Приобретение защитного шлема для военнослужащих,Шлем,78,48 053 571.54,Открытый конкурс,Закупка состоялась
79341710-ОК1,329911.500.000007,Шлем,15069665-1 Приобретение армейских защитных шлемов (согл.тех.спец),Шлем,300,38 034 000.00,Открытый конкурс,Закупка состоялась
74927234-ОК1,329911.500.000007,Шлем,"14778484-1 Шлем защитный предназначен для защиты головы от осколков, стреловидных элементов и пуль стрелкового оружия.",Шлем,300,45 535 800.00,Открытый конкурс,Закупка состоялась
35442032-ОЛ-ЗЦП1,141212.410.000010,Брюки,14303829-1 Брюки утепленные с МВО пропиткой,Брюки утепленные с МВО пропиткой,2,20 295 000.00,Запрос ценовых предложений,Закупка состоялась
34018262-ОЛ-ЗЦП1,139211.300.000000,Одеяло,13732035-1 Приобретение постельных принадлежностей согласно технической характеристике,Приобретение постельных принадлежностей согласно технической характеристике,7,25 406 397.00,Запрос ценовых предложений,Закупка состоялась
73672204-ЗЦП1,139212.500.010003,Простыня,14588976-1 Закуп хозяйственных товаров,Простыня,1500,15 300 000.00,Запрос ценовых предложений,Закупка состоялась
34018262-ОЛ-ЗЦП1,139212.500.010003,Простыня,13732035-1 Приобретение постельных принадлежностей согласно технической характеристике,Приобретение постельных принадлежностей согласно технической характеристике,7,25 406 397.00,Запрос ценовых предложений,Закупка состоялась
75850821-ОК1,139213.500.000000,Полотенце,13754527-1 Төсек орындар жиынтығын сатып алу,Полотенце,20000,28 125 000.00,Открытый конкурс,Закупка состоялась
77810198-ОК1,139222.300.000000,Тент,14445230-1 Государственные закупки способом конкурса товаров военного имущества для нужд Вооруженных Сил Республики Казахстан на 2025 год,Тент,100,34 320 000.00,Открытый конкурс,Закупка состоялась
73701266-ЗЦП3,152012.300.000003,Ботинки,14619693-1 Повторные государственные закупки одежды для АСО согласно технической спецификации,Ботинки,134,15 477 000.00,Запрос ценовых предложений,Закупка состоялась
80371614-ЗЦП1,152032.900.000026,Ботинки,15418559-1 Ботинки с высокими берцами кожаные утепленные на шнурках.,Ботинки,1500,24 776 790.00,Запрос ценовых предложений,Закупка состоялась
36338477-ОЛ-ЗЦП1,152032.990.000037,Сапоги,"14649553-1 Валенки, боты, сандалии, тапочки, сапоги, галоши","Валенки, боты, сандалии, тапочки, сапоги, галоши",15,16 610 963.20,Запрос ценовых предложений,Закупка состоялась
35093577-ОЛ-ЗЦП1,141423.900.000002,Блузка,14171999-1 Приобретение форменного обмундирования,Приобретение форменного обмундирования,15,15 271 554.55,Запрос ценовых предложений,Закупка состоялась
77860394-ОК1,262040.000.000268,Блок системный,15734016-1 приобретение системных блоков,Блок системный,125,53 459 821.25,Открытый конкурс,Закупка состоялась
80124227-ОК1,262040.000.000268,Блок системный,15733945-1 приобретение системных блоков,Блок системный,125,53 459 821.25,Открытый конкурс,Закупка состоялась
80206079-АУК1,262040.000.000268,Блок системный,15428604-2 Об организации и проведении электронных государственных закупок блоков системных способом аукциона,Блок системный,50,47 122 200.00,Аукцион,Закупка состоялась
79167917-ЗЦП6,262040.000.000268,Блок системный,15414159-1 Приобретение системные блоки,Блок системный,77,23 044 999.67,Запрос ценовых предложений,Закупка состоялась
80159337-ОК1,262040.000.000268,Блок системный,15339725-2 Приобретение системного блока,Блок системный,168,37 499 952.00,Открытый конкурс,Закупка состоялась
74532155-ОК6,262040.000.000268,Блок системный,"14977629-1 Закуп ноутбуков, мониторов и системных блоков",Блок системный,45,19 935 000.00,Открытый конкурс,Закупка состоялась
78901330-ОК2,262040.000.000268,Блок системный,"14861046-1 Компьютерная техника для учебного процесса (168, 169, 170)",Блок системный,100,31 000 000.00,Открытый конкурс,Закупка состоялась
76773172-ОК1,262040.000.000268,Блок системный,14453687-2 Приобретение системных блоков для ЕУД,Блок системный,100,36 607 142.00,Открытый конкурс,Закупка состоялась
76772919-ОК1,262040.000.000268,Блок системный,14476760-2 Приобретение системных блоков,Блок системный,100,31 207 142.00,Открытый конкурс,Закупка состоялась
78006528-ЗЦП1,262040.000.000268,Блок системный,14280120-1 Блок системный - согласно технической спецификации,Блок системный,30,24 000 000.00,Запрос ценовых предложений,Закупка состоялась
71567750-ОК1,262040.000.000268,Блок системный,13807850-2 Системный блок для персонального компьютера,Блок системный,40,17 250 000.00,Открытый конкурс,Закупка состоялась
36338477-ОЛ-ЗЦП1,152032.990.000005,Тапочки,"14649553-1 Валенки, боты, сандалии, тапочки, сапоги, галоши","Валенки, боты, сандалии, тапочки, сапоги, галоши",15,16 610 963.20,Запрос ценовых предложений,Закупка состоялась
38662049-ОЛ-ОИ2,141211.290.000019,Костюм,15726445-1 Государственные закупки согласно технической спецификации,Государственные закупки согласно технической спецификации,6,20 824 000.00,Из одного источника по несостоявшимся закупкам,Закупка состоялась
37129869-ОЛ-ЗЦП1,141211.390.000006,Куртка,14976552-1 Приобретение форменного обмундирования для сотрудников ДП Алматинской области,Приобретение форменного обмундирования для сотрудников ДП Алматинской области,18,78 530 020.38,Запрос ценовых предложений,Закупка состоялась
36281190-ОЛ-ОИ2,141211.390.000006,Куртка,14651540-1 Приобретение спецодежды и СИЗ для нужд производственных подразделений предприятия,Приобретение спецодежды и СИЗ для нужд производственных подразделений предприятия,17,17 459 620.00,Из одного источника по несостоявшимся закупкам,Закупка состоялась
35345877-ОЛ-ОК1,141211.390.000006,Куртка,"14268261-1 Костюм, куртка (20 лот) для ТОО ""Мангистауский атомный энергетический комбинат""","Костюм, куртка (20 лот)",20,38 363 477.00,Открытый конкурс,Закупка состоялась
73701869-ОК1,141211.390.000006,Куртка,"13882604-1 Приобретение спец.одежды для ТОО ""Мангистауский атомный энергетический комбинат""",Куртка,1514,36 790 200.00,Открытый конкурс,Закупка состоялась
36281190-ОЛ-ОИ2,141923.710.010000,Рукавицы,14651540-1 Приобретение спецодежды и СИЗ для нужд производственных подразделений предприятия,Приобретение спецодежды и СИЗ для нужд производственных подразделений предприятия,17,17 459 620.00,Из одного источника по несостоявшимся закупкам,Закупка состоялась
74919159-ОИ4,141932.350.000003,Костюм,15364414-1 Закуп защитных костюмов,Костюм изолирующий,1262,25 240 000.00,Из одного источника по несостоявшимся закупкам,Закупка состоялась
74919159-ЗЦП2,141932.350.000003,Костюм,14764483-1 Приобретение Костюм изолирующий,Костюм изолирующий,1262,25 240 000.00,Запрос ценовых предложений,Закупка состоялась
36281190-ОЛ-ОИ2,141932.350.000003,Костюм,14651540-1 Приобретение спецодежды и СИЗ для нужд производственных подразделений предприятия,Приобретение спецодежды и СИЗ для нужд производственных подразделений предприятия,17,17 459 620.00,Из одного источника по несостоявшимся закупкам,Закупка состоялась
74169904-ОК2,152012.300.000008,Полуботинки,14391288-1 Государственные закупки форменного обмундирования для ДП города Астаны,Полуботинки,1000,22 321 420.00,Открытый конкурс,Закупка состоялась
36338477-ОЛ-ЗЦП1,152011.200.000009,Сапоги,"14649553-1 Валенки, боты, сандалии, тапочки, сапоги, галоши","Валенки, боты, сандалии, тапочки, сапоги, галоши",15,16 610 963.20,Запрос ценовых предложений,Закупка состоялась
37129869-ОЛ-ЗЦП1,141230.190.000000,Жилет,14976552-1 Приобретение форменного обмундирования для сотрудников ДП Алматинской области,Приобретение форменного обмундирования для сотрудников ДП Алматинской области,18,78 530 020.38,Запрос ценовых предложений,Закупка состоялась
36315969-ОЛ-ЗЦП1,141230.190.000000,Жилет,"14640556-1 Халаты, рукавицы, жилеты","Халаты, рукавицы, жилеты",13,15 317 555.08,Запрос ценовых предложений,Закупка состоялась
36281190-ОЛ-ОИ2,141230.290.000014,Халат,14651540-1 Приобретение спецодежды и СИЗ для нужд производственных подразделений предприятия,Приобретение спецодежды и СИЗ для нужд производственных подразделений предприятия,17,17 459 620.00,Из одного источника по несостоявшимся закупкам,Закупка состоялась
38018060-ОЛ-ЗЦП1,141314.790.000002,Платье,15375968-1 Приобретение мягкого инвентаря,Приобретение мягкого инвентаря,22,23 150 000.00,Запрос ценовых предложений,Закупка состоялась
77662742-ЗЦП1,141922.190.000032,Куртка,"15090913-1 Удлинённая зимняя куртка (до колена, с капюшоном, в комплекте брюки)",Куртка,263,21 133 927.82,Запрос ценовых предложений,Закупка состоялась
38018060-ОЛ-ЗЦП1,141922.290.000031,Трико,15375968-1 Приобретение мягкого инвентаря,Приобретение мягкого инвентаря,22,23 150 000.00,Запрос ценовых предложений,Закупка состоялась
36340768-ОЛ-ЗЦП1,141943.900.000006,Шапка,"14650446-1 Комплект нательного белья, фартук ,шапка, носки","Комплект нательного белья, фартук ,шапка, носки",15,15 434 025.24,Запрос ценовых предложений,Закупка состоялась
34018262-ОЛ-ЗЦП1,139212.500.010001,Наволочка,13732035-1 Приобретение постельных принадлежностей согласно технической характеристике,Приобретение постельных принадлежностей согласно технической характеристике,7,25 406 397.00,Запрос ценовых предложений,Закупка состоялась
36338477-ОЛ-ЗЦП1,152011.200.000002,Галоши,"14649553-1 Валенки, боты, сандалии, тапочки, сапоги, галоши","Валенки, боты, сандалии, тапочки, сапоги, галоши",15,16 610 963.20,Запрос ценовых предложений,Закупка состоялась
37129869-ОЛ-ЗЦП1,141332.170.000000,Костюм,14976552-1 Приобретение форменного обмундирования для сотрудников ДП Алматинской области,Приобретение форменного обмундирования для сотрудников ДП Алматинской области,18,78 530 020.38,Запрос ценовых предложений,Закупка состоялась
38018060-ОЛ-ЗЦП1,141424.290.000002,Майка,15375968-1 Приобретение мягкого инвентаря,Приобретение мягкого инвентаря,22,23 150 000.00,Запрос ценовых предложений,Закупка состоялась
35902707-ОЛ-ОК1,152032.920.000015,Ботинки,"14479197-1 Приобретение перчаток, ботинок для ТОО ""Мангистауский атомный энергетический комбинат""","перчатки, ботинки",4,32 641 920.00,Открытый конкурс,Закупка состоялась
74056966-ОИ2,262013.000.000011,Компьютер,"15808950-1 Приобретения компьютера в комплекте, согласно технической спецификации",Компьютер,47,27 276 785.58,Из одного источника по несостоявшимся закупкам,Закупка состоялась
81514607-ЗЦП1,262013.000.000011,Компьютер,15796282-1 Приобретение компьютеров в 2025 году (ВНИМАТЕЛЬНО ОЗНОКОМИТЬСЯ С ТЕХНИЧЕСКОЙ СПЕЦИФИКАЦИЕЙ),Компьютер,78,31 339 285.38,Запрос ценовых предложений,Закупка состоялась
72943913-ОК1,262013.000.000011,Компьютер,15746729-1 Государственные закупки для НАО «Казахский агротехнический исследовательский университет имени Сакена Сейфуллина» способом открытого конкурса,Компьютер,200,104 920 358.00,Открытый конкурс,Закупка состоялась
81035753-ОК1,262013.000.000011,Компьютер,"15735410-1 Государственные закупки для КГУ ""Общеобразовательная школа № 2 имени Ш.Канайулы"" отдела образования города Кентау управления образования Туркестанской области способом открытого конкурса",Компьютер,36,21 780 000.00,Открытый конкурс,Закупка состоялась
73867434-ЗЦП1,262013.000.000011,Компьютер,15726423-1 Государственные закупки моноблоков в соответствии с технической спецификацией,Компьютер,50,17 857 142.50,Запрос ценовых предложений,Закупка состоялась
76911130-ОК1,262013.000.000011,Компьютер,15689452-1 Компьютер для офиса,Компьютер,142,60 350 000.00,Открытый конкурс,Закупка состоялась
81030967-ЗЦП1,262013.000.000011,Компьютер,15684409-1 Компьютер в комплекте для графического дизайна,Компьютер,40,28 000 000.00,Запрос ценовых предложений,Закупка состоялась
80730782-ОК1,262013.000.000011,Компьютер,15634322-2 Государственные закупки компьютеров,Компьютер,25,29 492 500.00,Открытый конкурс,Закупка состоялась
80931871-ОК1,262013.000.000011,Компьютер,15665470-1 Государственные закупки компьютеров,Компьютер,30,15 000 000.00,Открытый конкурс,Закупка состоялась
80932769-ОК1,262013.000.000011,Компьютер,15665226-1 Государственные закупки компьютеров,Компьютер,40,17 857 142.80,Открытый конкурс,Закупка состоялась
80580557-ОК2,262013.000.000011,Компьютер,15664217-1 Приобретение компьютеров в комплекте для нужд ДП Актюбинской области.,Компьютер,80,31 428 571.20,Открытый конкурс,Закупка состоялась
76160157-ОК1,262013.000.000011,Компьютер,15615547-2 Приобретение ПЭВМ в комплекте,Компьютер,100,70 135 714.00,Открытый конкурс,Закупка состоялась
80423346-ЗЦП1,262013.000.000011,Компьютер,15581326-1 Приобретение моноблоков (компьютеров),Компьютер,45,18 000 000.00,Запрос ценовых предложений,Закупка состоялась
80490343-ОК1,262013.000.000011,Компьютер,15536572-2 Приобретен согласно техническим характеристикам,Компьютер,42,15 727 987.38,Открытый конкурс,Закупка состоялась
74504095-ОК3,262013.000.000011,Компьютер,15555322-1 Повторные государственные закупки рабочих станций,Компьютер,83,40 462 500.00,Открытый конкурс,Закупка состоялась
80594293-ЗЦП2,262013.000.000011,Компьютер,15553235-1 Компьютер в комплекте,Компьютер,28,15 400 000.00,Запрос ценовых предложений,Закупка состоялась
79957718-ОК2,262013.000.000011,Компьютер,"15525920-1 Приобретение компьютера в комплекте для ГУ ""Управление цифровых технологий Мангистауской области""",Компьютер,55,28 678 650.00,Открытый конкурс,Закупка состоялась
77960074-ОК1,262013.000.000011,Компьютер,"15507488-1 Государственная закупка для КГКП ""Атырауский политехнический высший колледж имени Саламата Мукашева"" Управления образования Атырауской области""",Компьютер,27,29 700 000.00,Открытый конкурс,Закупка состоялась
80534683-ОК1,262013.000.000011,Компьютер,15503591-2 Пиобретение моноблоков в комплекте (8 гб),Компьютер,120,54 289 320.00,Открытый конкурс,Закупка состоялась
80534694-ОК1,262013.000.000011,Компьютер,15503564-2 Пиобретение моноблоков в комплекте (16 гб),Компьютер,120,56 432 160.00,Открытый конкурс,Закупка состоялась
80534733-ОК1,262013.000.000011,Компьютер,15503514-2 Приобретение моноблоков в комплекте,Компьютер,70,36 906 240.00,Открытый конкурс,Закупка состоялась
74417816-ОК5,262013.000.000011,Компьютер,15473661-1 Приобретение компьютера для ДП Кызылординской области,Компьютер,50,23 391 428.00,Открытый конкурс,Закупка состоялась
80277988-ОК1,262013.000.000011,Компьютер,15462766-1 Приобретение компьютеров (моноблок) для школ Алматинский области,Компьютер,78,41 785 713.84,Открытый конкурс,Закупка состоялась
73014970-ОК1,262013.000.000011,Компьютер,15451229-1 Государственные закупки для НАО «Казахский национальный женский педагогический университет» способом открытого конкурса,Компьютер,900,800 517 861.00,Открытый конкурс,Закупка состоялась
80145277-ОК1,262013.000.000011,Компьютер,15428888-1 Государственные закупки для НАО «Государственная корпорация «Правительство для граждан» способом открытого конкурса,Компьютер,1464,802 585 720.56,Открытый конкурс,Закупка состоялась
80146465-ОК1,262013.000.000011,Компьютер,15428804-1 Государственные закупки для НАО «Государственная корпорация «Правительство для граждан» способом открытого конкурса,Компьютер,260,200 633 334.20,Открытый конкурс,Закупка состоялась
80263139-ОИ2,262013.000.000011,Компьютер,"15414011-1 приобретение компьютера в комплекте (мышка компьютерная, клавиатура, колонки, веб камера) , с доставкой. и подключением.",Компьютер,68,17 000 000.00,Из одного источника по несостоявшимся закупкам,Закупка состоялась
78859358-ОК1,262013.000.000011,Компьютер,"15324792-3 Государственные закупки для КГУ ""Центр трудовой мобильности"" управления координации занятости и социальных программ Туркестанской области способом открытого конкурса",Компьютер,200,80 998 214.00,Открытый конкурс,Закупка состоялась
80219341-ОК1,262013.000.000011,Компьютер,"15370027-2 Государственные закупки для ГУ ""Управление по государственным закупкам и коммунальной собственности Атырауской области""",Компьютер,23,46 677 678.67,Открытый конкурс,Закупка состоялась
79838304-ОК1,262013.000.000011,Компьютер,15363331-2 Государственные закупки для РГУ «Бюро национальной статистики Агентства по стратегическому планированию и реформам Республики Казахстан» способом открытого конкурса,Компьютер,480,219 291 067.20,Открытый конкурс,Закупка состоялась
80204448-ЗЦП2,262013.000.000011,Компьютер,15387700-1 Закуп Компьютер согласно технической спецификации/ Техникалық сипаттамаларға сәйкес компьютер сатып алу,Компьютер,50,19 000 000.00,Запрос ценовых предложений,Закупка состоялась
74612220-ОК2,262013.000.000011,Компьютер,15358866-1 Приобретение - моноблока,Компьютер,50,24 899 000.00,Открытый конкурс,Закупка состоялась
80094465-ОК1,262013.000.000011,Компьютер,15301784-2 Моноблок 5/24 FHD/CORE I513420H/16GB/512GB NOS,Компьютер,50,23 495 000.00,Открытый конкурс,Закупка состоялась
76280080-ОК2,262013.000.000011,Компьютер,15332259-1 Компьютер в комплекте с защитой от кражи,Компьютер,150,37 500 000.00,Открытый конкурс,Закупка состоялась
77419773-ОК4,262013.000.000011,Компьютер,"15276843-1 Компьютеры в комплекте (монитор, мышь, клавиатура Windows)",Компьютер,60,71 100 000.00,Открытый конкурс,Закупка состоялась
74764798-ЗЦП1,262013.000.000011,Компьютер,15275902-1 Моноблок (для ДИТ),Компьютер,50,25 000 000.00,Запрос ценовых предложений,Закупка состоялась
75705509-ОК2,262013.000.000011,Компьютер,15269962-1 Компьютер (моноблок) в комплекте согласно тех спец,Компьютер,46,18 400 000.00,Открытый конкурс,Закупка состоялась
76160854-ОК3,262013.000.000011,Компьютер,15267075-1 Приобретение ПЭВМ в комплекте,Компьютер,30,21 160 714.20,Открытый конкурс,Закупка состоялась
79101201-ОК3,262013.000.000011,Компьютер,"15221908-2 Государственная закупка для КГУ ""Центр трудовой мобильности"" управления координации занятости и социальных программ Кызылординской области""",Компьютер,87,36 105 000.00,Открытый конкурс,Закупка состоялась
79704376-ОК1,262013.000.000011,Компьютер,15239940-2 О проведении электронного конкурса по государственным закупкам персонального компьютера в комплекте для ДП г.Астаны,Компьютер,39,20 119 821.15,Открытый конкурс,Закупка состоялась
74846290-ОК2,262013.000.000011,Компьютер,15242931-1 компьютер в комплекте,Компьютер,50,23 861 607.00,Открытый конкурс,Закупка состоялась
74093120-ОК3,262013.000.000011,Компьютер,15193627-2 Мультимедийная станция НАО МУС,Компьютер,100,60 000 000.00,Открытый конкурс,Закупка состоялась
74210967-ОК3,262013.000.000011,Компьютер,15208859-1 приобретение компьютеров для е-УД,Компьютер,100,62 857 143.00,Открытый конкурс,Закупка состоялась
77748526-ОК1,262013.000.000011,Компьютер,15194900-1 Государственные закупки для НАО «Таразский университет имени М.Х. Дулати» способом открытого конкурса,Компьютер,519,189 999 672.00,Открытый конкурс,Закупка состоялась
79574458-ОК1,262013.000.000011,Компьютер,15147285-2 моноблок в комплекте,Компьютер,75,33 415 178.25,Открытый конкурс,Закупка состоялась
75570195-ОК6,262013.000.000011,Компьютер,15142965-1 Приобретение персональных компьютеров,Компьютер,50,31 696 428.50,Открытый конкурс,Закупка состоялась
71763862-ОК1,262013.000.000011,Компьютер,15105601-2 Персональный компьютер в комплекте (согласно технической спецификаций),Компьютер,137,92 093 749.55,Открытый конкурс,Закупка состоялась
77705078-ОК5,262013.000.000011,Компьютер,15134695-1 Повторные государственные закупки способом конкурса компьютеров для нужд ВС РК на 2025 год,Компьютер,80,32 000 000.00,Открытый конкурс,Закупка состоялась
77954499-ОК1,262013.000.000011,Компьютер,15130505-1 Приобретение компьютеров в сборе для АО «Астана-Энергия»,Компьютер,130,58 035 714.10,Открытый конкурс,Закупка состоялась
79693948-ОК1,262013.000.000011,Компьютер,"15108345-1 Государственная закупка для КГКП ""Кызылординский технический - IT высший колледж имени Мустахыма Иксанова"" управления образования Кызылординской области""",Компьютер,30,15 535 714.20,Открытый конкурс,Закупка состоялась
79569981-ОК1,262013.000.000011,Компьютер,15097468-1 Компьютер для РГП Казводхоз,Компьютер,70,52 430 000.00,Открытый конкурс,Закупка состоялась
79569934-ОК1,262013.000.000011,Компьютер,15097340-1 Компьютер для РГП Казводхоз,Компьютер,20,17 068 000.00,Открытый конкурс,Закупка состоялась
79664562-ОК1,262013.000.000011,Компьютер,15096928-1 Компьютер для РГП Казводхоз,Компьютер,50,25 680 000.00,Открытый конкурс,Закупка состоялась
74634514-ОК1,262013.000.000011,Компьютер,15091756-1 Государственная закупка товара для ГУ «Министерство национальной экономики Республики Казахстан» способом открытого конкурса,Компьютер,200,113 250 446.00,Открытый конкурс,Закупка состоялась
73581831-ОК1,262013.000.000011,Компьютер,15082008-1 Государственная закупка товара для НАО «Кызылординский университет имени Коркыт Ата» способом открытого конкурса,Компьютер,415,192 070 300.00,Открытый конкурс,Закупка состоялась
76414517-ЗЦП1,262013.000.000011,Компьютер,15080990-1 Приобретение моноблока в комплекте,Компьютер,38,17 405 356.98,Запрос ценовых предложений,Закупка состоялась
79343817-ЗЦП6,262013.000.000011,Компьютер,15076140-1 Компьютер в комплекте,Компьютер,100,31 250 000.00,Запрос ценовых предложений,Закупка состоялась
73136170-ОК2,262013.000.000011,Компьютер,15070757-1 Повторная государственная закупка товара для Министерство финансов Республики Казахстан,Компьютер,144,84 232 647.36,Открытый конкурс,Закупка состоялась
73429039-ОК2,262013.000.000011,Компьютер,15041180-1 Приобретение ноутбуков и компьютеров для КРЕМ МНЭ РК и его территориальных департаментов,Компьютер,40,15 178 571.60,Открытый конкурс,Закупка состоялась
73290411-ОК2,262013.000.000011,Компьютер,15038819-1 Государственные закупки товара для РГП на ПХВ «Государственная вневедомственная экспертиза проектов» Комитета по делам строительства и жилищно-коммунального хозяйства Министерства промышленности и строительства Республики Казахстан (РГП «Госэкспертиза») способом открытого конкурса,Компьютер,122,231 800 000.00,Открытый конкурс,Закупка состоялась
74515667-ОК1,262013.000.000011,Компьютер,15030880-1 Рабочая станция ДП Карагандинской области,Компьютер,100,52 946 428.00,Открытый конкурс,Закупка состоялась
78031757-ОК1,262013.000.000011,Компьютер,15028550-1 Государственная закупка товара для ГУ «Департамент полиции области Ұлытау Министерства внутренних дел Республики Казахстан» способом открытого конкурса,Компьютер,140,91 968 749.60,Открытый конкурс,Закупка состоялась
79225731-ОК1,262013.000.000011,Компьютер,14973085-2 Государственные закупки персональных компьютеров,Компьютер,129,61 919 484.00,Открытый конкурс,Закупка состоялась
78859251-ОК2,262013.000.000011,Компьютер,"15012247-1 Компьютеры для ТОО ""Карагады Су""",Компьютер,46,28 832 142.66,Открытый конкурс,Закупка состоялась
78070383-ЗЦП1,262013.000.000011,Компьютер,"15009760-1 Приобретение машин, оборудования, инструментов, производственного и хозяйственного инвентар",Компьютер,55,27 008 905.00,Запрос ценовых предложений,Закупка состоялась
75159277-ОК2,262013.000.000011,Компьютер,14980569-2 приобретение персональных компьютеров//,Компьютер,60,23 214 285.60,Открытый конкурс,Закупка состоялась
78007752-ОИ2,262013.000.000011,Компьютер,15003234-1 Приобретение товаров согласно технической спецификации,Компьютер,75,19 875 000.00,Из одного источника по несостоявшимся закупкам,Закупка состоялась
77575201-ОК3,262013.000.000011,Компьютер,15000765-1 Приобретение компьютеров и моноблоков,Компьютер,28,15 832 040.00,Открытый конкурс,Закупка состоялась
75082433-ОК3,262013.000.000011,Компьютер,14907821-2 Приобретение компьютера (моноблок),Компьютер,50,19 000 000.00,Открытый конкурс,Закупка состоялась
72271661-АУК3,262013.000.000011,Компьютер,"14960472-1 Закупка для ТОО ""Алматыэлектротранс""",Компьютер,90,43 650 000.00,Аукцион,Закупка состоялась
74795031-ОИ2,262013.000.000011,Компьютер,14966166-1 Приобретение моноблоков для Предприятия,Компьютер,46,20 741 071.56,Из одного источника по несостоявшимся закупкам,Закупка состоялась
75808517-ОК2,262013.000.000011,Компьютер,14938673-2 Моноблок (согласно технической спецификации),Компьютер,85,43 372 768.10,Открытый конкурс,Закупка состоялась
75013765-ЗЦП1,262013.000.000011,Компьютер,14964921-1 Государственные закупки компьютеров,Компьютер,40,19 440 000.00,Запрос ценовых предложений,Закупка состоялась
78982698-ОК1,262013.000.000011,Компьютер,14893255-2 Государственные закупки (ЕУД),Компьютер,100,40 950 000.00,Открытый конкурс,Закупка состоялась
75080773-ОК2,262013.000.000011,Компьютер,"14956406-1 Закуп товаров, согласно технической спецификации",Компьютер,50,27 550 000.00,Открытый конкурс,Закупка состоялась
77595589-ОК3,262013.000.000011,Компьютер,14954051-1 Приобретение моноблока СТРОГО ПО ТЕХНИЧЕСКОЙ СПЕЦИФИКАЦИИ,Компьютер,50,20 089 285.50,Открытый конкурс,Закупка состоялась
78278217-ОК2,262013.000.000011,Компьютер,14941500-1 О проведении повторной государственной закупки товара для ГУ «Департамент полиции города Шымкент Министерства внутренних дел Республики Казахстан» способом конкурса,Компьютер,400,163 571 428.00,Открытый конкурс,Закупка состоялась
78870388-ОТ1,262013.000.000011,Компьютер,14864370-2 Закуп компьютера (в комплекте),Компьютер,65,26 000 000.00,Тендер,Закупка состоялась
78234211-ОК2,262013.000.000011,Компьютер,"14904075-2 Приобретение моноблоков и компьютеров в комплекте, КГУ «Специализированная школа-лицей-интернат имени Н.Нурмакова»",Компьютер,30,16 071 428.40,Открытый конкурс,Закупка состоялась
74063515-ОК2,262013.000.000011,Компьютер,14928405-1 Компьютер в комплекте,Компьютер,50,20 982 143.00,Открытый конкурс,Закупка состоялась
73460267-ОК1,262013.000.000011,Компьютер,14927383-1 Приобретение компьютерной техники,Компьютер,44,25 535 675.00,Открытый конкурс,Закупка состоялась
74485911-ОК2,262013.000.000011,Компьютер,14878326-2 Приобретение компьютера в комплекте в рамках цифровизации и автоматизации КУИС МВД РК,Компьютер,200,57 248 400.00,Открытый конкурс,Закупка состоялась
79313798-ОК1,262013.000.000011,Компьютер,14891593-1 Моноблок в комплекте,Компьютер,80,39 920 000.00,Открытый конкурс,Закупка состоялась
74764798-ЗЦП2,262013.000.000011,Компьютер,14874252-1 Закуп моноблоков (для ДИТ),Компьютер,50,25 000 000.00,Запрос ценовых предложений,Закупка состоялась
76226068-ОК1,262013.000.000011,Компьютер,"14855111-1 Государственная закупка для ГУ ""Управление образования Атырауской области""",Компьютер,500,223 214 285.00,Открытый конкурс,Закупка состоялась
79127970-ЗЦП2,262013.000.000011,Компьютер,"14853121-1 Компьютер офисный в комплекте, 60 штук согласно технической спецификации",Компьютер,60,18 750 000.00,Запрос ценовых предложений,Закупка состоялась
74627917-ОК5,262013.000.000011,Компьютер,14824499-1 Персональные компьютеры в комплекте (сис.адм 11934),Компьютер,100,63 552 900.00,Открытый конкурс,Закупка состоялась
73787747-ОК2,262013.000.000011,Компьютер,14821359-1 Приобретен согласно техническим характеристикам,Компьютер,140,75 524 250.20,Открытый конкурс,Закупка состоялась
78688406-ОК2,262013.000.000011,Компьютер,14821124-1 Приобретение согласно техническим характеристикам,Компьютер,30,25 515 241.20,Открытый конкурс,Закупка состоялась
73787910-ОК2,262013.000.000011,Компьютер,14819882-1 Приобретение согласно техническим характеристикам,Компьютер,90,47 552 062.50,Открытый конкурс,Закупка состоялась
78358947-ОИ2,262013.000.000011,Компьютер,14817285-1 компьютер офисный универсальный,Компьютер,40,19 642 840.00,Из одного источника по несостоявшимся закупкам,Закупка состоялась
79047051-ОИ3,262013.000.000011,Компьютер,14801313-1 ЭГЗ способом запроса ценовых предложений/компьютер,Компьютер,120,24 816 964.80,Из одного источника по несостоявшимся закупкам,Закупка состоялась
77938586-ОИ3,262013.000.000011,Компьютер,14750061-1 Приобретение компьютеров в комплекте согласно технической спецификацией заказчика.,Компьютер,80,21 762 411.20,Из одного источника по несостоявшимся закупкам,Закупка состоялась
74120558-ОК4,262013.000.000011,Компьютер,14731438-1 закуп моноблоков для университета,Компьютер,75,31 138 392.75,Открытый конкурс,Закупка состоялась
78871126-ЗЦП2,262013.000.000011,Компьютер,14705164-1 Дербес компьютер жиынтықта,Компьютер,50,20 475 000.00,Запрос ценовых предложений,Закупка состоялась
78315981-ЗЦП3,262013.000.000011,Компьютер,14675481-1 Приобретение основных средств,Компьютер,50,24 553 571.50,Запрос ценовых предложений,Закупка состоялась
77882552-ОИ3,262013.000.000011,Компьютер,14639351-1 Приобретение компьютера в сборе,Компьютер,50,24 553 550.00,Из одного источника по несостоявшимся закупкам,Закупка состоялась
78094592-ОИ3,262013.000.000011,Компьютер,14624609-1 Приобретение персональных компьютеров,Компьютер,40,19 642 856.80,Из одного источника по несостоявшимся закупкам,Закупка состоялась
77404163-ОИ4,262013.000.000011,Компьютер,14624598-1 Приобретение персональных компьютеров,Компьютер,40,19 642 857.20,Из одного источника по несостоявшимся закупкам,Закупка состоялась
78061866-ОК1,262013.000.000011,Компьютер,14557929-2 Компьютеры для офиса,Компьютер,165,70 125 000.00,Открытый конкурс,Закупка состоялась
74179225-ОИ2,262013.000.000011,Компьютер,14611500-1 Приобретение товара - Компьютер,Компьютер,60,20 076 000.00,Из одного источника по несостоявшимся закупкам,Закупка состоялась
73012333-ОК1,262013.000.000011,Компьютер,14534746-2 Үстел компьютерлерін сатып алу,Компьютер,100,33 934 821.00,Открытый конкурс,Закупка состоялась
74323711-ОК1,262013.000.000011,Компьютер,"14538374-2 Государственная закупка для КГП на праве хозяйственного ведения ""Шиелийская многопрофильная центральная районная больница"" управления здравоохранения Кызылординской области""",Компьютер,49,15 680 000.00,Открытый конкурс,Закупка состоялась
71881911-ОК1,262013.000.000011,Компьютер,14536471-2 Государственная закупка товара для РГУ «Войсковая часть 65235» Министерства обороны Республики Казахстан способом открытого конкурса,Компьютер,273,134 062 497.66,Открытый конкурс,Закупка состоялась
73420118-ОК1,262013.000.000011,Компьютер,14539176-2 Компьютер в комплекте,Компьютер,180,55 800 000.00,Открытый конкурс,Закупка состоялась
78247239-ЗЦП2,262013.000.000011,Компьютер,14571964-1 Компьютер офисный (универсальный) в полном комплекте,Компьютер,50,24 553 571.00,Запрос ценовых предложений,Закупка состоялась
77294667-ОК1,262013.000.000011,Компьютер,14558029-1 Приобретение компьютера в комплекте для вспомогательных служб,Компьютер,50,22 321 428.50,Открытый конкурс,Закупка состоялась
75700711-ОК1,262013.000.000011,Компьютер,14501472-2 Моноблок в комплекте с клавиатурой и мышкой,Компьютер,30,20 880 000.00,Открытый конкурс,Закупка состоялась
78394304-ОК1,262013.000.000011,Компьютер,14545859-1 Приобретение компьютеров в комплекте для КМФК и территориальных департаментов КМФК,Компьютер,49,16 628 106.39,Открытый конкурс,Закупка состоялась
78383354-ЗЦП1,262013.000.000011,Компьютер,14512784-1 Приобретение персональных компьютеров в комплекте согласно технической спецификации,Компьютер,40,19 622 535.60,Запрос ценовых предложений,Закупка состоялась
78530472-ОК1,262013.000.000011,Компьютер,"14510386-1 Компьютер в комплекте для КГУ ""Специализированная школа-лицей-интернат имени Жамбыла"" управления образования Карагандинской области",Компьютер,100,26 785 714.00,Открытый конкурс,Закупка состоялась
74318037-ОК1,262013.000.000011,Компьютер,14499662-1 Приобретение компьютеров в комплекте,Компьютер,34,17 003 035.86,Открытый конкурс,Закупка состоялась
78087864-ОК1,262013.000.000011,Компьютер,14414244-2 Приобретение компьютеров в комплекте для Мунайлинская районная больница,Компьютер,73,41 610 000.00,Открытый конкурс,Закупка состоялась
77958700-ОИ2,262013.000.000011,Компьютер,"14420149-1 Моноблок, г. Астана",Компьютер,80,28 213 571.20,Из одного источника по несостоявшимся закупкам,Закупка состоялась
72318241-ОК1,262013.000.000011,Компьютер,14418700-1 Государственная закупка товара для РГУ «Министерство финансов Республики Казахстан» способом открытого конкурса,Компьютер,1061,528 350 891.45,Открытый конкурс,Закупка состоялась
75080773-ОК1,262013.000.000011,Компьютер,"14285390-2 Закуп товаров, согласно технической спецификации",Компьютер,50,27 550 000.00,Открытый конкурс,Закупка состоялась
74920372-ОК1,262013.000.000011,Компьютер,"14358890-2 Компьютеры в комплекте для КГУ ""Специализированная школа-лицей-интернат ""Информационных технологий"" управления образования Карагандинской области",Компьютер,50,26 785 710.00,Открытый конкурс,Закупка состоялась
74853795-ОК1,262013.000.000011,Компьютер,"14331783-2 Приобретение компьютер в комплекте. КГУ ""Специализированная школа-лицей-интернат"" Дарын""",Компьютер,50,18 973 214.00,Открытый конкурс,Закупка состоялась
76414517-ОК1,262013.000.000011,Компьютер,"14317692-3 Приобретение моноблока для ГУ ""Аппарат акима Зерендинского района""",Компьютер,38,17 405 356.98,Открытый конкурс,Закупка состоялась
77938586-ЗЦП1,262013.000.000011,Компьютер,14339904-1 Тапсырыс берушінің техникалық сипаттамасына сәйкес компьютерлерді жиынтықта сатып алу.,Компьютер,80,24 373 900.80,Запрос ценовых предложений,Закупка состоялась
77974774-ЗЦП3,262013.000.000011,Компьютер,14332369-1 Компьютер офисный (универсальный),Компьютер,40,17 857 142.80,Запрос ценовых предложений,Закупка состоялась
78057251-ОК1,262013.000.000011,Компьютер,14325954-1 Приобретение компьютеров в комплекте для КГУ «Отдел образования Айыртауского района» КГУ «Управление образования акимата Северо-Казахстанской области»,Компьютер,100,25 535 700.00,Открытый конкурс,Закупка состоялась
78008198-ОИ2,262013.000.000011,Компьютер,"14292254-1 Приобретение машин, оборудования, инструментов, производственного и хозяйственного инвентаря",Компьютер,40,19 642 857.20,Из одного источника по несостоявшимся закупкам,Закупка состоялась
77931479-ЗЦП3,262013.000.000011,Компьютер,14278666-1 Приобретение компьютеров в комплекте,Компьютер,34,16 696 428.28,Запрос ценовых предложений,Закупка состоялась
74612220-ОК1,262013.000.000011,Компьютер,14217368-2 Приобретение настольных моноблоков,Компьютер,50,24 899 000.00,Открытый конкурс,Закупка состоялась
78062111-ЗЦП2,262013.000.000011,Компьютер,14261831-1 Компьютер офисный (универсальный) в полном комплекте.,Компьютер,40,19 642 840.00,Запрос ценовых предложений,Закупка состоялась
77024170-ОК1,262013.000.000011,Компьютер,14254778-1 Государственные закупки для АО «Казтелерадио» способом открытого конкурса,Компьютер,200,87 500 000.00,Открытый конкурс,Закупка состоялась
78070383-ОИ2,262013.000.000011,Компьютер,"14251777-1 Приобретение машин, оборудования, инструментов, производственного и хозяйственного инвентаря",Компьютер,55,27 008 905.00,Из одного источника по несостоявшимся закупкам,Закупка состоялась
77952989-ЗЦП2,262013.000.000011,Компьютер,14238383-1 Компьютер офисный (универсальный)/,Компьютер,30,16 500 000.00,Запрос ценовых предложений,Закупка состоялась
78093531-ЗЦП1,262013.000.000011,Компьютер,14237953-1 приобретение компьютеров с комплектующими,Компьютер,50,19 419 643.00,Запрос ценовых предложений,Закупка состоялась
77835838-ЗЦП2,262013.000.000011,Компьютер,14223048-1 Приобретение компьютера в комплекте,Компьютер,50,24 553 571.00,Запрос ценовых предложений,Закупка состоялась
77908198-ЗЦП2,262013.000.000011,Компьютер,14212861-1 компьютеры в комплекте,Компьютер,50,24 200 000.00,Запрос ценовых предложений,Закупка состоялась
77959480-ОК1,262013.000.000011,Компьютер,14210751-1 Государственные закупки компьютеров,Компьютер,70,30 625 000.00,Открытый конкурс,Закупка состоялась
78038349-ЗЦП1,262013.000.000011,Компьютер,14209460-1 Компьютерлерді сатып алу/Приобретение компьютеров,Компьютер,45,22 098 214.35,Запрос ценовых предложений,Закупка состоялась
74462791-ОК1,262013.000.000011,Компьютер,14099681-2 Компьютер офисный (универсальный),Компьютер,40,23 571 428.40,Открытый конкурс,Закупка состоялась
75118180-ОК2,262013.000.000011,Компьютер,14182342-1 Приобретение компьютер в комплекте для ДП области Ұлытау,Компьютер,94,65 692 571.16,Открытый конкурс,Закупка состоялась
74417816-ОК2,262013.000.000011,Компьютер,14178569-1 Приобретение компьютера для ДП Кызылординской области,Компьютер,50,23 391 428.00,Открытый конкурс,Закупка состоялась
77867691-ЗЦП2,262013.000.000011,Компьютер,14172421-1 Компьютер офисный (универсальный),Компьютер,40,19 640 000.00,Запрос ценовых предложений,Закупка состоялась
77961989-ЗЦП1,262013.000.000011,Компьютер,14167402-1 Приобритение офисных компьютеров,Компьютер,40,19 642 857.20,Запрос ценовых предложений,Закупка состоялась
77877002-ЗЦП1,262013.000.000011,Компьютер,14166301-1 Приобретение офисного (универсальный) компьютера (согласно технической спецификации),Компьютер,55,27 008 928.10,Запрос ценовых предложений,Закупка состоялась
77949655-ЗЦП1,262013.000.000011,Компьютер,14161034-1 Приобретение компьютеров офисных (универсальных) согласно технической спецификации Заказчика,Компьютер,50,24 553 550.00,Запрос ценовых предложений,Закупка состоялась
77918723-ОК1,262013.000.000011,Компьютер,14157639-1 Приобретение компьютерной техники,Компьютер,50,24 450 000.00,Открытый конкурс,Закупка состоялась
77885757-ЗЦП1,262013.000.000011,Компьютер,14149683-1 Приобретение компьютера для нужд Вооруженных Сил Республики Казахстан.,Компьютер,50,24 200 000.00,Запрос ценовых предложений,Закупка состоялась
74924350-ОК1,262013.000.000011,Компьютер,13952895-3 Компьютер в комплекте,Компьютер,200,66 842 858.00,Открытый конкурс,Закупка состоялась
77908425-ЗЦП1,262013.000.000011,Компьютер,"14137556-1 Компьютер в комплекте: Монитор, системный блок, клавиатура, мышка. web-камера",Компьютер,50,24 553 550.00,Запрос ценовых предложений,Закупка состоялась
34972256-ОЛ-ЗЦП1,262013.000.000011,Компьютер,14126147-1 Приобретение моноблоков и компьютеров в комплекте,Приобретение моноблоков и компьютеров в комплекте,2,18 849 500.00,Запрос ценовых предложений,Закупка состоялась
77317574-ОК1,262013.000.000011,Компьютер,14012971-2 Государственные закупки для ГККП «Колледж №12» управления образования Туркестанской области способом открытого конкурса,Компьютер,87,47 480 173.44,Открытый конкурс,Закупка состоялась
77848438-ЗЦП1,262013.000.000011,Компьютер,14106591-1 Компьютеры в комплекте,Компьютер,40,19 360 000.00,Запрос ценовых предложений,Закупка состоялась
74837276-ОК1,262013.000.000011,Компьютер,14006135-2 Государственная закупка товара для ГУ «Департамент полиции Кызылординской области Министерства внутренних дел Республики Казахстан» способом открытого конкурса,Компьютер,382,170 535 713.74,Открытый конкурс,Закупка состоялась
74546134-ОК1,262013.000.000011,Компьютер,14072823-1 Приобретение компьютеров в комплекте,Компьютер,41,18 669 642.74,Открытый конкурс,Закупка состоялась
76280080-ОК1,262013.000.000011,Компьютер,13998909-2 компьютер в комплекте с защитой от кражи,Компьютер,150,37 500 000.00,Открытый конкурс,Закупка состоялась
74600088-ОК1,262013.000.000011,Компьютер,"13856126-3 Государственная закупка для КГУ ""Центр мобилизации и оперативных работ"" управления по мобилизационной подготовке Кызылординской области""",Компьютер,65,34 821 428.20,Открытый конкурс,Закупка состоялась
73840629-ОК1,262013.000.000011,Компьютер,13903241-1 Приобретение товаро-материальных ценностей УИС,Компьютер,140,43 750 000.00,Открытый конкурс,Закупка состоялась
76077713-ОК1,262013.000.000011,Компьютер,13843511-2 Товары для ОИТ,Компьютер,30,16 200 000.00,Открытый конкурс,Закупка состоялась
77014775-ОИ2,262013.000.000011,Компьютер,13829916-1 Товары для центра,Компьютер,89,31 150 000.00,Из одного источника по несостоявшимся закупкам,Закупка состоялась
77229840-ОК1,262013.000.000011,Компьютер,"13813904-1 Персональный компьютер в сборе (системный блок, монитор, мышь, клавиатура) (Б)",Компьютер,62,21 751 832.00,Открытый конкурс,Закупка состоялась
74786134-ОК1,262013.000.000011,Компьютер,13783654-1 Государственные закупки оборудования,Компьютер,140,77 000 000.00,Открытый конкурс,Закупка состоялась
75065309-АУК1,262013.000.000011,Компьютер,13735902-1 Компьютер в комплекте,Компьютер,295,73 782 898.40,Аукцион,Закупка состоялась
76856385-ОК1,262013.000.000011,Компьютер,13686354-1 Приобретение персональных компьютеров,Компьютер,32,15 571 428.48,Открытый конкурс,Закупка состоялась
72980452-КПКО1,262013.000.000011,Компьютер,"13428730-2 Приобретение компьютеров в комплекте для ГУ ""Аппарат акима города Экибастуза""",Компьютер,80,22 142 143.20,Конкурс с предварительным квалификационным отбором,Закупка состоялась
72846014-КПКО1,262013.000.000011,Компьютер,"13418242-1 Государственная закупка для КГП на праве хозяйственного ведения ""Областной перинатальный центр"" управления здравоохранения Кызылординской области""",Компьютер,50,21 500 000.00,Конкурс с предварительным квалификационным отбором,Закупка состоялась
71871639-КПКО1,262013.000.000011,Компьютер,13386426-1 «Қазақстан Республикасының Ұлттық ұлан Бас қолбасшылығы» РММ үшін біліктілікті алдын ала іріктеумен жүргізілетін конкурс тәсілімен тауарды мемлекеттік сатып алу,Компьютер,224,77 999 998.72,Конкурс с предварительным квалификационным отбором,Закупка состоялась
72183895-КПКО1,262013.000.000011,Компьютер,13337335-2 Приобретение компьютера в комплекте,Компьютер,50,19 151 785.50,Конкурс с предварительным квалификационным отбором,Закупка состоялась
71921900-КПКО1,262013.000.000011,Компьютер,13357688-1 Государственная закупка компьютеров на 2024 год,Компьютер,171,102 771 000.00,Конкурс с предварительным квалификационным отбором,Закупка состоялась
71611699-КПКО1,262013.000.000011,Компьютер,13182660-1 Приобретение компьютеров в комплекте,Компьютер,60,31 212 589.20,Конкурс с предварительным квалификационным отбором,Закупка состоялась
68746792-ОК2,262013.000.000011,Компьютер,"12843241-1 Компьютеры для АО ""КазНИИОР""",Компьютер,59,29 500 000.00,Открытый конкурс,Закупка состоялась
74356308-ОК1,262011.100.000000,Ноутбук,15329192-4 Ноутбук согласно технической спецификации,Ноутбук,250,59 500 000.00,Открытый конкурс,Закупка состоялась
36556738-ОЛ-ОИ2,172314.500.000001,Бумага для офисного оборудования,14757976-1 канцелярские товары для издательского центра,канцелярские товары для издательского центра,2,19 800 000.00,Из одного источника по несостоявшимся закупкам,Закупка состоялась
78329051-ЗЦП2,172314.500.000001,Бумага для офисного оборудования,"14421977-1 Повторная государственная закупка товара для Издательского дома ""Қазақ университеті""",Бумага для офисного оборудования,15000,20 250 000.00,Запрос ценовых предложений,Закупка состоялась
34165569-ОЛ-ОИ2,152032.990.000011,Туфли,13833167-1 Приобретение форменного обмундирования (обувь),Приобретение форменного обмундирования (обувь),6,15 207 401.82,Из одного источника по несостоявшимся закупкам,Закупка состоялась
36338477-ОЛ-ЗЦП1,152032.990.000017,Валенки,"14649553-1 Валенки, боты, сандалии, тапочки, сапоги, галоши","Валенки, боты, сандалии, тапочки, сапоги, галоши",15,16 610 963.20,Запрос ценовых предложений,Закупка состоялась
34165569-ОЛ-ОИ2,152032.990.000022,Полуботинки,13833167-1 Приобретение форменного обмундирования (обувь),Приобретение форменного обмундирования (обувь),6,15 207 401.82,Из одного источника по несостоявшимся закупкам,Закупка состоялась
34165569-ОЛ-ОИ2,152032.990.000028,Полусапоги,13833167-1 Приобретение форменного обмундирования (обувь),Приобретение форменного обмундирования (обувь),6,15 207 401.82,Из одного источника по несостоявшимся закупкам,Закупка состоялась
35345877-ОЛ-ОК1,141211.290.000015,Костюм,"14268261-1 Костюм, куртка (20 лот) для ТОО ""Мангистауский атомный энергетический комбинат""","Костюм, куртка (20 лот)",20,38 363 477.00,Открытый конкурс,Закупка состоялась
72271638-ЗЦП1,141211.290.000022,Костюм,15553069-1 Закупка спецодежды для работников ТОО «Алматыэлектротранс»,Костюм,700,17 500 000.00,Запрос ценовых предложений,Закупка состоялась
73312623-ЗЦП1,141211.290.000022,Костюм,15096759-1 Спецодежды по лотам,Костюм,800,27 200 000.00,Запрос ценовых предложений,Закупка состоялась
37129869-ОЛ-ЗЦП1,141211.290.000022,Костюм,14976552-1 Приобретение форменного обмундирования для сотрудников ДП Алматинской области,Приобретение форменного обмундирования для сотрудников ДП Алматинской области,18,78 530 020.38,Запрос ценовых предложений,Закупка состоялась
78379688-ОК1,141211.290.000022,Костюм,14424086-1 Приобретение форменного обмундирования,Костюм,387,16 343 838.18,Открытый конкурс,Закупка состоялась
74041762-ОК1,141211.290.000022,Костюм,14339903-1 приобретение форменного обмундирования,Костюм,150,16 767 856.50,Открытый конкурс,Закупка состоялась
35345877-ОЛ-ОК1,141211.290.000022,Костюм,"14268261-1 Костюм, куртка (20 лот) для ТОО ""Мангистауский атомный энергетический комбинат""","Костюм, куртка (20 лот)",20,38 363 477.00,Открытый конкурс,Закупка состоялась
78072471-ЗЦП1,141211.290.000022,Костюм,14238361-1 Приобретение предмета вещевого имущества,Костюм,150,17 667 856.50,Запрос ценовых предложений,Закупка состоялась
74979634-ЗЦП1,141211.290.000022,Костюм,13982039-1 Приобретение форменного обмундирования,Костюм,294,21 604 798.74,Запрос ценовых предложений,Закупка состоялась
74623625-ОК1,141211.290.000022,Костюм,13952666-1 Приобретение форменного обмундирования по лотам,Костюм,440,23 274 983.60,Открытый конкурс,Закупка состоялась
77511022-ОК1,141211.290.000022,Костюм,13942267-1 Приобретение форменного обмундирования для ДП области Ұлытау,Костюм,200,22 357 142.00,Открытый конкурс,Закупка состоялась
72961992-ОК1,141211.290.000022,Костюм,13915677-1 Приобретение форменного и специального обмундирования,Костюм,245,27 387 498.95,Открытый конкурс,Закупка состоялась
79047624-ЗЦП1,141221.290.010003,Костюм,14771986-1 Нысанды киім-кешек сатып алу,Костюм,165,18 444 642.15,Запрос ценовых предложений,Закупка состоялась
36340768-ОЛ-ЗЦП1,141230.150.000000,Фартук,"14650446-1 Комплект нательного белья, фартук ,шапка, носки","Комплект нательного белья, фартук ,шапка, носки",15,15 434 025.24,Запрос ценовых предложений,Закупка состоялась
38662049-ОЛ-ОИ2,141321.210.000000,Куртка,15726445-1 Государственные закупки согласно технической спецификации,Государственные закупки согласно технической спецификации,6,20 824 000.00,Из одного источника по несостоявшимся закупкам,Закупка состоялась
35093577-ОЛ-ЗЦП1,141321.210.000000,Куртка,14171999-1 Приобретение форменного обмундирования,Приобретение форменного обмундирования,15,15 271 554.55,Запрос ценовых предложений,Закупка состоялась
34987920-ОЛ-ЗЦП1,139216.900.000012,Покрывало,"14131778-1 Приобретение постельных принадлежностей (комплект постельного белья, подушки, наматрасник, покрывало)","Приобретение постельных принадлежностей (комплект постельного белья, подушки, наматрасники, покрывала)",4,29 400 000.00,Запрос ценовых предложений,Закупка состоялась
76266247-ЗЦП1,139222.200.000012,Палатка,15498313-1 Палатка не менее 40-местная (ЧС),Палатка,10,27 187 500.00,Запрос ценовых предложений,Закупка состоялась
36338477-ОЛ-ЗЦП1,152011.300.000000,Тапочки,"14649553-1 Валенки, боты, сандалии, тапочки, сапоги, галоши","Валенки, боты, сандалии, тапочки, сапоги, галоши",15,16 610 963.20,Запрос ценовых предложений,Закупка состоялась
74624659-ОК1,152013.510.000002,Ботинки,13952666-1 Приобретение форменного обмундирования по лотам,Ботинки,440,17 010 712.40,Открытый конкурс,Закупка состоялась
38018060-ОЛ-ЗЦП1,152029.500.000005,Кроссовки,15375968-1 Приобретение мягкого инвентаря,Приобретение мягкого инвентаря,22,23 150 000.00,Запрос ценовых предложений,Закупка состоялась
78305267-ОК1,152032.900.000015,Полусапоги,14359320-1 Приобретение форменного обмундирования для ДП Карагандинской области,Полусапоги,890,28 607 136.50,Открытый конкурс,Закупка состоялась
36338477-ОЛ-ЗЦП1,152032.990.000036,Сапоги,"14649553-1 Валенки, боты, сандалии, тапочки, сапоги, галоши","Валенки, боты, сандалии, тапочки, сапоги, галоши",15,16 610 963.20,Запрос ценовых предложений,Закупка состоялась
74082290-ОК3,262011.100.000002,Ноутбук,15385031-1 Государственные закупки для НАО «Казахский национальный медицинский университет имени С.Д. Асфендиярова» способом открытого конкурса,Ноутбук,384,205 714 287.36,Открытый конкурс,Закупка состоялась
79725572-АУК1,262011.100.000002,Ноутбук,15276944-2 Об организации и проведении электронных государственных закупок ноутбуков способом аукциона,Ноутбук,50,32 601 850.00,Аукцион,Закупка состоялась
72418359-ОК3,262011.100.000002,Ноутбук,15050586-1 Ноутбуки мультимедийные в количестве 50 штук для центрального аппарата,Ноутбук,50,28 149 100.00,Открытый конкурс,Закупка состоялась
74093116-ОК2,262011.100.000002,Ноутбук,14979587-2 Приобретения ноутбуков НАО МУС,Ноутбук,40,16 000 000.00,Открытый конкурс,Закупка состоялась
78602116-ОК1,262011.100.000002,Ноутбук,14510682-2 Об организации и проведении электронных государственных закупок ноутбука способом открытого конкурса,Ноутбук,30,39 000 000.00,Открытый конкурс,Закупка состоялась
74158318-ОК1,262011.100.000002,Ноутбук,14236429-2 Закуп ноутбуков (согласно технической спецификации),Ноутбук,42,25 006 083.90,Открытый конкурс,Закупка состоялась
74541163-ОК1,262011.100.000004,Ноутбук,15083371-3 Электронное портативное устройство (планшет),Ноутбук,85,28 459 820.70,Открытый конкурс,Закупка состоялась
73054616-ОК1,172314.500.000002,Бумага для офисного оборудования,15552517-2 Закупки бумаги офисной для филиала НАО по Алматинской области,Бумага для офисного оборудования,11754,23 008 455.00,Открытый конкурс,Закупка состоялась
80332996-ОК1,172314.500.000002,Бумага для офисного оборудования,15435418-1 Бумага для филиала по Туркестанской области,Бумага для офисного оборудования,9000,15 300 000.00,Открытый конкурс,Закупка состоялась
80344442-ОК1,172314.500.000002,Бумага для офисного оборудования,15411106-1 Приобретение бумаги формата A4,Бумага для офисного оборудования,10000,17 000 000.00,Открытый конкурс,Закупка состоялась
79731197-ОК2,172314.500.000002,Бумага для офисного оборудования,15229703-1 Бумага формата А 4 для филиала по г. Астана (ЦОН),Бумага для офисного оборудования,10000,17 000 000.00,Открытый конкурс,Закупка состоялась
78132892-ОК2,172314.500.000002,Бумага для офисного оборудования,"15226671-1 Бумага для принтеров и копировальных аппаратов, предназначенная для лазерной",Бумага для офисного оборудования,10000,23 000 000.00,Открытый конкурс,Закупка состоялась
76096564-ОИ5,172314.500.000002,Бумага для офисного оборудования,15217160-1 Приобретение товара бумаги,Бумага для офисного оборудования,10354,17 749 758.66,Из одного источника по несостоявшимся закупкам,Закупка состоялась
72741506-ОК3,172314.500.000002,Бумага для офисного оборудования,"15159510-1 Бумага А 4 для филиала НАО ""ГК ""Правительство для граждан"" по г.Алматы (ЦОН)",Бумага для офисного оборудования,15000,22 500 000.00,Открытый конкурс,Закупка состоялась
74239080-ОИ2,172314.500.000002,Бумага для офисного оборудования,"15012679-1 Приобретение бумаги для офисного оборудования, плотность 80 г/м2, 500 листов в пачке для ТУГД и ДГД по области Жетісу",Бумага для офисного оборудования,6744,16 053 147.84,Из одного источника по несостоявшимся закупкам,Закупка состоялась
72741388-ОК2,172314.500.000002,Бумага для офисного оборудования,14989776-1 Бумага офисная A4 для филиала НАО по Жамбылской области,Бумага для офисного оборудования,15867,26 973 900.00,Открытый конкурс,Закупка состоялась
74614218-ЗЦП1,172314.500.000002,Бумага для офисного оборудования,14919589-1 Государственные закупки бумаги,Бумага для офисного оборудования,10419,23 963 700.00,Запрос ценовых предложений,Закупка состоялась
74503381-ОК1,172314.500.000002,Бумага для офисного оборудования,14826014-1 Государственные закупки офисной бумаги формата А-4 (УАХР/ДПО),Бумага для офисного оборудования,19199,47 997 500.00,Открытый конкурс,Закупка состоялась
36556738-ОЛ-ОИ2,172314.500.000002,Бумага для офисного оборудования,14757976-1 канцелярские товары для издательского центра,канцелярские товары для издательского центра,2,19 800 000.00,Из одного источника по несостоявшимся закупкам,Закупка состоялась
76096564-ОИ3,172314.500.000002,Бумага для офисного оборудования,14706435-1 Государственные закупки приобретение офисных бумаг,Бумага для офисного оборудования,11360,17 750 000.00,Из одного источника по несостоявшимся закупкам,Закупка состоялась
74925881-ОИ4,172314.500.000002,Бумага для офисного оборудования,14703843-1 Приобретение бумаги формата A4,Бумага для офисного оборудования,9213,16 451 746.23,Из одного источника по несостоявшимся закупкам,Закупка состоялась
74362363-ОК1,172314.500.000002,Бумага для офисного оборудования,14687556-1 Государственные закупки бумаги для ДП города Астаны РБ,Бумага для офисного оборудования,6288,15 720 000.00,Открытый конкурс,Закупка состоялась
74829110-ОИ3,172314.500.000002,Бумага для офисного оборудования,14624230-1 Бумага для офисного оборудования,Бумага для офисного оборудования,14584,26 042 794.64,Из одного источника по несостоявшимся закупкам,Закупка состоялась
74972838-ЗЦП1,172314.500.000002,Бумага для офисного оборудования,14465136-1 Приобретение бумаги A4 для офисного оборудования,Бумага для офисного оборудования,7950,15 105 000.00,Запрос ценовых предложений,Закупка состоялась
75652940-ОИ2,172314.500.000002,Бумага для офисного оборудования,14449968-1 Приобретение канцелярских товаров,Бумага для офисного оборудования,7748,17 848 060.36,Из одного источника по несостоявшимся закупкам,Закупка состоялась
73913123-ОК2,172314.500.000002,Бумага для офисного оборудования,14380314-1 Бумага для офисного оборудования формат,Бумага для офисного оборудования,8023,17 650 600.00,Открытый конкурс,Закупка состоялась
77741186-ОИ2,172314.500.000002,Бумага для офисного оборудования,14352515-1 Приобретение бумаги А 4 для офисного оборудования,Бумага для офисного оборудования,10000,18 300 000.00,Из одного источника по несостоявшимся закупкам,Закупка состоялась
77280928-ОК3,172314.500.000002,Бумага для офисного оборудования,14278752-1 Государственные закупки бумаги,Бумага для офисного оборудования,14041,26 326 875.00,Открытый конкурс,Закупка состоялась
71960347-ЗЦП1,172314.500.000002,Бумага для офисного оборудования,14272770-1 Бумага формата А 4 (500 листов),Бумага для офисного оборудования,10956,21 364 200.00,Запрос ценовых предложений,Закупка состоялась
74321621-ОИ2,172314.500.000002,Бумага для офисного оборудования,14252745-1 Приобретение канцелярских товаров/,Бумага для офисного оборудования,6128,16 414 276.96,Из одного источника по несостоявшимся закупкам,Закупка состоялась
76925034-ЗЦП1,172314.500.000002,Бумага для офисного оборудования,14228566-1 Государственные закупки товаров,Бумага для офисного оборудования,8000,16 000 000.00,Запрос ценовых предложений,Закупка состоялась
73631405-ОИ2,172314.500.000002,Бумага для офисного оборудования,14196100-1 Закуп канцелярских товаров,Бумага для офисного оборудования,9684,18 883 800.00,Из одного источника по несостоявшимся закупкам,Закупка состоялась
73951108-ОИ2,172314.500.000002,Бумага для офисного оборудования,14146611-1 Закуп канцелярских товаров (Бумага),Бумага для офисного оборудования,7737,15 466 263.00,Из одного источника по несостоявшимся закупкам,Закупка состоялась
74931897-ОК1,172314.500.000002,Бумага для офисного оборудования,14077423-1 Бумага для офисного оборудования,Бумага для офисного оборудования,10207,20 049 405.96,Открытый конкурс,Закупка состоялась
75983900-ОК2,172314.500.000002,Бумага для офисного оборудования,14023500-1 Приобретение офисной бумаги для нужд ДП Актюбинской области (2).,Бумага для офисного оборудования,8288,17 019 988.16,Открытый конкурс,Закупка состоялась
74606002-ОИ2,172314.500.000002,Бумага для офисного оборудования,14007099-1 Приобретение бумаги для принтера(местный бюджет),Бумага для офисного оборудования,10000,24 000 000.00,Из одного источника по несостоявшимся закупкам,Закупка состоялась
74915345-ОИ2,172314.500.000002,Бумага для офисного оборудования,13979783-1 Бумага для офисного оборудования,Бумага для офисного оборудования,10846,18 882 886.00,Из одного источника по несостоявшимся закупкам,Закупка состоялась
74904141-ОИ2,172314.500.000002,Бумага для офисного оборудования,13895259-1 Приобретение бумаги А-4 80 г/м2 для офисного оборудования,Бумага для офисного оборудования,10960,19 576 752.00,Из одного источника по несостоявшимся закупкам,Закупка состоялась
73124349-ОИ3,172314.500.000002,Бумага для офисного оборудования,13894103-1 Государственные закупки бумаги для ДП города Астаны,Бумага для офисного оборудования,10513,15 487 856.73,Из одного источника по несостоявшимся закупкам,Закупка состоялась
72726883-ОК2,172314.500.000002,Бумага для офисного оборудования,13863308-1 Бумага для филиала по Туркестанской области,Бумага для офисного оборудования,13000,19 500 000.00,Открытый конкурс,Закупка состоялась
72593276-ОИ2,172314.500.000002,Бумага для офисного оборудования,13859759-1 Государственная закупка офисной бумаги на 2025 год,Бумага для офисного оборудования,10222,26 066 100.00,Из одного источника по несостоявшимся закупкам,Закупка состоялась
33974700-ОЛ-ЗЦП1,172314.500.000002,Бумага для офисного оборудования,"13710059-1 Приобретение канцелярских товаров для ТОО ""Алматыэлектротранс"" на 2025 год","Приобретение канцелярских товаров для ТОО ""Алматыэлектротранс""",2,18 766 000.00,Запрос ценовых предложений,Закупка состоялась
74221031-ЗЦП1,172314.500.000002,Бумага для офисного оборудования,13562893-1 Приобретение офисной бумаги,Бумага для офисного оборудования,10088,18 743 907.52,Запрос ценовых предложений,Закупка состоялась
72726311-ОК1,172314.500.000002,Бумага для офисного оборудования,13553247-1 Приобретения канцелярских товара (бумага),Бумага для офисного оборудования,13670,20 505 000.00,Открытый конкурс,Закупка состоялась
71934533-ОК1,172314.500.000002,Бумага для офисного оборудования,13501468-1 Белая офисная бумага формата А 4,Бумага для офисного оборудования,8000,24 000 000.00,Открытый конкурс,Закупка состоялась
71960347-ЗЦП3,172314.500.000002,Бумага для офисного оборудования,13489677-1 Бумага формата А 4 (500 листов),Бумага для офисного оборудования,15339,21 365 079.54,Запрос ценовых предложений,Закупка состоялась
73070162-ОК1,172314.500.000002,Бумага для офисного оборудования,13480696-1 Бумага А 4 на 2025 год,Бумага для офисного оборудования,17005,35 710 500.00,Открытый конкурс,Закупка состоялась
35345877-ОЛ-ОК1,141211.290.000001,Костюм,"14268261-1 Костюм, куртка (20 лот) для ТОО ""Мангистауский атомный энергетический комбинат""","Костюм, куртка (20 лот)",20,38 363 477.00,Открытый конкурс,Закупка состоялась
73374509-ЗЦП1,141211.290.000016,Костюм,14487061-1 Спецодежда (летняя) в комплекте,Костюм,1200,30 000 000.00,Запрос ценовых предложений,Закупка состоялась
35633487-ОЛ-ОИ2,141211.290.000016,Костюм,14402419-1 Государственные закупки летней одежды согласно технической спецификации [144],Государственные закупки летней одежды согласно технической спецификации [144],5,15 856 311.00,Из одного источника по несостоявшимся закупкам,Закупка состоялась
35345877-ОЛ-ОК1,141211.290.000016,Костюм,"14268261-1 Костюм, куртка (20 лот) для ТОО ""Мангистауский атомный энергетический комбинат""","Костюм, куртка (20 лот)",20,38 363 477.00,Открытый конкурс,Закупка состоялась
72836703-ОК1,141211.290.000016,Костюм,14143398-1 Приобретение средств индивидуальной защиты для АО «Астана-Энергия,Костюм,1565,21 371 640.00,Открытый конкурс,Закупка состоялась
75375410-ЗЦП2,141211.290.000016,Костюм,14087592-1 Костюм мужской для защиты,Костюм,1006,19 100 922.00,Запрос ценовых предложений,Закупка состоялась
73563931-ОК1,141211.290.000016,Костюм,"13904173-1 Государственные закупки по приобретению предметов форменного обмундирования (китель, костюм и куртка), для сотрудников Департамента полиции на транспорте МВД РК на 2025 год, согласно постановления правительства Республики Казахстан установлены изъятия из национального режима, закупки осуществляются среди физических и юридических лиц, находящихся в реестре отечественных производителей товаров.",Костюм,300,15 616 068.00,Открытый конкурс,Закупка состоялась
73701544-ОК1,141211.290.000016,Костюм,"13882604-1 Приобретение спец.одежды для ТОО ""Мангистауский атомный энергетический комбинат""",Костюм,3511,67 621 860.00,Открытый конкурс,Закупка состоялась
73847073-ЗЦП1,141211.290.000016,Костюм,13828441-1 Закуп товаров (ОБиОТ),Костюм,1203,19 849 500.00,Запрос ценовых предложений,Закупка состоялась
73705633-ОК5,141211.290.000018,Костюм,"14640016-1 Повторная государственная закупка товара ""Защитные костюмы класса А с возможностью голосового общения спасателей в комплекте с дыхательным аппаратом на сжатом воздухе"" согласно технической спецификации.",Костюм,3,20 089 287.00,Открытый конкурс,Закупка состоялась
76881220-ОК1,141221.290.000019,Костюм,14120515-1 +77172-777-383. Форменная одежда для сотрудников ПД САБ,Костюм,660,47 758 260.00,Открытый конкурс,Закупка состоялась
36315969-ОЛ-ЗЦП1,141230.100.000020,Фартук,"14640556-1 Халаты, рукавицы, жилеты","Халаты, рукавицы, жилеты",13,15 317 555.08,Запрос ценовых предложений,Закупка состоялась
38018060-ОЛ-ЗЦП1,141922.190.000001,Костюм,15375968-1 Приобретение мягкого инвентаря,Приобретение мягкого инвентаря,22,23 150 000.00,Запрос ценовых предложений,Закупка состоялась
77663205-ЗЦП1,141922.190.000001,Костюм,15090677-1 Костюм спортивный парадный (костюм и брюки),Костюм,468,31 455 997.56,Запрос ценовых предложений,Закупка состоялась
80554091-ОК1,152013.510.000005,Ботинки,15542460-1 Приобретение зимних берц,Ботинки,324,18 144 000.00,Открытый конкурс,Закупка состоялась
36428587-ОЛ-ОК1,152013.510.000005,Ботинки,14684375-1 Приобретение форменного обмундирования,Приобретение форменного обмундирования,3,47 448 212.32,Открытый конкурс,Закупка состоялась
35902707-ОЛ-ОК1,152013.510.000005,Ботинки,"14479197-1 Приобретение перчаток, ботинок для ТОО ""Мангистауский атомный энергетический комбинат""","перчатки, ботинки",4,32 641 920.00,Открытый конкурс,Закупка состоялась
72464704-ОК1,152013.510.000005,Ботинки,13424501-1 Проведение государственной закупки товара для Уральский филиал РГКП «Военно-техническая школа Министерства обороны Республики Казахстан» способом открытого конкурса,Ботинки,3757,59 937 562.49,Открытый конкурс,Закупка состоялась
36338477-ОЛ-ЗЦП1,152013.610.000000,Сандалии,"14649553-1 Валенки, боты, сандалии, тапочки, сапоги, галоши","Валенки, боты, сандалии, тапочки, сапоги, галоши",15,16 610 963.20,Запрос ценовых предложений,Закупка состоялась
38018060-ОЛ-ЗЦП1,152013.700.000000,Тапочки,15375968-1 Приобретение мягкого инвентаря,Приобретение мягкого инвентаря,22,23 150 000.00,Запрос ценовых предложений,Закупка состоялась
72481811-ОК3,141943.930.000003,Шапка-ушанка,13658811-1 Прибретение шапки ушанки,Шапка-ушанка,4423,27 762 242.17,Открытый конкурс,Закупка состоялась
80085291-ЗЦП2,221960.500.010004,Перчатки,15291491-1 Приобретение прочих товаров.,Перчатки,500000,25 000 000.00,Запрос ценовых предложений,Закупка состоялась
74623264-ОК2,221960.500.010004,Перчатки,14961547-1 Приобретение медицинских изделий,Перчатки,500000,15 000 000.00,Открытый конкурс,Закупка состоялась
80380952-ОК1,139224.300.000000,Мешок,15439331-1 Приобретение спального мешка с теплоизоляционным ковриком (каримат) (согл.тех.спец),Мешок,743,23 033 000.00,Открытый конкурс,Закупка состоялась
73341714-ОК1,139224.300.000000,Мешок,15266007-3 Государственные закупк и согласно конкурсной документации,Мешок,648,37 626 120.00,Открытый конкурс,Закупка состоялась
74838850-ОК1,139224.300.000000,Мешок,14172440-1 Мешок спальный с вкладышами и св.ковриком теплоизолирующим (каримат),Мешок,854,33 367 761.28,Открытый конкурс,Закупка состоялась
75834493-ОК1,139224.991.000000,Одеяло,13809336-1 Приобретение постельные принадлежности,Одеяло,20000,130 982 000.00,Открытый конкурс,Закупка состоялась
37294085-ОЛ-ОТ1,139224.992.000006,Пуф,"15047972-1 Мебель для ОК ""Сункар""","Мебель для АК ""Сункар""",21,64 505 300.00,Тендер,Закупка состоялась
38587550-ОЛ-ОК1,139229.990.000002,Салфетка,15636978-1 Государственные закупки товаров для потребностей центра,Государственные закупки товаров для потребностей центра,2,23 600 000.00,Открытый конкурс,Закупка состоялась
35345877-ОЛ-ОК1,141211.200.000001,Костюм,"14268261-1 Костюм, куртка (20 лот) для ТОО ""Мангистауский атомный энергетический комбинат""","Костюм, куртка (20 лот)",20,38 363 477.00,Открытый конкурс,Закупка состоялась
36281190-ОЛ-ОИ2,141211.290.000004,Костюм,14651540-1 Приобретение спецодежды и СИЗ для нужд производственных подразделений предприятия,Приобретение спецодежды и СИЗ для нужд производственных подразделений предприятия,17,17 459 620.00,Из одного источника по несостоявшимся закупкам,Закупка состоялась
73936475-ЗЦП1,141211.290.000013,Костюм,14144299-1 Летняя спец одежда,Костюм,1240,27 072 300.00,Запрос ценовых предложений,Закупка состоялась
79200398-ОК1,141922.190.000024,Плащ-накидка,"14871920-1 Государственные закупки вещевого имущества для военнослужащих Национальной гвардии Республики Казахстан на 2025 год способом открытого конкурса (плащ для военнослужащих, несущих службу по охране общественного порядка и безопасности)",Плащ-накидка,2000,24 642 860.00,Открытый конкурс,Закупка состоялась
77301292-ОК1,141922.190.000024,Плащ-накидка,14061697-1 Плащ-накидка для военнослужащих,Плащ-накидка,408,15 300 000.00,Открытый конкурс,Закупка состоялась
38018060-ОЛ-ЗЦП1,141922.290.000013,Футболка,15375968-1 Приобретение мягкого инвентаря,Приобретение мягкого инвентаря,22,23 150 000.00,Запрос ценовых предложений,Закупка состоялась
36281190-ОЛ-ОИ2,141923.710.010001,Рукавицы,14651540-1 Приобретение спецодежды и СИЗ для нужд производственных подразделений предприятия,Приобретение спецодежды и СИЗ для нужд производственных подразделений предприятия,17,17 459 620.00,Из одного источника по несостоявшимся закупкам,Закупка состоялась
36315969-ОЛ-ЗЦП1,141923.710.010001,Рукавицы,"14640556-1 Халаты, рукавицы, жилеты","Халаты, рукавицы, жилеты",13,15 317 555.08,Запрос ценовых предложений,Закупка состоялась
35633487-ОЛ-ОИ2,141942.700.000001,Бейсболка,14402419-1 Государственные закупки летней одежды согласно технической спецификации [144],Государственные закупки летней одежды согласно технической спецификации [144],5,15 856 311.00,Из одного источника по несостоявшимся закупкам,Закупка состоялась
73626220-ЗЦП1,139212.500.010000,Комплект постельного белья,"15163940-1 Кондиционер для кроссовых помещений, согласно технической спецификации (УСА)",Комплект постельного белья,1800,18 000 000.00,Запрос ценовых предложений,Закупка состоялась
37288963-ОЛ-ЗЦП1,139212.500.010000,Комплект постельного белья,15045805-1 Государственные закупки согласно c технической спецификацией,Государственные закупки согласно c технической спецификацией,4,17 835 000.00,Запрос ценовых предложений,Закупка состоялась
79020512-ЗЦП1,139212.500.010000,Комплект постельного белья,14795327-1 приобретение мягкого инвентаря,Комплект постельного белья,1755,21 060 000.00,Запрос ценовых предложений,Закупка состоялась
34987920-ОЛ-ЗЦП1,139212.500.010000,Комплект постельного белья,"14131778-1 Приобретение постельных принадлежностей (комплект постельного белья, подушки, наматрасник, покрывало)","Приобретение постельных принадлежностей (комплект постельного белья, подушки, наматрасники, покрывала)",4,29 400 000.00,Запрос ценовых предложений,Закупка состоялась
75830228-ОК1,139212.500.010000,Комплект постельного белья,13809336-1 Приобретение постельные принадлежности,Комплект постельного белья,20000,103 125 000.00,Открытый конкурс,Закупка состоялась
75829131-ОК1,139212.500.010000,Комплект постельного белья,13754527-1 Төсек орындар жиынтығын сатып алу,Комплект постельного белья,20000,48 214 200.00,Открытый конкурс,Закупка состоялась
74814690-ОИ2,329911.900.000001,Бронежилет,15740209-1 Приобретение бронежилет Бр 4 класса защиты(согласно тех.спец),Бронежилет,70,17 500 000.00,Из одного источника по несостоявшимся закупкам,Закупка состоялась
80206674-ЗЦП1,329911.900.000001,Бронежилет,15354161-1 Приобретение бронежилет Бр 4 класса защиты(согласно тех.спец),Бронежилет,100,25 000 000.00,Запрос ценовых предложений,Закупка состоялась
76280633-ОК1,329911.900.000001,Бронежилет,15276659-1 Бронежилет для защиты,Бронежилет,100,32 100 000.00,Открытый конкурс,Закупка состоялась
79341534-ОК1,329911.900.000001,Бронежилет,14959521-2 Приобретение защитных бронежилетов (согл.тех.спец),Бронежилет,300,104 463 000.00,Открытый конкурс,Закупка состоялась
73343429-ОК1,329911.900.000001,Бронежилет,14929704-2 Государственные закупки согласно конкурсной документации/,Бронежилет,636,272 571 429.48,Открытый конкурс,Закупка состоялась
78586283-ОК2,329911.900.000001,Бронежилет,"14858704-1 Приобретение бронежилета для защиты для коммунального государственного учреждение «Служба обеспечения мобилизационной подготовки, территориальной и гражданской обороны» государственного учреждения «Управление по мобилизационной подготовке и гражданской защите Павлодарской области»",Бронежилет,156,50 978 570.76,Открытый конкурс,Закупка состоялась
74760436-ОК1,329911.900.000001,Бронежилет,"14745112-3 Приобретение бронежилетов для КГУ "" Служба обеспечения мобилизационной подготовки области Абай """,Бронежилет,294,100 470 678.00,Открытый конкурс,Закупка состоялась
76213684-ОК2,329911.900.000001,Бронежилет,14407647-1 Бронежилет для защиты,Бронежилет,110,46 908 842.20,Открытый конкурс,Закупка состоялась
38018060-ОЛ-ЗЦП1,143110.390.000000,Колготы,15375968-1 Приобретение мягкого инвентаря,Приобретение мягкого инвентаря,22,23 150 000.00,Запрос ценовых предложений,Закупка состоялась
80256091-ЗЦП1,143910.310.000002,Кардиган,"15458169-1 О государственных закупках форменной одежды работников органов государственных доходов, утвержденных приказом Министра финансов Республики Казахстан от 12 февраля 2018 года № 168",Кардиган,600,15 600 000.00,Запрос ценовых предложений,Закупка состоялась
79694304-ОК1,151212.900.000094,Рюкзак,15247489-1 Приобретение армейского рюкзака (мешок вещевой) (согл.тех.спец),Рюкзак,743,22 290 000.00,Открытый конкурс,Закупка состоялась
73391148-ЗЦП1,151212.900.000094,Рюкзак,14562572-1 Государственные закупки товаров для АСО согласно технической спецификации,Рюкзак,112,16 800 000.00,Запрос ценовых предложений,Закупка состоялась
73702017-ОК1,152032.920.000012,Ботинки,"13882604-1 Приобретение спец.одежды для ТОО ""Мангистауский атомный энергетический комбинат""",Ботинки,3177,57 789 630.00,Открытый конкурс,Закупка состоялась
36281190-ОЛ-ОИ2,141212.490.000001,Брюки,14651540-1 Приобретение спецодежды и СИЗ для нужд производственных подразделений предприятия,Приобретение спецодежды и СИЗ для нужд производственных подразделений предприятия,17,17 459 620.00,Из одного источника по несостоявшимся закупкам,Закупка состоялась
